{
"type": "FeatureCollection",
"name": "regions",
"crs": { "type": "name", "properties": { "name": "urn:ogc:def:crs:OGC:1.3:CRS84" } },
"features": [
{ "type": "Feature", "properties": { "region_code": 47110, "region_name": "포항시" }, "geometry": { "type": "MultiPolygon", "coordinates": [ [ [ [ 129.386801524361488, 36.033133558208561 ], [ 129.386521740220473, 36.032938264461635 ], [ 129.386488169592468, 36.032925846338856 ], [ 129.386801524361488, 36.033133558208561 ] ] ], [ [ [ 129.398070954782952, 36.135884319245491 ], [ 129.398018752055691, 36.135864846749669 ], [ 129.398027439695255, 36.135891223459772 ], [ 129.398070954782952, 36.135884319245491 ] ] ], [ [ [ 129.398095718952305, 36.135926143868325 ], [ 129.398172552135293, 36.135894436139488 ], [ 129.398104692003386, 36.135876728093237 ], [ 129.398095718952305, 36.135926143868325 ] ] ], [ [ [ 129.398476636424789, 36.136576630104159 ], [ 129.398519448553458, 36.136496640572517 ], [ 129.398466340262758, 36.136474197130731 ], [ 129.398476636424789, 36.136576630104159 ] ] ], [ [ [ 129.398413946696564, 36.136724725316903 ], [ 129.398516122303903, 36.136783323817852 ], [ 129.398507977122534, 36.136732524440951 ], [ 129.398413946696564, 36.136724725316903 ] ] ], [ [ [ 129.398367999383566, 36.136976315906665 ], [ 129.398326339436153, 36.137108841809692 ], [ 129.398421986059418, 36.137128259936581 ], [ 129.398367999383566, 36.136976315906665 ] ] ], [ [ [ 129.39852224864552, 36.137423791397211 ], [ 129.39822864701091, 36.137585634638022 ], [ 129.398446987638948, 36.137656372486667 ], [ 129.39852224864552, 36.137423791397211 ] ] ], [ [ [ 129.398153613689772, 36.137775497172193 ], [ 129.398390234375455, 36.137814092676415 ], [ 129.398220311654171, 36.137650818787414 ], [ 129.398153613689772, 36.137775497172193 ] ] ], [ [ [ 129.397782051159368, 36.141663993511983 ], [ 129.397759193526241, 36.14160413908283 ], [ 129.397751218563968, 36.14167536058747 ], [ 129.397782051159368, 36.141663993511983 ] ] ], [ [ [ 129.398253407891616, 36.144880902105726 ], [ 129.398362619882846, 36.14501085358949 ], [ 129.398348706383302, 36.144896087176583 ], [ 129.398253407891616, 36.144880902105726 ] ] ], [ [ [ 129.397690003901516, 36.146386976500544 ], [ 129.39773888958652, 36.146342114920124 ], [ 129.397651088982315, 36.146337989961559 ], [ 129.397690003901516, 36.146386976500544 ] ] ], [ [ [ 129.397527691002296, 36.14652413673484 ], [ 129.397537855795406, 36.146468500395599 ], [ 129.397517673892253, 36.146476857339678 ], [ 129.397527691002296, 36.14652413673484 ] ] ], [ [ [ 129.397730354832419, 36.146588352460796 ], [ 129.397739924531237, 36.14654704550771 ], [ 129.397683119779145, 36.146563996630718 ], [ 129.397730354832419, 36.146588352460796 ] ] ], [ [ [ 129.397599622635767, 36.14673036482457 ], [ 129.397843324952589, 36.146713964847955 ], [ 129.397533356791456, 36.146589906528391 ], [ 129.397599622635767, 36.14673036482457 ] ] ], [ [ [ 129.397863968658754, 36.146686859994432 ], [ 129.39797479125221, 36.146739213593072 ], [ 129.397874841867917, 36.146639691162648 ], [ 129.397863968658754, 36.146686859994432 ] ] ], [ [ [ 129.397948387379074, 36.146835458596456 ], [ 129.397742578824619, 36.146808474898528 ], [ 129.397660131844447, 36.146808658614624 ], [ 129.397884823145972, 36.14690001643082 ], [ 129.397948387379074, 36.146835458596456 ] ] ], [ [ [ 129.399291662876436, 36.158200074525432 ], [ 129.399069470541008, 36.157678683700176 ], [ 129.399115697545454, 36.158351449019023 ], [ 129.399291662876436, 36.158200074525432 ] ] ], [ [ [ 129.399033594704719, 36.16029009502379 ], [ 129.399069400348736, 36.160465213445136 ], [ 129.399169237132497, 36.16031957920196 ], [ 129.399033594704719, 36.16029009502379 ] ] ], [ [ [ 129.399655561726945, 36.16215253685224 ], [ 129.399529214897996, 36.162263040243992 ], [ 129.39967473446859, 36.162310579300126 ], [ 129.399655561726945, 36.16215253685224 ] ] ], [ [ [ 129.398995620601227, 36.16263690748967 ], [ 129.39894719726189, 36.162682966566003 ], [ 129.399021356110836, 36.162673626812271 ], [ 129.398995620601227, 36.16263690748967 ] ] ], [ [ [ 129.398709696170926, 36.1627596669993 ], [ 129.398713061177233, 36.162807455495447 ], [ 129.398781275416866, 36.162756472716445 ], [ 129.398709696170926, 36.1627596669993 ] ] ], [ [ [ 129.399576276895459, 36.163549844785372 ], [ 129.399631669053207, 36.163593448884832 ], [ 129.399648658424923, 36.16354918825504 ], [ 129.399576276895459, 36.163549844785372 ] ] ], [ [ [ 129.39953038489503, 36.163763619619559 ], [ 129.399547013797559, 36.163696405607617 ], [ 129.399531453485963, 36.1636897981601 ], [ 129.39953038489503, 36.163763619619559 ] ] ], [ [ [ 129.397902402549306, 36.168775379274784 ], [ 129.39798795019712, 36.168685056426135 ], [ 129.397919201135636, 36.168650760541418 ], [ 129.397902402549306, 36.168775379274784 ] ] ], [ [ [ 129.398347390783897, 36.16867741802789 ], [ 129.398250493394329, 36.168760758467734 ], [ 129.398413006293282, 36.168715915293809 ], [ 129.398347390783897, 36.16867741802789 ] ] ], [ [ [ 129.398052068674957, 36.168814238605542 ], [ 129.398199873430627, 36.168816946169279 ], [ 129.398028783663875, 36.168785712015399 ], [ 129.398052068674957, 36.168814238605542 ] ] ], [ [ [ 129.397858496515539, 36.169023293754314 ], [ 129.39808194605564, 36.168950698245411 ], [ 129.39784965478799, 36.168868271140724 ], [ 129.397858496515539, 36.169023293754314 ] ] ], [ [ [ 129.397978997953288, 36.169600679838055 ], [ 129.398006070877528, 36.169440005539585 ], [ 129.397754190881727, 36.169607294909355 ], [ 129.397978997953288, 36.169600679838055 ] ] ], [ [ [ 129.395237624779526, 36.172509485176981 ], [ 129.395323480170646, 36.172627610308119 ], [ 129.39527314588679, 36.172431846084301 ], [ 129.395237624779526, 36.172509485176981 ] ] ], [ [ [ 129.297732911676377, 36.323865873073593 ], [ 129.297805794402706, 36.309063086146828 ], [ 129.291961425356192, 36.306200974902836 ], [ 129.291885371777312, 36.301970124038625 ], [ 129.284999675715909, 36.296525400814822 ], [ 129.288134077185816, 36.288222089757213 ], [ 129.286473539683158, 36.286365207731635 ], [ 129.287248709360938, 36.284759670799509 ], [ 129.293363190758754, 36.276524775113124 ], [ 129.300199982749973, 36.273691709110544 ], [ 129.300248817211326, 36.271388931763774 ], [ 129.304115640371151, 36.267866057360379 ], [ 129.308144510186736, 36.268083057345237 ], [ 129.315680913387808, 36.271834949163768 ], [ 129.327747019802899, 36.269037427888804 ], [ 129.328627051624323, 36.267496533931457 ], [ 129.333005454032019, 36.26733494532705 ], [ 129.33524929667513, 36.268986314757058 ], [ 129.339215450635351, 36.26655606209372 ], [ 129.342671438212847, 36.268354815776583 ], [ 129.34286308695232, 36.270031381241274 ], [ 129.350985883518632, 36.270874471570743 ], [ 129.354386207543541, 36.273194888454888 ], [ 129.366417847976635, 36.268575308676837 ], [ 129.376027021356293, 36.268202977021517 ], [ 129.375063729212854, 36.26381618687504 ], [ 129.376643726035383, 36.259420000448429 ], [ 129.375104546857187, 36.261949787966408 ], [ 129.375693416372201, 36.259693074870526 ], [ 129.37452778023146, 36.259289664144212 ], [ 129.372932923662262, 36.254926213294809 ], [ 129.379273129962598, 36.244622709019758 ], [ 129.381188593568623, 36.242820302650586 ], [ 129.381783019736844, 36.242674884927197 ], [ 129.382816864858114, 36.243175292409255 ], [ 129.382240945490793, 36.241328141668021 ], [ 129.383422300775749, 36.243349814504988 ], [ 129.383251837979429, 36.241193585854234 ], [ 129.385169861386203, 36.239499675095743 ], [ 129.386347373819916, 36.240014586559639 ], [ 129.387240086930149, 36.239843744205189 ], [ 129.384797228080288, 36.238961150475824 ], [ 129.3865623815812, 36.239287350431695 ], [ 129.385236713559038, 36.238217263150716 ], [ 129.384854496303575, 36.235420400067753 ], [ 129.383235630770486, 36.232806452108314 ], [ 129.383477471495496, 36.231193686032825 ], [ 129.382978855557212, 36.232749804577821 ], [ 129.383435823945376, 36.233918044446462 ], [ 129.380937702517627, 36.230273607394892 ], [ 129.383598431674329, 36.224723633427566 ], [ 129.384558363156629, 36.224109018695344 ], [ 129.38617288349181, 36.224337814707035 ], [ 129.388118580051156, 36.221269776982737 ], [ 129.386065207153962, 36.222124128117343 ], [ 129.387265226671559, 36.221455997141696 ], [ 129.385901500109469, 36.220679662801459 ], [ 129.385679422517256, 36.214311319650093 ], [ 129.381146456174349, 36.209316735945819 ], [ 129.381926003253852, 36.210587180027602 ], [ 129.377591014895074, 36.20843115295181 ], [ 129.377945457184637, 36.206899405076804 ], [ 129.376206177107719, 36.20688027365248 ], [ 129.376679375347948, 36.208330206932807 ], [ 129.372556342484501, 36.207016416602919 ], [ 129.371882382707298, 36.200093783466443 ], [ 129.375327003106264, 36.191831658937311 ], [ 129.381508524281969, 36.186111565006286 ], [ 129.386368941647589, 36.18550524137121 ], [ 129.384948453149519, 36.184976423866864 ], [ 129.387224935540445, 36.183713925988805 ], [ 129.388333174082987, 36.184248560017508 ], [ 129.387242566183176, 36.184838791499693 ], [ 129.386589675067341, 36.186417973740639 ], [ 129.38816956425589, 36.184542548070674 ], [ 129.39182404090954, 36.183950982031071 ], [ 129.396764307275191, 36.173567752668049 ], [ 129.395310332765519, 36.174703146271916 ], [ 129.395849189053763, 36.173608119094787 ], [ 129.395171493577806, 36.173422700128256 ], [ 129.395154205869773, 36.172454561247626 ], [ 129.39535932160851, 36.17192056214018 ], [ 129.397024112355069, 36.17134300171071 ], [ 129.397243802860061, 36.172668216613758 ], [ 129.397653854154811, 36.16731371861168 ], [ 129.399425210017711, 36.167171379630204 ], [ 129.398181994978387, 36.166530809848965 ], [ 129.400716268777842, 36.165401476638529 ], [ 129.398224261867284, 36.162423880718769 ], [ 129.397766888820684, 36.160859562010749 ], [ 129.400221002245132, 36.159187178376015 ], [ 129.399567803407848, 36.159045571999066 ], [ 129.398260313156754, 36.157407158046723 ], [ 129.398515034442084, 36.15603479939918 ], [ 129.400952728513573, 36.155046584183417 ], [ 129.400666591005262, 36.154699677005176 ], [ 129.40149289357251, 36.154345171038464 ], [ 129.401712549475207, 36.153531098777215 ], [ 129.400431618023504, 36.15443946841561 ], [ 129.397489645517851, 36.148321177112344 ], [ 129.39715668913513, 36.145842527170274 ], [ 129.398355542602133, 36.143720892918417 ], [ 129.3970383035861, 36.142459163253626 ], [ 129.396936137682133, 36.143771206864159 ], [ 129.395751699722723, 36.14313022272578 ], [ 129.395215112694075, 36.140419815752352 ], [ 129.398129559645753, 36.13809451485578 ], [ 129.397653677028927, 36.135116074538054 ], [ 129.400270457814429, 36.132375169620779 ], [ 129.423622873985806, 36.115035363213124 ], [ 129.42917089401061, 36.112291189403791 ], [ 129.431201948298536, 36.113650218847027 ], [ 129.437060231256396, 36.113610425673372 ], [ 129.44013891675894, 36.112758055147061 ], [ 129.432242144250495, 36.113161915478706 ], [ 129.432234436242453, 36.110670706949072 ], [ 129.439637883609834, 36.110650894922408 ], [ 129.439638225004103, 36.110851571319955 ], [ 129.441155143607688, 36.111962294957287 ], [ 129.439733224826455, 36.110819966810965 ], [ 129.439640691350121, 36.094507392308635 ], [ 129.436356598410754, 36.094484032825527 ], [ 129.4363300293615, 36.092766491841971 ], [ 129.426277933231376, 36.092823019827847 ], [ 129.429005683602014, 36.095329783339835 ], [ 129.427618131060683, 36.096339695216834 ], [ 129.420443625889561, 36.089229780353477 ], [ 129.420727873714895, 36.087829902532278 ], [ 129.420162751161939, 36.08871315290569 ], [ 129.418924327630521, 36.089488657676995 ], [ 129.420188036856587, 36.088526360009602 ], [ 129.417094440354049, 36.081577113049164 ], [ 129.419851886224563, 36.076554858714047 ], [ 129.417980482495437, 36.073716867639106 ], [ 129.412104774088618, 36.070958495698619 ], [ 129.412875612439535, 36.072210875991296 ], [ 129.411522139367833, 36.0715554621667 ], [ 129.410397604652474, 36.073071468549543 ], [ 129.406018832391368, 36.069849862961391 ], [ 129.406948012681681, 36.071282438882633 ], [ 129.405609282198384, 36.07161348673759 ], [ 129.405714941051883, 36.070507066623577 ], [ 129.401574874896113, 36.069711624383963 ], [ 129.396041573997735, 36.063072772403864 ], [ 129.387844055879043, 36.061329431531817 ], [ 129.389489884996095, 36.062348438012528 ], [ 129.38657820748557, 36.062327175539394 ], [ 129.387184229659397, 36.06380173701411 ], [ 129.382863131543104, 36.062816302494824 ], [ 129.378776204853864, 36.057498271044928 ], [ 129.378161836520519, 36.052477550959054 ], [ 129.381587621205227, 36.050769780812594 ], [ 129.383199655021428, 36.047803492133262 ], [ 129.384415758398234, 36.047079434818365 ], [ 129.384921060016012, 36.045810336624044 ], [ 129.380220687247004, 36.050931287949247 ], [ 129.376211454163979, 36.051894002114288 ], [ 129.37281342661899, 36.050765834722661 ], [ 129.372593835026635, 36.049867027937459 ], [ 129.376204473515173, 36.049962526820991 ], [ 129.377120212567519, 36.046516212851074 ], [ 129.381173169767209, 36.046915487122291 ], [ 129.377526354370275, 36.045786199913643 ], [ 129.376898318299737, 36.04258294651315 ], [ 129.381630026774076, 36.03343148174995 ], [ 129.383624732310381, 36.03175076284321 ], [ 129.386380579559727, 36.032876139519502 ], [ 129.38326955467025, 36.031160427708031 ], [ 129.385790080878309, 36.028493417743142 ], [ 129.40138098998969, 36.038727290279184 ], [ 129.411821157523519, 36.035723986724001 ], [ 129.401407023024234, 36.039090303241267 ], [ 129.431598576890337, 36.030305233862414 ], [ 129.431830243215927, 36.027276385233961 ], [ 129.418370784545345, 36.026422876468096 ], [ 129.407616628300389, 36.029785421697255 ], [ 129.400872464834833, 36.021501188350307 ], [ 129.397195928778643, 36.020772506865306 ], [ 129.392311982737681, 36.012216510503102 ], [ 129.394963537749504, 36.010928302198877 ], [ 129.397144829512939, 36.014159995590433 ], [ 129.40104277923453, 36.013806870612072 ], [ 129.40263608079087, 36.012276421463959 ], [ 129.40492830462756, 36.014238331179747 ], [ 129.406766812223651, 36.013867835103085 ], [ 129.403874442431231, 36.01133876854783 ], [ 129.407019934785041, 36.008901857010109 ], [ 129.409713698124051, 36.011204689932249 ], [ 129.410099849911717, 36.016049254871263 ], [ 129.412751626311461, 36.016298809044073 ], [ 129.412403373212413, 36.011819478800604 ], [ 129.415695516523073, 36.012156710504541 ], [ 129.416059346678196, 36.016651833869155 ], [ 129.41828871645501, 36.016856951266462 ], [ 129.417962104889511, 36.012838808174891 ], [ 129.422473752293911, 36.013451585931335 ], [ 129.421335472422754, 36.014539589003967 ], [ 129.423883109901567, 36.022317636685692 ], [ 129.423063790751229, 36.011196883650086 ], [ 129.414144391124665, 36.004578006865877 ], [ 129.414960069845648, 36.004082732381271 ], [ 129.41648337879829, 36.005654340059067 ], [ 129.42341812178887, 36.010181607611848 ], [ 129.424311378831959, 36.010450080092603 ], [ 129.417715709240753, 36.006357516985162 ], [ 129.417473852239851, 36.004979304552513 ], [ 129.41807745085157, 36.006176192458973 ], [ 129.423374363354583, 35.999891599474424 ], [ 129.445784604552102, 35.991633344836607 ], [ 129.4561120384015, 35.993141516911031 ], [ 129.457936922205164, 35.997715584013193 ], [ 129.455775160253182, 35.997252836553322 ], [ 129.457275873268543, 35.998628163229 ], [ 129.45550927160852, 36.000310622181388 ], [ 129.466939360220238, 36.008071000605007 ], [ 129.465652612926789, 36.008528869452412 ], [ 129.47299769894579, 36.011454425783519 ], [ 129.476238065496602, 36.013582817210619 ], [ 129.474969429908214, 36.01427376771052 ], [ 129.480862234959119, 36.015016776592645 ], [ 129.48252763589096, 36.016530898757381 ], [ 129.488593715106305, 36.016405115201323 ], [ 129.487182330378772, 36.017795058760825 ], [ 129.489206747149979, 36.016825666770757 ], [ 129.490692346914614, 36.018901868827392 ], [ 129.49194961938511, 36.018053535621277 ], [ 129.495452653047693, 36.021115703075694 ], [ 129.495934104558756, 36.023839541847458 ], [ 129.498816709693727, 36.02348890785435 ], [ 129.503234491136197, 36.025687451422137 ], [ 129.503155481029864, 36.027150550961416 ], [ 129.501895559605003, 36.026622760123331 ], [ 129.504246462414699, 36.033494600776216 ], [ 129.501874343721056, 36.031988975295974 ], [ 129.504823970836327, 36.037074420860122 ], [ 129.515371870849606, 36.043330404323108 ], [ 129.515463109091655, 36.045972556172842 ], [ 129.52287622600619, 36.052322949807646 ], [ 129.525142075073603, 36.057944008256733 ], [ 129.530706870435182, 36.056476299433768 ], [ 129.531707169518342, 36.056752504329602 ], [ 129.533476116668282, 36.057891529095961 ], [ 129.533300954477909, 36.059927968161176 ], [ 129.531639987805136, 36.059403900894083 ], [ 129.532309015349824, 36.061443171148028 ], [ 129.535826539413023, 36.062672523196483 ], [ 129.536104178292135, 36.064690626205419 ], [ 129.53758141526103, 36.066185159070216 ], [ 129.537731729814368, 36.066729789908344 ], [ 129.53977972807229, 36.066745747755505 ], [ 129.538458273504403, 36.067645427236577 ], [ 129.54037212130828, 36.067570480128921 ], [ 129.540811010051073, 36.068978986414123 ], [ 129.540460168293436, 36.072360469343543 ], [ 129.545447976657869, 36.076032655406415 ], [ 129.545847529644362, 36.079712998143521 ], [ 129.544849107716459, 36.08035352420324 ], [ 129.547180352532564, 36.0848928343677 ], [ 129.551755206724181, 36.085622115722394 ], [ 129.550064594078805, 36.084746703358945 ], [ 129.5514258032199, 36.084209455125645 ], [ 129.555606010189791, 36.086082775994292 ], [ 129.559362612680019, 36.083677820864736 ], [ 129.558886490172966, 36.082432230163036 ], [ 129.559467998134437, 36.081452607207943 ], [ 129.559757944690801, 36.081452992903849 ], [ 129.559225110434085, 36.082063399128224 ], [ 129.559195036572788, 36.08240887186242 ], [ 129.559281651246891, 36.082694827522225 ], [ 129.563062831149097, 36.080668843079906 ], [ 129.560832347771736, 36.081580870514749 ], [ 129.559807916663431, 36.080308106429484 ], [ 129.5619450598507, 36.078326802160674 ], [ 129.563178133772283, 36.07974348219053 ], [ 129.563471919716108, 36.078642357360074 ], [ 129.570291760024276, 36.0778434409158 ], [ 129.569496061538558, 36.076159800873953 ], [ 129.569072626581601, 36.069422300739397 ], [ 129.570162311857302, 36.068692010381476 ], [ 129.570456101845053, 36.068113575531434 ], [ 129.568880245855269, 36.068896726888731 ], [ 129.568352217221957, 36.067896366460978 ], [ 129.570460232253083, 36.06635330370689 ], [ 129.572226795078961, 36.066274679986194 ], [ 129.572202481939343, 36.066059587877447 ], [ 129.573068086839868, 36.064088741653713 ], [ 129.575279153968978, 36.062349899993208 ], [ 129.575012847365002, 36.061598396135658 ], [ 129.575539074936017, 36.059922503162959 ], [ 129.577285607575106, 36.057289147727055 ], [ 129.577325908034908, 36.05203318001066 ], [ 129.579490058952359, 36.051885844033933 ], [ 129.577215994167261, 36.049169566132896 ], [ 129.579434309462698, 36.049488349985765 ], [ 129.583610315598776, 36.046277893856058 ], [ 129.582826699161956, 36.046302883747508 ], [ 129.57909638975292, 36.040230652603455 ], [ 129.580230177995787, 36.039317287633949 ], [ 129.578772505219831, 36.039793504469536 ], [ 129.580913097993601, 36.039083001284247 ], [ 129.581376554843985, 36.036557447577984 ], [ 129.578146820212908, 36.035775758464553 ], [ 129.577127377019679, 36.033879829217 ], [ 129.578756203378276, 36.032106137499404 ], [ 129.581443576200485, 36.032481922720464 ], [ 129.582487048053963, 36.029899384438281 ], [ 129.581881861109792, 36.028155317387977 ], [ 129.57844699623314, 36.027206822433037 ], [ 129.578870137061529, 36.025450029627301 ], [ 129.577629330622329, 36.026690581067378 ], [ 129.57720859724094, 36.024572319299594 ], [ 129.580178797337794, 36.02285495760092 ], [ 129.58041331082984, 36.022535963608263 ], [ 129.579988984321375, 36.022341372234173 ], [ 129.58010232332029, 36.021806221950726 ], [ 129.581534697307205, 36.020333637353509 ], [ 129.582687728709629, 36.019785868319673 ], [ 129.582389544350946, 36.01897297885229 ], [ 129.58276476604712, 36.01704985226354 ], [ 129.584665494526092, 36.016828545816587 ], [ 129.581221499757191, 36.015087822046155 ], [ 129.580988943027165, 36.014022988380091 ], [ 129.581567058522808, 36.013655374727747 ], [ 129.579352146951067, 36.01271053378214 ], [ 129.57927853000632, 36.011563548613807 ], [ 129.57904495025096, 36.012719766285485 ], [ 129.577342628467022, 36.011753304416992 ], [ 129.577195639630986, 36.009970862545977 ], [ 129.578420562038616, 36.009350691475738 ], [ 129.578084224291587, 36.009118987851913 ], [ 129.57821134555806, 36.007282232405011 ], [ 129.576205360126124, 36.007551617416745 ], [ 129.57734970768891, 36.007186979774247 ], [ 129.57480326571752, 36.002832983808815 ], [ 129.573473773636096, 36.001936001043326 ], [ 129.574343296183912, 36.003963485952859 ], [ 129.571373878304172, 36.003234017903367 ], [ 129.570546899649315, 36.000997873871732 ], [ 129.572674904879278, 36.001342074954472 ], [ 129.569718157548408, 36.000238208717043 ], [ 129.568621042182059, 35.99758513225111 ], [ 129.566618754902777, 35.997290966951049 ], [ 129.567268567181401, 35.989956138344617 ], [ 129.561304520238139, 35.989490142398267 ], [ 129.557872428108027, 35.985569980306224 ], [ 129.557179421595634, 35.986990293119426 ], [ 129.5602877690892, 35.989520578937984 ], [ 129.558323431504107, 35.990873981430191 ], [ 129.552544692156147, 35.987294196566609 ], [ 129.553945099822329, 35.982755382328719 ], [ 129.56060798067557, 35.985545197925425 ], [ 129.554941220764078, 35.980423947084809 ], [ 129.55566591519883, 35.979688907739032 ], [ 129.553979570984922, 35.980295847287536 ], [ 129.551831684006146, 35.979089975018702 ], [ 129.551489150951937, 35.977797806423041 ], [ 129.551749605925124, 35.976632410462422 ], [ 129.553231593731169, 35.974860528537143 ], [ 129.553042620848743, 35.97312140452555 ], [ 129.552602309374976, 35.974356040115588 ], [ 129.551382202941198, 35.973388869871343 ], [ 129.554327737709968, 35.968129087335377 ], [ 129.550799178540842, 35.966739964135002 ], [ 129.550459432479869, 35.965748960615002 ], [ 129.548963040433307, 35.966651947256153 ], [ 129.547959137015908, 35.96505550709346 ], [ 129.549499990881912, 35.965507366506785 ], [ 129.547308582651766, 35.964134899243973 ], [ 129.550724205420266, 35.96068487884579 ], [ 129.547078292283715, 35.957523558729349 ], [ 129.546291830834633, 35.953645101651304 ], [ 129.547655321961827, 35.952529080581172 ], [ 129.547897104968456, 35.952481481706322 ], [ 129.548066883486712, 35.952579787862163 ], [ 129.548112910242992, 35.952501991910729 ], [ 129.548317136997269, 35.952633691388215 ], [ 129.548712410321031, 35.952021681143641 ], [ 129.550550342111109, 35.951734597256774 ], [ 129.551076726460593, 35.951928370252915 ], [ 129.551223535936742, 35.951410209778622 ], [ 129.546582614886205, 35.951984545949941 ], [ 129.545127211321187, 35.950830887002951 ], [ 129.546447145141343, 35.952143525669854 ], [ 129.545286884419198, 35.953125724934019 ], [ 129.544414808316134, 35.951012465436939 ], [ 129.543031837110561, 35.951573282330799 ], [ 129.54372706172586, 35.949410972526671 ], [ 129.540254847462109, 35.949872029986032 ], [ 129.539541238693801, 35.945489779627366 ], [ 129.535512695921938, 35.944383986736732 ], [ 129.535347661071086, 35.94290400253346 ], [ 129.536395830968388, 35.943290994131893 ], [ 129.534175032682697, 35.941905707295049 ], [ 129.533720903608071, 35.936158412432384 ], [ 129.529653874535313, 35.935197602255059 ], [ 129.53101743127624, 35.931892257172308 ], [ 129.52577427695789, 35.931299073654564 ], [ 129.528134970850232, 35.933125240249268 ], [ 129.523351145729009, 35.933461775636609 ], [ 129.519115426049751, 35.929189248101785 ], [ 129.518608619426317, 35.920132327326392 ], [ 129.520519525900824, 35.917465885897684 ], [ 129.521594232878215, 35.918437618719317 ], [ 129.521404819581079, 35.917076874521392 ], [ 129.523695000730783, 35.916594121556294 ], [ 129.523159086933788, 35.914246271089262 ], [ 129.523942880805066, 35.914347224789786 ], [ 129.525128852295751, 35.913625193646332 ], [ 129.523078690319835, 35.914048143254206 ], [ 129.523420147163989, 35.91266171657756 ], [ 129.524768363771301, 35.913199908523808 ], [ 129.526453397331778, 35.909658375518021 ], [ 129.526801326276143, 35.910304566998946 ], [ 129.52741659069855, 35.91046823522727 ], [ 129.525761651477836, 35.908080638442854 ], [ 129.52811025269969, 35.906658096149812 ], [ 129.527475879228177, 35.904929159319266 ], [ 129.529357357461862, 35.904807504005674 ], [ 129.527754242719993, 35.904660541795579 ], [ 129.528624208822464, 35.903553989870915 ], [ 129.530845966864035, 35.904627534750915 ], [ 129.534361721948954, 35.899105659866528 ], [ 129.528575229940799, 35.897802396278436 ], [ 129.528076016743114, 35.896385411079351 ], [ 129.527147962458287, 35.897776764881087 ], [ 129.525022426216339, 35.895049826776493 ], [ 129.526212300119198, 35.887595886099298 ], [ 129.529552778336438, 35.88638291844331 ], [ 129.530568651648991, 35.885268532849707 ], [ 129.528427654313731, 35.886279364440981 ], [ 129.529733756672385, 35.88537038914501 ], [ 129.527527322923419, 35.881528925835589 ], [ 129.528184628781531, 35.875631205802222 ], [ 129.527213491086428, 35.881246862074903 ], [ 129.52252296757257, 35.881782334467175 ], [ 129.522389614773175, 35.880431682603536 ], [ 129.522409962888588, 35.881781668839878 ], [ 129.520408323614902, 35.881761856016489 ], [ 129.518903838703523, 35.877748205286423 ], [ 129.522220098324965, 35.877665698778912 ], [ 129.519887336927383, 35.877669779699701 ], [ 129.518836580683939, 35.87366641524072 ], [ 129.525122587926745, 35.871215842215861 ], [ 129.528827619200541, 35.871966934391359 ], [ 129.530091029385602, 35.871725000105172 ], [ 129.528207902833259, 35.871316955674679 ], [ 129.529310535036387, 35.8706143596727 ], [ 129.531659452259731, 35.871717019758513 ], [ 129.534731371480774, 35.870756722215411 ], [ 129.534300605353593, 35.868359898295182 ], [ 129.526741704176118, 35.862940854300106 ], [ 129.526650659219371, 35.861027913826995 ], [ 129.528671045416871, 35.860189447315477 ], [ 129.525170740889649, 35.857569653759228 ], [ 129.525776691551584, 35.853417497354606 ], [ 129.519673966388297, 35.850910201531796 ], [ 129.517799023458309, 35.842173700533074 ], [ 129.511419754658874, 35.838925904115825 ], [ 129.507828981819898, 35.838338966458103 ], [ 129.502111515948059, 35.840709109292249 ], [ 129.500379049106925, 35.839883712082965 ], [ 129.490136292606479, 35.843411089079787 ], [ 129.480340623009369, 35.853147138462681 ], [ 129.475210956885235, 35.850111079610464 ], [ 129.46794959385636, 35.851229265685966 ], [ 129.466193459679175, 35.849219268919995 ], [ 129.460905640953769, 35.849222012615037 ], [ 129.458520448168088, 35.847058103039728 ], [ 129.452354390701004, 35.847855646470258 ], [ 129.449904409590573, 35.849180766335493 ], [ 129.448445156259055, 35.852835580148209 ], [ 129.449112296952364, 35.857604272345036 ], [ 129.445995972550037, 35.85897869084144 ], [ 129.446256031621886, 35.865821767889756 ], [ 129.440716925877922, 35.868782945853603 ], [ 129.439796044843206, 35.872595669722408 ], [ 129.437102933442105, 35.875102988963434 ], [ 129.436985196415577, 35.878804499476153 ], [ 129.430077065560852, 35.880133791279675 ], [ 129.42531334857847, 35.884223349243875 ], [ 129.4212691897865, 35.884051179857231 ], [ 129.419931646849733, 35.881730586071846 ], [ 129.421383893491338, 35.877905327573181 ], [ 129.414792117255161, 35.876334551086359 ], [ 129.410390219435271, 35.870521437082289 ], [ 129.410526458938534, 35.861437495888218 ], [ 129.407045736065413, 35.857842517398112 ], [ 129.398149673046248, 35.858405699666378 ], [ 129.393798053478037, 35.856669440686566 ], [ 129.391197381675397, 35.863353357504288 ], [ 129.383859865729164, 35.862544479997332 ], [ 129.379398593818877, 35.864504707322162 ], [ 129.371946744243246, 35.860756651606629 ], [ 129.368000510907052, 35.865046195688038 ], [ 129.365562756394951, 35.863936029775637 ], [ 129.359553717453309, 35.864806797164711 ], [ 129.360222138450894, 35.867646207255746 ], [ 129.35528582529534, 35.872660599753807 ], [ 129.362859465566686, 35.875478175357223 ], [ 129.363951430061775, 35.880464859774293 ], [ 129.36585792584836, 35.881750677594702 ], [ 129.362975658894442, 35.883012228407772 ], [ 129.361840851764185, 35.888304193969653 ], [ 129.358396056065459, 35.886187623722037 ], [ 129.35381769999978, 35.886870369806182 ], [ 129.350857944098209, 35.891429226720788 ], [ 129.34916944081732, 35.888218552176134 ], [ 129.343701999417732, 35.888086605953113 ], [ 129.337507880543825, 35.89258615835756 ], [ 129.338782967599059, 35.894702641773058 ], [ 129.333384945089591, 35.901054708463725 ], [ 129.333938879028722, 35.911282207589707 ], [ 129.335786008042191, 35.912022006152256 ], [ 129.336621655302935, 35.916157975170329 ], [ 129.329607112405569, 35.926576667614356 ], [ 129.33268968338345, 35.93055589387879 ], [ 129.32771320834334, 35.938862889560937 ], [ 129.323658873850576, 35.938856419580432 ], [ 129.316850872000799, 35.946329757764531 ], [ 129.320373111464733, 35.953659813002695 ], [ 129.318824717475451, 35.954569058265001 ], [ 129.319930135096257, 35.958158467132378 ], [ 129.31518935355146, 35.95977158016327 ], [ 129.312229880589001, 35.968299189262503 ], [ 129.308053414615614, 35.969669149391258 ], [ 129.304657363228955, 35.979278860439869 ], [ 129.30225134753087, 35.981288670018543 ], [ 129.301095139252027, 35.984897679747029 ], [ 129.304979544465965, 35.99017846614052 ], [ 129.303237690417149, 35.991651832230666 ], [ 129.304463824861188, 35.994582456616151 ], [ 129.292994294576914, 35.995012514174547 ], [ 129.29714161668457, 35.995438025873462 ], [ 129.298207335051387, 35.996869631441712 ], [ 129.298540917990579, 36.001786943294476 ], [ 129.295536112390266, 36.003609593065043 ], [ 129.296751160953107, 36.007534422883033 ], [ 129.295410084847305, 36.010713436528285 ], [ 129.28748482692734, 36.020122780089288 ], [ 129.283651494923788, 36.023462233453394 ], [ 129.280225104827963, 36.023419859161017 ], [ 129.277161689919467, 36.026946353937362 ], [ 129.284363018853554, 36.047218775421626 ], [ 129.282886412605706, 36.054402510486952 ], [ 129.280214492183262, 36.057506612984199 ], [ 129.282986250887802, 36.061985318886826 ], [ 129.28620016323805, 36.061864966989653 ], [ 129.2848509472324, 36.066925568550374 ], [ 129.286474440216239, 36.070009305387956 ], [ 129.276204642861586, 36.079159178248737 ], [ 129.269909319379792, 36.079426647203441 ], [ 129.268436390058383, 36.077499644753161 ], [ 129.26142048623467, 36.074800528819189 ], [ 129.25657332837153, 36.074455439519305 ], [ 129.254245843361844, 36.075760064438839 ], [ 129.250844509845706, 36.073049171651974 ], [ 129.247794403641223, 36.073506951966024 ], [ 129.248183024550002, 36.075874533698297 ], [ 129.244355915774037, 36.070609194003382 ], [ 129.239031924813247, 36.053037082100566 ], [ 129.234699133300211, 36.049294319657889 ], [ 129.227364983455431, 36.047931993988264 ], [ 129.223739986983617, 36.04378675938765 ], [ 129.203858695679145, 36.043299202737103 ], [ 129.197500976198484, 36.04059370199947 ], [ 129.183947213787519, 36.028976822276 ], [ 129.178418112122813, 36.027432716314905 ], [ 129.176291073345993, 36.031677124112193 ], [ 129.178386133162263, 36.03429288599348 ], [ 129.178170912622448, 36.040767524774843 ], [ 129.175691779426302, 36.042181888073458 ], [ 129.177282850952906, 36.04593776303507 ], [ 129.176342612304751, 36.04777940112497 ], [ 129.170436673997784, 36.048943443355185 ], [ 129.170036817688043, 36.053322638686048 ], [ 129.164701030278536, 36.055157486603292 ], [ 129.151327400701774, 36.054830617772801 ], [ 129.148597391740594, 36.058099072886094 ], [ 129.145740528188611, 36.056918846624569 ], [ 129.140787905780968, 36.058629692330868 ], [ 129.136123945442023, 36.062196359305226 ], [ 129.137396941660086, 36.064467009220053 ], [ 129.133588945817536, 36.068274397986933 ], [ 129.134873306387107, 36.074112259504453 ], [ 129.128004968652021, 36.080640564965925 ], [ 129.112363932025715, 36.079046826188787 ], [ 129.110915251626722, 36.083270632870011 ], [ 129.105141164011201, 36.085466286561484 ], [ 129.097652137502052, 36.093895217966718 ], [ 129.094922969178242, 36.095063610740944 ], [ 129.09355169741454, 36.104220996641502 ], [ 129.099483078158784, 36.10632118140142 ], [ 129.105182380507955, 36.114046306415887 ], [ 129.104167869245771, 36.116892691748973 ], [ 129.09849228205789, 36.121878013853433 ], [ 129.089168992760335, 36.118249385075167 ], [ 129.081012664876397, 36.117591841428762 ], [ 129.078511972495392, 36.111407788672004 ], [ 129.076154930289505, 36.113746797919404 ], [ 129.070978226390253, 36.114094346222068 ], [ 129.068088213657774, 36.117887878175502 ], [ 129.06674712925718, 36.12373043183981 ], [ 129.059365676733989, 36.129603349721229 ], [ 129.064541962204345, 36.135005454539652 ], [ 129.063281498222608, 36.142956445830649 ], [ 129.055377803941724, 36.146284598594065 ], [ 129.053773303360828, 36.149249708768522 ], [ 129.047319484999235, 36.15025719870728 ], [ 129.044336294514693, 36.15597076064212 ], [ 129.036401208657765, 36.155530061648669 ], [ 129.030702496254349, 36.158881526467937 ], [ 129.019516171647268, 36.160358329085838 ], [ 129.012751873499781, 36.163658690679163 ], [ 129.005774603639964, 36.163497495809501 ], [ 128.997732659428095, 36.167687540491976 ], [ 128.989491175890691, 36.168106781639352 ], [ 128.991338162464615, 36.171981980614767 ], [ 128.99063553583909, 36.175220960245063 ], [ 128.9971658434402, 36.178903323790948 ], [ 129.009549804387319, 36.178872146023899 ], [ 129.017440069557466, 36.180497184496673 ], [ 129.021776618441947, 36.183107200121171 ], [ 129.026659150562523, 36.18337635242613 ], [ 129.028152405344912, 36.196428720427029 ], [ 129.031811420224159, 36.198167730162993 ], [ 129.032623840600337, 36.203601735665508 ], [ 129.035487051110493, 36.203448319924121 ], [ 129.035882014476471, 36.213211891151005 ], [ 129.04203953189807, 36.22199859068062 ], [ 129.04970994436502, 36.223358793912247 ], [ 129.051412739239794, 36.222329048431455 ], [ 129.056586401519525, 36.22397061203111 ], [ 129.064913840030812, 36.219524723967069 ], [ 129.064279091186052, 36.225189291228673 ], [ 129.065852048183473, 36.227065750065059 ], [ 129.069602012307342, 36.229473241452517 ], [ 129.0733337695915, 36.229407985277234 ], [ 129.081858964748506, 36.234989390702822 ], [ 129.078167424880149, 36.240075163400846 ], [ 129.078638153323453, 36.243751097371003 ], [ 129.075760772755388, 36.245472370497573 ], [ 129.07571296989849, 36.250087039958188 ], [ 129.073622035659412, 36.2522823688195 ], [ 129.070251208778586, 36.251035358138544 ], [ 129.065574278015191, 36.253918384931687 ], [ 129.062033269191119, 36.252161502166025 ], [ 129.056017234842813, 36.255745211453636 ], [ 129.053568851542508, 36.259586105045202 ], [ 129.052317151642285, 36.265628377738309 ], [ 129.059392194029641, 36.27059525500362 ], [ 129.067787500717515, 36.272632540601116 ], [ 129.070432722578033, 36.271174221596922 ], [ 129.080181671890074, 36.27727205979091 ], [ 129.083336745006847, 36.276681627568657 ], [ 129.089284115442069, 36.271729617067948 ], [ 129.093196002965385, 36.274389967465204 ], [ 129.098954602059194, 36.270693647271877 ], [ 129.098831995031134, 36.267857084636532 ], [ 129.102432081179899, 36.264757010452833 ], [ 129.106417863314704, 36.267343647869623 ], [ 129.111877843759515, 36.264269910855866 ], [ 129.117015842948661, 36.266004630044108 ], [ 129.121675713806241, 36.261722774613929 ], [ 129.126176275112698, 36.264073929624047 ], [ 129.132810449944202, 36.262054639011041 ], [ 129.13368146575587, 36.25819255927891 ], [ 129.13751083682746, 36.255094184477066 ], [ 129.136997848274063, 36.250332334438241 ], [ 129.14553933405756, 36.243439170374714 ], [ 129.147224614342264, 36.239157093803932 ], [ 129.152739386082544, 36.235253435845515 ], [ 129.165879688134282, 36.232084508375138 ], [ 129.166079054689561, 36.229293535540265 ], [ 129.170982308232624, 36.224800156380361 ], [ 129.186578862544366, 36.233289098953385 ], [ 129.194402032712986, 36.243576216932411 ], [ 129.197890217203906, 36.244728002409879 ], [ 129.198526296951258, 36.24960077260625 ], [ 129.201242970362927, 36.250768371646771 ], [ 129.206041954637215, 36.257352175534777 ], [ 129.207143760069243, 36.266720379359214 ], [ 129.210432255505026, 36.26817290725414 ], [ 129.213611418819568, 36.267471433922751 ], [ 129.213357852689001, 36.271433372519517 ], [ 129.222634497354477, 36.273349623600431 ], [ 129.226763239688353, 36.277016201931538 ], [ 129.226337713184421, 36.283263350704161 ], [ 129.221066757349945, 36.287814827268861 ], [ 129.224771957335037, 36.290129979565286 ], [ 129.225589159629322, 36.294332116643211 ], [ 129.22856827728171, 36.2959296036232 ], [ 129.225025818633071, 36.298333370049868 ], [ 129.223485752651442, 36.301852180970123 ], [ 129.225187195629957, 36.305305594456605 ], [ 129.231289993785481, 36.308606930524768 ], [ 129.23210893733787, 36.31319522815734 ], [ 129.236484839355967, 36.314412031443695 ], [ 129.236459597339206, 36.316553217151977 ], [ 129.240820828730648, 36.318810749842982 ], [ 129.243056228588841, 36.31747617819596 ], [ 129.246778292842578, 36.317912140429314 ], [ 129.256042525054823, 36.323803368964469 ], [ 129.2666493720657, 36.320767001360885 ], [ 129.266858455084048, 36.324653708988244 ], [ 129.268945668360601, 36.326069174173846 ], [ 129.26763685133966, 36.330711891890203 ], [ 129.270941635238216, 36.333109780001614 ], [ 129.270881802854291, 36.329975165280743 ], [ 129.27473660182352, 36.327641382200504 ], [ 129.282008786917601, 36.329780598824406 ], [ 129.286441811587963, 36.333365242822012 ], [ 129.290502042864574, 36.328027576326171 ], [ 129.297732911676377, 36.323865873073593 ] ] ], [ [ [ 129.383558186764702, 36.186102916772597 ], [ 129.383616555552749, 36.186235744968272 ], [ 129.383711833795445, 36.186118474366261 ], [ 129.383558186764702, 36.186102916772597 ] ] ], [ [ [ 129.383706586228897, 36.186471598031424 ], [ 129.383684913813937, 36.186340317802483 ], [ 129.383584717542846, 36.18635933015895 ], [ 129.383706586228897, 36.186471598031424 ] ] ], [ [ [ 129.381548212596641, 36.18740187490598 ], [ 129.381626825787407, 36.187343126576202 ], [ 129.381571357027894, 36.187316619086388 ], [ 129.381548212596641, 36.18740187490598 ] ] ], [ [ [ 129.379684328644458, 36.18885464070587 ], [ 129.379544749972922, 36.188827335115128 ], [ 129.379543840159783, 36.188901390060906 ], [ 129.379684328644458, 36.18885464070587 ] ] ], [ [ [ 129.382307641939519, 36.21039178080413 ], [ 129.382198405214496, 36.210419155494378 ], [ 129.382313464592386, 36.210418185369846 ], [ 129.382307641939519, 36.21039178080413 ] ] ], [ [ [ 129.382392922001401, 36.210505194483666 ], [ 129.38238906920526, 36.210472149757734 ], [ 129.382347994960014, 36.210477688900404 ], [ 129.382392922001401, 36.210505194483666 ] ] ], [ [ [ 129.384590887254774, 36.212644006293097 ], [ 129.385428610324794, 36.212479365574431 ], [ 129.384558907767541, 36.211703790937399 ], [ 129.384590887254774, 36.212644006293097 ] ] ], [ [ [ 129.384281494909516, 36.22452780015103 ], [ 129.384491901988525, 36.224616857746824 ], [ 129.384254502036015, 36.224453017823606 ], [ 129.384281494909516, 36.22452780015103 ] ] ], [ [ [ 129.384152402538177, 36.234203531656327 ], [ 129.384340076130968, 36.234347499646049 ], [ 129.384088724671244, 36.23392729679442 ], [ 129.384152402538177, 36.234203531656327 ] ] ], [ [ [ 129.384516343755649, 36.234713024536745 ], [ 129.384510724441327, 36.234466899909613 ], [ 129.384268697131148, 36.23439126452017 ], [ 129.384516343755649, 36.234713024536745 ] ] ], [ [ [ 129.381864713409129, 36.242835088909686 ], [ 129.381939149767959, 36.24287612703116 ], [ 129.381874950236039, 36.242792366845933 ], [ 129.381864713409129, 36.242835088909686 ] ] ], [ [ [ 129.379855914097334, 36.244320402075147 ], [ 129.379936591723521, 36.244354112211369 ], [ 129.379911245615773, 36.2443120794536 ], [ 129.379855914097334, 36.244320402075147 ] ] ], [ [ [ 129.373273768003259, 36.255393777295197 ], [ 129.373301195379327, 36.255522292493438 ], [ 129.373428365842614, 36.255426640100538 ], [ 129.373273768003259, 36.255393777295197 ] ] ], [ [ [ 129.373545967818103, 36.255448080989851 ], [ 129.373601280768952, 36.255474222374943 ], [ 129.373584782373939, 36.255421014659134 ], [ 129.373545967818103, 36.255448080989851 ] ] ], [ [ [ 129.373482629522101, 36.255489373583323 ], [ 129.373530764567647, 36.255643777278912 ], [ 129.37367584746454, 36.255781206331079 ], [ 129.373482629522101, 36.255489373583323 ] ] ], [ [ [ 129.374578828225452, 36.259214165893574 ], [ 129.374706146994811, 36.259241882063712 ], [ 129.374702387373191, 36.259200259852406 ], [ 129.374578828225452, 36.259214165893574 ] ] ], [ [ [ 129.374914197554261, 36.259258443787189 ], [ 129.375020865234973, 36.259412213759568 ], [ 129.375053447752919, 36.259268551867514 ], [ 129.374914197554261, 36.259258443787189 ] ] ], [ [ [ 129.375724254676612, 36.265714087898182 ], [ 129.375709711562962, 36.265814345298942 ], [ 129.375806249777384, 36.26570950418489 ], [ 129.375724254676612, 36.265714087898182 ] ] ], [ [ [ 129.376263459314941, 36.265977072248788 ], [ 129.376066944345922, 36.265770686715129 ], [ 129.375885237243182, 36.265936715995366 ], [ 129.376263459314941, 36.265977072248788 ] ] ], [ [ [ 129.408731617464809, 36.018603848373637 ], [ 129.404711998129272, 36.019924164229799 ], [ 129.404773849226757, 36.020022638847777 ], [ 129.408731617464809, 36.018603848373637 ] ] ], [ [ [ 129.414712618445662, 36.021328172675183 ], [ 129.418390321010861, 36.018996010742406 ], [ 129.414628754271746, 36.021244557242241 ], [ 129.414712618445662, 36.021328172675183 ] ] ], [ [ [ 129.513306950218492, 36.042405151665761 ], [ 129.51329306457734, 36.042556705511615 ], [ 129.513362396846048, 36.042536131568085 ], [ 129.513306950218492, 36.042405151665761 ] ] ], [ [ [ 129.519795678175967, 36.050747503995062 ], [ 129.519998098927886, 36.051033481896582 ], [ 129.519796447038459, 36.050712352149851 ], [ 129.519795678175967, 36.050747503995062 ] ] ], [ [ [ 129.522888898961384, 36.055447133293924 ], [ 129.522828126286896, 36.055705865632419 ], [ 129.522873893099103, 36.055728737107188 ], [ 129.522888898961384, 36.055447133293924 ] ] ], [ [ [ 129.53026367541608, 36.056621552699433 ], [ 129.53031748668414, 36.056685210832583 ], [ 129.530419074254297, 36.056690078911082 ], [ 129.53026367541608, 36.056621552699433 ] ] ], [ [ [ 129.532357340565767, 36.057330271308807 ], [ 129.532393969107318, 36.057379855017004 ], [ 129.532421772642692, 36.05735548887651 ], [ 129.532357340565767, 36.057330271308807 ] ] ], [ [ [ 129.524274391678119, 36.057396894860446 ], [ 129.524107011431511, 36.057629780469895 ], [ 129.524161756023204, 36.057700826249032 ], [ 129.524274391678119, 36.057396894860446 ] ] ], [ [ [ 129.524241217286288, 36.058469574170502 ], [ 129.524170842361229, 36.058100113412777 ], [ 129.52377937033404, 36.058232140637628 ], [ 129.524241217286288, 36.058469574170502 ] ] ], [ [ [ 129.531941497159693, 36.061341883714931 ], [ 129.532054041497588, 36.061374367590304 ], [ 129.531971736068698, 36.06131606476486 ], [ 129.531941497159693, 36.061341883714931 ] ] ], [ [ [ 129.532489957975685, 36.061677403608797 ], [ 129.532453041171522, 36.061782827655122 ], [ 129.532496691643388, 36.061803542609042 ], [ 129.532489957975685, 36.061677403608797 ] ] ], [ [ [ 129.532419678266052, 36.061756481060286 ], [ 129.532320206616788, 36.061671128096059 ], [ 129.532323485141092, 36.061762314965769 ], [ 129.532419678266052, 36.061756481060286 ] ] ], [ [ [ 129.532542697486264, 36.061828122499627 ], [ 129.532597704568673, 36.061804715490084 ], [ 129.532550850600245, 36.061786178633611 ], [ 129.532542697486264, 36.061828122499627 ] ] ], [ [ [ 129.531774831965606, 36.061860279156228 ], [ 129.531789802810721, 36.061924288601823 ], [ 129.531814888117168, 36.061907865030285 ], [ 129.531774831965606, 36.061860279156228 ] ] ], [ [ [ 129.533368383082433, 36.062057592756034 ], [ 129.533251626888529, 36.062124983848811 ], [ 129.533332321306375, 36.062158239496597 ], [ 129.533368383082433, 36.062057592756034 ] ] ], [ [ [ 129.531996742382631, 36.062178413178337 ], [ 129.532054264614885, 36.062248362406983 ], [ 129.532070603487881, 36.062218459598775 ], [ 129.531996742382631, 36.062178413178337 ] ] ], [ [ [ 129.533335537764543, 36.062256456556909 ], [ 129.533235006110402, 36.062277540950944 ], [ 129.533302294354058, 36.062313831084346 ], [ 129.533335537764543, 36.062256456556909 ] ] ], [ [ [ 129.535528899208401, 36.064973204494144 ], [ 129.535614529796078, 36.065013376816303 ], [ 129.535610361702368, 36.064971579003434 ], [ 129.535528899208401, 36.064973204494144 ] ] ], [ [ [ 129.535598080739163, 36.065370511271659 ], [ 129.535693750057618, 36.065450380475923 ], [ 129.535720672232372, 36.065426558572177 ], [ 129.535598080739163, 36.065370511271659 ] ] ], [ [ [ 129.536509137439538, 36.065758733091315 ], [ 129.536529811933775, 36.065861109790063 ], [ 129.536555976232535, 36.065741762123935 ], [ 129.536509137439538, 36.065758733091315 ] ] ], [ [ [ 129.537497957809137, 36.066236631652863 ], [ 129.537468458469107, 36.066419890149575 ], [ 129.537533707465286, 36.066433296880916 ], [ 129.537497957809137, 36.066236631652863 ] ] ], [ [ [ 129.537210143089368, 36.066368597005699 ], [ 129.53731076714115, 36.066458629629942 ], [ 129.537310711219249, 36.06638527038821 ], [ 129.537210143089368, 36.066368597005699 ] ] ], [ [ [ 129.537305236105595, 36.066640878407298 ], [ 129.537233415488032, 36.06672212837082 ], [ 129.537314610982065, 36.066730055749716 ], [ 129.537305236105595, 36.066640878407298 ] ] ], [ [ [ 129.536776708158726, 36.067483085831846 ], [ 129.536799046268953, 36.067585271913053 ], [ 129.536852984668428, 36.06755123546413 ], [ 129.536776708158726, 36.067483085831846 ] ] ], [ [ [ 129.536939831745485, 36.067900516731498 ], [ 129.537004791704845, 36.067953037128113 ], [ 129.537011617201131, 36.067895508616239 ], [ 129.536939831745485, 36.067900516731498 ] ] ], [ [ [ 129.537199216518673, 36.067944955914484 ], [ 129.537106437990843, 36.068078840192527 ], [ 129.537199524073685, 36.068120871245085 ], [ 129.537199216518673, 36.067944955914484 ] ] ], [ [ [ 129.537388024390026, 36.068058113700253 ], [ 129.537425488215206, 36.068164107789926 ], [ 129.537429877847529, 36.068058736095225 ], [ 129.537388024390026, 36.068058113700253 ] ] ], [ [ [ 129.536415626670617, 36.068056971516796 ], [ 129.536239982670935, 36.068198796903125 ], [ 129.536296086251269, 36.068238289610782 ], [ 129.536415626670617, 36.068056971516796 ] ] ], [ [ [ 129.537176412175313, 36.068264447430906 ], [ 129.537013663303554, 36.06834340143223 ], [ 129.537159874238313, 36.068411598596299 ], [ 129.537176412175313, 36.068264447430906 ] ] ], [ [ [ 129.536897639892175, 36.068388892064512 ], [ 129.536963418647019, 36.068463758877463 ], [ 129.536967939886125, 36.068377671479702 ], [ 129.536897639892175, 36.068388892064512 ] ] ], [ [ [ 129.539632410398525, 36.068563432448798 ], [ 129.53972010247557, 36.068692991645143 ], [ 129.539744404786575, 36.068594650836914 ], [ 129.539632410398525, 36.068563432448798 ] ] ], [ [ [ 129.539771145026975, 36.069860281590095 ], [ 129.539693844660519, 36.069919298431536 ], [ 129.539770804281574, 36.069956532436713 ], [ 129.539771145026975, 36.069860281590095 ] ] ], [ [ [ 129.538706131192555, 36.070768176366052 ], [ 129.538705823485827, 36.070886055019272 ], [ 129.538745819870087, 36.07077709921515 ], [ 129.538706131192555, 36.070768176366052 ] ] ], [ [ [ 129.539566032668318, 36.07090408549611 ], [ 129.539520339288998, 36.070926461032627 ], [ 129.539576443352104, 36.070933418540541 ], [ 129.539566032668318, 36.07090408549611 ] ] ], [ [ [ 129.538148945243165, 36.071870427459814 ], [ 129.538132643068309, 36.07211734240024 ], [ 129.538395197734303, 36.072233860824532 ], [ 129.538148945243165, 36.071870427459814 ] ] ], [ [ [ 129.539937086834726, 36.073171662859906 ], [ 129.539935441081155, 36.073336952981656 ], [ 129.539992048403803, 36.073319484393039 ], [ 129.539937086834726, 36.073171662859906 ] ] ], [ [ [ 129.439580643601801, 36.118130921638745 ], [ 129.464383819583361, 36.098078928871296 ], [ 129.464620150101211, 36.089118673051495 ], [ 129.463509472074094, 36.098491717876371 ], [ 129.439580643601801, 36.118130921638745 ] ] ], [ [ [ 129.403038927256461, 36.154790218270939 ], [ 129.404306822766841, 36.154455202651327 ], [ 129.404041735637833, 36.154119856738042 ], [ 129.403038927256461, 36.154790218270939 ] ] ], [ [ [ 129.40290257544757, 36.15487728322497 ], [ 129.403262161679294, 36.155655072455517 ], [ 129.403588237196772, 36.155464990497535 ], [ 129.40290257544757, 36.15487728322497 ] ] ], [ [ [ 129.403063157266274, 36.155529212672114 ], [ 129.402504530494696, 36.155748822222378 ], [ 129.402865680943535, 36.156180275325724 ], [ 129.403063157266274, 36.155529212672114 ] ] ], [ [ [ 129.400264884605264, 36.159556524863923 ], [ 129.400160454810532, 36.159585261240878 ], [ 129.400184326313479, 36.159646643889189 ], [ 129.400264884605264, 36.159556524863923 ] ] ], [ [ [ 129.402087539696709, 36.15978905630417 ], [ 129.402226570344368, 36.159724513939992 ], [ 129.402074046225948, 36.159779818446339 ], [ 129.402087539696709, 36.15978905630417 ] ] ], [ [ [ 129.40264877008417, 36.160203615916409 ], [ 129.402480980942471, 36.15981657273322 ], [ 129.4023290164657, 36.159873047724226 ], [ 129.40264877008417, 36.160203615916409 ] ] ], [ [ [ 129.399712446010568, 36.162158059379813 ], [ 129.399784137184298, 36.162227412469122 ], [ 129.399730364096996, 36.162140868005729 ], [ 129.399712446010568, 36.162158059379813 ] ] ], [ [ [ 129.400288777474685, 36.164453038240381 ], [ 129.400121760376749, 36.164501721480732 ], [ 129.40015684599453, 36.164560903267876 ], [ 129.400288777474685, 36.164453038240381 ] ] ], [ [ [ 129.400680461807298, 36.165637891233899 ], [ 129.400576475907457, 36.165580470727441 ], [ 129.400557164008177, 36.165651461130388 ], [ 129.400680461807298, 36.165637891233899 ] ] ], [ [ [ 129.400492853819003, 36.165877878118394 ], [ 129.400218731925349, 36.165824901926996 ], [ 129.400465178627883, 36.165964936556506 ], [ 129.400492853819003, 36.165877878118394 ] ] ], [ [ [ 129.400066367780852, 36.166264567741123 ], [ 129.400152582112952, 36.166258331454074 ], [ 129.400159531298442, 36.16620432537762 ], [ 129.400066367780852, 36.166264567741123 ] ] ], [ [ [ 129.544407764208302, 35.950985631150935 ], [ 129.544430229929361, 35.950843451038473 ], [ 129.54434755058702, 35.950776521302664 ], [ 129.544407764208302, 35.950985631150935 ] ] ], [ [ [ 129.54832743859086, 35.950826899742438 ], [ 129.548187338952403, 35.950778810187877 ], [ 129.548150865537082, 35.950819441536893 ], [ 129.548237845026023, 35.950808661172921 ], [ 129.548278086484288, 35.950856333604293 ], [ 129.54832743859086, 35.950826899742438 ] ] ], [ [ [ 129.54826845289702, 35.951088605049456 ], [ 129.548347876082715, 35.950911682842666 ], [ 129.548211114405319, 35.950839767651296 ], [ 129.54826845289702, 35.951088605049456 ] ] ], [ [ [ 129.553101271087115, 35.951231608241791 ], [ 129.553536871974472, 35.95086640633442 ], [ 129.55274730818482, 35.951017215467957 ], [ 129.553101271087115, 35.951231608241791 ] ] ], [ [ [ 129.552561211494208, 35.950938133984209 ], [ 129.552597845697761, 35.951200941971514 ], [ 129.552694517507319, 35.951187969764625 ], [ 129.552561211494208, 35.950938133984209 ] ] ], [ [ [ 129.550746811321119, 35.951331386850995 ], [ 129.550716886344361, 35.951376639486064 ], [ 129.550727077737406, 35.951378900922471 ], [ 129.550746811321119, 35.951331386850995 ] ] ], [ [ [ 129.551450968727977, 35.951456443671084 ], [ 129.551424630361737, 35.951497445344877 ], [ 129.55143801406129, 35.951501483821787 ], [ 129.551450968727977, 35.951456443671084 ] ] ], [ [ [ 129.551617341368768, 35.951554065652317 ], [ 129.551608022928264, 35.95150994902334 ], [ 129.551526322603451, 35.951414263107594 ], [ 129.551521512741147, 35.951538626026988 ], [ 129.551617341368768, 35.951554065652317 ] ] ], [ [ [ 129.548388723106569, 35.951535884918783 ], [ 129.548381656886818, 35.951571867706804 ], [ 129.548400524909567, 35.951570970452948 ], [ 129.548388723106569, 35.951535884918783 ] ] ], [ [ [ 129.551379341966793, 35.951633304824547 ], [ 129.551409850184768, 35.951495222769019 ], [ 129.551261027539567, 35.951449124911768 ], [ 129.551379341966793, 35.951633304824547 ] ] ], [ [ [ 129.548574138240355, 35.951593914737828 ], [ 129.54858624418506, 35.951635964847213 ], [ 129.548604375919439, 35.951632485843298 ], [ 129.548574138240355, 35.951593914737828 ] ] ], [ [ [ 129.551561892554787, 35.951640675853376 ], [ 129.551490219222956, 35.951651225753736 ], [ 129.551482423799399, 35.951666933798101 ], [ 129.551561892554787, 35.951640675853376 ] ] ], [ [ [ 129.550743713212, 35.952002924379649 ], [ 129.550664093959966, 35.951863788074576 ], [ 129.550549317111972, 35.951834746402042 ], [ 129.550743713212, 35.952002924379649 ] ] ], [ [ [ 129.550500989522504, 35.952019756102082 ], [ 129.550601918113443, 35.951929872097267 ], [ 129.550552567194615, 35.951907028068433 ], [ 129.550500989522504, 35.952019756102082 ] ] ], [ [ [ 129.550020545066843, 35.952062125048862 ], [ 129.550077764601241, 35.951982781378376 ], [ 129.550016299508059, 35.951983909191661 ], [ 129.550020545066843, 35.952062125048862 ] ] ], [ [ [ 129.549625192612666, 35.952062863858167 ], [ 129.549907622363037, 35.952053008539224 ], [ 129.54982234401615, 35.951994099258222 ], [ 129.549625192612666, 35.952062863858167 ] ] ], [ [ [ 129.549611387949966, 35.952188829888755 ], [ 129.549662735135314, 35.952157563960185 ], [ 129.549619210513157, 35.952143524242501 ], [ 129.549611387949966, 35.952188829888755 ] ] ], [ [ [ 129.547902486378803, 35.952501662809205 ], [ 129.547870099677198, 35.952554703592355 ], [ 129.547921358378545, 35.95254281685731 ], [ 129.547902486378803, 35.952501662809205 ] ] ], [ [ [ 129.547728944758688, 35.952710783639908 ], [ 129.547732703791581, 35.952661343232272 ], [ 129.547718326265539, 35.952659434236509 ], [ 129.547728944758688, 35.952710783639908 ] ] ], [ [ [ 129.548038443075086, 35.952716526781288 ], [ 129.548124196278451, 35.952702913504972 ], [ 129.548041599311375, 35.9526567158915 ], [ 129.548038443075086, 35.952716526781288 ] ] ], [ [ [ 129.548151103055289, 35.953294238893825 ], [ 129.547990668996903, 35.953279659621558 ], [ 129.548107227851801, 35.95345090131201 ], [ 129.548151103055289, 35.953294238893825 ] ] ], [ [ [ 129.548213613625961, 35.953846901986104 ], [ 129.548236128755718, 35.953871467119555 ], [ 129.548243932047399, 35.953853712918217 ], [ 129.548213613625961, 35.953846901986104 ] ] ], [ [ [ 129.548387920187423, 35.953932723152846 ], [ 129.548399057119553, 35.953951580022505 ], [ 129.548414152820897, 35.953937072612412 ], [ 129.548387920187423, 35.953932723152846 ] ] ], [ [ [ 129.547672872010452, 35.955257773739255 ], [ 129.547468860529762, 35.954992843221611 ], [ 129.547148774017245, 35.955190589517294 ], [ 129.547672872010452, 35.955257773739255 ] ] ], [ [ [ 129.552218037568679, 35.96685934435159 ], [ 129.552285405485378, 35.966743046362481 ], [ 129.552173491741712, 35.966814757895207 ], [ 129.552218037568679, 35.96685934435159 ] ] ], [ [ [ 129.553101222613861, 35.967170614808552 ], [ 129.552775527764567, 35.966982138820548 ], [ 129.552599264269844, 35.967078569127764 ], [ 129.553101222613861, 35.967170614808552 ] ] ], [ [ [ 129.553325118563095, 35.967068827068445 ], [ 129.553283472285671, 35.967233131154188 ], [ 129.553432919400308, 35.967138354197267 ], [ 129.553325118563095, 35.967068827068445 ] ] ], [ [ [ 129.553363217172262, 35.971940494157934 ], [ 129.553423928831904, 35.971981940429117 ], [ 129.553437472303926, 35.971920956624949 ], [ 129.553363217172262, 35.971940494157934 ] ] ], [ [ [ 129.553295252157028, 35.97232139424942 ], [ 129.553236570108794, 35.972412147536467 ], [ 129.553304463054218, 35.972417964090404 ], [ 129.553295252157028, 35.97232139424942 ] ] ], [ [ [ 129.553925738793311, 35.974682127650681 ], [ 129.553924492046576, 35.97477342650631 ], [ 129.553953566595766, 35.974697770256988 ], [ 129.553925738793311, 35.974682127650681 ] ] ], [ [ [ 129.552470491775836, 35.975852767509537 ], [ 129.552446869276935, 35.975899560483178 ], [ 129.552506215570901, 35.975887931633281 ], [ 129.552470491775836, 35.975852767509537 ] ] ], [ [ [ 129.551707734148494, 35.977071578822837 ], [ 129.55208313392842, 35.976972339406217 ], [ 129.552263742859878, 35.97697141796769 ], [ 129.552054763048716, 35.976846839132037 ], [ 129.551707734148494, 35.977071578822837 ] ] ], [ [ [ 129.552085389331211, 35.977168975632011 ], [ 129.552077982353723, 35.977267513682662 ], [ 129.552215260470518, 35.977189828012733 ], [ 129.552085389331211, 35.977168975632011 ] ] ], [ [ [ 129.552152839846826, 35.977444890167995 ], [ 129.552187903420418, 35.977257815856376 ], [ 129.552055553580317, 35.977358370864692 ], [ 129.552152839846826, 35.977444890167995 ] ] ], [ [ [ 129.551969366248869, 35.977384993171697 ], [ 129.551879063434683, 35.977362066412446 ], [ 129.551839351961121, 35.977375497229147 ], [ 129.551969366248869, 35.977384993171697 ] ] ], [ [ [ 129.552462936966663, 35.977505378413618 ], [ 129.552415199824793, 35.977257761150796 ], [ 129.552236668860246, 35.97741413452043 ], [ 129.552462936966663, 35.977505378413618 ] ] ], [ [ [ 129.551894664992858, 35.978058100997792 ], [ 129.551794063055837, 35.978132734084596 ], [ 129.551874622404512, 35.978173369159734 ], [ 129.551894664992858, 35.978058100997792 ] ] ], [ [ [ 129.553515330759325, 35.979737907411703 ], [ 129.553488196356398, 35.979869160340208 ], [ 129.553606579062802, 35.979959276171947 ], [ 129.553515330759325, 35.979737907411703 ] ] ], [ [ [ 129.539918622094007, 36.068764464799401 ], [ 129.540117478765154, 36.068641635347596 ], [ 129.539887571282463, 36.068622935262361 ], [ 129.539918622094007, 36.068764464799401 ] ] ], [ [ [ 129.540230240408164, 36.068785231272152 ], [ 129.540293114913567, 36.068840462523276 ], [ 129.54031808016066, 36.068790241861834 ], [ 129.540230240408164, 36.068785231272152 ] ] ], [ [ [ 129.540371814588838, 36.069830087896293 ], [ 129.540439104250567, 36.069816807234211 ], [ 129.540376251774575, 36.06979744449621 ], [ 129.540371814588838, 36.069830087896293 ] ] ], [ [ [ 129.544996877219717, 36.076653297417614 ], [ 129.54492982047023, 36.076636749226651 ], [ 129.545002832527501, 36.07679241782229 ], [ 129.544996877219717, 36.076653297417614 ] ] ], [ [ [ 129.545099058730074, 36.076965912906857 ], [ 129.545170710413686, 36.076956304902886 ], [ 129.545122642080599, 36.076924530643232 ], [ 129.545099058730074, 36.076965912906857 ] ] ], [ [ [ 129.545375603573973, 36.077641823154487 ], [ 129.545447613769909, 36.077651859488604 ], [ 129.545404665620111, 36.077606094661867 ], [ 129.545375603573973, 36.077641823154487 ] ] ], [ [ [ 129.545795387578437, 36.082882607041306 ], [ 129.545713704476555, 36.083047810548187 ], [ 129.545795752263672, 36.083080058855529 ], [ 129.545795387578437, 36.082882607041306 ] ] ], [ [ [ 129.546045537183886, 36.083622981436697 ], [ 129.546160259352376, 36.083611733926801 ], [ 129.546070684594184, 36.083582852284607 ], [ 129.546045537183886, 36.083622981436697 ] ] ], [ [ [ 129.547791117920184, 36.085181585705151 ], [ 129.54790825595569, 36.085182222567944 ], [ 129.547783640690881, 36.085144128591295 ], [ 129.547791117920184, 36.085181585705151 ] ] ], [ [ [ 129.555749087096302, 36.086282270905777 ], [ 129.555608903053752, 36.086336000560266 ], [ 129.555720289933305, 36.086386853611209 ], [ 129.555749087096302, 36.086282270905777 ] ] ], [ [ [ 129.555990992943407, 36.086562414355903 ], [ 129.555947052555638, 36.086708254584053 ], [ 129.556085393063086, 36.08672356391282 ], [ 129.555990992943407, 36.086562414355903 ] ] ], [ [ [ 129.554621294904507, 35.969190184338565 ], [ 129.554653478300537, 35.969258169659888 ], [ 129.554665800878212, 35.969197278741071 ], [ 129.554621294904507, 35.969190184338565 ] ] ], [ [ [ 129.553870717858956, 35.970408863555271 ], [ 129.55387770545201, 35.970488860114827 ], [ 129.553933875331296, 35.970483194699433 ], [ 129.553870717858956, 35.970408863555271 ] ] ], [ [ [ 129.554499171352518, 35.97477735236312 ], [ 129.554438841931471, 35.974902359435696 ], [ 129.554592076768387, 35.974840098678754 ], [ 129.554499171352518, 35.97477735236312 ] ] ], [ [ [ 129.555198282325364, 35.980200390017828 ], [ 129.55534649053493, 35.980368953447915 ], [ 129.555568946424017, 35.980373150932877 ], [ 129.555198282325364, 35.980200390017828 ] ] ], [ [ [ 129.556623203930968, 35.981258582625962 ], [ 129.556739827810389, 35.981207843133376 ], [ 129.556588367381664, 35.981018929230373 ], [ 129.556623203930968, 35.981258582625962 ] ] ], [ [ [ 129.556443688625279, 35.981590253972783 ], [ 129.556618148182963, 35.981501575655699 ], [ 129.556420933550982, 35.981476445571133 ], [ 129.556443688625279, 35.981590253972783 ] ] ], [ [ [ 129.558059990241105, 35.982626274871777 ], [ 129.558081218875941, 35.982775056971668 ], [ 129.558163752153689, 35.98281153432449 ], [ 129.558059990241105, 35.982626274871777 ] ] ], [ [ [ 129.562047198426313, 35.989154772767421 ], [ 129.562155264791102, 35.98900637527975 ], [ 129.561883126626867, 35.989114715399033 ], [ 129.562047198426313, 35.989154772767421 ] ] ], [ [ [ 129.561984278447994, 35.989242305654464 ], [ 129.561913287425426, 35.989270846334108 ], [ 129.561986569656739, 35.98929934198209 ], [ 129.561984278447994, 35.989242305654464 ] ] ], [ [ [ 129.562565604742758, 35.989308523218014 ], [ 129.562381695342992, 35.989270183290493 ], [ 129.562551340094132, 35.989376812678117 ], [ 129.562565604742758, 35.989308523218014 ] ] ], [ [ [ 129.567101938456489, 35.994721888994626 ], [ 129.567433478944793, 35.994606498558134 ], [ 129.567212180497961, 35.99427382195141 ], [ 129.567101938456489, 35.994721888994626 ] ] ], [ [ [ 129.570763811617894, 36.000378514891722 ], [ 129.570714084699745, 36.000419037538649 ], [ 129.570773763514779, 36.000420554291402 ], [ 129.570763811617894, 36.000378514891722 ] ] ], [ [ [ 129.572444639493938, 36.065930910604891 ], [ 129.572378319366948, 36.066000259573308 ], [ 129.572478288816285, 36.066040335679254 ], [ 129.572444639493938, 36.065930910604891 ] ] ], [ [ [ 129.572543815349746, 36.066336340391089 ], [ 129.572473186000451, 36.066485017009192 ], [ 129.572495173339718, 36.066532405586635 ], [ 129.572543815349746, 36.066336340391089 ] ] ], [ [ [ 129.571891660172867, 36.066455259262597 ], [ 129.571986592502356, 36.06652050528529 ], [ 129.571878236126679, 36.06642567301224 ], [ 129.571891660172867, 36.066455259262597 ] ] ], [ [ [ 129.571456947255058, 36.066465984535164 ], [ 129.571324083140723, 36.066482117992265 ], [ 129.571448000805361, 36.066564529044619 ], [ 129.571456947255058, 36.066465984535164 ] ] ], [ [ [ 129.572072999605979, 36.066787661262474 ], [ 129.572422594106399, 36.0667336315759 ], [ 129.572246266714615, 36.066556846204513 ], [ 129.572072999605979, 36.066787661262474 ] ] ], [ [ [ 129.572014449857875, 36.06694916839934 ], [ 129.572219133497157, 36.06693350113774 ], [ 129.5721189118415, 36.06684322651919 ], [ 129.572014449857875, 36.06694916839934 ] ] ], [ [ [ 129.570099885573455, 36.067025067740417 ], [ 129.570149318434005, 36.067152984387576 ], [ 129.570195481035682, 36.067166553347668 ], [ 129.570099885573455, 36.067025067740417 ] ] ], [ [ [ 129.569591064848055, 36.069751844764795 ], [ 129.569542200317471, 36.069810205471867 ], [ 129.56958065220249, 36.069831650871933 ], [ 129.569591064848055, 36.069751844764795 ] ] ], [ [ [ 129.570164236189981, 36.071788735869141 ], [ 129.570190758097368, 36.071879991611688 ], [ 129.570236712606629, 36.071864001732898 ], [ 129.570164236189981, 36.071788735869141 ] ] ], [ [ [ 129.570136448433601, 36.075413711299035 ], [ 129.570045490801704, 36.075470107951212 ], [ 129.570142212554742, 36.075489565562911 ], [ 129.570136448433601, 36.075413711299035 ] ] ], [ [ [ 129.569933967959741, 36.0763532824188 ], [ 129.570002746324548, 36.076515444167867 ], [ 129.570065119333009, 36.076513254130106 ], [ 129.569933967959741, 36.0763532824188 ] ] ], [ [ [ 129.570139723474597, 36.077297851461147 ], [ 129.570299611525741, 36.077086028467178 ], [ 129.570035606613118, 36.077007616429448 ], [ 129.570139723474597, 36.077297851461147 ] ] ], [ [ [ 129.57079889122798, 36.077767488473796 ], [ 129.570678412875338, 36.077595119198023 ], [ 129.570632297645403, 36.077696635162667 ], [ 129.57079889122798, 36.077767488473796 ] ] ], [ [ [ 129.570503569685229, 36.077826662390201 ], [ 129.570485751710521, 36.077711482862959 ], [ 129.570311100609786, 36.077985018725172 ], [ 129.570503569685229, 36.077826662390201 ] ] ], [ [ [ 129.569731171067303, 36.078234617939358 ], [ 129.569766340511393, 36.078339081224833 ], [ 129.569821034182866, 36.078287632608401 ], [ 129.569731171067303, 36.078234617939358 ] ] ], [ [ [ 129.5694816361584, 36.078362424233511 ], [ 129.569542746124313, 36.07843089724652 ], [ 129.569539924894116, 36.078347548374879 ], [ 129.5694816361584, 36.078362424233511 ] ] ], [ [ [ 129.569713907447579, 36.078411787258396 ], [ 129.569728886093003, 36.078518149778496 ], [ 129.569812673225869, 36.078467734521681 ], [ 129.569713907447579, 36.078411787258396 ] ] ], [ [ [ 129.569159410489192, 36.078632244679113 ], [ 129.56894542369136, 36.078655700882926 ], [ 129.569068339016212, 36.078750556218175 ], [ 129.569159410489192, 36.078632244679113 ] ] ], [ [ [ 129.569729068787154, 36.07866666682645 ], [ 129.569797201714039, 36.078769623143806 ], [ 129.569816625621996, 36.07875375822487 ], [ 129.569729068787154, 36.07866666682645 ] ] ], [ [ [ 129.568439020972221, 36.079018948252184 ], [ 129.568215286604868, 36.078566880504304 ], [ 129.568295870404995, 36.079058647609003 ], [ 129.568439020972221, 36.079018948252184 ] ] ], [ [ [ 129.569667384706975, 36.078764833180657 ], [ 129.569739989426807, 36.078856951352698 ], [ 129.569818466638196, 36.078824315110914 ], [ 129.569667384706975, 36.078764833180657 ] ] ], [ [ [ 129.567297567785374, 36.078838976810708 ], [ 129.567236717026447, 36.078883514037706 ], [ 129.567321035637121, 36.078891226295241 ], [ 129.567297567785374, 36.078838976810708 ] ] ], [ [ [ 129.569510707774953, 36.078883815096468 ], [ 129.569376325155105, 36.078861383951519 ], [ 129.569427508578315, 36.078969645044261 ], [ 129.569510707774953, 36.078883815096468 ] ] ], [ [ [ 129.57025347366644, 36.079075663807011 ], [ 129.570491951382536, 36.079030820815703 ], [ 129.570434753143502, 36.078935204437684 ], [ 129.57025347366644, 36.079075663807011 ] ] ], [ [ [ 129.565058573064931, 36.079260954527385 ], [ 129.56512472522877, 36.079274521484251 ], [ 129.565063246381925, 36.079247055485943 ], [ 129.565058573064931, 36.079260954527385 ] ] ], [ [ [ 129.56491289825621, 36.079367083406282 ], [ 129.564965734240502, 36.079428026875227 ], [ 129.564946873029072, 36.079352143886894 ], [ 129.56491289825621, 36.079367083406282 ] ] ], [ [ [ 129.565923614699528, 36.079553010755411 ], [ 129.5659937264017, 36.079623154806072 ], [ 129.565996628199002, 36.079563210251358 ], [ 129.565923614699528, 36.079553010755411 ] ] ], [ [ [ 129.566557034658814, 36.079839124688149 ], [ 129.5664499376621, 36.079704992088132 ], [ 129.566392357513649, 36.079787724345103 ], [ 129.566557034658814, 36.079839124688149 ] ] ], [ [ [ 129.566200106109733, 36.079854599874423 ], [ 129.566130328057824, 36.079722632099021 ], [ 129.566082376879422, 36.079847948002808 ], [ 129.566200106109733, 36.079854599874423 ] ] ], [ [ [ 129.564397923639888, 36.080196639578432 ], [ 129.563870572845815, 36.081222173191698 ], [ 129.564536156976345, 36.080214010764415 ], [ 129.564397923639888, 36.080196639578432 ] ] ], [ [ [ 129.559363602777097, 36.082878723591321 ], [ 129.559349268939116, 36.082725161959573 ], [ 129.559304945672267, 36.082709255157638 ], [ 129.559363602777097, 36.082878723591321 ] ] ], [ [ [ 129.559539234877803, 36.083076745747384 ], [ 129.559462006238164, 36.082901344559438 ], [ 129.559394436651331, 36.082893376752949 ], [ 129.559539234877803, 36.083076745747384 ] ] ], [ [ [ 129.559715588261298, 36.083236923385549 ], [ 129.559670721890484, 36.083131700735137 ], [ 129.559580364366838, 36.08309800400454 ], [ 129.559715588261298, 36.083236923385549 ] ] ], [ [ [ 129.560327100733019, 36.083679533438875 ], [ 129.560191281679352, 36.083878073798545 ], [ 129.560431805728541, 36.083852977720063 ], [ 129.560327100733019, 36.083679533438875 ] ] ], [ [ [ 129.560125020344259, 36.084147122543889 ], [ 129.56041582677679, 36.08401067334929 ], [ 129.560180540052926, 36.083913180636181 ], [ 129.560125020344259, 36.084147122543889 ] ] ], [ [ [ 129.55795796493112, 36.084689575289204 ], [ 129.558039863862035, 36.084731280565983 ], [ 129.557976405611385, 36.084675250705025 ], [ 129.55795796493112, 36.084689575289204 ] ] ], [ [ [ 129.557947796191684, 36.091247348588759 ], [ 129.557788940681888, 36.09128422725307 ], [ 129.557947486884416, 36.091298087466299 ], [ 129.557947796191684, 36.091247348588759 ] ] ], [ [ [ 129.571478328866675, 36.000384936926999 ], [ 129.571581994662353, 36.000073071493929 ], [ 129.571386106393192, 36.000100409710157 ], [ 129.571478328866675, 36.000384936926999 ] ] ], [ [ [ 129.576977296460569, 36.003007567007963 ], [ 129.576962590639141, 36.003105148722 ], [ 129.576982554296649, 36.003105053499361 ], [ 129.576977296460569, 36.003007567007963 ] ] ], [ [ [ 129.5770735087047, 36.003207823274288 ], [ 129.57710488795513, 36.003060602351077 ], [ 129.577018574556774, 36.003133449514976 ], [ 129.5770735087047, 36.003207823274288 ] ] ], [ [ [ 129.576533664478461, 36.003481849262734 ], [ 129.576846585007274, 36.003228183160658 ], [ 129.576452695127273, 36.003283428864776 ], [ 129.576533664478461, 36.003481849262734 ] ] ], [ [ [ 129.577890354960516, 36.00340718881705 ], [ 129.577939482115085, 36.003466793149123 ], [ 129.577997727310503, 36.003469306432933 ], [ 129.577890354960516, 36.00340718881705 ] ] ], [ [ [ 129.576851136497027, 36.003639657201376 ], [ 129.576931518702537, 36.003833573211097 ], [ 129.57697872472184, 36.003812529677035 ], [ 129.576851136497027, 36.003639657201376 ] ] ], [ [ [ 129.575938508133049, 36.003970104020539 ], [ 129.576216040963061, 36.003409835633704 ], [ 129.575558476412397, 36.003689306606496 ], [ 129.575938508133049, 36.003970104020539 ] ] ], [ [ [ 129.578510317150233, 36.008639737926451 ], [ 129.578864737105761, 36.008462201155524 ], [ 129.578564154689957, 36.008311706900749 ], [ 129.578510317150233, 36.008639737926451 ] ] ], [ [ [ 129.578324839069751, 36.008956149411055 ], [ 129.578298378241868, 36.008993046629996 ], [ 129.578342344541397, 36.008983641788312 ], [ 129.578324839069751, 36.008956149411055 ] ] ], [ [ [ 129.578418349597115, 36.009017432287109 ], [ 129.578410028593822, 36.009062713657933 ], [ 129.578441154445585, 36.009041654416016 ], [ 129.578418349597115, 36.009017432287109 ] ] ], [ [ [ 129.57834504527915, 36.009095110006065 ], [ 129.578449041814054, 36.009164904262647 ], [ 129.578469083556996, 36.009160120091366 ], [ 129.57834504527915, 36.009095110006065 ] ] ], [ [ [ 129.578510836478898, 36.009212009662853 ], [ 129.578504301847317, 36.009334606312272 ], [ 129.578589178156534, 36.009337802341989 ], [ 129.578510836478898, 36.009212009662853 ] ] ], [ [ [ 129.578225641333404, 36.009619383687955 ], [ 129.578277818183722, 36.00970150436153 ], [ 129.578291983404426, 36.0096970185907 ], [ 129.578225641333404, 36.009619383687955 ] ] ], [ [ [ 129.578258279665818, 36.009714304116521 ], [ 129.578060740556651, 36.009655235301189 ], [ 129.578263872169458, 36.009720675680782 ], [ 129.578258279665818, 36.009714304116521 ] ] ], [ [ [ 129.577376743028651, 36.010179795475437 ], [ 129.577417059061645, 36.010217271560599 ], [ 129.577435735315163, 36.010207539049389 ], [ 129.577376743028651, 36.010179795475437 ] ] ], [ [ [ 129.577404902934575, 36.010268970640382 ], [ 129.577433215619294, 36.010318400053855 ], [ 129.57746767020808, 36.010297326646146 ], [ 129.577404902934575, 36.010268970640382 ] ] ], [ [ [ 129.57951956037698, 36.012684037514418 ], [ 129.579511845678979, 36.012630272555647 ], [ 129.579439539416512, 36.01267811686342 ], [ 129.57951956037698, 36.012684037514418 ] ] ], [ [ [ 129.57973878337782, 36.012779589774681 ], [ 129.579615955945854, 36.012805416625305 ], [ 129.579739357782898, 36.012827621232383 ], [ 129.57973878337782, 36.012779589774681 ] ] ], [ [ [ 129.580880461269174, 36.021596977730212 ], [ 129.580805796618563, 36.021596348363381 ], [ 129.580805063543266, 36.02160247983398 ], [ 129.580880461269174, 36.021596977730212 ] ] ], [ [ [ 129.581130329384877, 36.021571794233132 ], [ 129.581020488405585, 36.021615225258429 ], [ 129.58113968936317, 36.021682868875118 ], [ 129.581130329384877, 36.021571794233132 ] ] ], [ [ [ 129.580677089148537, 36.02160895755911 ], [ 129.580674160221264, 36.021663314521206 ], [ 129.580713563016673, 36.021635907520142 ], [ 129.580677089148537, 36.02160895755911 ] ] ], [ [ [ 129.580811823310853, 36.021646607126158 ], [ 129.580826347287456, 36.021690785336467 ], [ 129.580844207582345, 36.021690698865164 ], [ 129.580811823310853, 36.021646607126158 ] ] ], [ [ [ 129.581087915373075, 36.021748187590013 ], [ 129.580963128064752, 36.021629651950342 ], [ 129.580929214481216, 36.021634232082398 ], [ 129.581087915373075, 36.021748187590013 ] ] ], [ [ [ 129.580112610016755, 36.021998761438176 ], [ 129.580095751217158, 36.022044535332569 ], [ 129.58013386738358, 36.022038402399865 ], [ 129.580112610016755, 36.021998761438176 ] ] ], [ [ [ 129.580381929423368, 36.022038824677942 ], [ 129.580344218060333, 36.022085330062275 ], [ 129.580384062591207, 36.022072429944991 ], [ 129.580381929423368, 36.022038824677942 ] ] ], [ [ [ 129.580372469781025, 36.022261650625204 ], [ 129.580416995179462, 36.022327583777468 ], [ 129.580444251457322, 36.022322585690532 ], [ 129.580372469781025, 36.022261650625204 ] ] ], [ [ [ 129.580210246469278, 36.022333181795318 ], [ 129.580217133264, 36.022364510552293 ], [ 129.580233750530823, 36.022361454873845 ], [ 129.580210246469278, 36.022333181795318 ] ] ], [ [ [ 129.580370944779673, 36.022371426912116 ], [ 129.580381704598267, 36.022416525030998 ], [ 129.580427183793802, 36.02241585474318 ], [ 129.580370944779673, 36.022371426912116 ] ] ], [ [ [ 129.579151055846012, 36.032223462107588 ], [ 129.579215196671157, 36.032255324705837 ], [ 129.579162010756619, 36.032189162909518 ], [ 129.579151055846012, 36.032223462107588 ] ] ], [ [ [ 129.578023919164053, 36.035128287290497 ], [ 129.578048599464097, 36.035165298357057 ], [ 129.578040522958503, 36.035092520124124 ], [ 129.578023919164053, 36.035128287290497 ] ] ], [ [ [ 129.578172388038098, 36.035357382359763 ], [ 129.578106049914851, 36.035602111997484 ], [ 129.578144336673034, 36.035633379545388 ], [ 129.578172388038098, 36.035357382359763 ] ] ], [ [ [ 129.581164519979922, 36.037947876733107 ], [ 129.581564488344213, 36.038153126942774 ], [ 129.581652991419162, 36.037739759983602 ], [ 129.581164519979922, 36.037947876733107 ] ] ], [ [ [ 129.580682205894504, 36.041972507227271 ], [ 129.580677063313232, 36.041816172320594 ], [ 129.580573687851967, 36.041882730993976 ], [ 129.580682205894504, 36.041972507227271 ] ] ], [ [ [ 129.577526952097116, 36.054866791373463 ], [ 129.577604330225199, 36.054839473236257 ], [ 129.577525177780501, 36.054806148729597 ], [ 129.577526952097116, 36.054866791373463 ] ] ], [ [ [ 129.577405879979125, 36.054883595804746 ], [ 129.577426382786314, 36.055016155779668 ], [ 129.577480120611455, 36.055064743614587 ], [ 129.577405879979125, 36.054883595804746 ] ] ], [ [ [ 129.57747287375858, 36.055895875787215 ], [ 129.577379666201182, 36.055822514802976 ], [ 129.577544368139996, 36.056065498920546 ], [ 129.57747287375858, 36.055895875787215 ] ] ], [ [ [ 129.577456317787039, 36.056212100743494 ], [ 129.577572559191992, 36.056278319818517 ], [ 129.577481338761032, 36.056173317701408 ], [ 129.577456317787039, 36.056212100743494 ] ] ], [ [ [ 129.577355062924312, 36.057012682466059 ], [ 129.577471566542783, 36.057160010651778 ], [ 129.577515046036666, 36.057095363652827 ], [ 129.577355062924312, 36.057012682466059 ] ] ], [ [ [ 129.577474443131422, 36.057492994648726 ], [ 129.577292924692301, 36.05772881322784 ], [ 129.577315815159238, 36.057747719035397 ], [ 129.577474443131422, 36.057492994648726 ] ] ], [ [ [ 129.577117331954554, 36.057879710482013 ], [ 129.576980124529769, 36.057876226040598 ], [ 129.577027437125452, 36.057926104434472 ], [ 129.577117331954554, 36.057879710482013 ] ] ], [ [ [ 129.577017509104081, 36.058147491438518 ], [ 129.57681826277036, 36.058159713699396 ], [ 129.577004328292418, 36.058196759789048 ], [ 129.577017509104081, 36.058147491438518 ] ] ], [ [ [ 129.576638862771375, 36.058412736623431 ], [ 129.576643899092005, 36.058692267913941 ], [ 129.576760528380873, 36.058628441103217 ], [ 129.576638862771375, 36.058412736623431 ] ] ], [ [ [ 129.575886603909282, 36.059924619081919 ], [ 129.575980344147126, 36.059948320870575 ], [ 129.575961744842459, 36.059909208559588 ], [ 129.575886603909282, 36.059924619081919 ] ] ], [ [ [ 129.575233527838748, 36.061403396006142 ], [ 129.575385878436805, 36.06167194776252 ], [ 129.57542116774178, 36.061686106909463 ], [ 129.575233527838748, 36.061403396006142 ] ] ], [ [ [ 129.575220804667026, 36.061744746560443 ], [ 129.575354621700143, 36.061860719903279 ], [ 129.575219328340211, 36.061633274103777 ], [ 129.575220804667026, 36.061744746560443 ] ] ], [ [ [ 129.57452483474367, 36.063785450136265 ], [ 129.57457698724059, 36.063874871256139 ], [ 129.574665479908219, 36.063802259921637 ], [ 129.57452483474367, 36.063785450136265 ] ] ], [ [ [ 129.574372637450153, 36.063813306335277 ], [ 129.574336701804214, 36.063923966194579 ], [ 129.574470790155544, 36.063970277220655 ], [ 129.574372637450153, 36.063813306335277 ] ] ], [ [ [ 129.572607682973228, 36.065254584464704 ], [ 129.572666490943789, 36.065481407379401 ], [ 129.572919272189154, 36.065593481131913 ], [ 129.572607682973228, 36.065254584464704 ] ] ], [ [ [ 129.572794893482438, 36.066840809605381 ], [ 129.572768726387295, 36.066707016511899 ], [ 129.572756513527992, 36.066829187452441 ], [ 129.572794893482438, 36.066840809605381 ] ] ], [ [ [ 129.58168993862617, 36.013667123717958 ], [ 129.581940870732979, 36.013291902213233 ], [ 129.581710567836325, 36.013243722493669 ], [ 129.58168993862617, 36.013667123717958 ] ] ], [ [ [ 129.58221432234123, 36.013701620227167 ], [ 129.582208387740877, 36.013754459219562 ], [ 129.582251216088537, 36.013755783197844 ], [ 129.58221432234123, 36.013701620227167 ] ] ], [ [ [ 129.582400833805139, 36.013873296981821 ], [ 129.582359142083931, 36.013920903323616 ], [ 129.58240881477758, 36.013917958284601 ], [ 129.582400833805139, 36.013873296981821 ] ] ], [ [ [ 129.58146480596605, 36.014232376744751 ], [ 129.581451460705296, 36.014288136926069 ], [ 129.581518518233764, 36.014265733715249 ], [ 129.58146480596605, 36.014232376744751 ] ] ], [ [ [ 129.581169032384622, 36.014332674921725 ], [ 129.581147575279118, 36.014371349997155 ], [ 129.581187924630655, 36.014352230201681 ], [ 129.581169032384622, 36.014332674921725 ] ] ], [ [ [ 129.581313358888536, 36.014349008820865 ], [ 129.581349110543471, 36.014459144041325 ], [ 129.581451064479126, 36.014415391845745 ], [ 129.581313358888536, 36.014349008820865 ] ] ], [ [ [ 129.581417019256548, 36.014477109147414 ], [ 129.581335462506161, 36.014564562576972 ], [ 129.581494351373351, 36.014584970188409 ], [ 129.581417019256548, 36.014477109147414 ] ] ], [ [ [ 129.58148620397904, 36.014819776754983 ], [ 129.581496554524961, 36.014703650856902 ], [ 129.581407543670764, 36.014712553534814 ], [ 129.58148620397904, 36.014819776754983 ] ] ], [ [ [ 129.583764875643737, 36.016095916134326 ], [ 129.583761422985049, 36.016154151119032 ], [ 129.583803625969324, 36.016145834932708 ], [ 129.583764875643737, 36.016095916134326 ] ] ], [ [ [ 129.582985189471316, 36.017743438067896 ], [ 129.583329514000013, 36.017832427025013 ], [ 129.583183326219086, 36.017714808132688 ], [ 129.582985189471316, 36.017743438067896 ] ] ], [ [ [ 129.583055838515776, 36.018117730995627 ], [ 129.583131773072466, 36.018004889545388 ], [ 129.582915332301695, 36.018003597052328 ], [ 129.583055838515776, 36.018117730995627 ] ] ], [ [ [ 129.582717605944481, 36.019187946772483 ], [ 129.582678522542921, 36.01922851119879 ], [ 129.582692138791828, 36.019239619742777 ], [ 129.582717605944481, 36.019187946772483 ] ] ], [ [ [ 129.582659383615095, 36.0192658229888 ], [ 129.582662268441879, 36.019326012050016 ], [ 129.58267918306899, 36.019318178831419 ], [ 129.582659383615095, 36.0192658229888 ] ] ], [ [ [ 129.582973858459894, 36.019518439071426 ], [ 129.582998933471032, 36.019473706474955 ], [ 129.58292727448341, 36.019489556161545 ], [ 129.582973858459894, 36.019518439071426 ] ] ], [ [ [ 129.582822709713497, 36.019480961697191 ], [ 129.582845127198425, 36.019512215172668 ], [ 129.582865936071414, 36.019505715052496 ], [ 129.582822709713497, 36.019480961697191 ] ] ], [ [ [ 129.583252860277327, 36.019639016208053 ], [ 129.58334814286431, 36.019547169273444 ], [ 129.583052512951781, 36.019473536269146 ], [ 129.583252860277327, 36.019639016208053 ] ] ], [ [ [ 129.582905840729097, 36.019727220148489 ], [ 129.582942224242174, 36.019651702760989 ], [ 129.582852476914411, 36.019666467710891 ], [ 129.582905840729097, 36.019727220148489 ] ] ], [ [ [ 129.583281474615234, 36.019728279167559 ], [ 129.583177882030242, 36.019716165260292 ], [ 129.583106828817051, 36.019814111812238 ], [ 129.583281474615234, 36.019728279167559 ] ] ], [ [ [ 129.582945425446809, 36.019875368938827 ], [ 129.582984077495752, 36.019896718692792 ], [ 129.583008677791838, 36.019878034164122 ], [ 129.582945425446809, 36.019875368938827 ] ] ], [ [ [ 129.583218478947657, 36.020016343740977 ], [ 129.583070069489764, 36.019883864974929 ], [ 129.582945860046209, 36.019949446156055 ], [ 129.583218478947657, 36.020016343740977 ] ] ], [ [ [ 129.582483689095625, 36.020038209190282 ], [ 129.582467475656586, 36.019975563672688 ], [ 129.58242545178507, 36.019978289390266 ], [ 129.582483689095625, 36.020038209190282 ] ] ], [ [ [ 129.582630227678692, 36.020082107557698 ], [ 129.582580947549673, 36.020033680195873 ], [ 129.582577511058446, 36.020064068608477 ], [ 129.582630227678692, 36.020082107557698 ] ] ], [ [ [ 129.583200147499838, 36.020178289815114 ], [ 129.58322114185205, 36.020272545577683 ], [ 129.583252649089161, 36.020227511858707 ], [ 129.583200147499838, 36.020178289815114 ] ] ], [ [ [ 129.582312499634327, 36.020548497907171 ], [ 129.582416640227592, 36.020454085663715 ], [ 129.58227204006181, 36.020462357414864 ], [ 129.582312499634327, 36.020548497907171 ] ] ], [ [ [ 129.582882409866926, 36.020522568310234 ], [ 129.582781362385248, 36.020539730793061 ], [ 129.582909565399632, 36.020564431919418 ], [ 129.582882409866926, 36.020522568310234 ] ] ], [ [ [ 129.585132681195063, 36.020662743880834 ], [ 129.58483948449782, 36.020378668744968 ], [ 129.584789633158181, 36.020372962660254 ], [ 129.585132681195063, 36.020662743880834 ] ] ], [ [ [ 129.582338871509023, 36.020574595246082 ], [ 129.58235251546796, 36.020604539125543 ], [ 129.582365999108049, 36.020597533543906 ], [ 129.582338871509023, 36.020574595246082 ] ] ], [ [ [ 129.581986075351807, 36.021085133619458 ], [ 129.581978745123848, 36.021159250147932 ], [ 129.58203767142686, 36.021161846777716 ], [ 129.581986075351807, 36.021085133619458 ] ] ], [ [ [ 129.581421459466981, 36.021424477984233 ], [ 129.581286961048562, 36.021418729380486 ], [ 129.581438764804858, 36.021484865586878 ], [ 129.581421459466981, 36.021424477984233 ] ] ], [ [ [ 129.581633430439268, 36.021405244503022 ], [ 129.581546831207646, 36.021486773278006 ], [ 129.581631509180397, 36.021521150023737 ], [ 129.581633430439268, 36.021405244503022 ] ] ], [ [ [ 129.581295293731898, 36.021480963824658 ], [ 129.581167623753799, 36.021483566146863 ], [ 129.58130252794956, 36.021544464885196 ], [ 129.581295293731898, 36.021480963824658 ] ] ], [ [ [ 129.581291986892467, 36.021634817365147 ], [ 129.581282871629355, 36.021662619948593 ], [ 129.581311252102864, 36.021659958426021 ], [ 129.581291986892467, 36.021634817365147 ] ] ], [ [ [ 129.581332869380702, 36.021612628854811 ], [ 129.581425351361588, 36.02168247579452 ], [ 129.581430432341193, 36.021679567974864 ], [ 129.581332869380702, 36.021612628854811 ] ] ], [ [ [ 129.582119501732848, 36.02839523714249 ], [ 129.58214309431321, 36.028510657899879 ], [ 129.582218359566895, 36.028396018627689 ], [ 129.582119501732848, 36.02839523714249 ] ] ], [ [ [ 129.58240047825538, 36.030468019035247 ], [ 129.58238652117825, 36.03066707536312 ], [ 129.582645770225184, 36.030571098455233 ], [ 129.58240047825538, 36.030468019035247 ] ] ], [ [ [ 129.582864992969036, 36.031337056460131 ], [ 129.582929174958025, 36.031404245998985 ], [ 129.582956740734488, 36.0313657204861 ], [ 129.582864992969036, 36.031337056460131 ] ] ], [ [ [ 129.582779450791946, 36.031442464028416 ], [ 129.582480505892335, 36.031331535615756 ], [ 129.582435990019718, 36.031418627529533 ], [ 129.582779450791946, 36.031442464028416 ] ] ], [ [ [ 129.583121926090087, 36.031889693776087 ], [ 129.583230349266074, 36.031637096370417 ], [ 129.582967704716253, 36.031619178009024 ], [ 129.583121926090087, 36.031889693776087 ] ] ], [ [ [ 129.583382770796931, 36.031979447147023 ], [ 129.583278601501917, 36.031921285457621 ], [ 129.583239930259367, 36.031958332853137 ], [ 129.583382770796931, 36.031979447147023 ] ] ], [ [ [ 129.583403439584799, 36.031983852718305 ], [ 129.583467426000567, 36.032024457520087 ], [ 129.583462438485839, 36.031980050888279 ], [ 129.583403439584799, 36.031983852718305 ] ] ], [ [ [ 129.583558176492403, 36.032098545748788 ], [ 129.583661158076382, 36.032145898360653 ], [ 129.583647402259913, 36.032086035445055 ], [ 129.583558176492403, 36.032098545748788 ] ] ], [ [ [ 129.583663504127969, 36.032088028878114 ], [ 129.583724682962298, 36.032154152427545 ], [ 129.583669651293974, 36.032078897156346 ], [ 129.583663504127969, 36.032088028878114 ] ] ], [ [ [ 129.58348993621604, 36.032127987361861 ], [ 129.583585634519579, 36.032225844328892 ], [ 129.583650193953758, 36.032223997340957 ], [ 129.58348993621604, 36.032127987361861 ] ] ], [ [ [ 129.582211238151757, 36.044568336264554 ], [ 129.582270040282765, 36.044672320864855 ], [ 129.582299385420811, 36.04457358511565 ], [ 129.582211238151757, 36.044568336264554 ] ] ], [ [ [ 129.582527271517364, 36.044702613027845 ], [ 129.582290686406907, 36.044748462418518 ], [ 129.582263122588188, 36.044893331668284 ], [ 129.582527271517364, 36.044702613027845 ] ] ], [ [ [ 129.583973880098853, 36.045739451004167 ], [ 129.584249526760232, 36.045543266284731 ], [ 129.583929850042267, 36.04554779782287 ], [ 129.583973880098853, 36.045739451004167 ] ] ] ] } },
{ "type": "Feature", "properties": { "region_code": 47130, "region_name": "경주시" }, "geometry": { "type": "MultiPolygon", "coordinates": [ [ [ [ 129.450773079248933, 35.65261300075678 ], [ 129.450799748812017, 35.65272080363043 ], [ 129.450861949214811, 35.652695333230149 ], [ 129.450773079248933, 35.65261300075678 ] ] ], [ [ [ 129.450931867334049, 35.65282185307624 ], [ 129.450780981580209, 35.65278312579008 ], [ 129.450782836770401, 35.652843774192569 ], [ 129.450931867334049, 35.65282185307624 ] ] ], [ [ [ 129.451239104093048, 35.652805778538116 ], [ 129.451049294227829, 35.652840009801317 ], [ 129.451229623241318, 35.652967855606072 ], [ 129.451239104093048, 35.652805778538116 ] ] ], [ [ [ 129.451111072007791, 35.652981853156533 ], [ 129.451003519251685, 35.652807968482826 ], [ 129.450858480772268, 35.652910725407374 ], [ 129.451111072007791, 35.652981853156533 ] ] ], [ [ [ 129.451326480464729, 35.653039143174624 ], [ 129.451271489594376, 35.653123693391173 ], [ 129.451353365904112, 35.653042387236255 ], [ 129.451326480464729, 35.653039143174624 ] ] ], [ [ [ 129.451811339865685, 35.653354313485366 ], [ 129.451762826321726, 35.653469003473056 ], [ 129.451904764295961, 35.653413854080313 ], [ 129.451811339865685, 35.653354313485366 ] ] ], [ [ [ 129.45121356361966, 35.654471470247223 ], [ 129.451131489817669, 35.654539365531519 ], [ 129.45122372716375, 35.654578134196406 ], [ 129.45121356361966, 35.654471470247223 ] ] ], [ [ [ 129.451558694141397, 35.654468553397479 ], [ 129.451549648887919, 35.654572072430767 ], [ 129.451616796135795, 35.654565919426886 ], [ 129.451558694141397, 35.654468553397479 ] ] ], [ [ [ 129.451374579241616, 35.654508476784713 ], [ 129.451347792082828, 35.654689680622198 ], [ 129.451495422150003, 35.654637944366812 ], [ 129.451374579241616, 35.654508476784713 ] ] ], [ [ [ 129.451524849644841, 35.654724202082249 ], [ 129.451447734486862, 35.654799964622775 ], [ 129.451466917727004, 35.654802129124825 ], [ 129.451524849644841, 35.654724202082249 ] ] ], [ [ [ 129.451391251676057, 35.654714033651757 ], [ 129.451355470669483, 35.654788538373104 ], [ 129.451413298317391, 35.654797012462488 ], [ 129.451391251676057, 35.654714033651757 ] ] ], [ [ [ 129.452077025353532, 35.655779923264177 ], [ 129.452131060056388, 35.655921219023561 ], [ 129.452172394714864, 35.655824855162301 ], [ 129.452077025353532, 35.655779923264177 ] ] ], [ [ [ 129.452167197719604, 35.656399571535076 ], [ 129.452217906226821, 35.656558384582439 ], [ 129.452333789536254, 35.656542393601399 ], [ 129.452167197719604, 35.656399571535076 ] ] ], [ [ [ 129.452331156921929, 35.658064641219994 ], [ 129.452400342740589, 35.658090015376679 ], [ 129.452401024278629, 35.658058034353182 ], [ 129.452331156921929, 35.658064641219994 ] ] ], [ [ [ 129.452443061119538, 35.65818436163768 ], [ 129.452357621401234, 35.658287057069295 ], [ 129.452469769069211, 35.658279768062627 ], [ 129.452443061119538, 35.65818436163768 ] ] ], [ [ [ 129.452446908606362, 35.658308800378741 ], [ 129.452386330824197, 35.658407686823224 ], [ 129.45246961278275, 35.658449444732049 ], [ 129.452446908606362, 35.658308800378741 ] ] ], [ [ [ 129.459969660778427, 35.665213461816769 ], [ 129.460154424178882, 35.664639060898814 ], [ 129.459586175582473, 35.664779616225907 ], [ 129.459969660778427, 35.665213461816769 ] ] ], [ [ [ 129.471190187693395, 35.679582243890465 ], [ 129.471246449112726, 35.679462394990374 ], [ 129.471099207424601, 35.679459709646466 ], [ 129.471190187693395, 35.679582243890465 ] ] ], [ [ [ 129.472142007124006, 35.680366359566342 ], [ 129.472203076535607, 35.680448146261753 ], [ 129.472234189563096, 35.680374516346653 ], [ 129.472142007124006, 35.680366359566342 ] ] ], [ [ [ 129.472450884459732, 35.680521914496623 ], [ 129.472292210011489, 35.680611429286195 ], [ 129.472490978610068, 35.680635273534236 ], [ 129.472450884459732, 35.680521914496623 ] ] ], [ [ [ 129.471924612942075, 35.681283563669858 ], [ 129.471789948371793, 35.68121291684043 ], [ 129.471781508065789, 35.681286135516672 ], [ 129.471924612942075, 35.681283563669858 ] ] ], [ [ [ 129.473072445561172, 35.683010429549888 ], [ 129.472858842671741, 35.683012510618582 ], [ 129.472942789004975, 35.683077785529569 ], [ 129.473072445561172, 35.683010429549888 ] ] ], [ [ [ 129.473927045149253, 35.683905302435136 ], [ 129.473920184490169, 35.683978342047389 ], [ 129.473972171345366, 35.683918425062316 ], [ 129.473927045149253, 35.683905302435136 ] ] ], [ [ [ 129.474498609335143, 35.684792513276633 ], [ 129.474171548828821, 35.684584886932143 ], [ 129.474136765136535, 35.684648906550549 ], [ 129.474498609335143, 35.684792513276633 ] ] ], [ [ [ 129.474132097994953, 35.684702624146006 ], [ 129.474013032409232, 35.684809017871764 ], [ 129.474167072961507, 35.684801489700355 ], [ 129.474132097994953, 35.684702624146006 ] ] ], [ [ [ 129.473850412197351, 35.685207433894661 ], [ 129.473933865510219, 35.685140924913554 ], [ 129.473825758295249, 35.685192626862957 ], [ 129.473850412197351, 35.685207433894661 ] ] ], [ [ [ 129.474488670368203, 35.685409366080449 ], [ 129.474501579570017, 35.685495745807998 ], [ 129.474523973520093, 35.68541572636574 ], [ 129.474488670368203, 35.685409366080449 ] ] ], [ [ [ 129.474853674204326, 35.687197815992796 ], [ 129.474529310539964, 35.687211015530778 ], [ 129.474895758073558, 35.687269415969446 ], [ 129.474853674204326, 35.687197815992796 ] ] ], [ [ [ 129.276204642861586, 36.079159178248737 ], [ 129.286474440216239, 36.070009305387956 ], [ 129.2848509472324, 36.066925568550374 ], [ 129.28620016323805, 36.061864966989653 ], [ 129.282986250887802, 36.061985318886826 ], [ 129.280214492183262, 36.057506612984199 ], [ 129.282886412605706, 36.054402510486952 ], [ 129.284363018853554, 36.047218775421626 ], [ 129.277161689919467, 36.026946353937362 ], [ 129.280225104827963, 36.023419859161017 ], [ 129.283651494923788, 36.023462233453394 ], [ 129.28748482692734, 36.020122780089288 ], [ 129.295410084847305, 36.010713436528285 ], [ 129.296751160953107, 36.007534422883033 ], [ 129.295536112390266, 36.003609593065043 ], [ 129.298540917990579, 36.001786943294476 ], [ 129.298207335051387, 35.996869631441712 ], [ 129.29714161668457, 35.995438025873462 ], [ 129.292994294576914, 35.995012514174547 ], [ 129.304463824861188, 35.994582456616151 ], [ 129.303237690417149, 35.991651832230666 ], [ 129.304979544465965, 35.99017846614052 ], [ 129.301095139252027, 35.984897679747029 ], [ 129.30225134753087, 35.981288670018543 ], [ 129.304657363228955, 35.979278860439869 ], [ 129.308053414615614, 35.969669149391258 ], [ 129.312229880589001, 35.968299189262503 ], [ 129.31518935355146, 35.95977158016327 ], [ 129.319930135096257, 35.958158467132378 ], [ 129.318824717475451, 35.954569058265001 ], [ 129.320373111464733, 35.953659813002695 ], [ 129.316850872000799, 35.946329757764531 ], [ 129.323658873850576, 35.938856419580432 ], [ 129.32771320834334, 35.938862889560937 ], [ 129.33268968338345, 35.93055589387879 ], [ 129.329607112405569, 35.926576667614356 ], [ 129.336621655302935, 35.916157975170329 ], [ 129.335786008042191, 35.912022006152256 ], [ 129.333938879028722, 35.911282207589707 ], [ 129.333384945089591, 35.901054708463725 ], [ 129.338782967599059, 35.894702641773058 ], [ 129.337507880543825, 35.89258615835756 ], [ 129.343701999417732, 35.888086605953113 ], [ 129.34916944081732, 35.888218552176134 ], [ 129.350857944098209, 35.891429226720788 ], [ 129.35381769999978, 35.886870369806182 ], [ 129.358396056065459, 35.886187623722037 ], [ 129.361840851764185, 35.888304193969653 ], [ 129.362975658894442, 35.883012228407772 ], [ 129.36585792584836, 35.881750677594702 ], [ 129.363951430061775, 35.880464859774293 ], [ 129.362859465566686, 35.875478175357223 ], [ 129.35528582529534, 35.872660599753807 ], [ 129.360222138450894, 35.867646207255746 ], [ 129.359553717453309, 35.864806797164711 ], [ 129.365562756394951, 35.863936029775637 ], [ 129.368000510907052, 35.865046195688038 ], [ 129.371946744243246, 35.860756651606629 ], [ 129.379398593818877, 35.864504707322162 ], [ 129.383859865729164, 35.862544479997332 ], [ 129.391197381675397, 35.863353357504288 ], [ 129.393798053478037, 35.856669440686566 ], [ 129.398149673046248, 35.858405699666378 ], [ 129.407045736065413, 35.857842517398112 ], [ 129.410526458938534, 35.861437495888218 ], [ 129.410390219435271, 35.870521437082289 ], [ 129.414792117255161, 35.876334551086359 ], [ 129.421383893491338, 35.877905327573181 ], [ 129.419931646849733, 35.881730586071846 ], [ 129.4212691897865, 35.884051179857231 ], [ 129.42531334857847, 35.884223349243875 ], [ 129.430077065560852, 35.880133791279675 ], [ 129.436985196415577, 35.878804499476153 ], [ 129.437102933442105, 35.875102988963434 ], [ 129.439796044843206, 35.872595669722408 ], [ 129.440716925877922, 35.868782945853603 ], [ 129.446256031621886, 35.865821767889756 ], [ 129.445995972550037, 35.85897869084144 ], [ 129.449112296952364, 35.857604272345036 ], [ 129.448445156259055, 35.852835580148209 ], [ 129.449904409590573, 35.849180766335493 ], [ 129.452354390701004, 35.847855646470258 ], [ 129.458520448168088, 35.847058103039728 ], [ 129.460905640953769, 35.849222012615037 ], [ 129.466193459679175, 35.849219268919995 ], [ 129.46794959385636, 35.851229265685966 ], [ 129.475210956885235, 35.850111079610464 ], [ 129.480340623009369, 35.853147138462681 ], [ 129.490136292606479, 35.843411089079787 ], [ 129.500379049106925, 35.839883712082965 ], [ 129.505625717846613, 35.840088319090967 ], [ 129.507828981819898, 35.838338966458103 ], [ 129.517976851185892, 35.841925716992378 ], [ 129.520608173405066, 35.837649376763302 ], [ 129.519565624439252, 35.835523332668785 ], [ 129.518698687839191, 35.837256941926562 ], [ 129.518860807350279, 35.836063173503554 ], [ 129.514551877570028, 35.833651854512432 ], [ 129.5117729698311, 35.826097623582051 ], [ 129.510579018531445, 35.826840483140195 ], [ 129.509567784787578, 35.824283784221848 ], [ 129.510518073851728, 35.820001614438141 ], [ 129.514079325735594, 35.816170547196364 ], [ 129.510184101526903, 35.811797066646456 ], [ 129.511045819704748, 35.808728092011798 ], [ 129.512740828352662, 35.808504843174703 ], [ 129.512132286482711, 35.806399998899806 ], [ 129.510562561871069, 35.80699448219292 ], [ 129.508255350895496, 35.804827741932129 ], [ 129.509122981993244, 35.807072584067953 ], [ 129.506215591615586, 35.808751014917739 ], [ 129.503612440865396, 35.807436397934396 ], [ 129.503150121918111, 35.804652509065306 ], [ 129.506901184857128, 35.806047313176968 ], [ 129.505678652466315, 35.803665951864112 ], [ 129.50926632731742, 35.803838522258175 ], [ 129.505688216414171, 35.803376680683726 ], [ 129.503791853639257, 35.800977169660101 ], [ 129.499897950245952, 35.800780831045934 ], [ 129.499308703647301, 35.797744053520681 ], [ 129.501337494135669, 35.793663294292017 ], [ 129.498525843039999, 35.792365314161835 ], [ 129.49771932173465, 35.790726670197351 ], [ 129.496158704064413, 35.791168237749673 ], [ 129.495995397760026, 35.789809546884612 ], [ 129.494942685240574, 35.78849406997594 ], [ 129.49586747890632, 35.791440545426141 ], [ 129.494326113847336, 35.791524677707081 ], [ 129.494868329371258, 35.789619009022402 ], [ 129.491605566760995, 35.787811323562998 ], [ 129.492113212073662, 35.781740372741304 ], [ 129.494050332238459, 35.777441952827886 ], [ 129.495223839724133, 35.777520569717254 ], [ 129.495758742658296, 35.777195493249366 ], [ 129.494443647143527, 35.77746419890731 ], [ 129.496936124753063, 35.771941589738546 ], [ 129.494095874805566, 35.769630653082736 ], [ 129.494050696678897, 35.765837288472454 ], [ 129.495104647281039, 35.764740461054949 ], [ 129.493755579492756, 35.759120373664935 ], [ 129.493972876524566, 35.761086624765341 ], [ 129.490868931512324, 35.758281895140655 ], [ 129.492111267666729, 35.754346632895178 ], [ 129.494936801417339, 35.75279762556827 ], [ 129.486986826252434, 35.746608380775669 ], [ 129.486865500227793, 35.74581680750434 ], [ 129.487548067502303, 35.745077457897608 ], [ 129.487405561516482, 35.744569608780672 ], [ 129.486492817914495, 35.745850301864586 ], [ 129.483872070749726, 35.743428796242256 ], [ 129.483909905278352, 35.740753380389677 ], [ 129.484925383918579, 35.737973450644283 ], [ 129.484890500396602, 35.736183239700566 ], [ 129.485807541003823, 35.733950607842409 ], [ 129.485478572879686, 35.733514840385681 ], [ 129.485986473894201, 35.730385441702772 ], [ 129.486277517339261, 35.72977436166704 ], [ 129.486478286665232, 35.729614089045057 ], [ 129.482775744952704, 35.720290816100508 ], [ 129.480858988417367, 35.717572668282571 ], [ 129.478608699162947, 35.717237028306258 ], [ 129.480757074835793, 35.717234838823195 ], [ 129.481691755958053, 35.71792135214509 ], [ 129.480837077127489, 35.716835716308992 ], [ 129.479557996414769, 35.716703027726446 ], [ 129.479316192829145, 35.714167572060276 ], [ 129.481967704113032, 35.710540027696346 ], [ 129.481848824564906, 35.707100826008372 ], [ 129.481586067042002, 35.710548091884455 ], [ 129.478882638656984, 35.712405918687118 ], [ 129.476603809630234, 35.710576918407881 ], [ 129.479880549763124, 35.709269535383584 ], [ 129.477954618606162, 35.707541985768081 ], [ 129.479771252205524, 35.707560644937907 ], [ 129.477030141051301, 35.707079095470185 ], [ 129.474949487965716, 35.707611789067677 ], [ 129.473238504778578, 35.705137465230642 ], [ 129.473757822340076, 35.699807717370625 ], [ 129.475673451608657, 35.697756723361636 ], [ 129.476413851268518, 35.698781810492093 ], [ 129.475560490552539, 35.693533062625562 ], [ 129.476923394884864, 35.692089985026605 ], [ 129.47774011297588, 35.689596825600518 ], [ 129.475548789908459, 35.693156837734129 ], [ 129.47377830920351, 35.691156457634278 ], [ 129.47648474106316, 35.690234121953985 ], [ 129.475054968462956, 35.689638968540557 ], [ 129.474359273611583, 35.6869986012263 ], [ 129.475089188691214, 35.68614088545857 ], [ 129.473535044976643, 35.68529000620007 ], [ 129.472014441625703, 35.682616965350775 ], [ 129.472632360021095, 35.681698841952148 ], [ 129.471509208783573, 35.681396603985334 ], [ 129.472074098299458, 35.680525150317109 ], [ 129.464499943055358, 35.676629297642513 ], [ 129.465242926919188, 35.666816355401075 ], [ 129.461417441115401, 35.664246510313404 ], [ 129.462439229542554, 35.666098900787787 ], [ 129.460862378167036, 35.666465572585089 ], [ 129.460858884204839, 35.665246549693684 ], [ 129.457692957345557, 35.666521894695393 ], [ 129.45396076333148, 35.664669807393047 ], [ 129.450685377688416, 35.653935158677392 ], [ 129.450703694946156, 35.652594687349449 ], [ 129.451272804051911, 35.651757630540921 ], [ 129.451225164874927, 35.65108708835718 ], [ 129.450755380577931, 35.652407116874905 ], [ 129.448662671142614, 35.651122527344882 ], [ 129.439269094062524, 35.655244661865261 ], [ 129.435079427080694, 35.652446046041085 ], [ 129.432801233450164, 35.656646620496979 ], [ 129.428398845119176, 35.655580329891642 ], [ 129.410969791113331, 35.6638273802998 ], [ 129.403417159721471, 35.662968487644527 ], [ 129.399995971974903, 35.667573362567524 ], [ 129.381849391496502, 35.671184802567915 ], [ 129.372654430873297, 35.6692267855098 ], [ 129.371596392110376, 35.672093897149814 ], [ 129.365055280123187, 35.675699247611469 ], [ 129.36407366604476, 35.678934491826496 ], [ 129.353558728177717, 35.679380230144488 ], [ 129.348751437345101, 35.677178288847983 ], [ 129.340057864382061, 35.669636925785589 ], [ 129.334088755622389, 35.669760506327691 ], [ 129.332853599979757, 35.665164224370066 ], [ 129.33103074477151, 35.665556558622995 ], [ 129.328639823558007, 35.662689076023746 ], [ 129.328686116442753, 35.660409111678902 ], [ 129.330160195839682, 35.659962472068258 ], [ 129.329070150199442, 35.658175842848806 ], [ 129.323645720734874, 35.658588929597549 ], [ 129.319357860360128, 35.656357589247605 ], [ 129.318047858858591, 35.658805345196761 ], [ 129.314877443257444, 35.65823009729408 ], [ 129.311142498681875, 35.660524439406863 ], [ 129.307704550224059, 35.657162304624563 ], [ 129.304489381567066, 35.65717430406108 ], [ 129.304055131399451, 35.651699896767447 ], [ 129.302075119738021, 35.651178535982673 ], [ 129.302936929567551, 35.647777510628217 ], [ 129.298370252879039, 35.647647074043363 ], [ 129.296420625492232, 35.643444680552484 ], [ 129.291544418492606, 35.645198691463051 ], [ 129.290155628074757, 35.647871795253423 ], [ 129.282898554418949, 35.651733126908631 ], [ 129.280151944132683, 35.650186206221342 ], [ 129.274947989860721, 35.653087428258218 ], [ 129.269777312496956, 35.651079462618689 ], [ 129.260444841687558, 35.654637558915937 ], [ 129.255503704508044, 35.660455675384249 ], [ 129.254745049776517, 35.666411769305284 ], [ 129.259719906767202, 35.672284202985878 ], [ 129.261031720784274, 35.679069706192671 ], [ 129.258642868977574, 35.68311153714324 ], [ 129.26218608969171, 35.685929085214674 ], [ 129.262593073249576, 35.69112711237144 ], [ 129.256850437234817, 35.700703364833515 ], [ 129.246921201885471, 35.701744944499708 ], [ 129.241367839988982, 35.703867799334922 ], [ 129.234007619030365, 35.703874654989541 ], [ 129.2329827304101, 35.707628812883527 ], [ 129.224366147311031, 35.709561008946842 ], [ 129.220487653232453, 35.713905580373542 ], [ 129.218006652607272, 35.71317247052162 ], [ 129.209390156091189, 35.718621528615785 ], [ 129.208630373031582, 35.721169130185942 ], [ 129.205466224959707, 35.721174205508397 ], [ 129.202212082519935, 35.719226537226831 ], [ 129.200828916005548, 35.715987754271374 ], [ 129.19809458954893, 35.714450162733378 ], [ 129.192732391490608, 35.718414061466326 ], [ 129.186649269779537, 35.719518136220316 ], [ 129.186235155838347, 35.721284128907477 ], [ 129.181292791184205, 35.723788923773803 ], [ 129.17843179022131, 35.717212582146928 ], [ 129.172387118174044, 35.713858779732568 ], [ 129.168125520220826, 35.715543297103473 ], [ 129.160314959256084, 35.714810104132205 ], [ 129.154048519467608, 35.721967605101376 ], [ 129.144532591122754, 35.72482706099705 ], [ 129.141309382315001, 35.72410332314697 ], [ 129.137534683085192, 35.720699328236194 ], [ 129.139514936746451, 35.718242949569095 ], [ 129.136569499971984, 35.715482377347747 ], [ 129.136778270268451, 35.712864580897751 ], [ 129.13416347511523, 35.712109144591444 ], [ 129.127070032147401, 35.714083996332391 ], [ 129.122995358776251, 35.707333108193616 ], [ 129.11750042587289, 35.706665087171316 ], [ 129.115697837638038, 35.708478512313654 ], [ 129.112746235785181, 35.708383639259516 ], [ 129.090291107736476, 35.70267528006665 ], [ 129.087347034960743, 35.699005015591723 ], [ 129.080285094493064, 35.696279662564478 ], [ 129.077113176566115, 35.693047719392858 ], [ 129.069876832655495, 35.682372236038191 ], [ 129.070705308737843, 35.678635659573096 ], [ 129.073028275907518, 35.677379382334159 ], [ 129.067153489634677, 35.671346467466797 ], [ 129.069039571589997, 35.669052213050584 ], [ 129.067893230874262, 35.658798493829508 ], [ 129.070359148786707, 35.658635900366185 ], [ 129.08113015052902, 35.646835132955943 ], [ 129.080854799393876, 35.64325313464272 ], [ 129.075546023283607, 35.640355889337407 ], [ 129.069302266787503, 35.645413512502763 ], [ 129.046901079445064, 35.65051760673839 ], [ 129.043154372074014, 35.655681684151979 ], [ 129.041982187483626, 35.662618436692021 ], [ 129.035206482813948, 35.67528606261736 ], [ 129.038717431815456, 35.689922945809045 ], [ 129.037361444589095, 35.694996342962718 ], [ 129.02487886873331, 35.691148521062431 ], [ 129.02182952188835, 35.688934012522722 ], [ 129.007081339200738, 35.694564780035954 ], [ 129.003079608189694, 35.693929788111959 ], [ 129.003054656223213, 35.704890355186997 ], [ 129.002200666862706, 35.707478455577302 ], [ 128.997329673019152, 35.711057015674442 ], [ 128.997558762412012, 35.717251490661496 ], [ 128.991545935010777, 35.719199896295635 ], [ 128.986564836725904, 35.726974456406651 ], [ 128.979761765801896, 35.731081907508269 ], [ 128.9780895628721, 35.735846485537024 ], [ 128.9728775493125, 35.737417149799782 ], [ 128.975603297475345, 35.749738851367617 ], [ 128.970726769662605, 35.754672886873649 ], [ 128.973687530238294, 35.764811939340248 ], [ 128.977644244034281, 35.765302132519139 ], [ 128.974656233669037, 35.771702917079423 ], [ 128.981723793768424, 35.773586859843661 ], [ 128.990178600854819, 35.772678433059383 ], [ 128.997068164052422, 35.778123832040798 ], [ 128.996095473519603, 35.778789468894928 ], [ 128.997955240999289, 35.780805052034864 ], [ 128.99418783381347, 35.784292669809972 ], [ 128.994785721131763, 35.793702489263268 ], [ 128.99029932913615, 35.799851249969691 ], [ 128.997135653195613, 35.80638652784944 ], [ 129.001313958444484, 35.813212467677012 ], [ 129.004182690093927, 35.82291579264745 ], [ 129.00813486844163, 35.826152310725881 ], [ 129.008860567759029, 35.832518276763544 ], [ 129.01429208359292, 35.834974492870025 ], [ 129.016962102189183, 35.845254649859129 ], [ 129.013091411435028, 35.84691246268752 ], [ 129.016299150778195, 35.849903489007296 ], [ 129.018810421973228, 35.856643047498814 ], [ 129.0240770341006, 35.863435286517813 ], [ 129.026819486049249, 35.863664179718278 ], [ 129.032614950741703, 35.870663354275294 ], [ 129.02862465398357, 35.882649377995349 ], [ 129.029771124649244, 35.883754103650759 ], [ 129.024957905770634, 35.890546297247013 ], [ 129.026029843596717, 35.896452451244365 ], [ 129.027859868903988, 35.898068273395801 ], [ 129.025951329147119, 35.89949768993403 ], [ 129.027690651857256, 35.902806237833417 ], [ 129.026422671458249, 35.906559166223303 ], [ 129.035030369463612, 35.908595364505658 ], [ 129.037500784470041, 35.912531111047244 ], [ 129.045603844515, 35.912704632552789 ], [ 129.046896763287094, 35.918353007542009 ], [ 129.054799880328346, 35.91994105869032 ], [ 129.056098424553909, 35.924037234283382 ], [ 129.060800797080447, 35.92711089636817 ], [ 129.061730290441943, 35.929683795911686 ], [ 129.058225604919471, 35.933025162426077 ], [ 129.066802821898847, 35.941904725528829 ], [ 129.078435945737823, 35.941600871640539 ], [ 129.081640311352345, 35.937573705411452 ], [ 129.083294284121848, 35.939934778414248 ], [ 129.087614096963989, 35.938298686693635 ], [ 129.095003874552219, 35.940522845085056 ], [ 129.109544194496806, 35.930236262365064 ], [ 129.115669408229564, 35.917028686822455 ], [ 129.118932100741404, 35.917075080649326 ], [ 129.118858340202991, 35.919462745340525 ], [ 129.122268046448767, 35.922392042974899 ], [ 129.127372402644539, 35.921783924974889 ], [ 129.13357930083319, 35.927611409956761 ], [ 129.136111852147167, 35.932997144984171 ], [ 129.133308718671771, 35.938290763577704 ], [ 129.129615258879198, 35.940263433622761 ], [ 129.130618551509315, 35.94388387013484 ], [ 129.128327846982444, 35.945209325774712 ], [ 129.128807129450479, 35.947987303022245 ], [ 129.124608703770747, 35.950819696906834 ], [ 129.123119710555414, 35.954836523038942 ], [ 129.116135216597598, 35.961734831711397 ], [ 129.118737629224285, 35.969255143002499 ], [ 129.116533493791849, 35.971353750676236 ], [ 129.117985523479121, 35.974647344649824 ], [ 129.117208178217737, 35.985467049124047 ], [ 129.114056654756183, 35.988941486912033 ], [ 129.113946656075569, 35.992962335228015 ], [ 129.111312950536671, 35.996120383178493 ], [ 129.113363899429061, 36.000694211994841 ], [ 129.110933335755846, 36.005997644889433 ], [ 129.114772728817826, 36.01350154942692 ], [ 129.116634104118674, 36.013485628499062 ], [ 129.122916503792169, 36.006465944412142 ], [ 129.126626839602977, 36.005338714276597 ], [ 129.134907021308663, 36.00629008442295 ], [ 129.136875253939536, 36.008314754689039 ], [ 129.144033423569425, 36.010394864575886 ], [ 129.144971495403041, 36.012068935442763 ], [ 129.142400463011825, 36.022232025974787 ], [ 129.134139701396094, 36.034562883578481 ], [ 129.134823443148122, 36.036494401068076 ], [ 129.137225918638933, 36.03628971480115 ], [ 129.138771513894909, 36.040244426947822 ], [ 129.141915203825022, 36.040586467433947 ], [ 129.145435205432193, 36.043949705767631 ], [ 129.147453720470168, 36.049504443476913 ], [ 129.150926611027529, 36.050895110538136 ], [ 129.151109504391144, 36.054852669617439 ], [ 129.164701030278536, 36.055157486603292 ], [ 129.170036817688043, 36.053322638686048 ], [ 129.170436673997784, 36.048943443355185 ], [ 129.176342612304751, 36.04777940112497 ], [ 129.177224881393414, 36.045085991266845 ], [ 129.175691779426302, 36.042181888073458 ], [ 129.178170912622448, 36.040767524774843 ], [ 129.178386133162263, 36.03429288599348 ], [ 129.176291073345993, 36.031677124112193 ], [ 129.178418112122813, 36.027432716314905 ], [ 129.181237524255323, 36.027542536567154 ], [ 129.189086699049795, 36.032330947586296 ], [ 129.197500976198484, 36.04059370199947 ], [ 129.203858695679145, 36.043299202737103 ], [ 129.223739986983617, 36.04378675938765 ], [ 129.227364983455431, 36.047931993988264 ], [ 129.234699133300211, 36.049294319657889 ], [ 129.239031924813247, 36.053037082100566 ], [ 129.244355915774037, 36.070609194003382 ], [ 129.248183024550002, 36.075874533698297 ], [ 129.247794403641223, 36.073506951966024 ], [ 129.250844509845706, 36.073049171651974 ], [ 129.254245843361844, 36.075760064438839 ], [ 129.25657332837153, 36.074455439519305 ], [ 129.26142048623467, 36.074800528819189 ], [ 129.268436390058383, 36.077499644753161 ], [ 129.269909319379792, 36.079426647203441 ], [ 129.276204642861586, 36.079159178248737 ] ] ], [ [ [ 129.475506139105676, 35.686008321010348 ], [ 129.475226159348296, 35.686104743963426 ], [ 129.475484495919602, 35.686089446113421 ], [ 129.475506139105676, 35.686008321010348 ] ] ], [ [ [ 129.475823492908944, 35.686251822708272 ], [ 129.475741516643268, 35.68632739373821 ], [ 129.475841847487175, 35.686286000738718 ], [ 129.475823492908944, 35.686251822708272 ] ] ], [ [ [ 129.474971348199034, 35.686907086657861 ], [ 129.474588590416829, 35.687051898160945 ], [ 129.474605391152352, 35.687104187148528 ], [ 129.474971348199034, 35.686907086657861 ] ] ], [ [ [ 129.475702956987163, 35.69069566214197 ], [ 129.475718009119078, 35.690811561995972 ], [ 129.475810366555493, 35.690777309689608 ], [ 129.475702956987163, 35.69069566214197 ] ] ], [ [ [ 129.47653421390234, 35.693114648322911 ], [ 129.476420307660902, 35.693047980632848 ], [ 129.476458091350509, 35.693161056783147 ], [ 129.47653421390234, 35.693114648322911 ] ] ], [ [ [ 129.477497540812777, 35.696477223988076 ], [ 129.477014219670508, 35.697013458296432 ], [ 129.477453053637248, 35.697419213062531 ], [ 129.477497540812777, 35.696477223988076 ] ] ], [ [ [ 129.48687947571176, 35.729874149137018 ], [ 129.486923768580652, 35.729820020319124 ], [ 129.486867344921933, 35.729815302007509 ], [ 129.48687947571176, 35.729874149137018 ] ] ], [ [ [ 129.486330904321989, 35.729840117868321 ], [ 129.486359033297902, 35.729881291839703 ], [ 129.486373441251402, 35.729847562811599 ], [ 129.486330904321989, 35.729840117868321 ] ] ], [ [ [ 129.48643411130152, 35.729915255823229 ], [ 129.486427149296503, 35.730013384881836 ], [ 129.486480047214087, 35.729983691551233 ], [ 129.48643411130152, 35.729915255823229 ] ] ], [ [ [ 129.486379092926512, 35.730137493010318 ], [ 129.486287885834741, 35.730240319856136 ], [ 129.486392188910742, 35.730227909650694 ], [ 129.486379092926512, 35.730137493010318 ] ] ], [ [ [ 129.486250755737018, 35.730159374200099 ], [ 129.48620923139282, 35.730227512644589 ], [ 129.486265506747969, 35.730215389004783 ], [ 129.486250755737018, 35.730159374200099 ] ] ], [ [ [ 129.486152893470319, 35.737937219920902 ], [ 129.486240552972959, 35.737991302222248 ], [ 129.486256748916674, 35.737946086136589 ], [ 129.486152893470319, 35.737937219920902 ] ] ], [ [ [ 129.487007295796474, 35.738258805527458 ], [ 129.486395186624094, 35.738262664267033 ], [ 129.48693476216161, 35.738467146759938 ], [ 129.487007295796474, 35.738258805527458 ] ] ], [ [ [ 129.484857239931131, 35.743815291261818 ], [ 129.484815205123937, 35.743900767302833 ], [ 129.484926419895402, 35.743879022111052 ], [ 129.484857239931131, 35.743815291261818 ] ] ], [ [ [ 129.487334262573199, 35.745613737373844 ], [ 129.4871350546006, 35.745640914261344 ], [ 129.487319603503295, 35.745764460178449 ], [ 129.487334262573199, 35.745613737373844 ] ] ], [ [ [ 129.487346021503441, 35.745807360351122 ], [ 129.487334351774706, 35.745884323252362 ], [ 129.487366926613873, 35.745881677322615 ], [ 129.487346021503441, 35.745807360351122 ] ] ], [ [ [ 129.48732150395432, 35.745905815409373 ], [ 129.487224266754964, 35.745917610539323 ], [ 129.487323909386475, 35.745937447519701 ], [ 129.48732150395432, 35.745905815409373 ] ] ], [ [ [ 129.487076076771814, 35.745826211923337 ], [ 129.487069027449479, 35.745957551993946 ], [ 129.487147733384603, 35.745954719008829 ], [ 129.487076076771814, 35.745826211923337 ] ] ], [ [ [ 129.488004717602365, 35.74671126286146 ], [ 129.48772347439359, 35.746722160731615 ], [ 129.487941758891168, 35.74691117625391 ], [ 129.488004717602365, 35.74671126286146 ] ] ], [ [ [ 129.488139138730588, 35.746760079436605 ], [ 129.488106598673966, 35.746831347652304 ], [ 129.488176515463721, 35.746806514047528 ], [ 129.488139138730588, 35.746760079436605 ] ] ], [ [ [ 129.488224176279459, 35.746868153899136 ], [ 129.488263151213062, 35.746963001040271 ], [ 129.488307933332948, 35.746920216597374 ], [ 129.488224176279459, 35.746868153899136 ] ] ], [ [ [ 129.48810161247701, 35.746929269008447 ], [ 129.48805686479065, 35.747020562104815 ], [ 129.488136616837124, 35.746998398310737 ], [ 129.48810161247701, 35.746929269008447 ] ] ], [ [ [ 129.48857686512352, 35.746919539743239 ], [ 129.488554749812323, 35.747085424066647 ], [ 129.488666340664679, 35.747008624283616 ], [ 129.48857686512352, 35.746919539743239 ] ] ], [ [ [ 129.490439330230117, 35.748998505782644 ], [ 129.490345708387196, 35.749032601607517 ], [ 129.490390083354185, 35.749066174834844 ], [ 129.490439330230117, 35.748998505782644 ] ] ], [ [ [ 129.490619719974262, 35.749029142436754 ], [ 129.490500585083765, 35.749105439681117 ], [ 129.490526339799487, 35.749130030638668 ], [ 129.490619719974262, 35.749029142436754 ] ] ], [ [ [ 129.490852114454128, 35.74933221468681 ], [ 129.491091264046787, 35.749223729385243 ], [ 129.490904808314355, 35.749085282147455 ], [ 129.490852114454128, 35.74933221468681 ] ] ], [ [ [ 129.490809234815856, 35.749280731955658 ], [ 129.490765903608121, 35.749357694611739 ], [ 129.490808181216266, 35.749363083158961 ], [ 129.490809234815856, 35.749280731955658 ] ] ], [ [ [ 129.492121913656831, 35.75012466496382 ], [ 129.492020591377809, 35.749967526432037 ], [ 129.491849124529637, 35.750026650111344 ], [ 129.492121913656831, 35.75012466496382 ] ] ], [ [ [ 129.494172104007333, 35.778523459363264 ], [ 129.494257825297694, 35.77848187938455 ], [ 129.494154449412491, 35.778488957924431 ], [ 129.494172104007333, 35.778523459363264 ] ] ], [ [ [ 129.494602924935577, 35.766822555914423 ], [ 129.494693150493219, 35.766833124115081 ], [ 129.494628374997347, 35.766780544169187 ], [ 129.494602924935577, 35.766822555914423 ] ] ], [ [ [ 129.494396968986479, 35.768631831895618 ], [ 129.494480048907008, 35.768624152518861 ], [ 129.494433944200892, 35.768594915136347 ], [ 129.494396968986479, 35.768631831895618 ] ] ], [ [ [ 129.497025166288893, 35.771652929114929 ], [ 129.497166013857736, 35.771340015094005 ], [ 129.496994073011024, 35.771327964838015 ], [ 129.497025166288893, 35.771652929114929 ] ] ], [ [ [ 129.497177378314859, 35.773149494839529 ], [ 129.497258071785694, 35.773099304508285 ], [ 129.497143225440084, 35.773078780652561 ], [ 129.497177378314859, 35.773149494839529 ] ] ], [ [ [ 129.496762312502739, 35.773152761997984 ], [ 129.497055729547128, 35.773409812815579 ], [ 129.497204248877665, 35.773339540031984 ], [ 129.496762312502739, 35.773152761997984 ] ] ], [ [ [ 129.497390958873126, 35.773376514924102 ], [ 129.49753016625624, 35.773363281783368 ], [ 129.49736952560562, 35.773325039242543 ], [ 129.497390958873126, 35.773376514924102 ] ] ], [ [ [ 129.495916222337542, 35.774381582200064 ], [ 129.496013920205201, 35.774588296919603 ], [ 129.496044183855986, 35.774426919209589 ], [ 129.495916222337542, 35.774381582200064 ] ] ], [ [ [ 129.495295386485367, 35.776363978421763 ], [ 129.495388179242156, 35.77619091507151 ], [ 129.495222914163151, 35.77630129704832 ], [ 129.495295386485367, 35.776363978421763 ] ] ], [ [ [ 129.496560239945012, 35.776857226775526 ], [ 129.496358767029761, 35.777197474659822 ], [ 129.496535600789571, 35.77722171854699 ], [ 129.496560239945012, 35.776857226775526 ] ] ], [ [ [ 129.494225978850523, 35.778693627259443 ], [ 129.4943124975876, 35.778807143502469 ], [ 129.494362351176761, 35.778804562200662 ], [ 129.494225978850523, 35.778693627259443 ] ] ], [ [ [ 129.4975895783613, 35.790440408977368 ], [ 129.497582968042366, 35.790696969118251 ], [ 129.497790730222334, 35.790523529398769 ], [ 129.4975895783613, 35.790440408977368 ] ] ], [ [ [ 129.498845932939162, 35.791741183247588 ], [ 129.498840360920241, 35.792080095256601 ], [ 129.499134029599759, 35.791800183911469 ], [ 129.498845932939162, 35.791741183247588 ] ] ], [ [ [ 129.498876644822701, 35.792352836995107 ], [ 129.498932875785073, 35.792468010508671 ], [ 129.498997333572134, 35.792386817548781 ], [ 129.498876644822701, 35.792352836995107 ] ] ], [ [ [ 129.501045524908591, 35.793161545882846 ], [ 129.500954865297842, 35.793257273000187 ], [ 129.501015358575955, 35.793272524457116 ], [ 129.501045524908591, 35.793161545882846 ] ] ], [ [ [ 129.501236141057603, 35.793287557275399 ], [ 129.50105575710478, 35.793293174785553 ], [ 129.501075139148156, 35.79343810639714 ], [ 129.501236141057603, 35.793287557275399 ] ] ], [ [ [ 129.50163292676271, 35.793673621757236 ], [ 129.501567222296813, 35.793761769004718 ], [ 129.50168240121377, 35.793783548185189 ], [ 129.50163292676271, 35.793673621757236 ] ] ], [ [ [ 129.501703330630704, 35.794384957256618 ], [ 129.501552894018772, 35.794140173178562 ], [ 129.501441993091277, 35.79432413273291 ], [ 129.501703330630704, 35.794384957256618 ] ] ], [ [ [ 129.514082921064386, 35.805295591129642 ], [ 129.514316125011874, 35.805138314015522 ], [ 129.514198722987743, 35.804946667304193 ], [ 129.514082921064386, 35.805295591129642 ] ] ], [ [ [ 129.512447940415484, 35.806553957480737 ], [ 129.512405911407825, 35.806711314690389 ], [ 129.512507236924847, 35.806656266650641 ], [ 129.512447940415484, 35.806553957480737 ] ] ], [ [ [ 129.512704973570379, 35.807176706300197 ], [ 129.512633993439437, 35.807288042832013 ], [ 129.512701260065313, 35.807270632511781 ], [ 129.512704973570379, 35.807176706300197 ] ] ], [ [ [ 129.512883701815895, 35.807579343810097 ], [ 129.512795017083732, 35.807742216999664 ], [ 129.513071932674961, 35.807705436569222 ], [ 129.512883701815895, 35.807579343810097 ] ] ], [ [ [ 129.514679116155833, 35.819223999958233 ], [ 129.51483310519518, 35.819150970005346 ], [ 129.514625821455411, 35.819019941110405 ], [ 129.514679116155833, 35.819223999958233 ] ] ], [ [ [ 129.510152083621989, 35.824629278411372 ], [ 129.510291662092584, 35.82479010277887 ], [ 129.51033475919607, 35.824763151448103 ], [ 129.510152083621989, 35.824629278411372 ] ] ], [ [ [ 129.510542056544267, 35.825544552449685 ], [ 129.510492858216253, 35.825448059383746 ], [ 129.510351095455889, 35.825050487601018 ], [ 129.510247712644087, 35.825340953677603 ], [ 129.510542056544267, 35.825544552449685 ] ] ], [ [ [ 129.510752389516512, 35.82536548527807 ], [ 129.51068344989659, 35.825469780478294 ], [ 129.510759842988364, 35.825475226782444 ], [ 129.510752389516512, 35.82536548527807 ] ] ], [ [ [ 129.514279152501246, 35.8317110940039 ], [ 129.514295084162796, 35.831898574019945 ], [ 129.514456799567512, 35.8317309705795 ], [ 129.514279152501246, 35.8317110940039 ] ] ], [ [ [ 129.514583898999661, 35.831892200628317 ], [ 129.514406944228455, 35.832065731641272 ], [ 129.514706858104205, 35.832063906219986 ], [ 129.514583898999661, 35.831892200628317 ] ] ], [ [ [ 129.514992483005358, 35.832385688870239 ], [ 129.514812135144268, 35.832358881241689 ], [ 129.514929651399513, 35.832441564830091 ], [ 129.514992483005358, 35.832385688870239 ] ] ], [ [ [ 129.514526460620459, 35.832544052414477 ], [ 129.514408961291423, 35.832429193845989 ], [ 129.51438547186487, 35.83252834076729 ], [ 129.514526460620459, 35.832544052414477 ] ] ] ] } },
{ "type": "Feature", "properties": { "region_code": 47150, "region_name": "김천시" }, "geometry": { "type": "Polygon", "coordinates": [ [ [ 128.136862019584186, 36.256945387650894 ], [ 128.156391327012841, 36.25647625209492 ], [ 128.159526107797433, 36.257767794195459 ], [ 128.167600885283036, 36.253562155137352 ], [ 128.167982962579686, 36.250027676022768 ], [ 128.172317965474122, 36.245618766651759 ], [ 128.186715269394767, 36.242980288239544 ], [ 128.196816317223863, 36.244746251955853 ], [ 128.201734767675106, 36.240038443795989 ], [ 128.214670656714702, 36.236044078761964 ], [ 128.21832302660232, 36.229993345088509 ], [ 128.226019538552293, 36.231403937551129 ], [ 128.230074824274169, 36.226740127073803 ], [ 128.233011998162851, 36.226889037750617 ], [ 128.23647291648615, 36.22469458818594 ], [ 128.233444014837602, 36.218313417746458 ], [ 128.233385935992743, 36.214409582078552 ], [ 128.236723177038016, 36.20922211006129 ], [ 128.234981290507562, 36.207963573403312 ], [ 128.236255032943433, 36.206827118202035 ], [ 128.234718307563043, 36.201101335798015 ], [ 128.237626176326756, 36.199889726088223 ], [ 128.240127144112506, 36.200799075004767 ], [ 128.24281214010017, 36.197118007505956 ], [ 128.259286982175041, 36.201614994000266 ], [ 128.262355098914128, 36.197440315995856 ], [ 128.271348880210155, 36.19555817276737 ], [ 128.269745575082254, 36.190606848498611 ], [ 128.272951280240534, 36.185764165320556 ], [ 128.271383908459768, 36.185183531719751 ], [ 128.273232240226974, 36.181634568551161 ], [ 128.272766165274248, 36.175899017425976 ], [ 128.270706069271426, 36.17406679543717 ], [ 128.278449655120568, 36.170934945624687 ], [ 128.280990152773256, 36.172680813871679 ], [ 128.288411210758483, 36.171693370540289 ], [ 128.29001628332307, 36.170279358864384 ], [ 128.292398095338768, 36.170911517360132 ], [ 128.295165461414172, 36.168162201388405 ], [ 128.290897929977575, 36.156061809983136 ], [ 128.287538218104885, 36.154994045244777 ], [ 128.285245789832715, 36.149289675561292 ], [ 128.287029219889121, 36.1475730273594 ], [ 128.287020424571296, 36.142884398297596 ], [ 128.284190043411883, 36.140278359245904 ], [ 128.296130121600044, 36.132433335442265 ], [ 128.27774999160755, 36.114020640002025 ], [ 128.274784326212853, 36.104474180376094 ], [ 128.282653334287431, 36.101436508234912 ], [ 128.291550440819634, 36.094825501032517 ], [ 128.289195490810755, 36.091124320367918 ], [ 128.292084005275314, 36.088007954015715 ], [ 128.286981106718997, 36.084493151058219 ], [ 128.284957062454538, 36.081076400958196 ], [ 128.291109961585249, 36.070897239362431 ], [ 128.29516554283498, 36.069416522411188 ], [ 128.30078859839611, 36.062726319688231 ], [ 128.299119115143696, 36.06037185874623 ], [ 128.301234448438777, 36.05731601142768 ], [ 128.299421259938157, 36.051210112987114 ], [ 128.293569043817513, 36.050053112422084 ], [ 128.28878183543074, 36.043137597339559 ], [ 128.283298700091251, 36.046819535881973 ], [ 128.26103683906382, 36.04849311599326 ], [ 128.256588807302279, 36.051839682756352 ], [ 128.249150159967257, 36.048193866263667 ], [ 128.245943140842456, 36.049314226740279 ], [ 128.241042777090342, 36.048628032605954 ], [ 128.229932430244077, 36.05403244967647 ], [ 128.226248388199878, 36.053609718009291 ], [ 128.223131770413005, 36.05539538190154 ], [ 128.209031187320164, 36.045529768376234 ], [ 128.196530382516784, 36.046407502450798 ], [ 128.193594221091303, 36.044954892863913 ], [ 128.194181844672585, 36.03977272238491 ], [ 128.196305364824894, 36.037368004837347 ], [ 128.193824681796116, 36.031537396228465 ], [ 128.188548941332954, 36.031217158993591 ], [ 128.185283624598924, 36.033576702153624 ], [ 128.177691462293751, 36.031279389337385 ], [ 128.16936283879545, 36.035523895552565 ], [ 128.164332926653714, 36.032458985479373 ], [ 128.167095946297081, 36.029922680993863 ], [ 128.167989822147604, 36.019533676878034 ], [ 128.170891647348583, 36.018102424026665 ], [ 128.173356808926286, 36.014179969360733 ], [ 128.168957469785482, 36.011175792945686 ], [ 128.165585096960996, 36.001500738340084 ], [ 128.166219197979188, 35.999464689611742 ], [ 128.170753485315885, 35.996636813175037 ], [ 128.170564247277497, 35.993112552416676 ], [ 128.165999540263812, 35.987823143270163 ], [ 128.157669030105012, 35.987397929757883 ], [ 128.15656784852689, 35.97770092494229 ], [ 128.153734372125598, 35.977840822661577 ], [ 128.150890057150747, 35.975824687203605 ], [ 128.150103961692935, 35.972837488013816 ], [ 128.152917157548387, 35.968855780230385 ], [ 128.150977485341201, 35.966298433516492 ], [ 128.145559800066877, 35.965024909344606 ], [ 128.14203484937309, 35.962314657209674 ], [ 128.139278828307511, 35.963157518080344 ], [ 128.139635437490114, 35.96164719731032 ], [ 128.132535588331223, 35.958585265821597 ], [ 128.123488895924055, 35.962228715796776 ], [ 128.118219706553049, 35.959302476567679 ], [ 128.110788568725184, 35.964621421872906 ], [ 128.104623860814883, 35.958102165656648 ], [ 128.095724386335746, 35.955057101546565 ], [ 128.08859673570015, 35.946639479331566 ], [ 128.090685173802285, 35.93732903896354 ], [ 128.089303936816975, 35.935064942175991 ], [ 128.091252731146739, 35.931071067278921 ], [ 128.087875919145603, 35.920945847170771 ], [ 128.084801171313728, 35.920850549726481 ], [ 128.081682866556832, 35.923075863035073 ], [ 128.078909942900623, 35.927597713034068 ], [ 128.075234117518448, 35.926830280044008 ], [ 128.073951601018535, 35.927933309398554 ], [ 128.071134061551504, 35.933430079168524 ], [ 128.071729630690271, 35.935996247795103 ], [ 128.065998955126503, 35.936985286037796 ], [ 128.056146188266382, 35.941783506398799 ], [ 128.048643530361943, 35.936424310823305 ], [ 128.04665336876522, 35.932477829255369 ], [ 128.047123964714643, 35.9266404920062 ], [ 128.050738593454327, 35.924054066191431 ], [ 128.048552546491294, 35.920149865248902 ], [ 128.054674871865814, 35.915688928446045 ], [ 128.056426220046546, 35.910076012799735 ], [ 128.060691682311983, 35.907363331977223 ], [ 128.056253512270388, 35.904313556221219 ], [ 128.057300619842607, 35.901994478599121 ], [ 128.066540390764715, 35.895910090622912 ], [ 128.065533313309942, 35.888936433152224 ], [ 128.068771009919772, 35.885741143870689 ], [ 128.070227725809872, 35.88041760052738 ], [ 128.080026999290055, 35.873158743692194 ], [ 128.086848772344808, 35.872426200083012 ], [ 128.075825672165735, 35.861290723437627 ], [ 128.076527052936456, 35.855406376891018 ], [ 128.073248380466964, 35.849788380579213 ], [ 128.077557200410098, 35.843470749073646 ], [ 128.077359730042474, 35.839657343438176 ], [ 128.074206353194739, 35.838958376102916 ], [ 128.069785789940653, 35.841201898423229 ], [ 128.060894463317709, 35.834346548870371 ], [ 128.054866844477004, 35.834361805567312 ], [ 128.051653669760128, 35.829882635954668 ], [ 128.029781689789729, 35.835648681235043 ], [ 128.024276549863856, 35.832916001679351 ], [ 128.017507147066908, 35.832520130224538 ], [ 128.011780524183905, 35.828934016924208 ], [ 128.004039576174677, 35.835124381875218 ], [ 127.996993694549118, 35.837051556314208 ], [ 127.984221844040079, 35.857644684407283 ], [ 127.981749131828209, 35.85873526454602 ], [ 127.973979950478807, 35.852068136083055 ], [ 127.962548463209345, 35.855371243199436 ], [ 127.959632013080835, 35.860304154222526 ], [ 127.951182578677574, 35.86164477099716 ], [ 127.947047113686565, 35.859717242101439 ], [ 127.942239710374167, 35.854542470663567 ], [ 127.935764585413025, 35.854530617653246 ], [ 127.930346528428757, 35.85637448239379 ], [ 127.925782793549942, 35.855622735396452 ], [ 127.927201875995735, 35.858430141831384 ], [ 127.931336002201149, 35.858986819414149 ], [ 127.93322082049265, 35.864397795065685 ], [ 127.928793028214898, 35.870347364206452 ], [ 127.929899308731166, 35.873706817915647 ], [ 127.928418027776104, 35.876769976052415 ], [ 127.930220445143476, 35.878629443306963 ], [ 127.928078698616432, 35.881268222225437 ], [ 127.922873980669678, 35.882581493661242 ], [ 127.918515598431497, 35.890380732341029 ], [ 127.920222465012841, 35.893218884812995 ], [ 127.912001681372601, 35.889835490521698 ], [ 127.906665821083607, 35.889277653447735 ], [ 127.902774295162459, 35.890677031255848 ], [ 127.901142131840089, 35.887560103242166 ], [ 127.893520745685024, 35.8867985280922 ], [ 127.888242567262978, 35.892348797806626 ], [ 127.884783349337994, 35.89310653229083 ], [ 127.884443467325681, 35.897875586270992 ], [ 127.882732633567514, 35.899038884315353 ], [ 127.884018807375455, 35.901309492370153 ], [ 127.882192212143408, 35.90318586936467 ], [ 127.888157090569806, 35.914816559117945 ], [ 127.882401152052353, 35.919474515120065 ], [ 127.883637441738173, 35.924799172102361 ], [ 127.88223681384153, 35.928884028307415 ], [ 127.886072993814793, 35.931579156012553 ], [ 127.891834758733822, 35.932356089096409 ], [ 127.898955696097843, 35.937595380045103 ], [ 127.908363868284198, 35.941337602331991 ], [ 127.908013493525814, 35.943984424123592 ], [ 127.911367377513486, 35.949181508406411 ], [ 127.906063568566296, 35.954004152295845 ], [ 127.903954398408999, 35.954087339051611 ], [ 127.902273913094774, 35.956904941939449 ], [ 127.899817430452217, 35.962970409622365 ], [ 127.900376013510382, 35.966316432092917 ], [ 127.896263995893818, 35.971913187762091 ], [ 127.896346115180549, 35.977660897577614 ], [ 127.889605347451123, 35.979660856220711 ], [ 127.89415322960474, 35.984635223739417 ], [ 127.893218274118766, 35.986784488602453 ], [ 127.886443021312246, 35.992234503440578 ], [ 127.879685393906726, 35.994106551371729 ], [ 127.875487062925671, 35.996977955971651 ], [ 127.878641600731243, 36.002495873364033 ], [ 127.875697129421596, 36.008944567155879 ], [ 127.876787913746512, 36.022706840558094 ], [ 127.883458721654435, 36.028062299247431 ], [ 127.884836526222998, 36.03588940768153 ], [ 127.888544588089417, 36.034845939995336 ], [ 127.893838484642231, 36.037645683304383 ], [ 127.90269388294567, 36.039103873102796 ], [ 127.905301734505059, 36.04595804730198 ], [ 127.91633961450664, 36.054465152141276 ], [ 127.92520051129209, 36.052844636624926 ], [ 127.930177770192685, 36.049439417092813 ], [ 127.936294794099709, 36.051079054837558 ], [ 127.947188592624116, 36.057179103607936 ], [ 127.953476385507429, 36.06632249735636 ], [ 127.96087438174618, 36.07033903316227 ], [ 127.961694216249583, 36.08297942213833 ], [ 127.958471937351334, 36.090142507892466 ], [ 127.959712993885432, 36.09451174038292 ], [ 127.964630385779316, 36.095552602789027 ], [ 127.964887174140443, 36.098622981183361 ], [ 127.96868660320122, 36.103128927642565 ], [ 127.965200869181501, 36.112828842777269 ], [ 127.966795815340845, 36.118060538843388 ], [ 127.970159927008609, 36.121882505120254 ], [ 127.976422925962595, 36.122733435071446 ], [ 127.978600848074208, 36.125209393863656 ], [ 127.987784024099383, 36.128818493493547 ], [ 127.988862128134045, 36.13282825172513 ], [ 127.987286693748118, 36.140874006483557 ], [ 127.989171146256439, 36.143967497121338 ], [ 127.987482038141181, 36.147383600273066 ], [ 127.990770956659603, 36.151423818215378 ], [ 127.993379060729566, 36.151864093061228 ], [ 127.997197383159474, 36.155467193206967 ], [ 127.990480492789004, 36.1588763062773 ], [ 127.990181337268183, 36.165667340730344 ], [ 127.98259750882373, 36.170559113665433 ], [ 127.984133559711381, 36.178169770816183 ], [ 127.981338485259286, 36.179126228928673 ], [ 127.980181428540234, 36.182644296217617 ], [ 127.975331878451229, 36.187710631921291 ], [ 127.976262876673616, 36.192053121522726 ], [ 127.982715706906802, 36.196303990544536 ], [ 127.979906587390019, 36.195933569701431 ], [ 127.978016130002928, 36.19811066003151 ], [ 127.984868346299905, 36.201353647615171 ], [ 127.989210322554996, 36.199565701876232 ], [ 127.993038532294435, 36.200032786775772 ], [ 127.994753144389108, 36.204207537656082 ], [ 127.998454026018962, 36.20730123232515 ], [ 128.006367556751798, 36.207320658137114 ], [ 128.009748014974917, 36.209362070167295 ], [ 128.024047532143584, 36.206649354040273 ], [ 128.036251715224608, 36.197748096216984 ], [ 128.038633668372825, 36.194158059871434 ], [ 128.042371781976669, 36.196532258235855 ], [ 128.045422608941323, 36.196269413440326 ], [ 128.052185358127502, 36.200606737882531 ], [ 128.058007632135059, 36.201097294060702 ], [ 128.050791045449188, 36.205996305729194 ], [ 128.049352724928042, 36.210732348637073 ], [ 128.050091176427514, 36.216462817141469 ], [ 128.0413796517295, 36.218474615870669 ], [ 128.038998649986496, 36.222181835948483 ], [ 128.040464631624872, 36.224679938168812 ], [ 128.039338875725292, 36.228676728136371 ], [ 128.033125345292007, 36.233714942007019 ], [ 128.029902140307456, 36.240012985437048 ], [ 128.03565501798235, 36.243466888526314 ], [ 128.035492593477528, 36.246127513989038 ], [ 128.040262272155388, 36.252025017829347 ], [ 128.046454010474463, 36.251727785870443 ], [ 128.047295882676508, 36.247407611689006 ], [ 128.050420875720334, 36.244249335245556 ], [ 128.057301832417949, 36.243601651282063 ], [ 128.060938892357058, 36.246668585488841 ], [ 128.066671515148414, 36.242890859485904 ], [ 128.071099821090456, 36.243194660669211 ], [ 128.07716005601668, 36.241353234741887 ], [ 128.08353125638456, 36.248020830354719 ], [ 128.087749113554509, 36.249152125714453 ], [ 128.091416985681803, 36.253731190833946 ], [ 128.092663171127583, 36.252136915932496 ], [ 128.096652603145344, 36.252271674695109 ], [ 128.102475469789738, 36.243119817182894 ], [ 128.10805802607166, 36.240022723867099 ], [ 128.108729992261061, 36.237163559337866 ], [ 128.119138750450503, 36.243060190216617 ], [ 128.121388131922515, 36.246215656297942 ], [ 128.119742083815339, 36.248709757354689 ], [ 128.120581611489712, 36.253165643368035 ], [ 128.13113698011162, 36.251235989297747 ], [ 128.131547724643326, 36.25300761899269 ], [ 128.135735804563865, 36.254371500330436 ], [ 128.136862019584186, 36.256945387650894 ] ] ] } },
{ "type": "Feature", "properties": { "region_code": 47170, "region_name": "안동시" }, "geometry": { "type": "Polygon", "coordinates": [ [ [ 128.808911969922406, 36.816553427763964 ], [ 128.803299539003746, 36.811345408867659 ], [ 128.806643787687079, 36.808483793670462 ], [ 128.805196502763465, 36.804702497151816 ], [ 128.811446967598215, 36.795892800841941 ], [ 128.812845769574608, 36.795685100458684 ], [ 128.819117333782231, 36.802153040037965 ], [ 128.821583962874257, 36.810200163642342 ], [ 128.840385576831096, 36.809044781832412 ], [ 128.843717210525028, 36.802776547942358 ], [ 128.862819197886466, 36.799351444436581 ], [ 128.864327335118247, 36.794403310893124 ], [ 128.871825040068359, 36.78941088523888 ], [ 128.8721617764146, 36.785989124084715 ], [ 128.884286095524914, 36.782966284319926 ], [ 128.89044868216854, 36.77206183913426 ], [ 128.896592574231477, 36.771863313328602 ], [ 128.904528509591614, 36.77628747827405 ], [ 128.9121366072076, 36.774067216077157 ], [ 128.919385978596495, 36.767077844270815 ], [ 128.924880102611951, 36.769046717040055 ], [ 128.930316276491908, 36.76763878067112 ], [ 128.942281298356761, 36.773595586925907 ], [ 128.953968967137143, 36.770641621646988 ], [ 128.958472144198566, 36.765837428470405 ], [ 128.958216154538064, 36.762882120935721 ], [ 128.964000150460151, 36.752073230169536 ], [ 128.968480088281012, 36.751334211070962 ], [ 128.977215374273925, 36.746915192722994 ], [ 128.991120342579251, 36.747950124508861 ], [ 128.990415407882779, 36.739960617167384 ], [ 128.987452031248779, 36.735671423077299 ], [ 128.989377436801959, 36.73195743795776 ], [ 128.993239754190512, 36.73085814293924 ], [ 128.996952602303679, 36.727394247772629 ], [ 128.996091203787586, 36.722773531944931 ], [ 128.999562548968981, 36.7189841805654 ], [ 128.999926931055086, 36.714852227339918 ], [ 128.997179144179967, 36.706819239902373 ], [ 128.994265159293917, 36.704065227155979 ], [ 128.99696411606692, 36.701208425430352 ], [ 128.997410327322086, 36.69504566629908 ], [ 128.991887862289104, 36.691068601189919 ], [ 128.994533555053295, 36.681001085044755 ], [ 128.989449016388249, 36.674311949241108 ], [ 128.993315174388584, 36.669175153452542 ], [ 128.990888389847498, 36.668259021353364 ], [ 128.990004585875965, 36.665233277358809 ], [ 128.99119740551032, 36.66327993218389 ], [ 128.995290739299435, 36.661744839359137 ], [ 128.996598093293187, 36.654853331328667 ], [ 128.989358219850004, 36.647753137488714 ], [ 128.994882691937732, 36.641896531040103 ], [ 128.991447480247984, 36.635591985596726 ], [ 128.992340273913754, 36.62906949704756 ], [ 128.9908791448687, 36.623882606364447 ], [ 128.994736273795752, 36.62192241734072 ], [ 128.996628966162717, 36.618679327263223 ], [ 128.997603791742591, 36.611540788336995 ], [ 128.995912794086536, 36.608884757213353 ], [ 128.9972980686006, 36.604340348425723 ], [ 129.001598413757421, 36.602466833022753 ], [ 128.99918945496367, 36.599143795917165 ], [ 129.000727233594375, 36.588601325399878 ], [ 128.996649837376538, 36.583252813864469 ], [ 128.99257214584344, 36.581472322236912 ], [ 128.990725506044214, 36.576812141862902 ], [ 128.984400903013722, 36.57344848454207 ], [ 128.98393924663867, 36.567788697683682 ], [ 128.97973939014048, 36.565198329270565 ], [ 128.979205480136244, 36.560986631407168 ], [ 128.983970471483389, 36.561062886641245 ], [ 128.988149256759357, 36.5574104909699 ], [ 128.991927574554239, 36.548719117777452 ], [ 128.985655801254694, 36.548136958030661 ], [ 128.979541343198207, 36.545508582806811 ], [ 128.976579119494062, 36.54652344804861 ], [ 128.974779093734043, 36.544116369331007 ], [ 128.974291131376106, 36.535392159592512 ], [ 128.972215609218438, 36.533994196152236 ], [ 128.973024714017896, 36.532125907791823 ], [ 128.969535195500214, 36.530489972362965 ], [ 128.973098556370132, 36.530238516176979 ], [ 128.976741877411769, 36.526232156365985 ], [ 128.980633171771984, 36.52660489353859 ], [ 128.984688929911869, 36.51550543777288 ], [ 128.988388616769583, 36.515512552126687 ], [ 128.992929553057593, 36.51796605112083 ], [ 128.993662456265383, 36.513110142678038 ], [ 128.993963089202168, 36.51418350348073 ], [ 128.996907577122954, 36.509356486152193 ], [ 128.993941401521511, 36.503433922721669 ], [ 128.993814421322583, 36.498778769439333 ], [ 128.988806260833996, 36.495124319738743 ], [ 128.988631053928401, 36.492484795429199 ], [ 128.991035883526649, 36.490718172448197 ], [ 128.985941621872826, 36.49026357187855 ], [ 128.982881861304378, 36.486311203280486 ], [ 128.975252230702495, 36.483916612587258 ], [ 128.975993377124041, 36.48158877028014 ], [ 128.974001104692974, 36.478974760778065 ], [ 128.981181110312377, 36.475779204001014 ], [ 128.97863010072416, 36.470741862050986 ], [ 128.979444468982138, 36.468657189737471 ], [ 128.985066850624435, 36.465351792940083 ], [ 128.98506083437448, 36.463538741242758 ], [ 128.980259789173402, 36.464102075666482 ], [ 128.974451922851387, 36.467521533234702 ], [ 128.967861271329781, 36.462068637528226 ], [ 128.969821317209778, 36.456678180148209 ], [ 128.969308048974028, 36.452256242199716 ], [ 128.97388949468592, 36.451899322834905 ], [ 128.973777724701392, 36.448256340011298 ], [ 128.9775344298682, 36.445526374506372 ], [ 128.973192398837142, 36.439231208928213 ], [ 128.972970620575609, 36.431732332615226 ], [ 128.983204020922813, 36.41538703050982 ], [ 128.983776171788492, 36.404550264065442 ], [ 128.979343685036639, 36.402689141414825 ], [ 128.980865452912838, 36.402057993008071 ], [ 128.980416504588874, 36.39964173124747 ], [ 128.975319898413034, 36.392921234148986 ], [ 128.976069196480552, 36.389941156741173 ], [ 128.969635354917358, 36.382568695138652 ], [ 128.970328474885775, 36.37970302962578 ], [ 128.967041137874617, 36.376897322011587 ], [ 128.964913594772241, 36.369428850346388 ], [ 128.961455004136695, 36.367001388719792 ], [ 128.966407645575003, 36.359299409316037 ], [ 128.96620021261009, 36.356531634176598 ], [ 128.962911523143191, 36.354292021762227 ], [ 128.962871400858091, 36.351389728870046 ], [ 128.966124196458793, 36.34620950063335 ], [ 128.962249471492981, 36.338819472125955 ], [ 128.958526422036272, 36.33669583904625 ], [ 128.950863912540285, 36.335929939224108 ], [ 128.946009252027295, 36.326946445815736 ], [ 128.941313861677401, 36.325436691064468 ], [ 128.939044390668471, 36.321711449492348 ], [ 128.934492204985418, 36.319486721680491 ], [ 128.932482231810695, 36.313862735841717 ], [ 128.932975766889712, 36.308512518238466 ], [ 128.931010075219518, 36.306065605367642 ], [ 128.925922419906385, 36.307031773465447 ], [ 128.918256503863574, 36.304689794194552 ], [ 128.912699728921069, 36.298325430302903 ], [ 128.909800049055178, 36.299080758725324 ], [ 128.904839697535778, 36.29638917452332 ], [ 128.893569235860554, 36.296008894913321 ], [ 128.88949031432611, 36.297400731693642 ], [ 128.892281107391682, 36.304823089413681 ], [ 128.886234525322891, 36.311565981372908 ], [ 128.887169958873585, 36.316891817477249 ], [ 128.892442091052857, 36.320633673912241 ], [ 128.892629417049761, 36.325634811392248 ], [ 128.888569160996809, 36.330691835933237 ], [ 128.889623288582584, 36.333332942561448 ], [ 128.886057974007002, 36.342979857963925 ], [ 128.876862442867861, 36.344831442696254 ], [ 128.881065385587561, 36.358909870238875 ], [ 128.876087204815263, 36.364797763102672 ], [ 128.871714257042669, 36.366736506377308 ], [ 128.872072537101104, 36.370357822319292 ], [ 128.878214052713162, 36.375494188667481 ], [ 128.86601235501999, 36.381313620302073 ], [ 128.866060872247061, 36.383593301433294 ], [ 128.861683636295766, 36.385171919923707 ], [ 128.859727414830843, 36.387797910446487 ], [ 128.850287117089806, 36.388284005286145 ], [ 128.851393460771476, 36.399229290605327 ], [ 128.845212212146436, 36.404611112599767 ], [ 128.844300662974831, 36.408371201126457 ], [ 128.845681884686059, 36.411644546765942 ], [ 128.841535863065701, 36.418382019870585 ], [ 128.842616432485613, 36.4209738317317 ], [ 128.836937778839257, 36.42354389229272 ], [ 128.834232440142671, 36.427058631886339 ], [ 128.833344056834278, 36.431896418551894 ], [ 128.835459563206285, 36.436668090196882 ], [ 128.832588291192877, 36.437933059025283 ], [ 128.831856166686293, 36.44250262616535 ], [ 128.829691664467958, 36.443913531788873 ], [ 128.831261892361226, 36.447202418037989 ], [ 128.83045074484599, 36.452344690185789 ], [ 128.813239581632359, 36.453831579151263 ], [ 128.809704581619627, 36.459263475181686 ], [ 128.799636720202386, 36.458821501281918 ], [ 128.798926429424938, 36.461030700674158 ], [ 128.792415476783674, 36.465947699430345 ], [ 128.788849289275646, 36.465173056973157 ], [ 128.785691220835872, 36.466810646325023 ], [ 128.782162462285328, 36.464730735836582 ], [ 128.780806542935295, 36.467024092577397 ], [ 128.77597910283535, 36.468602112453901 ], [ 128.772897847477594, 36.475715335577561 ], [ 128.770363411561647, 36.476308198790271 ], [ 128.767733714691502, 36.480570725496385 ], [ 128.759400002729137, 36.484497293363731 ], [ 128.750499546885294, 36.485991480179365 ], [ 128.747314532639223, 36.488864272138656 ], [ 128.732528018891628, 36.477396454913624 ], [ 128.727982031395783, 36.47638107623991 ], [ 128.723413628497724, 36.479862585394187 ], [ 128.719998094950768, 36.48043161278671 ], [ 128.718824742462004, 36.482402633486529 ], [ 128.715039923064694, 36.481678788001602 ], [ 128.713694333196713, 36.47865062582818 ], [ 128.710281825104801, 36.477246922432656 ], [ 128.710122153455558, 36.473039392273265 ], [ 128.706254700835899, 36.471176629971346 ], [ 128.703743118048521, 36.467491748282868 ], [ 128.706709297811699, 36.458045087547205 ], [ 128.706040177101414, 36.447509370230762 ], [ 128.694889399030956, 36.446494207097587 ], [ 128.689932386364177, 36.443824420732689 ], [ 128.683005426952406, 36.444679940846257 ], [ 128.674756238681084, 36.436683922186155 ], [ 128.668785936996386, 36.438678250924255 ], [ 128.664599497399564, 36.438054671262492 ], [ 128.653610761386972, 36.429719946469262 ], [ 128.649341770124181, 36.430222716032389 ], [ 128.642923721341703, 36.428206063237269 ], [ 128.637458204918715, 36.429690114470162 ], [ 128.633301050525858, 36.425186268251309 ], [ 128.629715997995532, 36.426584553725981 ], [ 128.627853349387948, 36.424066418573886 ], [ 128.628674729177192, 36.420033146717188 ], [ 128.621039009459906, 36.418435379653779 ], [ 128.615590719196604, 36.419578328729784 ], [ 128.610364076672141, 36.418114272197613 ], [ 128.603561730828034, 36.405144021440243 ], [ 128.597173609206749, 36.410172450963444 ], [ 128.595156481396714, 36.422084664593804 ], [ 128.597148294699622, 36.425059715403208 ], [ 128.595332998008104, 36.427378856488424 ], [ 128.598207479841619, 36.431641876344734 ], [ 128.587849799140002, 36.439769550754662 ], [ 128.577073560155696, 36.440042365854083 ], [ 128.570020046607539, 36.450905822284028 ], [ 128.566434547829999, 36.452443515250422 ], [ 128.565629188764831, 36.459288317429042 ], [ 128.559868321421362, 36.464783850040547 ], [ 128.558091024336989, 36.469504645892705 ], [ 128.558987881072738, 36.472162048046009 ], [ 128.552392983932037, 36.47588879480751 ], [ 128.55280742366179, 36.484767266938164 ], [ 128.549534841818058, 36.490354656307339 ], [ 128.543577894644358, 36.490282562765223 ], [ 128.539135914552872, 36.495471141210956 ], [ 128.533917221656424, 36.495539991859957 ], [ 128.531476770215733, 36.498345162343291 ], [ 128.526427455162775, 36.498845700584141 ], [ 128.524658260693514, 36.497389443748006 ], [ 128.518740342182213, 36.498361408798132 ], [ 128.516697800003243, 36.497169539636978 ], [ 128.51017841074767, 36.50029268270734 ], [ 128.505401588997756, 36.499063917075304 ], [ 128.500822455199028, 36.504460627054762 ], [ 128.497964249548914, 36.514268517065119 ], [ 128.491579069010498, 36.517573125257783 ], [ 128.486329409330466, 36.514697770732482 ], [ 128.476416569119834, 36.51429617652024 ], [ 128.474728064991723, 36.498735684486981 ], [ 128.464146137752493, 36.498918557400444 ], [ 128.461646191637982, 36.490522802246943 ], [ 128.459827033056513, 36.490624460424591 ], [ 128.457494980798543, 36.49387961612598 ], [ 128.453279695690355, 36.491038832457768 ], [ 128.445115496440934, 36.495357447262265 ], [ 128.436937133995343, 36.502434071163272 ], [ 128.43309674412447, 36.502836147227292 ], [ 128.431977798572632, 36.511079134304815 ], [ 128.437048098060103, 36.516319304586652 ], [ 128.434269698816166, 36.518939337094992 ], [ 128.428488892241802, 36.520369820121928 ], [ 128.437703274622294, 36.522078233293037 ], [ 128.436780939739492, 36.523952864431529 ], [ 128.440164756044311, 36.528550878034224 ], [ 128.447886105942104, 36.531465057408951 ], [ 128.455231735271354, 36.537557868288836 ], [ 128.464594673278071, 36.538271767315116 ], [ 128.46454277750064, 36.541387539806941 ], [ 128.456404490601983, 36.550218098847864 ], [ 128.458195134766157, 36.550141042663419 ], [ 128.459134860480162, 36.552475972829939 ], [ 128.455726244115397, 36.554717874580085 ], [ 128.461572076404849, 36.556061644479954 ], [ 128.460875048896838, 36.557723383726355 ], [ 128.4626727859212, 36.557649236441279 ], [ 128.463333100297319, 36.559276553792863 ], [ 128.468023039345013, 36.559881796252959 ], [ 128.467520357816255, 36.562921041671473 ], [ 128.472247489262998, 36.563064508609067 ], [ 128.483230795073723, 36.568198193981615 ], [ 128.492601846979483, 36.569544712936633 ], [ 128.493069772759497, 36.576162704819112 ], [ 128.495769407283177, 36.577863924225198 ], [ 128.495770332545391, 36.582495739253055 ], [ 128.499079851162293, 36.584484377415791 ], [ 128.493646584314462, 36.585764712678909 ], [ 128.490987711987458, 36.588832268422919 ], [ 128.493282974820772, 36.598545293954494 ], [ 128.497648770372905, 36.603297366926057 ], [ 128.504917514154357, 36.606723336769754 ], [ 128.506535535925792, 36.602119389408955 ], [ 128.512629058853975, 36.60039196558246 ], [ 128.514836450832632, 36.602124655450588 ], [ 128.525347507623678, 36.601449785787665 ], [ 128.526296441633122, 36.600354142804882 ], [ 128.529486167555916, 36.601378487281963 ], [ 128.530094553222966, 36.604513071992876 ], [ 128.528659132297776, 36.605838837485173 ], [ 128.53253226835804, 36.607058749111516 ], [ 128.534895196413686, 36.613545431429131 ], [ 128.529564844375813, 36.616412200190283 ], [ 128.529094282120894, 36.618515130889719 ], [ 128.521608602376944, 36.619806729804033 ], [ 128.524294117459988, 36.622525403141296 ], [ 128.524864210088083, 36.628542131275196 ], [ 128.530861930419377, 36.628796685972773 ], [ 128.537928647240591, 36.633799439544795 ], [ 128.54509117850688, 36.631948132628189 ], [ 128.552846383823521, 36.636656940896685 ], [ 128.555352621019608, 36.635323128571173 ], [ 128.55885240988286, 36.635934610014154 ], [ 128.562901148312761, 36.639663987405712 ], [ 128.565846724815401, 36.640224805298793 ], [ 128.565883219104592, 36.645259962440988 ], [ 128.570717887336258, 36.648123035129359 ], [ 128.578104499203619, 36.649868364580009 ], [ 128.580830878808712, 36.647013713943622 ], [ 128.586299243120322, 36.650380749767805 ], [ 128.592659616797448, 36.650270329736678 ], [ 128.597592770202283, 36.652610348933841 ], [ 128.5992485509625, 36.650635167897015 ], [ 128.604687619339273, 36.65277521898993 ], [ 128.605307736984884, 36.672086253314099 ], [ 128.601232551412977, 36.679113874504587 ], [ 128.610257140673156, 36.684553549718231 ], [ 128.610520521759241, 36.690214876133815 ], [ 128.608908719461624, 36.693017148311256 ], [ 128.604937533744817, 36.693166711853976 ], [ 128.599376540754577, 36.697337478269098 ], [ 128.597061149522972, 36.698150452850243 ], [ 128.59421338179618, 36.696821847673561 ], [ 128.590667254311484, 36.698352824518146 ], [ 128.590821273226481, 36.700976123460208 ], [ 128.59672384545604, 36.702775237326371 ], [ 128.597652862044413, 36.706964070324652 ], [ 128.595476751518902, 36.710251260869164 ], [ 128.598178511895696, 36.715061410871343 ], [ 128.606646772262081, 36.717151896143761 ], [ 128.615243722232663, 36.71231487412043 ], [ 128.618165376984308, 36.715255904137436 ], [ 128.627713265206495, 36.716588847040668 ], [ 128.629728197667959, 36.71965796390171 ], [ 128.638526948070222, 36.718866295231877 ], [ 128.642624198924381, 36.717646146032365 ], [ 128.651559029921117, 36.709760667033947 ], [ 128.651885854538364, 36.710947163949442 ], [ 128.660109558335364, 36.71258249214732 ], [ 128.662258728764499, 36.714391995645677 ], [ 128.666879840171902, 36.712714052675693 ], [ 128.669531571319027, 36.709146088238747 ], [ 128.673086565025869, 36.70851139889006 ], [ 128.673574438415102, 36.704430573436312 ], [ 128.680767660305946, 36.700279269879154 ], [ 128.693792136400674, 36.702553158533192 ], [ 128.698519842091713, 36.7067405699487 ], [ 128.707481562335886, 36.699898273072577 ], [ 128.716306418061038, 36.703413214771231 ], [ 128.72097327856801, 36.702412502883526 ], [ 128.72764351842963, 36.6954508723895 ], [ 128.737402603767237, 36.697998728909809 ], [ 128.735143748281928, 36.701013410169608 ], [ 128.738355558201675, 36.702465065820803 ], [ 128.737495273128502, 36.707077511129036 ], [ 128.730897161276289, 36.710909911463943 ], [ 128.729175753387835, 36.714089541214356 ], [ 128.735567441744536, 36.724891640178171 ], [ 128.734790744688979, 36.727449688579235 ], [ 128.73183462384344, 36.728957679161276 ], [ 128.733893810741051, 36.736832566079102 ], [ 128.737457984652309, 36.738842503309925 ], [ 128.736883083015698, 36.74404175749725 ], [ 128.742954681128197, 36.749945502581575 ], [ 128.743020263149617, 36.755942072032312 ], [ 128.735389258787222, 36.763849388833151 ], [ 128.745569319470633, 36.777321584751306 ], [ 128.736776293153014, 36.783590458210263 ], [ 128.737072277048156, 36.791265110292116 ], [ 128.74104431517415, 36.79034043819329 ], [ 128.748318448636809, 36.809335308060348 ], [ 128.754361001715125, 36.807284190817626 ], [ 128.755892623908011, 36.809516215678265 ], [ 128.75862268308822, 36.810133328736605 ], [ 128.763100684422341, 36.806293300079709 ], [ 128.763038919379596, 36.802067906408283 ], [ 128.764596689188238, 36.801811133774599 ], [ 128.767015708074496, 36.80327706686797 ], [ 128.76792487869514, 36.806795744654679 ], [ 128.775899883890816, 36.804922887169475 ], [ 128.781544802255496, 36.807337750633891 ], [ 128.781909040425916, 36.809580637670102 ], [ 128.785100648701103, 36.810472357337424 ], [ 128.786175365007153, 36.812507653973618 ], [ 128.794235954836893, 36.814686418684907 ], [ 128.799658983399979, 36.822304342198997 ], [ 128.802956201366953, 36.82316258929329 ], [ 128.805672157202224, 36.821277637856184 ], [ 128.805377628841029, 36.818882533928964 ], [ 128.808911969922406, 36.816553427763964 ] ] ] } },
{ "type": "Feature", "properties": { "region_code": 47190, "region_name": "구미시" }, "geometry": { "type": "Polygon", "coordinates": [ [ [ 128.266969080257581, 36.360974876460176 ], [ 128.270034460130518, 36.361948361641723 ], [ 128.277406710095363, 36.357767710259317 ], [ 128.278909474141699, 36.353782446917123 ], [ 128.277338638585718, 36.350118761926723 ], [ 128.282086845666981, 36.349009170038975 ], [ 128.282112753456261, 36.346268973771046 ], [ 128.287682200866044, 36.346302369860311 ], [ 128.293612447829872, 36.348607426400434 ], [ 128.297518542383244, 36.344082197625191 ], [ 128.300632971547373, 36.34510961304823 ], [ 128.305060154052569, 36.337530767140635 ], [ 128.305423755416797, 36.331481329541845 ], [ 128.308283998924139, 36.330261956649082 ], [ 128.317189378261475, 36.332020684364956 ], [ 128.315657123909943, 36.332912217376496 ], [ 128.31594822671687, 36.335478524580381 ], [ 128.325749046364223, 36.342603078869736 ], [ 128.331698704974173, 36.342497453885954 ], [ 128.334642030737257, 36.349170935425356 ], [ 128.346022271825689, 36.346856804672839 ], [ 128.348276790230102, 36.343173562413163 ], [ 128.353524232633561, 36.340750407148128 ], [ 128.353771466351361, 36.342063501123931 ], [ 128.358328254123364, 36.341122459916583 ], [ 128.365725504708536, 36.338120338610274 ], [ 128.367516101463906, 36.331342982779667 ], [ 128.372424276964466, 36.324973199717171 ], [ 128.378742645450217, 36.322595111952168 ], [ 128.38110194244635, 36.317701098691472 ], [ 128.380374737363212, 36.312206419563843 ], [ 128.389264150961367, 36.309638044001204 ], [ 128.387859651678781, 36.304198505473359 ], [ 128.390868643213366, 36.298668915738745 ], [ 128.395166936430599, 36.29705207027267 ], [ 128.395959806034199, 36.293064474837266 ], [ 128.4011123977929, 36.289019144429375 ], [ 128.410439114751796, 36.287200795185093 ], [ 128.413516908362396, 36.282888043264073 ], [ 128.416403258964777, 36.282601434538797 ], [ 128.425868184155405, 36.276496022184666 ], [ 128.42626846740788, 36.273299904952594 ], [ 128.42114727094733, 36.26768479613898 ], [ 128.42057789162601, 36.259714808656071 ], [ 128.416174343823116, 36.257688147164416 ], [ 128.420074018446968, 36.253779247381928 ], [ 128.417653498797762, 36.245856537737126 ], [ 128.423815655043541, 36.242249356262995 ], [ 128.423795003175059, 36.237001305111782 ], [ 128.430169211665088, 36.236316878814314 ], [ 128.434001763129345, 36.234346048466833 ], [ 128.434533362444427, 36.230505033716433 ], [ 128.43776877795608, 36.22709555332203 ], [ 128.437848084081111, 36.22275082957588 ], [ 128.440945467831767, 36.218357758454637 ], [ 128.443864869570206, 36.221220531682441 ], [ 128.450897224451637, 36.221735504690834 ], [ 128.453654822461971, 36.224319629680608 ], [ 128.461162092797565, 36.226281447741457 ], [ 128.467390121460653, 36.23025770988059 ], [ 128.471604138317787, 36.229162642546136 ], [ 128.478449532906325, 36.234713056381679 ], [ 128.485059070206262, 36.233588815923753 ], [ 128.485606871847779, 36.230259905602963 ], [ 128.479529834082314, 36.224474712557232 ], [ 128.485064531132309, 36.224271745060527 ], [ 128.489158355687692, 36.220283015399332 ], [ 128.48773467954058, 36.215592156279939 ], [ 128.492129528973464, 36.212090129248317 ], [ 128.493244778835532, 36.209151934836427 ], [ 128.493214989933193, 36.200698115243028 ], [ 128.495437883421118, 36.196465189563604 ], [ 128.498873039375809, 36.196014427173587 ], [ 128.50293561627052, 36.184882044985692 ], [ 128.509069060748601, 36.187301182783102 ], [ 128.513421553760651, 36.192233031419654 ], [ 128.516007430130657, 36.199698624463956 ], [ 128.518190506712244, 36.200384761798432 ], [ 128.522776646590756, 36.201424634332007 ], [ 128.527498344193162, 36.197491984665575 ], [ 128.536609833383778, 36.194933142723691 ], [ 128.542891241231047, 36.18504314661314 ], [ 128.548642612422896, 36.180036103945973 ], [ 128.548827527607671, 36.177810857439034 ], [ 128.556878771465222, 36.177174988175985 ], [ 128.554182375707995, 36.173472016796417 ], [ 128.55236996582363, 36.16490839995069 ], [ 128.548310168266511, 36.164258608451753 ], [ 128.54445114975087, 36.166007187263212 ], [ 128.540078437118183, 36.161090168272949 ], [ 128.542409036769385, 36.154671071392208 ], [ 128.546652371028216, 36.153811972743924 ], [ 128.550185834626518, 36.150648057666707 ], [ 128.548273127737616, 36.140699774557007 ], [ 128.552909813491198, 36.139061275417937 ], [ 128.548575016354988, 36.130972760599725 ], [ 128.552499188070641, 36.128284770424123 ], [ 128.55487899531434, 36.121616897782104 ], [ 128.5630608908657, 36.117791661740036 ], [ 128.562844281002697, 36.111116055719307 ], [ 128.560026626651648, 36.109522124124247 ], [ 128.551945743166726, 36.110274152450415 ], [ 128.547204142332589, 36.108874612546245 ], [ 128.543298962590228, 36.112433015753012 ], [ 128.540341249339036, 36.110634466619715 ], [ 128.534479101659542, 36.112704242951374 ], [ 128.526391357134798, 36.111564532069011 ], [ 128.520362508311507, 36.114604000208246 ], [ 128.507823214249157, 36.10986589797615 ], [ 128.504687195233288, 36.112027933717592 ], [ 128.49756363449427, 36.113615443789897 ], [ 128.496730265351175, 36.120572411199774 ], [ 128.491908798708863, 36.125898637019908 ], [ 128.49012157818126, 36.125199356627128 ], [ 128.491179459252322, 36.1220367177038 ], [ 128.488066379481154, 36.112906380068488 ], [ 128.484112595046923, 36.112167285604734 ], [ 128.485103407043567, 36.108708697948579 ], [ 128.479384245145383, 36.105759797054063 ], [ 128.479518640211751, 36.101628660052718 ], [ 128.476514140285275, 36.100335545166288 ], [ 128.477348711585108, 36.098354301385591 ], [ 128.474735886518516, 36.09639878206599 ], [ 128.477109688126092, 36.092701875907885 ], [ 128.463701850758042, 36.081403049173346 ], [ 128.464820531705385, 36.076430034949567 ], [ 128.469665415473543, 36.072260461238528 ], [ 128.462871692577608, 36.069740834379203 ], [ 128.448134623145847, 36.074216624709393 ], [ 128.446058597545488, 36.077956593934616 ], [ 128.42928715211022, 36.079943142663538 ], [ 128.423984610571921, 36.083855962063403 ], [ 128.42227562881979, 36.088453142251971 ], [ 128.415582502618776, 36.082776835724722 ], [ 128.412978983205875, 36.084037309601911 ], [ 128.408651824212228, 36.083402086072141 ], [ 128.408437384220406, 36.08679545177727 ], [ 128.403767134226996, 36.092087528428038 ], [ 128.396463733597528, 36.089489850809443 ], [ 128.395480231845369, 36.090962566961053 ], [ 128.390012616693781, 36.080120401550992 ], [ 128.382119115858217, 36.074402921395766 ], [ 128.386493158807696, 36.070202421845764 ], [ 128.382548442393983, 36.069366809113106 ], [ 128.378326398511746, 36.065330085987995 ], [ 128.373116193203487, 36.064659656392898 ], [ 128.371370137526213, 36.066109031028887 ], [ 128.361197785549507, 36.060581171603033 ], [ 128.358343400891442, 36.063223310005952 ], [ 128.357829168265027, 36.066353917309648 ], [ 128.351220176125139, 36.066958044106727 ], [ 128.351545806231854, 36.069528567738317 ], [ 128.347007125825684, 36.071685341570493 ], [ 128.342885509822054, 36.080147831205657 ], [ 128.335832593365581, 36.082504926925878 ], [ 128.330609389424382, 36.091382433516308 ], [ 128.324107511988188, 36.09070798743705 ], [ 128.321655909867445, 36.091836935028432 ], [ 128.316925078660574, 36.08988173173141 ], [ 128.310996275221072, 36.089726053712916 ], [ 128.305265421119628, 36.086857235832966 ], [ 128.302274732670867, 36.08703808741177 ], [ 128.301400948435543, 36.088539954644247 ], [ 128.29144276515899, 36.088427690245751 ], [ 128.289195490810755, 36.091124320367918 ], [ 128.291550440819634, 36.094825501032517 ], [ 128.282653334287431, 36.101436508234912 ], [ 128.274784326212853, 36.104474180376094 ], [ 128.27774999160755, 36.114020640002025 ], [ 128.296130121600044, 36.132433335442265 ], [ 128.284190043411883, 36.140278359245904 ], [ 128.287020424571296, 36.142884398297596 ], [ 128.287029219889121, 36.1475730273594 ], [ 128.285195857366034, 36.149016767830439 ], [ 128.287538218104885, 36.154994045244777 ], [ 128.290897929977575, 36.156061809983136 ], [ 128.292389290153324, 36.162686531421514 ], [ 128.295679352463424, 36.166402250603625 ], [ 128.292398095338768, 36.170911517360132 ], [ 128.29001628332307, 36.170279358864384 ], [ 128.288411210758483, 36.171693370540289 ], [ 128.280990152773256, 36.172680813871679 ], [ 128.278449655120568, 36.170934945624687 ], [ 128.270706069271426, 36.17406679543717 ], [ 128.272766165274248, 36.175899017425976 ], [ 128.273232240226974, 36.181634568551161 ], [ 128.271383908459768, 36.185183531719751 ], [ 128.272951280240534, 36.185764165320556 ], [ 128.269745575082254, 36.190606848498611 ], [ 128.271348880210155, 36.19555817276737 ], [ 128.262355098914128, 36.197440315995856 ], [ 128.259286982175041, 36.201614994000266 ], [ 128.24281214010017, 36.197118007505956 ], [ 128.240127144112506, 36.200799075004767 ], [ 128.237626176326756, 36.199889726088223 ], [ 128.234839156500385, 36.201031095847931 ], [ 128.234231701001022, 36.203327921386162 ], [ 128.236255032943433, 36.206827118202035 ], [ 128.234981290507562, 36.207963573403312 ], [ 128.236723177038016, 36.20922211006129 ], [ 128.233385935992743, 36.214409582078552 ], [ 128.233444014837602, 36.218313417746458 ], [ 128.235724585175376, 36.225487130489313 ], [ 128.230074824274169, 36.226740127073803 ], [ 128.226019538552293, 36.231403937551129 ], [ 128.21832302660232, 36.229993345088509 ], [ 128.214670656714702, 36.236044078761964 ], [ 128.201734767675106, 36.240038443795989 ], [ 128.196816317223863, 36.244746251955853 ], [ 128.186715269394767, 36.242980288239544 ], [ 128.172317965474122, 36.245618766651759 ], [ 128.167982962579686, 36.250027676022768 ], [ 128.167600885283036, 36.253562155137352 ], [ 128.159526107797433, 36.257767794195459 ], [ 128.151346924789493, 36.256499781054238 ], [ 128.141136399342741, 36.25834120146645 ], [ 128.136862019584186, 36.256945387650894 ], [ 128.137262812598266, 36.262857306478963 ], [ 128.132779894855304, 36.267787100875537 ], [ 128.134784143987332, 36.276350517942312 ], [ 128.13993039983626, 36.286397268771488 ], [ 128.143332765690161, 36.286901045298208 ], [ 128.145588583540956, 36.289227826314338 ], [ 128.149055369547227, 36.288956338716176 ], [ 128.154848795531279, 36.295271211940836 ], [ 128.158815529108125, 36.296844717882138 ], [ 128.164887232624579, 36.297052094600019 ], [ 128.169581160015781, 36.29989081278395 ], [ 128.173441286812931, 36.298113895298584 ], [ 128.18491795051429, 36.297351933022078 ], [ 128.189848469242634, 36.300763426532896 ], [ 128.191935971219237, 36.299586643344803 ], [ 128.19424552374096, 36.300344590364091 ], [ 128.198692451373461, 36.297888792086574 ], [ 128.205591546957521, 36.298655509943558 ], [ 128.213641860039388, 36.305340775521785 ], [ 128.219423111281742, 36.30720272744631 ], [ 128.228901177094144, 36.303148040591758 ], [ 128.23260706819903, 36.333012568362015 ], [ 128.236872431195252, 36.335200442521227 ], [ 128.246618860643707, 36.350162116781867 ], [ 128.251312202504124, 36.35131529463743 ], [ 128.250958479476736, 36.357047774965203 ], [ 128.253124413587273, 36.35949699925159 ], [ 128.258400520692533, 36.362466835804156 ], [ 128.266969080257581, 36.360974876460176 ] ] ] } },
{ "type": "Feature", "properties": { "region_code": 47210, "region_name": "영주시" }, "geometry": { "type": "Polygon", "coordinates": [ [ [ 128.653303905874935, 37.065514989200665 ], [ 128.659410121334389, 37.060349486505409 ], [ 128.664275233495601, 37.060903328242908 ], [ 128.671917676937369, 37.058593927857871 ], [ 128.675650926676838, 37.058847617626945 ], [ 128.683732371312175, 37.05143521301769 ], [ 128.689073464316664, 37.053054553024865 ], [ 128.700403565132547, 37.040827555584983 ], [ 128.709099001633604, 37.039355783713347 ], [ 128.700625716696862, 37.028808224879562 ], [ 128.699490823054219, 37.01830898450666 ], [ 128.702648068105162, 37.016183886307147 ], [ 128.702050303630358, 37.01253573282807 ], [ 128.69554991607643, 37.006842155083895 ], [ 128.694651178151901, 37.004263996123484 ], [ 128.69266589792025, 37.00454567856174 ], [ 128.694460747403014, 36.998415760654773 ], [ 128.691971421983226, 36.994829359312021 ], [ 128.69231014173576, 36.986352515856282 ], [ 128.690509761398829, 36.985853718512551 ], [ 128.692689321625267, 36.984805104557701 ], [ 128.690029883615466, 36.979116787994066 ], [ 128.6934493368029, 36.97693869865747 ], [ 128.692935606694249, 36.973773208125017 ], [ 128.68711480700992, 36.969499161960528 ], [ 128.686318709072083, 36.960101072698436 ], [ 128.68162165931335, 36.953585408793394 ], [ 128.677381682384521, 36.953378983631488 ], [ 128.67336024592413, 36.942461826909081 ], [ 128.664855473004337, 36.943155438530312 ], [ 128.658884988389673, 36.932381123604848 ], [ 128.659854834712149, 36.928590811118063 ], [ 128.666451711453334, 36.923639128336468 ], [ 128.665630678230485, 36.918990099738345 ], [ 128.66960600207301, 36.919953051045439 ], [ 128.670501289223012, 36.918866024680867 ], [ 128.66633295386211, 36.917792919583412 ], [ 128.658670823858273, 36.909422055556838 ], [ 128.655049088699741, 36.909867830944215 ], [ 128.654902229567966, 36.911608210684541 ], [ 128.649778908935417, 36.910573204999196 ], [ 128.64681880026248, 36.901485823108253 ], [ 128.640465108284985, 36.893712538638134 ], [ 128.639634951332397, 36.88974597153473 ], [ 128.63782983628559, 36.889417083861922 ], [ 128.638771092242621, 36.885696547135005 ], [ 128.644311425754125, 36.879520588171104 ], [ 128.651768183214273, 36.881860967575136 ], [ 128.650053871483266, 36.878057234568743 ], [ 128.653146611431055, 36.875886553317848 ], [ 128.655907789561894, 36.870299208330685 ], [ 128.654318365676744, 36.867550195511519 ], [ 128.649088033516335, 36.867621974900871 ], [ 128.645493319409752, 36.864676335104143 ], [ 128.641774331268039, 36.857168031242004 ], [ 128.644846505990188, 36.853259479164251 ], [ 128.647887566780497, 36.855885176492585 ], [ 128.656757476283957, 36.851900948840473 ], [ 128.656341356175176, 36.850396237019453 ], [ 128.659442206992054, 36.850291596480986 ], [ 128.663158964267382, 36.842253319725664 ], [ 128.667634946484924, 36.845037368670283 ], [ 128.674470482683432, 36.842530681760877 ], [ 128.673509323454965, 36.84792368638881 ], [ 128.676150580724283, 36.849864036315232 ], [ 128.677870383358396, 36.849082534876786 ], [ 128.677030591046758, 36.855356810937778 ], [ 128.682159162828754, 36.857814484294984 ], [ 128.683202645570844, 36.86243887430075 ], [ 128.689658991413467, 36.863067638436696 ], [ 128.69080075572262, 36.860543297345245 ], [ 128.694919577491021, 36.862610045299952 ], [ 128.700897433911337, 36.860621853151869 ], [ 128.70542732399133, 36.867095055377895 ], [ 128.715124219450388, 36.864306063301115 ], [ 128.720271153258778, 36.867735033839686 ], [ 128.724588883904545, 36.865488039763584 ], [ 128.726776429895637, 36.865994034059248 ], [ 128.727011611598328, 36.862181859432283 ], [ 128.72419723148073, 36.861116046545455 ], [ 128.727082135438138, 36.857537276164571 ], [ 128.72638970159727, 36.854765230521011 ], [ 128.729337271426857, 36.853822864461648 ], [ 128.72822801013649, 36.853145173917333 ], [ 128.73027357523938, 36.851988237471474 ], [ 128.73210761478299, 36.846832046141522 ], [ 128.736621873926339, 36.844100728770592 ], [ 128.736632330363648, 36.839494591764918 ], [ 128.734697376168157, 36.836495186306237 ], [ 128.733374169679109, 36.83730365827082 ], [ 128.731418478533158, 36.83617530970966 ], [ 128.728223725242628, 36.830776755656053 ], [ 128.720914080188294, 36.8310847942629 ], [ 128.718416048388775, 36.829214238142256 ], [ 128.717230902307051, 36.830260253760805 ], [ 128.716376205139881, 36.82464216946741 ], [ 128.712981212433363, 36.82202581783897 ], [ 128.716508267663698, 36.821029490692148 ], [ 128.718647044667819, 36.818592314564476 ], [ 128.72364290506485, 36.817520915538708 ], [ 128.727567583559591, 36.818739180482623 ], [ 128.727601624761945, 36.811663116322137 ], [ 128.724502782635881, 36.807904198849819 ], [ 128.723519785179633, 36.802303885635872 ], [ 128.721262644196287, 36.801008137574449 ], [ 128.723326785473773, 36.800078394493873 ], [ 128.722421992612226, 36.798587686418649 ], [ 128.724498881442941, 36.793401124999392 ], [ 128.727654988249924, 36.792687784214671 ], [ 128.728294478585639, 36.790063082735884 ], [ 128.731004554712797, 36.790227771031304 ], [ 128.732731037657061, 36.79461920505296 ], [ 128.735392629638653, 36.795731702466632 ], [ 128.734317344953041, 36.799067580573706 ], [ 128.736176687574556, 36.802033175474129 ], [ 128.738241061853358, 36.799006746268461 ], [ 128.743402586775971, 36.797722739218287 ], [ 128.740978675617669, 36.790270444114405 ], [ 128.737072277048156, 36.791265110292116 ], [ 128.736421597802348, 36.785448579119411 ], [ 128.738889659886127, 36.781629225302524 ], [ 128.745569319470633, 36.777321584751306 ], [ 128.735389258787222, 36.763849388833151 ], [ 128.743020263149617, 36.755942072032312 ], [ 128.742954681128197, 36.749945502581575 ], [ 128.736883083015698, 36.74404175749725 ], [ 128.737457984652309, 36.738842503309925 ], [ 128.733893810741051, 36.736832566079102 ], [ 128.73183462384344, 36.728957679161276 ], [ 128.734790744688979, 36.727449688579235 ], [ 128.735567441744536, 36.724891640178171 ], [ 128.729175753387835, 36.714089541214356 ], [ 128.730897161276289, 36.710909911463943 ], [ 128.737477410993762, 36.707107332139536 ], [ 128.738380857430741, 36.702532547608989 ], [ 128.735190493724559, 36.701678061790666 ], [ 128.737402603767237, 36.697998728909809 ], [ 128.729080827438878, 36.695370330248544 ], [ 128.72603175298579, 36.698224272088112 ], [ 128.723715837938016, 36.698436310754133 ], [ 128.72082975718692, 36.702483843770402 ], [ 128.715908963485361, 36.703387684021557 ], [ 128.707543852843457, 36.699885268181845 ], [ 128.698519842091713, 36.7067405699487 ], [ 128.693792136400674, 36.702553158533192 ], [ 128.680767660305946, 36.700279269879154 ], [ 128.673574438415102, 36.704430573436312 ], [ 128.673086565025869, 36.70851139889006 ], [ 128.669531571319027, 36.709146088238747 ], [ 128.666879840171902, 36.712714052675693 ], [ 128.662258728764499, 36.714391995645677 ], [ 128.660109558335364, 36.71258249214732 ], [ 128.651885854538364, 36.710947163949442 ], [ 128.651559029921117, 36.709760667033947 ], [ 128.641415023718309, 36.718233270699358 ], [ 128.630549663767994, 36.71978553857506 ], [ 128.627713265206495, 36.716588847040668 ], [ 128.618165376984308, 36.715255904137436 ], [ 128.615243722232663, 36.71231487412043 ], [ 128.606646772262081, 36.717151896143761 ], [ 128.598178511895696, 36.715061410871343 ], [ 128.595476751518902, 36.710251260869164 ], [ 128.597652862044413, 36.706964070324652 ], [ 128.59672384545604, 36.702775237326371 ], [ 128.594740420150913, 36.701282457471265 ], [ 128.589352483730039, 36.701324878776724 ], [ 128.589777657813954, 36.704687620137101 ], [ 128.586272845161972, 36.708899308367023 ], [ 128.583386269111656, 36.709355550443306 ], [ 128.582624863885059, 36.71750836573473 ], [ 128.584464135381666, 36.723691940867141 ], [ 128.580733421027588, 36.723589458003694 ], [ 128.577001711262653, 36.726158954069298 ], [ 128.578080654226142, 36.73277222697795 ], [ 128.57694515795697, 36.734381510850731 ], [ 128.577715620995804, 36.732370194570997 ], [ 128.575197781819043, 36.732822211755675 ], [ 128.575989784487234, 36.733987287738053 ], [ 128.572879034271949, 36.736177901177442 ], [ 128.570189365353173, 36.735671650854158 ], [ 128.569170977707756, 36.739076005608482 ], [ 128.571204118958946, 36.743018743755044 ], [ 128.565910563887314, 36.748062364216715 ], [ 128.566081096986693, 36.752411472249136 ], [ 128.562926908007654, 36.75523592662487 ], [ 128.560956038169422, 36.760484020632113 ], [ 128.558146369081754, 36.760017942161269 ], [ 128.553897250961484, 36.762684722072834 ], [ 128.551329844073507, 36.769110918525307 ], [ 128.544936614148355, 36.766557715334173 ], [ 128.539385600599104, 36.769215255686177 ], [ 128.536656378506223, 36.773530624280426 ], [ 128.525173157627989, 36.770156133529674 ], [ 128.520016413614798, 36.771930637736602 ], [ 128.511290793693206, 36.765085535430757 ], [ 128.506390377719839, 36.76382227770813 ], [ 128.502136866650773, 36.766242607164799 ], [ 128.499343483654712, 36.764700174975026 ], [ 128.495156768903172, 36.770090254792514 ], [ 128.49084323153869, 36.771289205840795 ], [ 128.489851834966544, 36.773468858391091 ], [ 128.484685139136872, 36.775998536842692 ], [ 128.47504948523806, 36.776637511532485 ], [ 128.476055178126586, 36.793777433402077 ], [ 128.471170171261832, 36.803520794737018 ], [ 128.47317810085886, 36.81741588055062 ], [ 128.475877701796577, 36.818175047268532 ], [ 128.477535432324572, 36.823946617403323 ], [ 128.482616678175191, 36.829852663169952 ], [ 128.481588406746653, 36.834675484428629 ], [ 128.462755588289582, 36.846951125744255 ], [ 128.459326693896571, 36.845396182689235 ], [ 128.448994180888548, 36.848606462171055 ], [ 128.446659113118017, 36.853371696826507 ], [ 128.449126236068736, 36.862874192116507 ], [ 128.447998098073271, 36.864388354856331 ], [ 128.438428325074455, 36.873270764696301 ], [ 128.423969748565838, 36.876528447914126 ], [ 128.42815843698952, 36.884767575695562 ], [ 128.426786325385336, 36.889244909844649 ], [ 128.440280522020942, 36.90124958309088 ], [ 128.443099453235504, 36.912401449210805 ], [ 128.444749730007146, 36.913693499197358 ], [ 128.445174357858519, 36.917413728831129 ], [ 128.442827545427946, 36.919845669866049 ], [ 128.441593662899692, 36.92734856938123 ], [ 128.452668094345768, 36.930718403116515 ], [ 128.455980922774614, 36.934052701734153 ], [ 128.460395493506383, 36.934005030908402 ], [ 128.460190284426801, 36.937720812182221 ], [ 128.463423151547062, 36.943757477792467 ], [ 128.462781735843237, 36.947384301677104 ], [ 128.467169591744863, 36.951450333020055 ], [ 128.476421822718663, 36.957256736739211 ], [ 128.484895761876743, 36.957471300960101 ], [ 128.486420488583633, 36.962183608090335 ], [ 128.50672810924911, 36.970082441307177 ], [ 128.506418444618021, 36.973192538104215 ], [ 128.514614227662605, 36.97758139663366 ], [ 128.515474799002476, 36.98682341786742 ], [ 128.529683626344394, 36.990810650171824 ], [ 128.535533881547678, 36.990224996372149 ], [ 128.543027407178926, 36.992092340714066 ], [ 128.554731215904638, 36.998286062593337 ], [ 128.555939885623985, 37.00570306303328 ], [ 128.562922449196321, 37.007893984289872 ], [ 128.563463552658305, 37.010128616015948 ], [ 128.569143621736032, 37.012771289187455 ], [ 128.572905948583667, 37.020799652896265 ], [ 128.566926022852556, 37.025995696832048 ], [ 128.565644719977911, 37.031530246199445 ], [ 128.571584163428639, 37.035651465600715 ], [ 128.577734075284752, 37.035567099717703 ], [ 128.58352592410975, 37.043733643310141 ], [ 128.596831113018737, 37.041765899187716 ], [ 128.601639214199338, 37.044097166962651 ], [ 128.606788373813373, 37.0433957923142 ], [ 128.608436854524342, 37.052814516040236 ], [ 128.621714407133965, 37.049075063119801 ], [ 128.622831979723486, 37.045337105308647 ], [ 128.632924770231426, 37.040501868469242 ], [ 128.634085206212148, 37.045667593936258 ], [ 128.637754317338278, 37.051033541618075 ], [ 128.636741740139854, 37.052431333219317 ], [ 128.639038141598405, 37.05250185194226 ], [ 128.646134151693019, 37.061087846826773 ], [ 128.651579720979697, 37.063220416236568 ], [ 128.653303905874935, 37.065514989200665 ] ] ] } },
{ "type": "Feature", "properties": { "region_code": 47230, "region_name": "영천시" }, "geometry": { "type": "Polygon", "coordinates": [ [ [ 128.919559132107821, 36.184593443497903 ], [ 128.92923236960354, 36.179459444640862 ], [ 128.929951349349892, 36.181077252487952 ], [ 128.933489745976772, 36.178351770350382 ], [ 128.937275291479693, 36.179362924601925 ], [ 128.949879602884522, 36.168966618454043 ], [ 128.962739201870022, 36.166548923147886 ], [ 128.9689789291171, 36.161265214974179 ], [ 128.973776857268604, 36.161752229097829 ], [ 128.973672023533709, 36.160626541353942 ], [ 128.976421976776891, 36.164764521976529 ], [ 128.982596051996666, 36.167434904624493 ], [ 128.99390299203057, 36.168215411602809 ], [ 129.001140109811303, 36.166465341644354 ], [ 129.005774603639964, 36.163497495809501 ], [ 129.012751873499781, 36.163658690679163 ], [ 129.019516171647268, 36.160358329085838 ], [ 129.030702496254349, 36.158881526467937 ], [ 129.036401208657765, 36.155530061648669 ], [ 129.044336294514693, 36.15597076064212 ], [ 129.047319484999235, 36.15025719870728 ], [ 129.053773303360828, 36.149249708768522 ], [ 129.055377803941724, 36.146284598594065 ], [ 129.063281498222608, 36.142956445830649 ], [ 129.064541962204345, 36.135005454539652 ], [ 129.059365676733989, 36.129603349721229 ], [ 129.06674712925718, 36.12373043183981 ], [ 129.068088213657774, 36.117887878175502 ], [ 129.070978226390253, 36.114094346222068 ], [ 129.076154930289505, 36.113746797919404 ], [ 129.078511972495392, 36.111407788672004 ], [ 129.081012664876397, 36.117591841428762 ], [ 129.089168992760335, 36.118249385075167 ], [ 129.097983977430772, 36.121929118634711 ], [ 129.104167869245771, 36.116892691748973 ], [ 129.105182380507955, 36.114046306415887 ], [ 129.099483078158784, 36.10632118140142 ], [ 129.09355169741454, 36.104220996641502 ], [ 129.093969941227215, 36.09621253389605 ], [ 129.105141164011201, 36.085466286561484 ], [ 129.110915251626722, 36.083270632870011 ], [ 129.112363932025715, 36.079046826188787 ], [ 129.128004968652021, 36.080640564965925 ], [ 129.134873306387107, 36.074112259504453 ], [ 129.133588945817536, 36.068274397986933 ], [ 129.137396941660086, 36.064467009220053 ], [ 129.137132487834236, 36.061052821110927 ], [ 129.144060505607115, 36.057146440898848 ], [ 129.148597391740594, 36.058099072886094 ], [ 129.151326974721968, 36.054831164524025 ], [ 129.150926611027529, 36.050895110538136 ], [ 129.147453720470168, 36.049504443476913 ], [ 129.145435205432193, 36.043949705767631 ], [ 129.141915203825022, 36.040586467433947 ], [ 129.138771513894909, 36.040244426947822 ], [ 129.137225918638933, 36.03628971480115 ], [ 129.134823443148122, 36.036494401068076 ], [ 129.134139701396094, 36.034562883578481 ], [ 129.142400463011825, 36.022232025974787 ], [ 129.144971495403041, 36.012068935442763 ], [ 129.144033423569425, 36.010394864575886 ], [ 129.136875253939536, 36.008314754689039 ], [ 129.134907021308663, 36.00629008442295 ], [ 129.126626839602977, 36.005338714276597 ], [ 129.122916503792169, 36.006465944412142 ], [ 129.116634104118674, 36.013485628499062 ], [ 129.114772728817826, 36.01350154942692 ], [ 129.110933335755846, 36.005997644889433 ], [ 129.113363899429061, 36.000694211994841 ], [ 129.111312950536671, 35.996120383178493 ], [ 129.113946656075569, 35.992962335228015 ], [ 129.114056654756183, 35.988941486912033 ], [ 129.117208178217737, 35.985467049124047 ], [ 129.117985523479121, 35.974647344649824 ], [ 129.116533493791849, 35.971353750676236 ], [ 129.118737629224285, 35.969255143002499 ], [ 129.116135216597598, 35.961734831711397 ], [ 129.123119710555414, 35.954836523038942 ], [ 129.124608703770747, 35.950819696906834 ], [ 129.128091145872617, 35.949051392676566 ], [ 129.128327846982444, 35.945209325774712 ], [ 129.130618551509315, 35.94388387013484 ], [ 129.129615258879198, 35.940263433622761 ], [ 129.133308718671771, 35.938290763577704 ], [ 129.136111852147167, 35.932997144984171 ], [ 129.13171386605211, 35.925413892749738 ], [ 129.127372402644539, 35.921783924974889 ], [ 129.1241163303512, 35.922860012583044 ], [ 129.121566322166416, 35.922067119829187 ], [ 129.118858340202991, 35.919462745340525 ], [ 129.118932100741404, 35.917075080649326 ], [ 129.115669408229564, 35.917028686822455 ], [ 129.109544194496806, 35.930236262365064 ], [ 129.095003874552219, 35.940522845085056 ], [ 129.087614096963989, 35.938298686693635 ], [ 129.083294284121848, 35.939934778414248 ], [ 129.081640311352345, 35.937573705411452 ], [ 129.078435945737823, 35.941600871640539 ], [ 129.07236330206311, 35.942507769091343 ], [ 129.064984597949092, 35.941279647677526 ], [ 129.058225604919471, 35.933025162426077 ], [ 129.061730290441943, 35.929683795911686 ], [ 129.060800797080447, 35.92711089636817 ], [ 129.056098424553909, 35.924037234283382 ], [ 129.054799880328346, 35.91994105869032 ], [ 129.046896763287094, 35.918353007542009 ], [ 129.045603844515, 35.912704632552789 ], [ 129.037500784470041, 35.912531111047244 ], [ 129.035030369463612, 35.908595364505658 ], [ 129.026422671458249, 35.906559166223303 ], [ 129.027690651857256, 35.902806237833417 ], [ 129.025951329147119, 35.89949768993403 ], [ 129.027859868903988, 35.898068273395801 ], [ 129.026029843596717, 35.896452451244365 ], [ 129.024957905770634, 35.890546297247013 ], [ 129.029771124649244, 35.883754103650759 ], [ 129.02862465398357, 35.882649377995349 ], [ 129.032614950741703, 35.870663354275294 ], [ 129.026819486049249, 35.863664179718278 ], [ 129.0240770341006, 35.863435286517813 ], [ 129.018810421973228, 35.856643047498814 ], [ 129.016299150778195, 35.849903489007296 ], [ 129.013091411435028, 35.84691246268752 ], [ 129.015229695522009, 35.846199200439365 ], [ 129.013146684977187, 35.844513324775399 ], [ 129.009889127390807, 35.844948675563948 ], [ 129.004321862502223, 35.842323247590834 ], [ 128.993724640520753, 35.840354562207644 ], [ 128.991109633277091, 35.838070609109415 ], [ 128.988218451136191, 35.837885208049904 ], [ 128.987310013164318, 35.834620818904831 ], [ 128.977511269472274, 35.832645096106603 ], [ 128.970417541034237, 35.835643798590795 ], [ 128.969071620391134, 35.841474693220292 ], [ 128.959239908444715, 35.841897906339014 ], [ 128.950096417514203, 35.832715366020508 ], [ 128.948239833791632, 35.832964509097003 ], [ 128.944583528648252, 35.83008980970952 ], [ 128.942066156779589, 35.831632692399062 ], [ 128.940447031097676, 35.835476005606914 ], [ 128.935065722048961, 35.8357329769781 ], [ 128.933240085395852, 35.837280414607967 ], [ 128.927496643128904, 35.836456877043652 ], [ 128.92464619032495, 35.834381783446503 ], [ 128.922881178095992, 35.836186105496893 ], [ 128.918054406880543, 35.835761238014449 ], [ 128.915023777235405, 35.837269396286459 ], [ 128.914317293161162, 35.833647823410423 ], [ 128.909585323017296, 35.831572263418508 ], [ 128.906994219794484, 35.835032050126117 ], [ 128.902409966872256, 35.837045057457097 ], [ 128.896308787287552, 35.83697463084642 ], [ 128.892446470028233, 35.844695244823505 ], [ 128.883220405445002, 35.843219446221205 ], [ 128.88129431037288, 35.847630575803954 ], [ 128.875656384757207, 35.851489475574077 ], [ 128.875660363828871, 35.860245822640728 ], [ 128.873782836539476, 35.864602504169582 ], [ 128.861386708106807, 35.872085946348008 ], [ 128.859042681210042, 35.877601917872575 ], [ 128.866248230330967, 35.883722376305116 ], [ 128.870802345458401, 35.884238035156784 ], [ 128.874820096885145, 35.888980343890729 ], [ 128.870597295201719, 35.891697015796233 ], [ 128.870016538372255, 35.894304635996022 ], [ 128.855195360488295, 35.900114605288017 ], [ 128.853401020951623, 35.908417910143669 ], [ 128.855981623709681, 35.914320111042215 ], [ 128.852631033849661, 35.920464860016146 ], [ 128.85721389058844, 35.924371692312974 ], [ 128.856928385141771, 35.926569802698502 ], [ 128.862380744484142, 35.929243509103372 ], [ 128.859604598477887, 35.933800366182744 ], [ 128.861812059877622, 35.937060638262281 ], [ 128.859807802410984, 35.940539883806366 ], [ 128.860441753901426, 35.946580040384653 ], [ 128.85814543571297, 35.950308433483485 ], [ 128.859612635022529, 35.953334945277469 ], [ 128.857384055794, 35.955297262397806 ], [ 128.854267217730239, 35.954825409602208 ], [ 128.851962931381252, 35.959741880733745 ], [ 128.845693036217398, 35.963258855542009 ], [ 128.840941330500669, 35.962618350604956 ], [ 128.836716212564454, 35.967762043175142 ], [ 128.827771358059721, 35.963919760314084 ], [ 128.813237666577379, 35.965458950137162 ], [ 128.811357035781157, 35.967771026503208 ], [ 128.811876305577357, 35.973443405482861 ], [ 128.809027874321202, 35.973831752879327 ], [ 128.793762551370236, 35.983813617524653 ], [ 128.79055591484402, 35.983342758162479 ], [ 128.786758505123032, 35.988179848076634 ], [ 128.784035183212666, 35.98769644533602 ], [ 128.782805973858501, 35.985203161847643 ], [ 128.777104022423345, 35.985532849022128 ], [ 128.769890062341858, 35.982977398878681 ], [ 128.765293030731158, 35.984137789613534 ], [ 128.756439228584298, 35.990208949878166 ], [ 128.748660305873386, 35.990538088614954 ], [ 128.740001383712553, 35.99387237911332 ], [ 128.734700677869426, 35.993075701193895 ], [ 128.73187303228238, 35.997527135414373 ], [ 128.728212742552955, 35.998355082351793 ], [ 128.727814282603788, 36.002226886243342 ], [ 128.722659089188227, 36.006131388818588 ], [ 128.701382073091736, 36.010852600329585 ], [ 128.696801235028204, 36.013172195510741 ], [ 128.694159425391149, 36.018213343441609 ], [ 128.699801625637718, 36.0270810400622 ], [ 128.696442900928929, 36.035132540904456 ], [ 128.704106402717485, 36.044405054126287 ], [ 128.704787299274983, 36.048614017240951 ], [ 128.702873610707599, 36.055510896847345 ], [ 128.70447219513278, 36.059377426137985 ], [ 128.707494911555983, 36.060934967297015 ], [ 128.709819431937206, 36.065899296485071 ], [ 128.711892549656682, 36.066749774104686 ], [ 128.714039008448992, 36.075484046318387 ], [ 128.721439170160323, 36.073129676813537 ], [ 128.724825729989448, 36.074507106521644 ], [ 128.729303965278575, 36.082738675523288 ], [ 128.727495237914695, 36.086809721334745 ], [ 128.72293129679008, 36.090273938427998 ], [ 128.726540932119832, 36.093226697878464 ], [ 128.729107573628283, 36.092551306970144 ], [ 128.733610094429906, 36.094261360543932 ], [ 128.736111416718018, 36.097010269013808 ], [ 128.735787249089128, 36.099140061430319 ], [ 128.740237235329317, 36.099633403919313 ], [ 128.743745915273848, 36.102001893563838 ], [ 128.745012609535308, 36.109310040874767 ], [ 128.751644783012864, 36.103049665395815 ], [ 128.752748928904339, 36.095825936279738 ], [ 128.750264502590596, 36.092068339671179 ], [ 128.75367340433985, 36.090780221383739 ], [ 128.758583541154337, 36.096838812208667 ], [ 128.764520064743948, 36.100656905819278 ], [ 128.766846571443352, 36.100184966849184 ], [ 128.769433402156636, 36.096912696368676 ], [ 128.776484273278953, 36.095671207271536 ], [ 128.78735398397734, 36.089591316006604 ], [ 128.78897867778781, 36.085933029471647 ], [ 128.795217479159959, 36.087059747198573 ], [ 128.79853153565216, 36.085317328887704 ], [ 128.810639892109066, 36.089040086265875 ], [ 128.818832446188111, 36.094130054086129 ], [ 128.818261073878887, 36.096910830761715 ], [ 128.822280096396298, 36.100467971416244 ], [ 128.829863293862928, 36.102748998041626 ], [ 128.832619026820282, 36.101991949530756 ], [ 128.83734703188918, 36.107842872792276 ], [ 128.837838768009931, 36.113051978318268 ], [ 128.843141626333107, 36.112922794663518 ], [ 128.845048188674753, 36.116325118895723 ], [ 128.850952988346393, 36.118176779110605 ], [ 128.85245597420149, 36.12129430857054 ], [ 128.850901273188413, 36.124264664260082 ], [ 128.853443177056249, 36.128418461703262 ], [ 128.850631186632256, 36.137426179687075 ], [ 128.858574126940482, 36.14496943754439 ], [ 128.867983498759969, 36.14523545446184 ], [ 128.876528908787634, 36.142627228523125 ], [ 128.891585081416565, 36.143478984714861 ], [ 128.890039482424811, 36.14725163790056 ], [ 128.892167434172705, 36.152066035994473 ], [ 128.891605758655373, 36.155040619378056 ], [ 128.895479382681231, 36.159822185482852 ], [ 128.900196656293332, 36.162377524419846 ], [ 128.894447401372247, 36.169406689710812 ], [ 128.89727545129648, 36.176716806282201 ], [ 128.906023423860262, 36.177512371798947 ], [ 128.909601047341681, 36.180726256182005 ], [ 128.914600261309602, 36.17977809618715 ], [ 128.919559132107821, 36.184593443497903 ] ] ] } },
{ "type": "Feature", "properties": { "region_code": 47250, "region_name": "상주시" }, "geometry": { "type": "Polygon", "coordinates": [ [ [ 127.880023049618032, 36.656663132432961 ], [ 127.882354153267883, 36.646503175464389 ], [ 127.889239948735877, 36.639842589670131 ], [ 127.887885561215228, 36.634899148989227 ], [ 127.88933617203503, 36.629724665323408 ], [ 127.89704863513127, 36.626755343866208 ], [ 127.902239715126456, 36.627591851545056 ], [ 127.908592455876601, 36.625926598943288 ], [ 127.911802457419242, 36.614538687514354 ], [ 127.918802960968705, 36.608681260082079 ], [ 127.919962191574101, 36.601118324566649 ], [ 127.923947076775278, 36.60201635362759 ], [ 127.924900677731955, 36.59824372234204 ], [ 127.932835018726081, 36.591137088064599 ], [ 127.933189067417985, 36.583019721949505 ], [ 127.930545404122697, 36.577584646314961 ], [ 127.937153941561633, 36.57079184922258 ], [ 127.936502943126413, 36.564441471582242 ], [ 127.932831411790005, 36.557975063933206 ], [ 127.940033098641067, 36.551144586332484 ], [ 127.939914544377444, 36.548801239903071 ], [ 127.935700366752528, 36.544416969846246 ], [ 127.937771716690079, 36.53762004451567 ], [ 127.93027699495633, 36.536021648569871 ], [ 127.931870988743171, 36.532196147500798 ], [ 127.939240975256794, 36.52651943237845 ], [ 127.95281150426888, 36.523110598457841 ], [ 127.958125164313586, 36.524406355318405 ], [ 127.96008731764644, 36.520759384988182 ], [ 127.976940135187334, 36.513023183531885 ], [ 127.979587091473491, 36.513859423860858 ], [ 127.978206031542712, 36.519791228075462 ], [ 127.981169431648865, 36.527500519029168 ], [ 127.977636578996382, 36.533055122508777 ], [ 127.980898270855363, 36.536234977620097 ], [ 127.978505927726957, 36.543301947726221 ], [ 127.982017197711386, 36.54542398431078 ], [ 127.991239667329324, 36.544585887177504 ], [ 127.995367040647906, 36.546607995673128 ], [ 127.997531150842221, 36.549794744334918 ], [ 128.004727435375287, 36.550658226712272 ], [ 128.011585826579079, 36.548171428373223 ], [ 128.016506440649607, 36.54395050544278 ], [ 128.01892091951521, 36.54528012372468 ], [ 128.023324254047907, 36.544635426562472 ], [ 128.027497348930638, 36.547435136454304 ], [ 128.037739694311881, 36.548258673841623 ], [ 128.05406086216064, 36.546205118957545 ], [ 128.055959880889844, 36.547419792511946 ], [ 128.055139865247355, 36.549655365027341 ], [ 128.05851340951665, 36.554225645961324 ], [ 128.058115815240768, 36.55681347074735 ], [ 128.062979417977942, 36.561452854186101 ], [ 128.066222021518314, 36.56142116817545 ], [ 128.061333546060297, 36.569081265013196 ], [ 128.06061109874463, 36.574223983408551 ], [ 128.058749318719862, 36.574574502645611 ], [ 128.056659798256561, 36.57875907721224 ], [ 128.057983531374589, 36.581882875407587 ], [ 128.056429273744783, 36.582783779146801 ], [ 128.057366257794712, 36.585557592364346 ], [ 128.06235055106734, 36.58724486118394 ], [ 128.061444153057522, 36.588583458973162 ], [ 128.06468960591917, 36.588980996698837 ], [ 128.068306256906197, 36.59272275943264 ], [ 128.068582427365186, 36.596194168325013 ], [ 128.072107604302317, 36.598849262263279 ], [ 128.0715056283683, 36.605321525528637 ], [ 128.078816349607536, 36.607448065544027 ], [ 128.081489279166419, 36.606916804844296 ], [ 128.083688765919561, 36.609397720530588 ], [ 128.086745033169791, 36.609801651244688 ], [ 128.092084763819543, 36.608386107895882 ], [ 128.101631763181814, 36.608658796440231 ], [ 128.10526763949008, 36.606633090337276 ], [ 128.112306317567317, 36.610925226179674 ], [ 128.112387543144933, 36.618909889390714 ], [ 128.119698492455655, 36.621926876675161 ], [ 128.121064028280159, 36.620087177272467 ], [ 128.125368367258062, 36.619188797202632 ], [ 128.127043525793511, 36.615698061240515 ], [ 128.136130516049775, 36.612974915374686 ], [ 128.137199088535056, 36.611185243524432 ], [ 128.145301259455692, 36.607704072512931 ], [ 128.147067604502467, 36.603226982518251 ], [ 128.150842943255611, 36.59967659303851 ], [ 128.15825613278929, 36.600237272483987 ], [ 128.16156229885388, 36.598501486281677 ], [ 128.162107874897686, 36.596552455392292 ], [ 128.176751498788519, 36.596423492406913 ], [ 128.181052700419457, 36.585024053723423 ], [ 128.177835150892093, 36.584133914941113 ], [ 128.181250235606711, 36.58166616535128 ], [ 128.183144441329148, 36.581169496534756 ], [ 128.190282062067922, 36.583787019564483 ], [ 128.201596814692977, 36.578740643209436 ], [ 128.206697603498611, 36.578519916272938 ], [ 128.207844881214527, 36.577174759740494 ], [ 128.206154976885159, 36.572209335706958 ], [ 128.217622257393032, 36.572639532709609 ], [ 128.219288071767863, 36.575085722335082 ], [ 128.220364443089636, 36.569596549588539 ], [ 128.21652939087241, 36.562473654451672 ], [ 128.218572206032206, 36.557307622532946 ], [ 128.216838645522728, 36.557073483623839 ], [ 128.216366196531425, 36.545566170650275 ], [ 128.217048885771135, 36.539464727176778 ], [ 128.222302245439352, 36.534714485260039 ], [ 128.235751473351257, 36.530047603379607 ], [ 128.252449744369756, 36.535274002359785 ], [ 128.259592923715985, 36.534461454690039 ], [ 128.265164475646799, 36.531881587603905 ], [ 128.267966876506676, 36.535791442253746 ], [ 128.27085071594604, 36.519219665467972 ], [ 128.269371628542899, 36.517015528978767 ], [ 128.266598064627658, 36.516310761044743 ], [ 128.264370822372541, 36.507123890957729 ], [ 128.270304743349357, 36.486775648644858 ], [ 128.26633146974163, 36.483728756024846 ], [ 128.26204564435028, 36.476982840345727 ], [ 128.265067099659859, 36.475849541239022 ], [ 128.267445783584122, 36.477561924051741 ], [ 128.271024452673032, 36.477218200848213 ], [ 128.279177164625565, 36.471837792576743 ], [ 128.278535956120464, 36.466717992045758 ], [ 128.280583061056177, 36.46354829765982 ], [ 128.291146974534655, 36.461834530727621 ], [ 128.295287155050914, 36.465087198270254 ], [ 128.299637806390535, 36.463469582489324 ], [ 128.308745739914315, 36.454387547813717 ], [ 128.313514620708844, 36.454591029222804 ], [ 128.318478213127747, 36.446812068767876 ], [ 128.323350295302532, 36.444736435230716 ], [ 128.325895793901424, 36.440315534352585 ], [ 128.326507541359348, 36.436932552956911 ], [ 128.321644759723711, 36.43225179937334 ], [ 128.323024112619805, 36.427654275991763 ], [ 128.321747410285354, 36.423591917009546 ], [ 128.328884969457135, 36.423666550290903 ], [ 128.333960482548548, 36.420682491927394 ], [ 128.332470749783937, 36.418776621211762 ], [ 128.333045986564343, 36.410590883387762 ], [ 128.337237951542647, 36.408766444456901 ], [ 128.339037092494237, 36.404945239379359 ], [ 128.333330838630616, 36.400326369353799 ], [ 128.332433341351589, 36.395424282044544 ], [ 128.326630662982694, 36.386161966631001 ], [ 128.32313852004981, 36.385498495841489 ], [ 128.317495407137244, 36.387629962017556 ], [ 128.311319240310723, 36.375122571120521 ], [ 128.310953621718568, 36.365407234049805 ], [ 128.30778320200136, 36.361356830051442 ], [ 128.307244400942551, 36.363054365806065 ], [ 128.296698435148102, 36.352676474671405 ], [ 128.287682200866044, 36.346302369860311 ], [ 128.282112753456261, 36.346268973771046 ], [ 128.282086845666981, 36.349009170038975 ], [ 128.277338638585718, 36.350118761926723 ], [ 128.278909474141699, 36.353782446917123 ], [ 128.277707576392373, 36.357385695875799 ], [ 128.270034460130518, 36.361948361641723 ], [ 128.263886365166087, 36.361020401889476 ], [ 128.258400520692533, 36.362466835804156 ], [ 128.253124413587273, 36.35949699925159 ], [ 128.250958479476736, 36.357047774965203 ], [ 128.251312202504124, 36.35131529463743 ], [ 128.246618860643707, 36.350162116781867 ], [ 128.236872431195252, 36.335200442521227 ], [ 128.231923230358774, 36.331632778411837 ], [ 128.231750177283658, 36.319396246129436 ], [ 128.228901177094144, 36.303148040591758 ], [ 128.219423111281742, 36.30720272744631 ], [ 128.213641860039388, 36.305340775521785 ], [ 128.205591546957521, 36.298655509943558 ], [ 128.198692451373461, 36.297888792086574 ], [ 128.19424552374096, 36.300344590364091 ], [ 128.191935971219237, 36.299586643344803 ], [ 128.189848469242634, 36.300763426532896 ], [ 128.18491795051429, 36.297351933022078 ], [ 128.173441286812931, 36.298113895298584 ], [ 128.169581160015781, 36.29989081278395 ], [ 128.164887232624579, 36.297052094600019 ], [ 128.154848795531279, 36.295271211940836 ], [ 128.149055369547227, 36.288956338716176 ], [ 128.145588583540956, 36.289227826314338 ], [ 128.143332765690161, 36.286901045298208 ], [ 128.13993039983626, 36.286397268771488 ], [ 128.137235336598138, 36.282494132824006 ], [ 128.137666081145795, 36.279916278865727 ], [ 128.134784143987332, 36.276350517942312 ], [ 128.132779894855304, 36.267787100875537 ], [ 128.137552838114431, 36.261624532305717 ], [ 128.135735804563865, 36.254371500330436 ], [ 128.131547724643326, 36.25300761899269 ], [ 128.13113698011162, 36.251235989297747 ], [ 128.120581611489712, 36.253165643368035 ], [ 128.119742083815339, 36.248709757354689 ], [ 128.121388131922515, 36.246215656297942 ], [ 128.119138750450503, 36.243060190216617 ], [ 128.114263386251679, 36.24128984451842 ], [ 128.109959562148561, 36.237316056011494 ], [ 128.102475469789738, 36.243119817182894 ], [ 128.096652603145344, 36.252271674695109 ], [ 128.092663171127583, 36.252136915932496 ], [ 128.091416985681803, 36.253731190833946 ], [ 128.087749113554509, 36.249152125714453 ], [ 128.08353125638456, 36.248020830354719 ], [ 128.07716005601668, 36.241353234741887 ], [ 128.071099821090456, 36.243194660669211 ], [ 128.066671515148414, 36.242890859485904 ], [ 128.060938892357058, 36.246668585488841 ], [ 128.057301832417949, 36.243601651282063 ], [ 128.050420875720334, 36.244249335245556 ], [ 128.045511368675619, 36.25231638527584 ], [ 128.047352429043769, 36.256551059425433 ], [ 128.031813817889031, 36.261692451315618 ], [ 128.030006071963811, 36.264521852482794 ], [ 128.026915995120305, 36.265354095666133 ], [ 128.026224892120467, 36.267896008707233 ], [ 128.019034326025121, 36.26729440960581 ], [ 128.010316689981636, 36.272151935154056 ], [ 128.000477770062446, 36.266438410850562 ], [ 127.998403679085726, 36.268407055877027 ], [ 127.994408062395877, 36.267441240016751 ], [ 127.990528198167638, 36.263378275366286 ], [ 127.98114627314078, 36.26370894072361 ], [ 127.976718671881741, 36.259286705916963 ], [ 127.978323871140233, 36.254587678771877 ], [ 127.97056216203309, 36.250401038150571 ], [ 127.968115030825075, 36.25032935573693 ], [ 127.964815590310735, 36.253183835977367 ], [ 127.960167419959376, 36.252371206068901 ], [ 127.95460760085912, 36.257215101092427 ], [ 127.949251243627742, 36.256646726165926 ], [ 127.94735882270237, 36.267237336260429 ], [ 127.94280292985907, 36.266729512838545 ], [ 127.937931128552393, 36.269060269163027 ], [ 127.930907253071879, 36.278013304539463 ], [ 127.918432047612214, 36.280222008810675 ], [ 127.908109240196168, 36.285509546327219 ], [ 127.90557108633142, 36.291222211516057 ], [ 127.904286809517998, 36.301453962118543 ], [ 127.889914638931756, 36.289235493222172 ], [ 127.882635547545149, 36.273749667017007 ], [ 127.876426035946324, 36.275793540528632 ], [ 127.867387972447347, 36.276601348096484 ], [ 127.864837348157053, 36.275632528356233 ], [ 127.860872831498483, 36.277080885958313 ], [ 127.852912831747801, 36.27387970188181 ], [ 127.850990807230204, 36.274461912439186 ], [ 127.849181024745462, 36.288797904371172 ], [ 127.845649860065322, 36.293688904942165 ], [ 127.846862209223602, 36.300763263863502 ], [ 127.841478171638542, 36.310001617500212 ], [ 127.844646015149763, 36.313352420681234 ], [ 127.845772201942353, 36.318117878619724 ], [ 127.850705064235328, 36.320812009148526 ], [ 127.852821950331816, 36.331955688597652 ], [ 127.854600850102202, 36.330636612763612 ], [ 127.860354343381985, 36.333685305118216 ], [ 127.861885591318284, 36.333083569590414 ], [ 127.862428492565442, 36.336270512918823 ], [ 127.865764129780558, 36.335577861394448 ], [ 127.869989819881241, 36.339871789039933 ], [ 127.870149313725278, 36.343486609904772 ], [ 127.875453825666114, 36.345590694575691 ], [ 127.882606651813802, 36.345915494964004 ], [ 127.885505924400604, 36.350161479303125 ], [ 127.885639742440304, 36.35470441120237 ], [ 127.890835923004346, 36.356570570525278 ], [ 127.891271216418417, 36.359688069738738 ], [ 127.88653198055529, 36.363608512643737 ], [ 127.883671005444882, 36.370637775493684 ], [ 127.879808341874508, 36.371384502478307 ], [ 127.88309649205577, 36.374170254423376 ], [ 127.884166719150258, 36.380013129153518 ], [ 127.879201143672347, 36.383355794327308 ], [ 127.875722402584756, 36.390593210412661 ], [ 127.864642012874427, 36.391466537780566 ], [ 127.862904646120597, 36.392967952005726 ], [ 127.866311728297404, 36.394757966304702 ], [ 127.863865607593496, 36.403042544862863 ], [ 127.869514769175055, 36.403644292681932 ], [ 127.873316645311377, 36.406109068120458 ], [ 127.875689592328882, 36.414351553664588 ], [ 127.882710369419044, 36.422173645316953 ], [ 127.882723609034883, 36.424352291965533 ], [ 127.872994314958333, 36.424282232208157 ], [ 127.875472250112296, 36.429670309869174 ], [ 127.873353849108554, 36.436356837117877 ], [ 127.874238082455875, 36.438305369356172 ], [ 127.871392796323732, 36.441572293388241 ], [ 127.873130297394326, 36.442251312675019 ], [ 127.874771390268094, 36.448818200046986 ], [ 127.878319435993063, 36.450489358327921 ], [ 127.878977703166839, 36.457743317102398 ], [ 127.881961254548372, 36.461838926029863 ], [ 127.87836729652129, 36.467076399265764 ], [ 127.880816220694797, 36.468518149204783 ], [ 127.880315346869779, 36.473995263576967 ], [ 127.88238176328565, 36.475871586245013 ], [ 127.880618615176815, 36.480627196778038 ], [ 127.875277736181815, 36.483165428159744 ], [ 127.876094692619333, 36.488368080187733 ], [ 127.880364160533858, 36.489965821966734 ], [ 127.880466394833846, 36.493270563725652 ], [ 127.888714704709031, 36.493136729890104 ], [ 127.894860990699343, 36.49835549879365 ], [ 127.900818473892357, 36.500016039910427 ], [ 127.90633632545665, 36.506944131557262 ], [ 127.903182261191375, 36.51101148073186 ], [ 127.903392076076557, 36.517273362450275 ], [ 127.901071884099977, 36.519455798719669 ], [ 127.902463271054728, 36.528069618822386 ], [ 127.896354174940214, 36.531195784622547 ], [ 127.892971433566984, 36.530516474641388 ], [ 127.888723890330866, 36.533688085216781 ], [ 127.879010636367866, 36.534706823523052 ], [ 127.875964073727573, 36.536722518691199 ], [ 127.874414593279198, 36.540861469005904 ], [ 127.870475776876006, 36.542824650467665 ], [ 127.872988597072293, 36.551327643297128 ], [ 127.870321709963264, 36.559153698742691 ], [ 127.866467947932833, 36.560421347420544 ], [ 127.86456333385749, 36.564013663546945 ], [ 127.860223943031997, 36.565920799323919 ], [ 127.860422747301527, 36.56795069816777 ], [ 127.852362896030584, 36.571153313308088 ], [ 127.843257561909425, 36.568980575938561 ], [ 127.842618761991446, 36.570535168684529 ], [ 127.837072842499055, 36.570100543510989 ], [ 127.834206247574329, 36.573124092837531 ], [ 127.830160486194842, 36.574275311631332 ], [ 127.827702542707399, 36.570785312559096 ], [ 127.824471249210262, 36.570907423022383 ], [ 127.81818355349651, 36.574676978076575 ], [ 127.816203230677218, 36.578081411379607 ], [ 127.804896617183829, 36.581386567745717 ], [ 127.804144261310597, 36.583472073394383 ], [ 127.798475909055568, 36.586442254861304 ], [ 127.799425858876376, 36.589534524901481 ], [ 127.796152134309807, 36.595264534846805 ], [ 127.798466869816906, 36.602077421191275 ], [ 127.80318986426424, 36.602138155014472 ], [ 127.812070192435669, 36.60758160058365 ], [ 127.818569795623063, 36.608302092142445 ], [ 127.82130295371303, 36.611430336231543 ], [ 127.820997804541804, 36.613306991501844 ], [ 127.827525030896723, 36.610767386113338 ], [ 127.832287237853421, 36.61275843154246 ], [ 127.840696856572777, 36.608294874685335 ], [ 127.849799143951074, 36.613121166838077 ], [ 127.855191529181511, 36.611877041912408 ], [ 127.858303520840479, 36.613532844035021 ], [ 127.855728465128934, 36.617578155391556 ], [ 127.84981065575478, 36.619579984943059 ], [ 127.847842913789449, 36.624935634613159 ], [ 127.850561861944399, 36.631254915674511 ], [ 127.846753176994156, 36.633988881562622 ], [ 127.852110755065198, 36.635788189879896 ], [ 127.856577230989373, 36.634465459288229 ], [ 127.861289663420095, 36.63556482604443 ], [ 127.863528583877979, 36.640696123439781 ], [ 127.870132341374102, 36.645523982739753 ], [ 127.869870461741428, 36.648815814854451 ], [ 127.872330758527852, 36.650246918563475 ], [ 127.873936017891864, 36.655045525743581 ], [ 127.880023049618032, 36.656663132432961 ] ] ] } },
{ "type": "Feature", "properties": { "region_code": 47280, "region_name": "문경시" }, "geometry": { "type": "Polygon", "coordinates": [ [ [ 128.254061802522557, 36.86644723300671 ], [ 128.265025120293103, 36.864142467092904 ], [ 128.268796781598951, 36.860214831195492 ], [ 128.276176551524202, 36.857141805145126 ], [ 128.28243416425812, 36.856398986003697 ], [ 128.286555697616649, 36.845033640397915 ], [ 128.289449861422924, 36.843555779371222 ], [ 128.295624274824519, 36.835341228841969 ], [ 128.305841018208156, 36.828916468797935 ], [ 128.310707661735904, 36.8284731770067 ], [ 128.311597030135687, 36.825038731758745 ], [ 128.315749331728654, 36.822755700507784 ], [ 128.316450392051138, 36.816661641001666 ], [ 128.320849034961242, 36.815639949081167 ], [ 128.334459734589018, 36.816960571090341 ], [ 128.3531810158307, 36.81244996932702 ], [ 128.356762404085856, 36.810616301927226 ], [ 128.35708203210956, 36.80632462995645 ], [ 128.361278507799, 36.80285986133547 ], [ 128.367631840419619, 36.802605184692155 ], [ 128.37190756314439, 36.797510829494314 ], [ 128.36459713610401, 36.775256028943033 ], [ 128.367772322931529, 36.767604940425706 ], [ 128.365760199345459, 36.762762919932726 ], [ 128.363334303422164, 36.761324237958554 ], [ 128.369094576716236, 36.751157658468379 ], [ 128.361802810284331, 36.743218870514667 ], [ 128.361726515193368, 36.740711993813605 ], [ 128.339072664047677, 36.740863176534866 ], [ 128.337045257976342, 36.736377642162616 ], [ 128.332767210057852, 36.735660673128777 ], [ 128.334700133155224, 36.723286467665901 ], [ 128.331535364754359, 36.720396439385496 ], [ 128.336268303760107, 36.71058914247336 ], [ 128.334361508700994, 36.707187225668569 ], [ 128.334917118176861, 36.703616904896968 ], [ 128.330610556372363, 36.697378191973883 ], [ 128.336897974791498, 36.693635848557619 ], [ 128.33360412950131, 36.687787265506302 ], [ 128.328173724863547, 36.68390614936299 ], [ 128.326326730595639, 36.684617136377817 ], [ 128.320421364197671, 36.678292182112855 ], [ 128.326687542268218, 36.669045793914037 ], [ 128.334226782608596, 36.665388091678423 ], [ 128.333735366893194, 36.661700645279339 ], [ 128.335448363684691, 36.658539738196289 ], [ 128.349693423600684, 36.654122267552154 ], [ 128.350478725768966, 36.652193118092399 ], [ 128.347876890220249, 36.646746287686433 ], [ 128.342403565783115, 36.645734200350155 ], [ 128.338867760944311, 36.647144252615213 ], [ 128.332035035746344, 36.641843274666627 ], [ 128.326973087818004, 36.644610991342439 ], [ 128.320005250001714, 36.644096558025609 ], [ 128.319300046034726, 36.645268192379646 ], [ 128.321845663546355, 36.648286545003984 ], [ 128.318612394668435, 36.653176287828543 ], [ 128.319969161058566, 36.656124776835689 ], [ 128.308988815922135, 36.656095522500813 ], [ 128.307870482385368, 36.652016273908572 ], [ 128.30977946284159, 36.641550554646678 ], [ 128.30698871401043, 36.638085600415401 ], [ 128.304547623613445, 36.635918246375482 ], [ 128.298340650347853, 36.635887970420697 ], [ 128.29747074130907, 36.632168561596252 ], [ 128.294868848275399, 36.631687112152221 ], [ 128.294394598276426, 36.629923471317625 ], [ 128.288617821296697, 36.629726564256494 ], [ 128.286432300786146, 36.626148724866034 ], [ 128.287336169102332, 36.62114340527814 ], [ 128.283017739134408, 36.616912329760581 ], [ 128.273265783023305, 36.615585380066491 ], [ 128.272580558840389, 36.614105051564295 ], [ 128.270004240201814, 36.614935470105628 ], [ 128.272308068926833, 36.612939263559518 ], [ 128.272235753912099, 36.609508387148608 ], [ 128.260644576639919, 36.611446943924818 ], [ 128.263592456723813, 36.604940321359024 ], [ 128.275237211962377, 36.596615137100805 ], [ 128.280202390296779, 36.590856735386417 ], [ 128.285557861929163, 36.577728469613199 ], [ 128.290641347190558, 36.579260940192022 ], [ 128.295865829236703, 36.578328626849718 ], [ 128.295599681785404, 36.564758415055721 ], [ 128.293602278015157, 36.559068372847499 ], [ 128.296944647840661, 36.553520629099644 ], [ 128.291383306796348, 36.551646535748624 ], [ 128.264978629300032, 36.551956646176002 ], [ 128.262100688291326, 36.54618741482907 ], [ 128.26338879086822, 36.542357733261312 ], [ 128.261746077968439, 36.542343334490269 ], [ 128.267506229242628, 36.53721548172107 ], [ 128.265752418843419, 36.532031373840589 ], [ 128.252449744369756, 36.535274002359785 ], [ 128.235751473351257, 36.530047603379607 ], [ 128.230152481534731, 36.53166987862317 ], [ 128.222302245439352, 36.534714485260039 ], [ 128.217048885771135, 36.539464727176778 ], [ 128.216838645522728, 36.557073483623839 ], [ 128.218572206032206, 36.557307622532946 ], [ 128.216499027627805, 36.562128215138365 ], [ 128.220364443089636, 36.569596549588539 ], [ 128.219288071767863, 36.575085722335082 ], [ 128.217622257393032, 36.572639532709609 ], [ 128.206154976885159, 36.572209335706958 ], [ 128.207844881214527, 36.577174759740494 ], [ 128.206697603498611, 36.578519916272938 ], [ 128.201596814692977, 36.578740643209436 ], [ 128.190282062067922, 36.583787019564483 ], [ 128.183144441329148, 36.581169496534756 ], [ 128.181250235606711, 36.58166616535128 ], [ 128.177835150892093, 36.584133914941113 ], [ 128.181052700419457, 36.585024053723423 ], [ 128.176751498788519, 36.596423492406913 ], [ 128.162107874897686, 36.596552455392292 ], [ 128.16156229885388, 36.598501486281677 ], [ 128.15825613278929, 36.600237272483987 ], [ 128.150842943255611, 36.59967659303851 ], [ 128.147067604502467, 36.603226982518251 ], [ 128.145301259455692, 36.607704072512931 ], [ 128.137199088535056, 36.611185243524432 ], [ 128.136130516049775, 36.612974915374686 ], [ 128.127043525793511, 36.615698061240515 ], [ 128.125368367258062, 36.619188797202632 ], [ 128.121064028280159, 36.620087177272467 ], [ 128.119698492455655, 36.621926876675161 ], [ 128.112387543144933, 36.618909889390714 ], [ 128.112306317567317, 36.610925226179674 ], [ 128.10526763949008, 36.606633090337276 ], [ 128.101631763181814, 36.608658796440231 ], [ 128.092084763819543, 36.608386107895882 ], [ 128.086745033169791, 36.609801651244688 ], [ 128.083688765919561, 36.609397720530588 ], [ 128.081489279166419, 36.606916804844296 ], [ 128.078816349607536, 36.607448065544027 ], [ 128.0715056283683, 36.605321525528637 ], [ 128.072107604302317, 36.598849262263279 ], [ 128.068582427365186, 36.596194168325013 ], [ 128.068306256906197, 36.59272275943264 ], [ 128.06468960591917, 36.588980996698837 ], [ 128.061444153057522, 36.588583458973162 ], [ 128.06235055106734, 36.58724486118394 ], [ 128.057366257794712, 36.585557592364346 ], [ 128.056429273744783, 36.582783779146801 ], [ 128.057983531374589, 36.581882875407587 ], [ 128.056659798256561, 36.57875907721224 ], [ 128.058749318719862, 36.574574502645611 ], [ 128.06061109874463, 36.574223983408551 ], [ 128.061333546060297, 36.569081265013196 ], [ 128.066222021518314, 36.56142116817545 ], [ 128.062979417977942, 36.561452854186101 ], [ 128.058115815240768, 36.55681347074735 ], [ 128.05851340951665, 36.554225645961324 ], [ 128.055139865247355, 36.549655365027341 ], [ 128.055959880889844, 36.547419792511946 ], [ 128.05406086216064, 36.546205118957545 ], [ 128.037739694311881, 36.548258673841623 ], [ 128.027497348930638, 36.547435136454304 ], [ 128.023324254047907, 36.544635426562472 ], [ 128.01892091951521, 36.54528012372468 ], [ 128.016506440649607, 36.54395050544278 ], [ 128.011585826579079, 36.548171428373223 ], [ 128.004727435375287, 36.550658226712272 ], [ 127.997531150842221, 36.549794744334918 ], [ 127.995367040647906, 36.546607995673128 ], [ 127.991239667329324, 36.544585887177504 ], [ 127.982017197711386, 36.54542398431078 ], [ 127.978505927726957, 36.543301947726221 ], [ 127.980898270855363, 36.536234977620097 ], [ 127.977636578996382, 36.533055122508777 ], [ 127.981169431648865, 36.527500519029168 ], [ 127.978206031542712, 36.519791228075462 ], [ 127.979587091473491, 36.513859423860858 ], [ 127.976940135187334, 36.513023183531885 ], [ 127.96008731764644, 36.520759384988182 ], [ 127.958125164313586, 36.524406355318405 ], [ 127.95281150426888, 36.523110598457841 ], [ 127.939240975256794, 36.52651943237845 ], [ 127.931870988743171, 36.532196147500798 ], [ 127.93027699495633, 36.536021648569871 ], [ 127.937771716690079, 36.53762004451567 ], [ 127.935700366752528, 36.544416969846246 ], [ 127.939914544377444, 36.548801239903071 ], [ 127.940033098641067, 36.551144586332484 ], [ 127.932831411790005, 36.557975063933206 ], [ 127.936502943126413, 36.564441471582242 ], [ 127.937153941561633, 36.57079184922258 ], [ 127.930545404122697, 36.577584646314961 ], [ 127.933189067417985, 36.583019721949505 ], [ 127.932835018726081, 36.591137088064599 ], [ 127.924900677731955, 36.59824372234204 ], [ 127.923863493385284, 36.602542688384609 ], [ 127.926199093098035, 36.602972743668232 ], [ 127.92486400932043, 36.604058561247925 ], [ 127.924089125074573, 36.615450397923453 ], [ 127.932377314218215, 36.618743100753306 ], [ 127.931386437974197, 36.624585237861062 ], [ 127.935956604254827, 36.633001743051956 ], [ 127.933806976313491, 36.636082249544977 ], [ 127.934312219621944, 36.6410859818006 ], [ 127.935727024934252, 36.644181766041335 ], [ 127.938999121313827, 36.645989628696839 ], [ 127.93908244800005, 36.65274760837179 ], [ 127.934073274415766, 36.653323606841681 ], [ 127.931637075169022, 36.655399508021205 ], [ 127.93221055087929, 36.664524331191217 ], [ 127.929571954633786, 36.668765076273615 ], [ 127.91770939972487, 36.667854464210862 ], [ 127.912577362394913, 36.677900601756775 ], [ 127.90170894064795, 36.680530944130332 ], [ 127.900367233684776, 36.682204558636627 ], [ 127.895172747368193, 36.681087904069251 ], [ 127.891669584326493, 36.682439542035304 ], [ 127.887622353268583, 36.678631496104387 ], [ 127.881940032525719, 36.680018200559246 ], [ 127.880009961075103, 36.678709390397238 ], [ 127.874666506167102, 36.682596849273089 ], [ 127.881976679804268, 36.683446305478526 ], [ 127.880913771948997, 36.687316881904891 ], [ 127.885831813027195, 36.688248287847813 ], [ 127.888575400173195, 36.691858086467732 ], [ 127.894179623050221, 36.692157267855222 ], [ 127.894192277019442, 36.694914582416082 ], [ 127.898171587242231, 36.693120957091374 ], [ 127.907388471912014, 36.692589979437152 ], [ 127.915847805111696, 36.693992314952354 ], [ 127.926456980045799, 36.690330702326705 ], [ 127.92891921526514, 36.690838597040141 ], [ 127.931587302059768, 36.694421462086694 ], [ 127.930862162384727, 36.70135736310074 ], [ 127.933569175879128, 36.706487371099257 ], [ 127.946479523172158, 36.706212465072298 ], [ 127.949528368940292, 36.708050165057273 ], [ 127.949183623659508, 36.719875686267663 ], [ 127.953605506389863, 36.722677069732875 ], [ 127.955156971958715, 36.731999250177779 ], [ 127.956972691813078, 36.735589622114546 ], [ 127.960554986393745, 36.737188562375678 ], [ 127.963157552733065, 36.733385871539731 ], [ 127.970722016729809, 36.730905023666971 ], [ 127.973145785881272, 36.726195994589823 ], [ 127.980252816120057, 36.720080020294724 ], [ 127.986848259174508, 36.717549335182049 ], [ 127.997439586183688, 36.718320949011165 ], [ 128.001939106955177, 36.717256807367548 ], [ 128.009362066209263, 36.728374028627385 ], [ 128.014842191066407, 36.730191322159165 ], [ 128.020930061009636, 36.721925073919962 ], [ 128.025779953531952, 36.719062887798188 ], [ 128.031909570579529, 36.71877943950259 ], [ 128.049028715188797, 36.708006533800486 ], [ 128.058699214563632, 36.708952453604148 ], [ 128.070383803440706, 36.707704616777946 ], [ 128.072723802825323, 36.711886260864674 ], [ 128.067987972343445, 36.722234112185113 ], [ 128.060642468450851, 36.726884807968453 ], [ 128.057251061794119, 36.731079925848313 ], [ 128.05556456742508, 36.730419466293938 ], [ 128.050719843672908, 36.736709116863373 ], [ 128.032324693321044, 36.747575855730112 ], [ 128.032367059719121, 36.755170434163084 ], [ 128.041202737607733, 36.768335514627402 ], [ 128.044804904700044, 36.771051165973738 ], [ 128.046907762476422, 36.778607048549681 ], [ 128.045564627282261, 36.782441215331666 ], [ 128.048765162844262, 36.783624885681739 ], [ 128.054977950109986, 36.792662678996379 ], [ 128.056127250623177, 36.798418602938369 ], [ 128.053974973593625, 36.80520413886169 ], [ 128.057949588287244, 36.807012567743044 ], [ 128.056830223857702, 36.809126792462934 ], [ 128.059636565293857, 36.816772690539949 ], [ 128.065687703680538, 36.817180759083726 ], [ 128.071795746329428, 36.814554264799632 ], [ 128.085373477630867, 36.804203974554838 ], [ 128.083833414423964, 36.799299057807978 ], [ 128.090067793699262, 36.796637528153553 ], [ 128.093496103571937, 36.796776743862111 ], [ 128.09296030040656, 36.80286353609845 ], [ 128.101950538323791, 36.806290028379166 ], [ 128.105847565944373, 36.805947824835314 ], [ 128.107080824941505, 36.807309071898068 ], [ 128.109877676871889, 36.821470444641996 ], [ 128.118450050905949, 36.821488775586346 ], [ 128.119021441063268, 36.823041394642793 ], [ 128.129878495365148, 36.825149248238603 ], [ 128.133975599055361, 36.828440806904879 ], [ 128.133571106886421, 36.832795331733962 ], [ 128.141064896286309, 36.833482594198841 ], [ 128.144224614865465, 36.830167373970866 ], [ 128.148999030912364, 36.828628175358503 ], [ 128.153125219181163, 36.822435237238373 ], [ 128.162626498074445, 36.820992377778637 ], [ 128.171319397299982, 36.822101345808804 ], [ 128.184799991265237, 36.816632615040483 ], [ 128.193675993087993, 36.817117812159772 ], [ 128.207165550287328, 36.812424193507447 ], [ 128.214222378107024, 36.811695227343094 ], [ 128.216722042771551, 36.813246261499479 ], [ 128.217316233010337, 36.819373777443367 ], [ 128.214508685064715, 36.834851424330019 ], [ 128.210715261495523, 36.842434907649178 ], [ 128.212544470845359, 36.849729082040874 ], [ 128.230129204297356, 36.845369209558221 ], [ 128.237022543431095, 36.845345913631171 ], [ 128.23871417172208, 36.850183234660179 ], [ 128.234401547227492, 36.85467889304158 ], [ 128.234655855087368, 36.862830646182957 ], [ 128.239495776223691, 36.865103041827474 ], [ 128.2408831673836, 36.872111586562134 ], [ 128.254061802522557, 36.86644723300671 ] ] ] } },
{ "type": "Feature", "properties": { "region_code": 47290, "region_name": "경산시" }, "geometry": { "type": "Polygon", "coordinates": [ [ [ 128.747513306786061, 35.990811915301066 ], [ 128.756439228584298, 35.990208949878166 ], [ 128.765293030731158, 35.984137789613534 ], [ 128.769890062341858, 35.982977398878681 ], [ 128.777104022423345, 35.985532849022128 ], [ 128.782805973858501, 35.985203161847643 ], [ 128.784035183212666, 35.98769644533602 ], [ 128.786758505123032, 35.988179848076634 ], [ 128.79055591484402, 35.983342758162479 ], [ 128.793762551370236, 35.983813617524653 ], [ 128.809027874321202, 35.973831752879327 ], [ 128.811876305577357, 35.973443405482861 ], [ 128.811357035781157, 35.967771026503208 ], [ 128.813237666577379, 35.965458950137162 ], [ 128.827771358059721, 35.963919760314084 ], [ 128.836939043611864, 35.967726865780598 ], [ 128.839394928009312, 35.963449912384526 ], [ 128.84183994216562, 35.962370873362211 ], [ 128.845693036217398, 35.963258855542009 ], [ 128.849230141162622, 35.961605973872416 ], [ 128.852453306039166, 35.959267379321389 ], [ 128.854267217730239, 35.954825409602208 ], [ 128.857274733607539, 35.955318535301672 ], [ 128.859359656253105, 35.95387989550521 ], [ 128.85814543571297, 35.950308433483485 ], [ 128.860441753901426, 35.946580040384653 ], [ 128.859807802410984, 35.940539883806366 ], [ 128.861812059877622, 35.937060638262281 ], [ 128.859604598477887, 35.933800366182744 ], [ 128.862380744484142, 35.929243509103372 ], [ 128.856928385141771, 35.926569802698502 ], [ 128.85721389058844, 35.924371692312974 ], [ 128.852631033849661, 35.920464860016146 ], [ 128.855981623709681, 35.914320111042215 ], [ 128.853401020951623, 35.908417910143669 ], [ 128.855195360488295, 35.900114605288017 ], [ 128.870016538372255, 35.894304635996022 ], [ 128.870597295201719, 35.891697015796233 ], [ 128.874820096885145, 35.888980343890729 ], [ 128.870802345458401, 35.884238035156784 ], [ 128.866248230330967, 35.883722376305116 ], [ 128.859042681210042, 35.877601917872575 ], [ 128.861386708106807, 35.872085946348008 ], [ 128.873782836539476, 35.864602504169582 ], [ 128.875660363828871, 35.860245822640728 ], [ 128.87547254142666, 35.851908931501363 ], [ 128.882243376080993, 35.84658029343592 ], [ 128.882860474783826, 35.843458491476724 ], [ 128.892446470028233, 35.844695244823505 ], [ 128.896308787287552, 35.83697463084642 ], [ 128.902409966872256, 35.837045057457097 ], [ 128.906994219794484, 35.835032050126117 ], [ 128.909585323017296, 35.831572263418508 ], [ 128.914317293161162, 35.833647823410423 ], [ 128.915023777235405, 35.837269396286459 ], [ 128.918054406880543, 35.835761238014449 ], [ 128.922881178095992, 35.836186105496893 ], [ 128.92464619032495, 35.834381783446503 ], [ 128.927496643128904, 35.836456877043652 ], [ 128.933240085395852, 35.837280414607967 ], [ 128.935065722048961, 35.8357329769781 ], [ 128.940447031097676, 35.835476005606914 ], [ 128.942066156779589, 35.831632692399062 ], [ 128.944583528648252, 35.83008980970952 ], [ 128.948239833791632, 35.832964509097003 ], [ 128.950096417514203, 35.832715366020508 ], [ 128.959239908444715, 35.841897906339014 ], [ 128.963148840189177, 35.842453765473401 ], [ 128.96914410290168, 35.841434716853243 ], [ 128.970948477357467, 35.837851302401262 ], [ 128.970547066820245, 35.835539037525329 ], [ 128.965365041065184, 35.83467053925763 ], [ 128.95948532773059, 35.825713787528848 ], [ 128.953988877788618, 35.811946529883805 ], [ 128.956866191217955, 35.805333042703445 ], [ 128.955622072691597, 35.801403603809383 ], [ 128.951517645648551, 35.800824036401465 ], [ 128.949882360783846, 35.79336232726854 ], [ 128.943818871421911, 35.786290738243196 ], [ 128.945874975466381, 35.782396988740828 ], [ 128.939656995559858, 35.774630987244983 ], [ 128.939996872741659, 35.771744031840207 ], [ 128.935372404802308, 35.765956027922066 ], [ 128.934424039110411, 35.762176107660039 ], [ 128.931395606846621, 35.759582218115227 ], [ 128.925008976290911, 35.760796261933415 ], [ 128.916267355798482, 35.757559030896353 ], [ 128.913937216286314, 35.758299081874213 ], [ 128.910968808342631, 35.753838840288658 ], [ 128.904841589931323, 35.750635555646596 ], [ 128.904227104183519, 35.748604742874548 ], [ 128.907096918299544, 35.74733422660313 ], [ 128.904279389528853, 35.74622831790991 ], [ 128.901019899368634, 35.751017050991706 ], [ 128.901512008022905, 35.753646217444356 ], [ 128.897595254986101, 35.760225070884587 ], [ 128.897995873938584, 35.762210224327127 ], [ 128.894559266640528, 35.764026582455962 ], [ 128.892541566039853, 35.755432146887095 ], [ 128.886107061054787, 35.751014202131749 ], [ 128.882279033029477, 35.750865053060437 ], [ 128.87613816455297, 35.747990066512145 ], [ 128.870429366725631, 35.752179563581102 ], [ 128.866227736928579, 35.758202933093344 ], [ 128.860508679795515, 35.755432757329885 ], [ 128.8583903320621, 35.757231748756205 ], [ 128.854860576891753, 35.756830159639875 ], [ 128.858466181293124, 35.747486857816675 ], [ 128.855381913605328, 35.743919403950336 ], [ 128.85004437109265, 35.741291525464703 ], [ 128.844973385944172, 35.741434737448934 ], [ 128.834297137797932, 35.745559820373742 ], [ 128.831658776954725, 35.740598487362242 ], [ 128.827103455558614, 35.738748594062884 ], [ 128.81560474542556, 35.743069510286148 ], [ 128.809973547249456, 35.740310232000994 ], [ 128.805752067532467, 35.744623657811388 ], [ 128.800859170328806, 35.745817716216735 ], [ 128.797366703145769, 35.743835817431751 ], [ 128.789380867621503, 35.743737648714429 ], [ 128.785960478433424, 35.739339903250915 ], [ 128.785550065668303, 35.732586239879197 ], [ 128.77533030329792, 35.72981705529925 ], [ 128.773294894586996, 35.727004647437177 ], [ 128.773711849991287, 35.722819382929856 ], [ 128.764613021443722, 35.71783366862298 ], [ 128.763452249972602, 35.708614459114585 ], [ 128.766598711406942, 35.706275606088369 ], [ 128.765872565471255, 35.701525141195368 ], [ 128.758436327317128, 35.700500897928229 ], [ 128.752729728921622, 35.70139355921193 ], [ 128.737701990110565, 35.708854213938459 ], [ 128.732368457127961, 35.719955605947746 ], [ 128.727653446978991, 35.720704200134229 ], [ 128.72309507078441, 35.71941773865872 ], [ 128.714882498743691, 35.721131559487354 ], [ 128.709501646943124, 35.73257058369299 ], [ 128.703028552250089, 35.737275626133716 ], [ 128.702563616541937, 35.743698815182611 ], [ 128.693657122784174, 35.743653429179268 ], [ 128.69243775166936, 35.74670493763837 ], [ 128.69521798756918, 35.756872412795673 ], [ 128.691165079545499, 35.760225396935191 ], [ 128.691433718653258, 35.763948104650993 ], [ 128.689393893184814, 35.76713212685469 ], [ 128.686350159329606, 35.768723673837208 ], [ 128.687070471575311, 35.775498860615009 ], [ 128.68139676148175, 35.785022430246038 ], [ 128.682511703735941, 35.790148617084846 ], [ 128.689767942143447, 35.79275734798896 ], [ 128.692841779012269, 35.796959067938928 ], [ 128.696532121025143, 35.794576637437189 ], [ 128.69980854729576, 35.795049047860878 ], [ 128.702628052006759, 35.798601675603642 ], [ 128.707727333343229, 35.800188764971388 ], [ 128.707771401677462, 35.802493123845501 ], [ 128.710160387172749, 35.804245540565731 ], [ 128.716057695498449, 35.805284301555368 ], [ 128.717519495529956, 35.806836084717176 ], [ 128.713885360135038, 35.817508177954352 ], [ 128.709064761892563, 35.821598336848922 ], [ 128.708637344876706, 35.826567935870443 ], [ 128.718324451955567, 35.83545651400074 ], [ 128.720417368435392, 35.836017678489434 ], [ 128.721801637518098, 35.834671583338647 ], [ 128.725072483167793, 35.836048901974927 ], [ 128.72406315294171, 35.839426030621766 ], [ 128.726871570213007, 35.847212430326387 ], [ 128.725448373263674, 35.853768036781595 ], [ 128.721874092045368, 35.856947790552617 ], [ 128.72551084884239, 35.857800982075624 ], [ 128.735019737827685, 35.851441908392026 ], [ 128.738572367512148, 35.851298224911837 ], [ 128.750751697654238, 35.857508730870066 ], [ 128.755098398705627, 35.863577353504866 ], [ 128.759795295385487, 35.866074944453132 ], [ 128.759870895896057, 35.868459866261311 ], [ 128.757729764659445, 35.870029278932307 ], [ 128.761253638361381, 35.87440418191624 ], [ 128.75751472331288, 35.875966611505078 ], [ 128.756923899021501, 35.877833439296438 ], [ 128.758732023288559, 35.878553028483189 ], [ 128.761267062053719, 35.887843186972646 ], [ 128.762692666169357, 35.888498111450893 ], [ 128.757811848316038, 35.895334844318839 ], [ 128.756555868951125, 35.903565547295699 ], [ 128.759801368392431, 35.906833317531635 ], [ 128.755295824293995, 35.915005190738334 ], [ 128.742677496799672, 35.920398739602582 ], [ 128.736671674884519, 35.929631405074325 ], [ 128.738340526213989, 35.930518510245697 ], [ 128.73807330552836, 35.934130473356923 ], [ 128.744086701912096, 35.943958018996668 ], [ 128.740671090238919, 35.953305293812583 ], [ 128.737960574780061, 35.955943392250809 ], [ 128.742994632825173, 35.959945387586494 ], [ 128.746210255393294, 35.972868627085496 ], [ 128.738823208154145, 35.976805253686003 ], [ 128.736702837055304, 35.98114855285457 ], [ 128.730973946916578, 35.985361434584973 ], [ 128.731591830247424, 35.989381298876843 ], [ 128.73625795592568, 35.9937278464568 ], [ 128.740001383712553, 35.99387237911332 ], [ 128.747513306786061, 35.990811915301066 ] ] ] } },
{ "type": "Feature", "properties": { "region_code": 47730, "region_name": "의성군" }, "geometry": { "type": "Polygon", "coordinates": [ [ [ 128.364951160908703, 36.530481790056122 ], [ 128.36794750429894, 36.526983950575058 ], [ 128.368223592903064, 36.519016791444024 ], [ 128.370853948872224, 36.516185755896217 ], [ 128.369699008345492, 36.508927371099617 ], [ 128.37553319397702, 36.503000032769656 ], [ 128.40003323673551, 36.510079436164645 ], [ 128.412733596254526, 36.520077489965281 ], [ 128.419375523150904, 36.522956575450209 ], [ 128.423438948074335, 36.520723200519242 ], [ 128.42732028363605, 36.521007447600283 ], [ 128.435635006314271, 36.518138717763811 ], [ 128.437048098060103, 36.516319304586652 ], [ 128.431977798572632, 36.511079134304815 ], [ 128.43309674412447, 36.502836147227292 ], [ 128.436937133995343, 36.502434071163272 ], [ 128.445115496440934, 36.495357447262265 ], [ 128.453279695690355, 36.491038832457768 ], [ 128.457494980798543, 36.49387961612598 ], [ 128.459827033056513, 36.490624460424591 ], [ 128.461646191637982, 36.490522802246943 ], [ 128.464146137752493, 36.498918557400444 ], [ 128.474728064991723, 36.498735684486981 ], [ 128.476416569119834, 36.51429617652024 ], [ 128.486329409330466, 36.514697770732482 ], [ 128.491579069010498, 36.517573125257783 ], [ 128.497964249548914, 36.514268517065119 ], [ 128.500822455199028, 36.504460627054762 ], [ 128.505401588997756, 36.499063917075304 ], [ 128.51017841074767, 36.50029268270734 ], [ 128.516697800003243, 36.497169539636978 ], [ 128.518740342182213, 36.498361408798132 ], [ 128.524658260693514, 36.497389443748006 ], [ 128.526427455162775, 36.498845700584141 ], [ 128.531476770215733, 36.498345162343291 ], [ 128.533917221656424, 36.495539991859957 ], [ 128.539135914552872, 36.495471141210956 ], [ 128.543577894644358, 36.490282562765223 ], [ 128.549534841818058, 36.490354656307339 ], [ 128.55280742366179, 36.484767266938164 ], [ 128.552392983932037, 36.47588879480751 ], [ 128.558987881072738, 36.472162048046009 ], [ 128.558091024336989, 36.469504645892705 ], [ 128.559868321421362, 36.464783850040547 ], [ 128.565629188764831, 36.459288317429042 ], [ 128.566434547829999, 36.452443515250422 ], [ 128.570020046607539, 36.450905822284028 ], [ 128.577073560155696, 36.440042365854083 ], [ 128.587849799140002, 36.439769550754662 ], [ 128.598207479841619, 36.431641876344734 ], [ 128.595332998008104, 36.427378856488424 ], [ 128.597148294699622, 36.425059715403208 ], [ 128.595156481396714, 36.422084664593804 ], [ 128.597173609206749, 36.410172450963444 ], [ 128.603561730828034, 36.405144021440243 ], [ 128.610364076672141, 36.418114272197613 ], [ 128.615590719196604, 36.419578328729784 ], [ 128.621039009459906, 36.418435379653779 ], [ 128.628674729177192, 36.420033146717188 ], [ 128.627853349387948, 36.424066418573886 ], [ 128.629715997995532, 36.426584553725981 ], [ 128.633301050525858, 36.425186268251309 ], [ 128.637458204918715, 36.429690114470162 ], [ 128.642923721341703, 36.428206063237269 ], [ 128.649341770124181, 36.430222716032389 ], [ 128.653610761386972, 36.429719946469262 ], [ 128.664599497399564, 36.438054671262492 ], [ 128.668785936996386, 36.438678250924255 ], [ 128.674756238681084, 36.436683922186155 ], [ 128.683005426952406, 36.444679940846257 ], [ 128.689932386364177, 36.443824420732689 ], [ 128.694889399030956, 36.446494207097587 ], [ 128.706040177101414, 36.447509370230762 ], [ 128.706709297811699, 36.458045087547205 ], [ 128.703743118048521, 36.467491748282868 ], [ 128.706254700835899, 36.471176629971346 ], [ 128.710122153455558, 36.473039392273265 ], [ 128.710281825104801, 36.477246922432656 ], [ 128.713694333196713, 36.47865062582818 ], [ 128.715039923064694, 36.481678788001602 ], [ 128.718824742462004, 36.482402633486529 ], [ 128.719998094950768, 36.48043161278671 ], [ 128.723413628497724, 36.479862585394187 ], [ 128.727982031395783, 36.47638107623991 ], [ 128.732528018891628, 36.477396454913624 ], [ 128.747314532639223, 36.488864272138656 ], [ 128.750499546885294, 36.485991480179365 ], [ 128.759400002729137, 36.484497293363731 ], [ 128.767733714691502, 36.480570725496385 ], [ 128.770363411561647, 36.476308198790271 ], [ 128.772897847477594, 36.475715335577561 ], [ 128.77597910283535, 36.468602112453901 ], [ 128.780806542935295, 36.467024092577397 ], [ 128.782162462285328, 36.464730735836582 ], [ 128.785691220835872, 36.466810646325023 ], [ 128.788849289275646, 36.465173056973157 ], [ 128.792415476783674, 36.465947699430345 ], [ 128.798926429424938, 36.461030700674158 ], [ 128.799636720202386, 36.458821501281918 ], [ 128.809704581619627, 36.459263475181686 ], [ 128.813239581632359, 36.453831579151263 ], [ 128.83045074484599, 36.452344690185789 ], [ 128.831261892361226, 36.447202418037989 ], [ 128.829691664467958, 36.443913531788873 ], [ 128.831856166686293, 36.44250262616535 ], [ 128.832588291192877, 36.437933059025283 ], [ 128.835459563206285, 36.436668090196882 ], [ 128.833344056834278, 36.431896418551894 ], [ 128.834232440142671, 36.427058631886339 ], [ 128.836937778839257, 36.42354389229272 ], [ 128.842616432485613, 36.4209738317317 ], [ 128.841535863065701, 36.418382019870585 ], [ 128.845681884686059, 36.411644546765942 ], [ 128.844300662974831, 36.408371201126457 ], [ 128.845212212146436, 36.404611112599767 ], [ 128.851393460771476, 36.399229290605327 ], [ 128.850287117089806, 36.388284005286145 ], [ 128.859727414830843, 36.387797910446487 ], [ 128.861683636295766, 36.385171919923707 ], [ 128.866060872247061, 36.383593301433294 ], [ 128.86601235501999, 36.381313620302073 ], [ 128.867880584057815, 36.381431993507469 ], [ 128.87261193291863, 36.377250109973211 ], [ 128.878013341760123, 36.375922515358553 ], [ 128.872072537101104, 36.370357822319292 ], [ 128.871714257042669, 36.366736506377308 ], [ 128.876087204815263, 36.364797763102672 ], [ 128.881065385587561, 36.358909870238875 ], [ 128.876862442867861, 36.344831442696254 ], [ 128.886057974007002, 36.342979857963925 ], [ 128.889623288582584, 36.333332942561448 ], [ 128.888569160996809, 36.330691835933237 ], [ 128.892803312017065, 36.324292339401708 ], [ 128.892442091052857, 36.320633673912241 ], [ 128.886918029379501, 36.316456821113547 ], [ 128.886234525322891, 36.311565981372908 ], [ 128.892281107391682, 36.304823089413681 ], [ 128.88949031432611, 36.297400731693642 ], [ 128.885908148573236, 36.295728351560605 ], [ 128.883635696217681, 36.297671533358887 ], [ 128.881195074350273, 36.297253631129067 ], [ 128.879000947847771, 36.295340842600318 ], [ 128.877300899842112, 36.274135269371406 ], [ 128.873449631703039, 36.273182060876259 ], [ 128.86343496048147, 36.274391911760979 ], [ 128.86266271302074, 36.267961620855282 ], [ 128.850260543259395, 36.265837014026317 ], [ 128.846888342608366, 36.261248425172852 ], [ 128.850491956517459, 36.261270367036339 ], [ 128.856589247392719, 36.254566144617215 ], [ 128.865552140966173, 36.255535988185571 ], [ 128.869031473878152, 36.25464633562634 ], [ 128.871778603666229, 36.256407601258587 ], [ 128.882174046539092, 36.252709170805012 ], [ 128.884205156737238, 36.242882933268319 ], [ 128.881087236747618, 36.241486396907142 ], [ 128.881546530403568, 36.23873070707419 ], [ 128.879107620233043, 36.235974519921889 ], [ 128.868922210852418, 36.23205670460797 ], [ 128.880604743267781, 36.225916035316004 ], [ 128.883132940945956, 36.218640284886582 ], [ 128.895932724477689, 36.213180568979261 ], [ 128.895376098593346, 36.204277392311525 ], [ 128.886749340171804, 36.20154931543275 ], [ 128.883173074303699, 36.198394975223039 ], [ 128.876050211886309, 36.198693310502378 ], [ 128.871215887517792, 36.205159409484331 ], [ 128.8593516997351, 36.207244002558653 ], [ 128.848510830314467, 36.21471163464286 ], [ 128.845604723977459, 36.214565468210452 ], [ 128.843179991485101, 36.216209030440389 ], [ 128.834217190525351, 36.21460124729456 ], [ 128.830679880203746, 36.218045637185945 ], [ 128.826556838862075, 36.218241964009557 ], [ 128.818536885651412, 36.214832181580547 ], [ 128.813374913759759, 36.210532222789759 ], [ 128.804099995863282, 36.209807658807442 ], [ 128.805225526571661, 36.207001925756565 ], [ 128.801642430528403, 36.205786829060948 ], [ 128.803790531952643, 36.20317853904875 ], [ 128.803208676628003, 36.201052691420877 ], [ 128.796447142278566, 36.190819574234069 ], [ 128.794389302553981, 36.190713214801988 ], [ 128.780661180152805, 36.19438046151096 ], [ 128.772787722086633, 36.194835039094933 ], [ 128.769957760376059, 36.193425688028292 ], [ 128.763343894777961, 36.199334411424793 ], [ 128.75885014520361, 36.200762587594504 ], [ 128.757976644278784, 36.202862032252952 ], [ 128.752691104700745, 36.202811168862681 ], [ 128.749590819761778, 36.195959392662679 ], [ 128.745919556581015, 36.194446505322396 ], [ 128.74173786201905, 36.198532115700495 ], [ 128.734996231652218, 36.200729227050324 ], [ 128.72951573742688, 36.198813178869614 ], [ 128.725548393801404, 36.200763910157548 ], [ 128.724978669699254, 36.199298135925403 ], [ 128.720999569821032, 36.198107439198047 ], [ 128.71667995692107, 36.200442103956647 ], [ 128.708574170020682, 36.198579790542709 ], [ 128.704296978618885, 36.199041789547181 ], [ 128.701886561034001, 36.201081437175674 ], [ 128.696332415311275, 36.202150579039397 ], [ 128.696296222778955, 36.204479640594393 ], [ 128.699885498168015, 36.208839961180111 ], [ 128.694208364535825, 36.213963343706197 ], [ 128.690174373012212, 36.212187259548855 ], [ 128.681977439627843, 36.21524751959916 ], [ 128.67484793161708, 36.212720113038948 ], [ 128.671896634597374, 36.208150639122046 ], [ 128.66741088430075, 36.212153679031417 ], [ 128.664641361700916, 36.218961525078427 ], [ 128.65975532670555, 36.221380318736202 ], [ 128.655668171170106, 36.220116004060152 ], [ 128.655608809718728, 36.218353302918381 ], [ 128.653030927118238, 36.217131310185579 ], [ 128.64870119353813, 36.2180684875065 ], [ 128.639411620255146, 36.20748354766932 ], [ 128.635410801327311, 36.208996933586668 ], [ 128.634310790386337, 36.213672006039644 ], [ 128.631815174294729, 36.216214240648739 ], [ 128.634894991583423, 36.218471560038992 ], [ 128.636272949021048, 36.223827746879422 ], [ 128.632905226867251, 36.225511874127548 ], [ 128.637170535620243, 36.22797345409591 ], [ 128.634452757081846, 36.231148217703456 ], [ 128.63665195396942, 36.233100463319367 ], [ 128.633125673651449, 36.238661760979916 ], [ 128.63947483592392, 36.241315587200674 ], [ 128.638748140629644, 36.242979867796514 ], [ 128.64136950423466, 36.244804866916184 ], [ 128.63836670194766, 36.249321246608588 ], [ 128.638488581786078, 36.251831155432498 ], [ 128.640564862575133, 36.253187925155473 ], [ 128.640600227292538, 36.257512985968987 ], [ 128.63613782986215, 36.261506155834184 ], [ 128.629930768113297, 36.262405730151784 ], [ 128.623746392227218, 36.267030433059524 ], [ 128.616307326348732, 36.267351392911692 ], [ 128.608906578039694, 36.271209197271197 ], [ 128.599419286023334, 36.270489037025754 ], [ 128.594501315468591, 36.277718538925953 ], [ 128.588814960284822, 36.27727723794888 ], [ 128.581663319262901, 36.279669012703451 ], [ 128.575812836976183, 36.279933340144822 ], [ 128.569958172747022, 36.274659036478674 ], [ 128.566753785686075, 36.274214073103046 ], [ 128.563341062435171, 36.275844713198374 ], [ 128.557557889162354, 36.274065918960218 ], [ 128.552750828298258, 36.274560525007253 ], [ 128.547775786280596, 36.28869468783472 ], [ 128.542798166441088, 36.293885682835992 ], [ 128.53566899964602, 36.295825325275139 ], [ 128.529315892479332, 36.293783767880875 ], [ 128.525882215378317, 36.299307946895198 ], [ 128.519605016665224, 36.300251394227224 ], [ 128.518048691680946, 36.301933927541889 ], [ 128.510776814282309, 36.300667031465082 ], [ 128.507022487687721, 36.303646458143575 ], [ 128.49643750627618, 36.302950244168677 ], [ 128.493037041125064, 36.304710239756531 ], [ 128.491153560542671, 36.30402654395921 ], [ 128.487729341747695, 36.3081098726663 ], [ 128.484404649559195, 36.307486781891143 ], [ 128.479125780980382, 36.311025376368484 ], [ 128.473185362490625, 36.312177245993432 ], [ 128.473506384634419, 36.317946334723011 ], [ 128.471033223693524, 36.320926148827255 ], [ 128.470115151593291, 36.32011676984694 ], [ 128.468578897277865, 36.321798313462217 ], [ 128.455756074642238, 36.325017817396962 ], [ 128.453874435918806, 36.327236454888805 ], [ 128.451628776257252, 36.327198814692309 ], [ 128.44511326030937, 36.318397492781777 ], [ 128.438039815445819, 36.314042203578452 ], [ 128.438524318424101, 36.305101932280863 ], [ 128.432592401410716, 36.304910669512253 ], [ 128.427889933300236, 36.29891464348097 ], [ 128.416509688270196, 36.298719349372291 ], [ 128.412822538664216, 36.293686924478777 ], [ 128.413572628655885, 36.29059960186067 ], [ 128.408651697342862, 36.287133320140079 ], [ 128.4011123977929, 36.289019144429375 ], [ 128.395959806034199, 36.293064474837266 ], [ 128.395166936430599, 36.29705207027267 ], [ 128.390868643213366, 36.298668915738745 ], [ 128.387859651678781, 36.304198505473359 ], [ 128.389264150961367, 36.309638044001204 ], [ 128.380374737363212, 36.312206419563843 ], [ 128.38110194244635, 36.317701098691472 ], [ 128.378742645450217, 36.322595111952168 ], [ 128.372424276964466, 36.324973199717171 ], [ 128.367516101463906, 36.331342982779667 ], [ 128.365725504708536, 36.338120338610274 ], [ 128.361701009884086, 36.340297692889052 ], [ 128.353771466351361, 36.342063501123931 ], [ 128.353524232633561, 36.340750407148128 ], [ 128.348276790230102, 36.343173562413163 ], [ 128.346022271825689, 36.346856804672839 ], [ 128.334642030737257, 36.349170935425356 ], [ 128.331698704974173, 36.342497453885954 ], [ 128.325749046364223, 36.342603078869736 ], [ 128.31594822671687, 36.335478524580381 ], [ 128.315657123909943, 36.332912217376496 ], [ 128.317189378261475, 36.332020684364956 ], [ 128.311478563543659, 36.329975169347264 ], [ 128.305423755416797, 36.331481329541845 ], [ 128.305060154052569, 36.337530767140635 ], [ 128.300632971547373, 36.34510961304823 ], [ 128.297518542383244, 36.344082197625191 ], [ 128.293612447829872, 36.348607426400434 ], [ 128.287682200866044, 36.346302369860311 ], [ 128.296698435148102, 36.352676474671405 ], [ 128.30421813574381, 36.360818464123348 ], [ 128.307244400942551, 36.363054365806065 ], [ 128.30778320200136, 36.361356830051442 ], [ 128.310336209201012, 36.36414741652046 ], [ 128.311319240310723, 36.375122571120521 ], [ 128.317495407137244, 36.387629962017556 ], [ 128.32313852004981, 36.385498495841489 ], [ 128.326630662982694, 36.386161966631001 ], [ 128.332433341351589, 36.395424282044544 ], [ 128.333330838630616, 36.400326369353799 ], [ 128.339037092494237, 36.404945239379359 ], [ 128.337237951542647, 36.408766444456901 ], [ 128.333045986564343, 36.410590883387762 ], [ 128.332470749783937, 36.418776621211762 ], [ 128.333960482548548, 36.420682491927394 ], [ 128.328884969457135, 36.423666550290903 ], [ 128.321747410285354, 36.423591917009546 ], [ 128.323024112619805, 36.427654275991763 ], [ 128.321644759723711, 36.43225179937334 ], [ 128.326507541359348, 36.436932552956911 ], [ 128.325895793901424, 36.440315534352585 ], [ 128.323350295302532, 36.444736435230716 ], [ 128.318478213127747, 36.446812068767876 ], [ 128.313884140507639, 36.452466333771312 ], [ 128.311742130733592, 36.460997410231244 ], [ 128.308629634606916, 36.463813454089468 ], [ 128.314578839625909, 36.47076036375578 ], [ 128.320464697481697, 36.471372444158398 ], [ 128.320954434099264, 36.474496427430402 ], [ 128.323467296310952, 36.475157403861864 ], [ 128.331308755974931, 36.485495071268005 ], [ 128.338749061139026, 36.489882661138417 ], [ 128.335960392451312, 36.49517239620981 ], [ 128.338241937011787, 36.49692484997906 ], [ 128.335975929277396, 36.49937375277532 ], [ 128.34117556607228, 36.504979025169639 ], [ 128.341675944102377, 36.50980640816541 ], [ 128.345556282698112, 36.514140504287468 ], [ 128.343680059103377, 36.521096501397885 ], [ 128.341029587975299, 36.52433633731188 ], [ 128.347532318879388, 36.527585752425864 ], [ 128.35381677304926, 36.527094575004789 ], [ 128.358302335833628, 36.530486834349219 ], [ 128.358554405801073, 36.532591549116539 ], [ 128.364951160908703, 36.530481790056122 ] ] ] } },
{ "type": "Feature", "properties": { "region_code": 47750, "region_name": "청송군" }, "geometry": { "type": "Polygon", "coordinates": [ [ [ 129.004457373631027, 36.594800357851867 ], [ 129.005708121526965, 36.592096895539648 ], [ 129.012610146101736, 36.588653569576302 ], [ 129.022346731571758, 36.587814383826689 ], [ 129.024799236882274, 36.589592154970333 ], [ 129.028257622950946, 36.589393349401931 ], [ 129.035702553459316, 36.58468708574236 ], [ 129.035904292299648, 36.582297264963479 ], [ 129.046236899009415, 36.580148547175646 ], [ 129.047416168480879, 36.576532210269505 ], [ 129.044828930218529, 36.575118522327578 ], [ 129.050091894454368, 36.565666563211771 ], [ 129.051336490160736, 36.557355210452947 ], [ 129.055060359125548, 36.554802470219201 ], [ 129.059156045949749, 36.554936675552348 ], [ 129.067820965119466, 36.542450779926604 ], [ 129.076962167726975, 36.542326771449041 ], [ 129.081599855733458, 36.544320509680539 ], [ 129.091788251766587, 36.543167770485965 ], [ 129.099092231054669, 36.543910011144497 ], [ 129.099935413214467, 36.542809961448846 ], [ 129.107849410411745, 36.54587335137775 ], [ 129.110961515629214, 36.540528955938257 ], [ 129.118121890617289, 36.539072232900629 ], [ 129.122830835373605, 36.535177694580895 ], [ 129.12836022253191, 36.533852797065322 ], [ 129.131122954348854, 36.526451595456095 ], [ 129.126754030954061, 36.521852774776448 ], [ 129.131815126202554, 36.517490954693081 ], [ 129.127493722916483, 36.512821867186972 ], [ 129.131013251472325, 36.508049174499575 ], [ 129.129410414497102, 36.503800931332272 ], [ 129.132641563876149, 36.500870895541517 ], [ 129.137242301517745, 36.501340491650538 ], [ 129.143046789005552, 36.499025339976491 ], [ 129.146618001475758, 36.501289791381616 ], [ 129.152146720568197, 36.500196991805694 ], [ 129.151487447170751, 36.494761960111539 ], [ 129.1539189172058, 36.492678775098518 ], [ 129.149935652773109, 36.484193147547231 ], [ 129.150976047612062, 36.478616432491734 ], [ 129.147708077026664, 36.477638637554378 ], [ 129.148082539940589, 36.476266205180266 ], [ 129.152958931174538, 36.46687112423129 ], [ 129.161833272135311, 36.458463803175832 ], [ 129.160991213980907, 36.453768454741827 ], [ 129.169105505699633, 36.446528418898147 ], [ 129.168279147315133, 36.442167538378499 ], [ 129.170595402326171, 36.435909251025258 ], [ 129.176091458251193, 36.431925497169807 ], [ 129.185956834068293, 36.429274765145671 ], [ 129.188129822425481, 36.426539173239775 ], [ 129.195596354321253, 36.429927074573285 ], [ 129.202193437182189, 36.428709142271288 ], [ 129.210746511852363, 36.418536908627921 ], [ 129.211984042137374, 36.409851074103287 ], [ 129.210323636250195, 36.407695239728703 ], [ 129.214980651234953, 36.406990926432627 ], [ 129.216748103212893, 36.403661950410424 ], [ 129.227408146558759, 36.397648600822919 ], [ 129.227865292258173, 36.396221127287866 ], [ 129.222261211558589, 36.392298185904629 ], [ 129.220119976549569, 36.387115932062258 ], [ 129.221913490850739, 36.384795345697391 ], [ 129.226740071271593, 36.383654907876959 ], [ 129.227793607972586, 36.380217646127491 ], [ 129.218623918142413, 36.373300704831571 ], [ 129.216364835034824, 36.364366014930283 ], [ 129.216468210606536, 36.360646333158073 ], [ 129.220310122931295, 36.35865558133063 ], [ 129.220767110798022, 36.352854698683906 ], [ 129.22433194204848, 36.350063434249826 ], [ 129.224050877567578, 36.34661643560532 ], [ 129.228549655801658, 36.344315883333152 ], [ 129.234871205636324, 36.344185967396527 ], [ 129.242104288436792, 36.346119032329476 ], [ 129.245306279555081, 36.345191830869979 ], [ 129.25348407959271, 36.339042270578631 ], [ 129.253789885856548, 36.329430267272699 ], [ 129.25022103240147, 36.324376011257236 ], [ 129.251807396996895, 36.321540219501465 ], [ 129.248776420883445, 36.318780758296285 ], [ 129.238842507663605, 36.318019125417699 ], [ 129.236459597339206, 36.316553217151977 ], [ 129.236484839355967, 36.314412031443695 ], [ 129.23210893733787, 36.31319522815734 ], [ 129.231289993785481, 36.308606930524768 ], [ 129.225187195629957, 36.305305594456605 ], [ 129.223629430358073, 36.300270971336808 ], [ 129.22856827728171, 36.2959296036232 ], [ 129.225589159629322, 36.294332116643211 ], [ 129.224771957335037, 36.290129979565286 ], [ 129.221066757349945, 36.287814827268861 ], [ 129.226337713184421, 36.283263350704161 ], [ 129.226763239688353, 36.277016201931538 ], [ 129.222634497354477, 36.273349623600431 ], [ 129.213357852689001, 36.271433372519517 ], [ 129.213611418819568, 36.267471433922751 ], [ 129.210432255505026, 36.26817290725414 ], [ 129.207143760069243, 36.266720379359214 ], [ 129.206041954637215, 36.257352175534777 ], [ 129.201242970362927, 36.250768371646771 ], [ 129.198526296951258, 36.24960077260625 ], [ 129.197890217203906, 36.244728002409879 ], [ 129.194402032712986, 36.243576216932411 ], [ 129.186578862544366, 36.233289098953385 ], [ 129.170982308232624, 36.224800156380361 ], [ 129.166079054689561, 36.229293535540265 ], [ 129.165879688134282, 36.232084508375138 ], [ 129.152739386082544, 36.235253435845515 ], [ 129.147224614342264, 36.239157093803932 ], [ 129.14553933405756, 36.243439170374714 ], [ 129.136997848274063, 36.250332334438241 ], [ 129.13751083682746, 36.255094184477066 ], [ 129.13368146575587, 36.25819255927891 ], [ 129.132810449944202, 36.262054639011041 ], [ 129.126176275112698, 36.264073929624047 ], [ 129.121675713806241, 36.261722774613929 ], [ 129.117015842948661, 36.266004630044108 ], [ 129.111877843759515, 36.264269910855866 ], [ 129.106417863314704, 36.267343647869623 ], [ 129.102432081179899, 36.264757010452833 ], [ 129.098831995031134, 36.267857084636532 ], [ 129.098954602059194, 36.270693647271877 ], [ 129.093196002965385, 36.274389967465204 ], [ 129.089284115442069, 36.271729617067948 ], [ 129.083336745006847, 36.276681627568657 ], [ 129.080181671890074, 36.27727205979091 ], [ 129.070432722578033, 36.271174221596922 ], [ 129.067787500717515, 36.272632540601116 ], [ 129.059392194029641, 36.27059525500362 ], [ 129.052317151642285, 36.265628377738309 ], [ 129.053568851542508, 36.259586105045202 ], [ 129.056017234842813, 36.255745211453636 ], [ 129.062033269191119, 36.252161502166025 ], [ 129.065574278015191, 36.253918384931687 ], [ 129.070251208778586, 36.251035358138544 ], [ 129.073622035659412, 36.2522823688195 ], [ 129.07571296989849, 36.250087039958188 ], [ 129.075760772755388, 36.245472370497573 ], [ 129.078638153323453, 36.243751097371003 ], [ 129.078167424880149, 36.240075163400846 ], [ 129.081858964748506, 36.234989390702822 ], [ 129.0733337695915, 36.229407985277234 ], [ 129.069602012307342, 36.229473241452517 ], [ 129.065852048183473, 36.227065750065059 ], [ 129.064279091186052, 36.225189291228673 ], [ 129.064913840030812, 36.219524723967069 ], [ 129.056586401519525, 36.22397061203111 ], [ 129.051412739239794, 36.222329048431455 ], [ 129.04970994436502, 36.223358793912247 ], [ 129.04203953189807, 36.22199859068062 ], [ 129.035882014476471, 36.213211891151005 ], [ 129.035487051110493, 36.203448319924121 ], [ 129.032623840600337, 36.203601735665508 ], [ 129.031811420224159, 36.198167730162993 ], [ 129.028152405344912, 36.196428720427029 ], [ 129.026659150562523, 36.18337635242613 ], [ 129.021776618441947, 36.183107200121171 ], [ 129.017440069557466, 36.180497184496673 ], [ 129.009549804387319, 36.178872146023899 ], [ 128.9971658434402, 36.178903323790948 ], [ 128.99063553583909, 36.175220960245063 ], [ 128.991338162464615, 36.171981980614767 ], [ 128.989491175890691, 36.168106781639352 ], [ 128.978372774964186, 36.166160373236657 ], [ 128.973672023533709, 36.160626541353942 ], [ 128.973776857268604, 36.161752229097829 ], [ 128.9689789291171, 36.161265214974179 ], [ 128.962739201870022, 36.166548923147886 ], [ 128.949879602884522, 36.168966618454043 ], [ 128.937275291479693, 36.179362924601925 ], [ 128.933489745976772, 36.178351770350382 ], [ 128.929951349349892, 36.181077252487952 ], [ 128.928167131283004, 36.179455700190459 ], [ 128.919559132107821, 36.184593443497903 ], [ 128.914600261309602, 36.17977809618715 ], [ 128.909601047341681, 36.180726256182005 ], [ 128.906023423860262, 36.177512371798947 ], [ 128.89727545129648, 36.176716806282201 ], [ 128.895929615720263, 36.173318101099021 ], [ 128.891703459273685, 36.175490590274968 ], [ 128.89027813021562, 36.181986203782877 ], [ 128.883708282068511, 36.183897567779916 ], [ 128.883464762607161, 36.188440437750707 ], [ 128.880757627655953, 36.190234477546923 ], [ 128.883173074303699, 36.198394975223039 ], [ 128.886749340171804, 36.20154931543275 ], [ 128.895376098593346, 36.204277392311525 ], [ 128.895932724477689, 36.213180568979261 ], [ 128.883132940945956, 36.218640284886582 ], [ 128.880604743267781, 36.225916035316004 ], [ 128.868922210852418, 36.23205670460797 ], [ 128.879107620233043, 36.235974519921889 ], [ 128.881546530403568, 36.23873070707419 ], [ 128.881087236747618, 36.241486396907142 ], [ 128.884205156737238, 36.242882933268319 ], [ 128.882174046539092, 36.252709170805012 ], [ 128.871778603666229, 36.256407601258587 ], [ 128.869031473878152, 36.25464633562634 ], [ 128.865552140966173, 36.255535988185571 ], [ 128.856589247392719, 36.254566144617215 ], [ 128.850491956517459, 36.261270367036339 ], [ 128.846888342608366, 36.261248425172852 ], [ 128.850260543259395, 36.265837014026317 ], [ 128.86266271302074, 36.267961620855282 ], [ 128.86343496048147, 36.274391911760979 ], [ 128.873449631703039, 36.273182060876259 ], [ 128.877300899842112, 36.274135269371406 ], [ 128.879057123419216, 36.285691465285467 ], [ 128.877766686318608, 36.287025729014992 ], [ 128.878268776626044, 36.292209452526201 ], [ 128.881195074350273, 36.297253631129067 ], [ 128.883635696217681, 36.297671533358887 ], [ 128.885908148573236, 36.295728351560605 ], [ 128.88949031432611, 36.297400731693642 ], [ 128.893569235860554, 36.296008894913321 ], [ 128.904839697535778, 36.29638917452332 ], [ 128.909800049055178, 36.299080758725324 ], [ 128.912699728921069, 36.298325430302903 ], [ 128.918256503863574, 36.304689794194552 ], [ 128.925922419906385, 36.307031773465447 ], [ 128.931010075219518, 36.306065605367642 ], [ 128.932975766889712, 36.308512518238466 ], [ 128.932482231810695, 36.313862735841717 ], [ 128.934492204985418, 36.319486721680491 ], [ 128.939044390668471, 36.321711449492348 ], [ 128.941313861677401, 36.325436691064468 ], [ 128.946009252027295, 36.326946445815736 ], [ 128.950863912540285, 36.335929939224108 ], [ 128.958526422036272, 36.33669583904625 ], [ 128.962249471492981, 36.338819472125955 ], [ 128.966124196458793, 36.34620950063335 ], [ 128.962794892378383, 36.352599188908997 ], [ 128.96620021261009, 36.356531634176598 ], [ 128.966202069396616, 36.361106219521893 ], [ 128.961455004136695, 36.367001388719792 ], [ 128.964913594772241, 36.369428850346388 ], [ 128.967041137874617, 36.376897322011587 ], [ 128.970328474885775, 36.37970302962578 ], [ 128.969635354917358, 36.382568695138652 ], [ 128.974104790949013, 36.386540205913356 ], [ 128.976213355888603, 36.390325906803497 ], [ 128.975319898413034, 36.392921234148986 ], [ 128.980416504588874, 36.39964173124747 ], [ 128.980865452912838, 36.402057993008071 ], [ 128.979343685036639, 36.402689141414825 ], [ 128.983776171788492, 36.404550264065442 ], [ 128.983925425020004, 36.407161547322737 ], [ 128.983204020922813, 36.41538703050982 ], [ 128.972970620575609, 36.431732332615226 ], [ 128.973192398837142, 36.439231208928213 ], [ 128.9775344298682, 36.445526374506372 ], [ 128.973777724701392, 36.448256340011298 ], [ 128.97388949468592, 36.451899322834905 ], [ 128.969308048974028, 36.452256242199716 ], [ 128.969821317209778, 36.456678180148209 ], [ 128.967861271329781, 36.462068637528226 ], [ 128.974451922851387, 36.467521533234702 ], [ 128.980259789173402, 36.464102075666482 ], [ 128.98506083437448, 36.463538741242758 ], [ 128.985066850624435, 36.465351792940083 ], [ 128.979444468982138, 36.468657189737471 ], [ 128.97863010072416, 36.470741862050986 ], [ 128.981181110312377, 36.475779204001014 ], [ 128.974001104692974, 36.478974760778065 ], [ 128.975993377124041, 36.48158877028014 ], [ 128.975252230702495, 36.483916612587258 ], [ 128.982881861304378, 36.486311203280486 ], [ 128.985941621872826, 36.49026357187855 ], [ 128.991035883526649, 36.490718172448197 ], [ 128.988631053928401, 36.492484795429199 ], [ 128.988806260833996, 36.495124319738743 ], [ 128.993711908655229, 36.498616320395953 ], [ 128.993941401521511, 36.503433922721669 ], [ 128.996995740477757, 36.507859362515347 ], [ 128.993963089202168, 36.51418350348073 ], [ 128.993662456265383, 36.513110142678038 ], [ 128.992929553057593, 36.51796605112083 ], [ 128.988388616769583, 36.515512552126687 ], [ 128.984688929911869, 36.51550543777288 ], [ 128.980633171771984, 36.52660489353859 ], [ 128.976741877411769, 36.526232156365985 ], [ 128.973098556370132, 36.530238516176979 ], [ 128.969535195500214, 36.530489972362965 ], [ 128.973024714017896, 36.532125907791823 ], [ 128.972215609218438, 36.533994196152236 ], [ 128.974291131376106, 36.535392159592512 ], [ 128.974779093734043, 36.544116369331007 ], [ 128.976579119494062, 36.54652344804861 ], [ 128.979541343198207, 36.545508582806811 ], [ 128.985655801254694, 36.548136958030661 ], [ 128.991927574554239, 36.548719117777452 ], [ 128.988149256759357, 36.5574104909699 ], [ 128.983970471483389, 36.561062886641245 ], [ 128.979205480136244, 36.560986631407168 ], [ 128.97973939014048, 36.565198329270565 ], [ 128.98393924663867, 36.567788697683682 ], [ 128.984400903013722, 36.57344848454207 ], [ 128.990725506044214, 36.576812141862902 ], [ 128.99257214584344, 36.581472322236912 ], [ 128.996649837376538, 36.583252813864469 ], [ 129.000103548719608, 36.587419133082541 ], [ 128.999802808933254, 36.593979929827263 ], [ 129.004457373631027, 36.594800357851867 ] ] ] } },
{ "type": "Feature", "properties": { "region_code": 47760, "region_name": "영양군" }, "geometry": { "type": "Polygon", "coordinates": [ [ [ 129.171024600144534, 36.881547026695131 ], [ 129.18188058289374, 36.878456317864611 ], [ 129.192240165109553, 36.879296281864299 ], [ 129.195845832359481, 36.874787025886654 ], [ 129.195612938382681, 36.869736204063408 ], [ 129.20094888018744, 36.865110719346774 ], [ 129.20091817273061, 36.862166135667287 ], [ 129.205556595960701, 36.855849825203741 ], [ 129.208322049318298, 36.856817145358654 ], [ 129.211285781294322, 36.863678327219006 ], [ 129.214788372326439, 36.861544404898012 ], [ 129.215640448517462, 36.858665025093053 ], [ 129.217723368006887, 36.858361893005949 ], [ 129.22251405335075, 36.861647289121798 ], [ 129.232377872712959, 36.863078445351071 ], [ 129.226235418655222, 36.856131643113642 ], [ 129.233681622456402, 36.853091864292558 ], [ 129.236299248570816, 36.85512939886884 ], [ 129.240210003447658, 36.851909830776549 ], [ 129.24701909105633, 36.852305914361914 ], [ 129.252544835737069, 36.85866372838732 ], [ 129.254518284565506, 36.859034135138401 ], [ 129.256021366200969, 36.872115555957073 ], [ 129.262227826689184, 36.877150466840114 ], [ 129.2635646713521, 36.875798356992853 ], [ 129.260997875560747, 36.873457146428485 ], [ 129.261797675619448, 36.870529650520581 ], [ 129.267511995999513, 36.872795398674604 ], [ 129.271626149619692, 36.871487925813625 ], [ 129.275738852910223, 36.875191698478609 ], [ 129.279446387273879, 36.873806465034868 ], [ 129.285474332681304, 36.86364079698928 ], [ 129.278726265837435, 36.864384404686454 ], [ 129.280718416652462, 36.861297946611579 ], [ 129.275621399315412, 36.85885130700705 ], [ 129.277428500901635, 36.856476119750866 ], [ 129.275062168779897, 36.850520534856663 ], [ 129.277421439674612, 36.847344232397873 ], [ 129.270733038828354, 36.840737995901698 ], [ 129.273669593811007, 36.840179415182398 ], [ 129.271725364921821, 36.838317180800956 ], [ 129.272657998439144, 36.833382848148588 ], [ 129.279242110853005, 36.8318933490741 ], [ 129.285492324306688, 36.833454991619504 ], [ 129.289103328612896, 36.832408453464353 ], [ 129.28937287901104, 36.829574629385377 ], [ 129.294066693953425, 36.824988572465863 ], [ 129.290816561030027, 36.821188473831292 ], [ 129.287554954087568, 36.808641020035601 ], [ 129.292388550506956, 36.805741614304459 ], [ 129.293948276773705, 36.800527440342812 ], [ 129.29700879487271, 36.799540116978875 ], [ 129.300145462630979, 36.793875450296241 ], [ 129.307284387327798, 36.791710826408071 ], [ 129.308009055101849, 36.788723719462674 ], [ 129.312082024670673, 36.786115240534677 ], [ 129.314116210386857, 36.780784289911679 ], [ 129.310783020856661, 36.773825862298516 ], [ 129.306287709800614, 36.776611745985356 ], [ 129.303288878031566, 36.776675522092127 ], [ 129.296554231163441, 36.767959149365815 ], [ 129.297595536381124, 36.756455397668141 ], [ 129.295045148043926, 36.753491078867519 ], [ 129.285254214174131, 36.752121812141404 ], [ 129.277004345166233, 36.746471717072509 ], [ 129.271702619226659, 36.74474300438925 ], [ 129.272924333023298, 36.740749583864485 ], [ 129.270456913313751, 36.727744909135041 ], [ 129.271977002160895, 36.725279456138708 ], [ 129.275332288373619, 36.723081771786845 ], [ 129.28094255354489, 36.723327901440321 ], [ 129.287762232924905, 36.718909537553223 ], [ 129.295065474786611, 36.718716646033762 ], [ 129.292314356245612, 36.717317323950446 ], [ 129.289038184899994, 36.709776319048402 ], [ 129.286242212321383, 36.708298061445873 ], [ 129.286731297639193, 36.703895686996702 ], [ 129.284813926876097, 36.699640586137008 ], [ 129.282267608904505, 36.698983232388883 ], [ 129.282778822767426, 36.695346233838912 ], [ 129.280607076158617, 36.692905921887984 ], [ 129.276277063409623, 36.691693096087022 ], [ 129.278629059686949, 36.683290130127219 ], [ 129.277228285307501, 36.679428928696488 ], [ 129.271446819028768, 36.676975179463092 ], [ 129.269053040514194, 36.673691292891768 ], [ 129.265818322460547, 36.673454914751069 ], [ 129.260337678461553, 36.668580593247732 ], [ 129.253805913588167, 36.671202297739377 ], [ 129.247390524412396, 36.667048419246612 ], [ 129.234881534472919, 36.66296428978265 ], [ 129.232185044721547, 36.66020889441225 ], [ 129.233224222154718, 36.658875419288137 ], [ 129.229916808240034, 36.647535587401286 ], [ 129.230706320240529, 36.643883806496646 ], [ 129.234825391088236, 36.642478971111608 ], [ 129.235178012090046, 36.639343333551452 ], [ 129.237095337236241, 36.638838142250272 ], [ 129.237185938631626, 36.636024862010501 ], [ 129.239253288831861, 36.634592085952782 ], [ 129.240173827776744, 36.629004688868299 ], [ 129.237377610714873, 36.627073510947149 ], [ 129.239129325508458, 36.622934756836734 ], [ 129.236478222282898, 36.620645762362571 ], [ 129.230684128834923, 36.620293869666703 ], [ 129.229264037283968, 36.614818291303706 ], [ 129.230941546446843, 36.61152121454991 ], [ 129.231014164666504, 36.604243346697068 ], [ 129.222513688119591, 36.603912592721983 ], [ 129.223884041534689, 36.597620586844563 ], [ 129.219326481710169, 36.594689740705157 ], [ 129.216818864817213, 36.589298399256798 ], [ 129.220986569768314, 36.585351809226921 ], [ 129.225831524398473, 36.585655521058655 ], [ 129.231040927286386, 36.583023931926689 ], [ 129.231338077445912, 36.577579612829652 ], [ 129.236561074696624, 36.570404794743787 ], [ 129.236738032839099, 36.567478399069408 ], [ 129.242298192044871, 36.567131840954815 ], [ 129.243832546034497, 36.564173830222764 ], [ 129.246401912470219, 36.563074252248875 ], [ 129.247097483672349, 36.559983228524516 ], [ 129.242683611082583, 36.560062662520899 ], [ 129.24106486903554, 36.558151870145132 ], [ 129.240211983957579, 36.553850215256077 ], [ 129.242074343408206, 36.544698908753375 ], [ 129.236426652771428, 36.540651965811911 ], [ 129.237274051717208, 36.537751256463885 ], [ 129.235765839865365, 36.533667826202709 ], [ 129.240630326350782, 36.523437149511587 ], [ 129.239434181054037, 36.521046888176869 ], [ 129.243118104241859, 36.519822932905349 ], [ 129.247963673560974, 36.51031041671088 ], [ 129.243819661651258, 36.508492959865116 ], [ 129.240344378420446, 36.509007104923704 ], [ 129.235067411647606, 36.513126780020862 ], [ 129.232265893178493, 36.51180473217611 ], [ 129.226569061375983, 36.514067686550248 ], [ 129.226414614596791, 36.510148789170742 ], [ 129.222891754993128, 36.50419268912178 ], [ 129.223251030925326, 36.49981867592966 ], [ 129.2267628143818, 36.494608509505824 ], [ 129.22426669522963, 36.492396452477365 ], [ 129.225529033270732, 36.490661390866734 ], [ 129.224343133700557, 36.48892097699126 ], [ 129.220778317133238, 36.491102525530771 ], [ 129.218030732937848, 36.490512133603794 ], [ 129.21805785125909, 36.495402554490816 ], [ 129.213668224017965, 36.500362071278595 ], [ 129.208970559687657, 36.500359443076675 ], [ 129.205060870649135, 36.502568018720453 ], [ 129.201859774719878, 36.500092895432076 ], [ 129.191110124954008, 36.503222768056872 ], [ 129.188542764914189, 36.499678192526304 ], [ 129.184936988599304, 36.504966730609617 ], [ 129.181752777208175, 36.505517863266334 ], [ 129.1808590540154, 36.507780742144909 ], [ 129.174145315666607, 36.507838798037966 ], [ 129.170147879680144, 36.505424683731867 ], [ 129.161471097703071, 36.504321445642042 ], [ 129.152746094602804, 36.500294968508946 ], [ 129.146618001475758, 36.501289791381616 ], [ 129.143931794796032, 36.498996003495598 ], [ 129.137242301517745, 36.501340491650538 ], [ 129.132641563876149, 36.500870895541517 ], [ 129.129410414497102, 36.503800931332272 ], [ 129.131013251472325, 36.508049174499575 ], [ 129.127515907139326, 36.511804111558519 ], [ 129.131815126202554, 36.517490954693081 ], [ 129.126754030954061, 36.521852774776448 ], [ 129.131122954348854, 36.526451595456095 ], [ 129.12836022253191, 36.533852797065322 ], [ 129.122830835373605, 36.535177694580895 ], [ 129.118121890617289, 36.539072232900629 ], [ 129.110961515629214, 36.540528955938257 ], [ 129.107849410411745, 36.54587335137775 ], [ 129.099935413214467, 36.542809961448846 ], [ 129.099092231054669, 36.543910011144497 ], [ 129.091788251766587, 36.543167770485965 ], [ 129.081599855733458, 36.544320509680539 ], [ 129.076962167726975, 36.542326771449041 ], [ 129.067820965119466, 36.542450779926604 ], [ 129.059156045949749, 36.554936675552348 ], [ 129.055060359125548, 36.554802470219201 ], [ 129.051336490160736, 36.557355210452947 ], [ 129.050091894454368, 36.565666563211771 ], [ 129.044828930218529, 36.575118522327578 ], [ 129.047416168480879, 36.576532210269505 ], [ 129.046236899009415, 36.580148547175646 ], [ 129.035904292299648, 36.582297264963479 ], [ 129.035702553459316, 36.58468708574236 ], [ 129.028257622950946, 36.589393349401931 ], [ 129.024799236882274, 36.589592154970333 ], [ 129.022547271767479, 36.587825182570462 ], [ 129.01332361253057, 36.588504085594771 ], [ 129.005708121526965, 36.592096895539648 ], [ 129.004384812789709, 36.594962989379447 ], [ 128.999802808933254, 36.593979929827263 ], [ 128.99918945496367, 36.599143795917165 ], [ 129.001598413757421, 36.602466833022753 ], [ 128.9972980686006, 36.604340348425723 ], [ 128.995912794086536, 36.608884757213353 ], [ 128.997603791742591, 36.611540788336995 ], [ 128.996628966162717, 36.618679327263223 ], [ 128.994736273795752, 36.62192241734072 ], [ 128.9908791448687, 36.623882606364447 ], [ 128.992340273913754, 36.62906949704756 ], [ 128.991447480247984, 36.635591985596726 ], [ 128.994882691937732, 36.641896531040103 ], [ 128.989358219850004, 36.647753137488714 ], [ 128.996598093293187, 36.654853331328667 ], [ 128.995290739299435, 36.661744839359137 ], [ 128.99119740551032, 36.66327993218389 ], [ 128.990004585875965, 36.665233277358809 ], [ 128.990888389847498, 36.668259021353364 ], [ 128.993315174388584, 36.669175153452542 ], [ 128.989449016388249, 36.674311949241108 ], [ 128.994533555053295, 36.681001085044755 ], [ 128.991887862289104, 36.691068601189919 ], [ 128.997410327322086, 36.69504566629908 ], [ 128.99696411606692, 36.701208425430352 ], [ 128.994265159293917, 36.704065227155979 ], [ 128.997179144179967, 36.706819239902373 ], [ 128.999926931055086, 36.714852227339918 ], [ 128.999562548968981, 36.7189841805654 ], [ 128.996091203787586, 36.722773531944931 ], [ 128.996952602303679, 36.727394247772629 ], [ 128.993239754190512, 36.73085814293924 ], [ 128.989377436801959, 36.73195743795776 ], [ 128.987452031248779, 36.735671423077299 ], [ 128.990713463673018, 36.741085479221276 ], [ 128.990262564008276, 36.747416487895592 ], [ 128.991699972709142, 36.748385577075958 ], [ 128.989720605599047, 36.750446572491931 ], [ 128.992013959599092, 36.755994630770388 ], [ 128.983782518169477, 36.763538644378464 ], [ 128.984629415061448, 36.77258583987026 ], [ 128.988357345759965, 36.773573693304492 ], [ 128.990273919235506, 36.776793304004357 ], [ 128.996586039670717, 36.777932870961948 ], [ 129.000665514774141, 36.780603967786355 ], [ 129.008328001370188, 36.77995132576801 ], [ 129.011948020145297, 36.782784747137988 ], [ 129.018171178995601, 36.784645513170304 ], [ 129.021929375295855, 36.783368973838243 ], [ 129.035998195665854, 36.789217311018682 ], [ 129.038549053436157, 36.79516845236288 ], [ 129.048177234052304, 36.798578106403184 ], [ 129.051291887389993, 36.804215709483543 ], [ 129.053411451099549, 36.80631055502802 ], [ 129.055780615086718, 36.805743606002395 ], [ 129.063123277524625, 36.813365048724954 ], [ 129.06587338585885, 36.818768781920475 ], [ 129.071458177747644, 36.820578391862767 ], [ 129.077882463482354, 36.819958878804584 ], [ 129.080193897989773, 36.81804331026256 ], [ 129.089084874987094, 36.824300132432363 ], [ 129.089684853702693, 36.826362727524192 ], [ 129.093077682652336, 36.825400622924754 ], [ 129.099353448025937, 36.827673504675786 ], [ 129.103834157388036, 36.835604436255551 ], [ 129.108129563374433, 36.837466355520263 ], [ 129.110075863489413, 36.840226484402898 ], [ 129.113306687077085, 36.84075449962242 ], [ 129.114437172416672, 36.843061939763004 ], [ 129.118338154747306, 36.844121864617513 ], [ 129.121070795409366, 36.847139749896442 ], [ 129.124071555231239, 36.852978120334342 ], [ 129.123976610216232, 36.85665217093424 ], [ 129.128287383165258, 36.858383971101041 ], [ 129.129203355840986, 36.864913599062675 ], [ 129.135657436912794, 36.86910367955312 ], [ 129.136395497422967, 36.873156339458106 ], [ 129.153010436057571, 36.873821604007958 ], [ 129.155542737938219, 36.877980163097071 ], [ 129.159114783380176, 36.874729279224745 ], [ 129.162952085983108, 36.874190356571098 ], [ 129.165797216936596, 36.875390939203626 ], [ 129.16521318613448, 36.879156075625986 ], [ 129.171024600144534, 36.881547026695131 ] ] ] } },
{ "type": "Feature", "properties": { "region_code": 47770, "region_name": "영덕군" }, "geometry": { "type": "MultiPolygon", "coordinates": [ [ [ [ 129.378572528468624, 36.277651602392467 ], [ 129.378635150226984, 36.277735303637378 ], [ 129.378628685950559, 36.277664309527175 ], [ 129.378572528468624, 36.277651602392467 ] ] ], [ [ [ 129.378444198405418, 36.278596630117747 ], [ 129.378502354923285, 36.278562472446843 ], [ 129.378433549691323, 36.278581342835643 ], [ 129.378444198405418, 36.278596630117747 ] ] ], [ [ [ 129.378299035507979, 36.280113964086837 ], [ 129.37834819387237, 36.280152109893521 ], [ 129.378340906112527, 36.280071656760363 ], [ 129.378299035507979, 36.280113964086837 ] ] ], [ [ [ 129.377469834824979, 36.280185345683023 ], [ 129.377504293581524, 36.280268418905287 ], [ 129.377572327144662, 36.28015843894228 ], [ 129.377469834824979, 36.280185345683023 ] ] ], [ [ [ 129.378905705901985, 36.290857500332962 ], [ 129.37858581082358, 36.290611500736482 ], [ 129.378702458373567, 36.290953850595152 ], [ 129.378905705901985, 36.290857500332962 ] ] ], [ [ [ 129.379082004467904, 36.290989327554691 ], [ 129.379361728395281, 36.290755124106255 ], [ 129.379058286035928, 36.290711385578511 ], [ 129.379082004467904, 36.290989327554691 ] ] ], [ [ [ 129.378227696895578, 36.293171004556648 ], [ 129.37825419883589, 36.293218775365339 ], [ 129.378284065783021, 36.293202277273281 ], [ 129.378227696895578, 36.293171004556648 ] ] ], [ [ [ 129.378717631020862, 36.293425569286754 ], [ 129.37850106544704, 36.293347130944937 ], [ 129.378403731306804, 36.293362310557995 ], [ 129.378717631020862, 36.293425569286754 ] ] ], [ [ [ 129.378815727853862, 36.293752480003505 ], [ 129.378759678400627, 36.293510598542227 ], [ 129.378672571526891, 36.293569091427877 ], [ 129.378815727853862, 36.293752480003505 ] ] ], [ [ [ 129.379429907143162, 36.294903778147322 ], [ 129.379540451882463, 36.294995528060497 ], [ 129.379548162480347, 36.294909798718415 ], [ 129.379429907143162, 36.294903778147322 ] ] ], [ [ [ 129.379259510026372, 36.299879747692131 ], [ 129.379734067328059, 36.300214023136306 ], [ 129.379818310350316, 36.299517950989802 ], [ 129.379259510026372, 36.299879747692131 ] ] ], [ [ [ 129.378933985753775, 36.302620554424273 ], [ 129.378874662617534, 36.302670579221463 ], [ 129.37894210499519, 36.302664959672718 ], [ 129.378933985753775, 36.302620554424273 ] ] ], [ [ [ 129.378773329366908, 36.302897184815535 ], [ 129.378794064356669, 36.30294866877793 ], [ 129.378844254909666, 36.302898043029032 ], [ 129.378773329366908, 36.302897184815535 ] ] ], [ [ [ 129.37884102445696, 36.303081982633365 ], [ 129.378895185582991, 36.303115516987845 ], [ 129.378895003354103, 36.303077848439038 ], [ 129.37884102445696, 36.303081982633365 ] ] ], [ [ [ 129.378720032878164, 36.303687060792569 ], [ 129.378883060827604, 36.303716463497672 ], [ 129.378726242323125, 36.303658924158277 ], [ 129.378720032878164, 36.303687060792569 ] ] ], [ [ [ 129.378436371559445, 36.303899916510794 ], [ 129.378478712189974, 36.3039755727753 ], [ 129.378505388548859, 36.303966476586112 ], [ 129.378436371559445, 36.303899916510794 ] ] ], [ [ [ 129.378593547895065, 36.304100562658633 ], [ 129.378705495642777, 36.304157343632468 ], [ 129.378721679654461, 36.30414260278976 ], [ 129.378593547895065, 36.304100562658633 ] ] ], [ [ [ 129.378537100386609, 36.304215913600522 ], [ 129.378594460308165, 36.30424321598035 ], [ 129.378602770285653, 36.304211648950677 ], [ 129.378537100386609, 36.304215913600522 ] ] ], [ [ [ 129.378386690992102, 36.304471153477017 ], [ 129.378335314200939, 36.304552602208283 ], [ 129.378401724944553, 36.304540676721196 ], [ 129.378386690992102, 36.304471153477017 ] ] ], [ [ [ 129.378259961491722, 36.304696217953804 ], [ 129.378353028834567, 36.304739811886385 ], [ 129.378332197095034, 36.304667964000217 ], [ 129.378259961491722, 36.304696217953804 ] ] ], [ [ [ 129.378050998387749, 36.304722834597456 ], [ 129.377925723953155, 36.304765407676634 ], [ 129.378160455669502, 36.304817743062365 ], [ 129.378050998387749, 36.304722834597456 ] ] ], [ [ [ 129.377889535781293, 36.30488005959122 ], [ 129.377950888142294, 36.304927268309342 ], [ 129.377927741230195, 36.304860473935079 ], [ 129.377889535781293, 36.30488005959122 ] ] ], [ [ [ 129.377995402683837, 36.305176664726488 ], [ 129.378065752255026, 36.305173017300646 ], [ 129.377992218950169, 36.30516297738253 ], [ 129.377995402683837, 36.305176664726488 ] ] ], [ [ [ 129.378225566030437, 36.305412226783851 ], [ 129.377842786473025, 36.305228966229919 ], [ 129.377679046842303, 36.305306533738879 ], [ 129.378225566030437, 36.305412226783851 ] ] ], [ [ [ 129.378871634491929, 36.307545800445041 ], [ 129.378729908598615, 36.30768665419334 ], [ 129.378948015485634, 36.30759151847321 ], [ 129.378871634491929, 36.307545800445041 ] ] ], [ [ [ 129.379160664910472, 36.307933655277914 ], [ 129.379047455612209, 36.308284302153744 ], [ 129.379340229807497, 36.30804185643747 ], [ 129.379160664910472, 36.307933655277914 ] ] ], [ [ [ 129.379867718804547, 36.308811051646842 ], [ 129.379786231443774, 36.308079822885439 ], [ 129.379114951294213, 36.30835735505385 ], [ 129.379867718804547, 36.308811051646842 ] ] ], [ [ [ 129.37975302226485, 36.309107093974319 ], [ 129.379700556306801, 36.309240367543168 ], [ 129.379790168886615, 36.30923629708758 ], [ 129.37975302226485, 36.309107093974319 ] ] ], [ [ [ 129.379291559630872, 36.309786607749039 ], [ 129.379445243833572, 36.309837939687277 ], [ 129.37930028786343, 36.309749722156347 ], [ 129.379291559630872, 36.309786607749039 ] ] ], [ [ [ 129.379455278340998, 36.310116823329601 ], [ 129.379558033653154, 36.310319621690141 ], [ 129.379663643317457, 36.310284952234518 ], [ 129.379455278340998, 36.310116823329601 ] ] ], [ [ [ 129.379377850710483, 36.316381985142321 ], [ 129.379457291291658, 36.316483115922416 ], [ 129.37943302863485, 36.316370815229767 ], [ 129.379377850710483, 36.316381985142321 ] ] ], [ [ [ 129.379611086906777, 36.332123039145408 ], [ 129.379691663249474, 36.332156395125004 ], [ 129.379685330544049, 36.33206783049615 ], [ 129.379611086906777, 36.332123039145408 ] ] ], [ [ [ 129.379763134324065, 36.332241059481781 ], [ 129.37977283869759, 36.332290053748643 ], [ 129.379789085013016, 36.332241338060335 ], [ 129.379763134324065, 36.332241059481781 ] ] ], [ [ [ 129.37986823285766, 36.332323994942499 ], [ 129.379849757306488, 36.332487528886098 ], [ 129.379942111443, 36.332423340239885 ], [ 129.37986823285766, 36.332323994942499 ] ] ], [ [ [ 129.277109117655158, 36.670634208556059 ], [ 129.279935887932226, 36.671088261187514 ], [ 129.285419299115915, 36.66803312248603 ], [ 129.294202887544117, 36.671407851345144 ], [ 129.298226204948492, 36.668989391493938 ], [ 129.310459065037207, 36.668349884547446 ], [ 129.317579100346961, 36.665631168095864 ], [ 129.327311349028292, 36.666678531733155 ], [ 129.330086465861939, 36.661535551108081 ], [ 129.349008443274585, 36.656782355152458 ], [ 129.354316692977449, 36.650967520258611 ], [ 129.357280577929146, 36.65284041493576 ], [ 129.361495270237015, 36.660443985917318 ], [ 129.364798794998478, 36.660870702309801 ], [ 129.366547513500421, 36.663014264326193 ], [ 129.372854822625129, 36.662389527118215 ], [ 129.373975288873851, 36.664567528079729 ], [ 129.383515194753869, 36.668848188488639 ], [ 129.388846517798726, 36.664528935034021 ], [ 129.392361458113214, 36.666310044172512 ], [ 129.39588161436555, 36.666125444077245 ], [ 129.396654209152302, 36.661259654970983 ], [ 129.400460432082497, 36.66142398476714 ], [ 129.406777056445833, 36.659219735980194 ], [ 129.410008073336542, 36.656261202600334 ], [ 129.410896993445704, 36.652957634568033 ], [ 129.419251691971283, 36.65058728746515 ], [ 129.418633302251806, 36.646380551982482 ], [ 129.423241474627133, 36.642926629356765 ], [ 129.422076834358023, 36.640552851022107 ], [ 129.420771596236193, 36.641344844583266 ], [ 129.417637041898189, 36.639353631575595 ], [ 129.417084610720366, 36.630305653582226 ], [ 129.41428962366723, 36.625533493319772 ], [ 129.41503532176452, 36.623036356890807 ], [ 129.413117233038406, 36.624842790021695 ], [ 129.414185916495541, 36.623368134407428 ], [ 129.414079063140377, 36.623301570421695 ], [ 129.413507511670389, 36.623404112501383 ], [ 129.41275150106307, 36.623326884482289 ], [ 129.412308098319926, 36.622868824281746 ], [ 129.412104638545173, 36.622359748247888 ], [ 129.412014111614667, 36.621839376757535 ], [ 129.411984516715677, 36.618238027722576 ], [ 129.412770369756601, 36.614330397983132 ], [ 129.416275629682559, 36.603413939907938 ], [ 129.415251653788488, 36.599836246582633 ], [ 129.415450948002729, 36.597656187879174 ], [ 129.413965605692795, 36.599556406947677 ], [ 129.414438849501636, 36.597880959957287 ], [ 129.412666887876924, 36.598508236812094 ], [ 129.410678809759588, 36.596659638249662 ], [ 129.410656213397004, 36.590977761481355 ], [ 129.418326175406975, 36.574774810992743 ], [ 129.426141652532635, 36.565971608786988 ], [ 129.432708665912088, 36.561715790319838 ], [ 129.430548037821922, 36.562402369828604 ], [ 129.431411501536388, 36.560433922659008 ], [ 129.436854575264448, 36.558616019069085 ], [ 129.43325646277421, 36.559501652674101 ], [ 129.43177200073643, 36.557291328096575 ], [ 129.434674395091434, 36.558292856194157 ], [ 129.434306175311292, 36.557067912424586 ], [ 129.438506810117673, 36.554603297733379 ], [ 129.438010784222087, 36.554301238487085 ], [ 129.438224660208874, 36.553508582698569 ], [ 129.438993926409381, 36.553870930356048 ], [ 129.439825449502678, 36.55208118903397 ], [ 129.440657472824, 36.551968207665908 ], [ 129.439643362696927, 36.551374345950386 ], [ 129.440892332909584, 36.551617270143048 ], [ 129.440041981054947, 36.55018712627713 ], [ 129.441204314306361, 36.54842315069282 ], [ 129.440807668276506, 36.548403235674741 ], [ 129.440821625187084, 36.549002189169798 ], [ 129.440307942637844, 36.549227227938076 ], [ 129.439613085275198, 36.548792990785188 ], [ 129.439221515087439, 36.544741497018947 ], [ 129.440825545707185, 36.543412192550733 ], [ 129.439197892304804, 36.536612386163206 ], [ 129.43969403564131, 36.533861578944155 ], [ 129.441032401382984, 36.532918553998286 ], [ 129.439692294318689, 36.532376299571908 ], [ 129.441254345631052, 36.532175279117773 ], [ 129.440460356001182, 36.53175896536662 ], [ 129.440059329265495, 36.530329803744003 ], [ 129.441796751781538, 36.522122435983157 ], [ 129.44423974928003, 36.5211275068731 ], [ 129.443212783482295, 36.521337419214845 ], [ 129.442826788314591, 36.52088161011973 ], [ 129.444518651489915, 36.519762313442236 ], [ 129.444058860853119, 36.518818721179947 ], [ 129.444136561124736, 36.517802296535372 ], [ 129.444911364321825, 36.516359376873311 ], [ 129.444033454902637, 36.515524759821879 ], [ 129.443997974561086, 36.512264899217612 ], [ 129.447938254445489, 36.512052788034786 ], [ 129.449160357869772, 36.512589386659663 ], [ 129.450182683393564, 36.511138377258412 ], [ 129.454886391139752, 36.510220413412895 ], [ 129.448827656784857, 36.511267725351949 ], [ 129.446747950082965, 36.508801068028262 ], [ 129.449324925837288, 36.507642156271501 ], [ 129.44919918041893, 36.509932356260165 ], [ 129.451613893016571, 36.5100111026414 ], [ 129.453297592465105, 36.508185748619411 ], [ 129.451828726977652, 36.505890505732559 ], [ 129.448398572548456, 36.50580821485255 ], [ 129.446415251244275, 36.5036804507955 ], [ 129.445908275393379, 36.499595451157333 ], [ 129.446534884645274, 36.496931019155838 ], [ 129.444406054642428, 36.493783200352901 ], [ 129.444293077096404, 36.492749901791861 ], [ 129.444782075754063, 36.49270791540409 ], [ 129.443928034650014, 36.492460953582899 ], [ 129.445286978574188, 36.489782254655459 ], [ 129.43538979172294, 36.484295751324119 ], [ 129.43588863660824, 36.482158890504536 ], [ 129.435477940601857, 36.481117467660944 ], [ 129.435311968968819, 36.48380395955661 ], [ 129.432986436744926, 36.481473298473006 ], [ 129.433096080725704, 36.479065865549792 ], [ 129.434106309907691, 36.478857336197777 ], [ 129.434170788862019, 36.478780105126972 ], [ 129.433662440242728, 36.478645302628827 ], [ 129.433531829589583, 36.47842827497076 ], [ 129.434772384066804, 36.477959004294554 ], [ 129.433698804774735, 36.47812240689008 ], [ 129.43268382083005, 36.476840121075 ], [ 129.434911117180661, 36.476394605386538 ], [ 129.433396201774741, 36.475322156179452 ], [ 129.434130920375196, 36.474092833252328 ], [ 129.434878620442788, 36.475191682041789 ], [ 129.434052475368361, 36.473371924863848 ], [ 129.438093704240345, 36.466164858989167 ], [ 129.435162474515721, 36.453589578781873 ], [ 129.436203000651659, 36.444142362516189 ], [ 129.434391133789205, 36.445512515562804 ], [ 129.435186970884843, 36.442297882149155 ], [ 129.432611919546929, 36.440632872396009 ], [ 129.436192567888327, 36.426144284035082 ], [ 129.431262485373168, 36.417595885509321 ], [ 129.429465371833885, 36.409098935634745 ], [ 129.426230554869846, 36.404324156542344 ], [ 129.42692268048458, 36.406439496992242 ], [ 129.423854968624539, 36.405036954720032 ], [ 129.422063575892281, 36.401468825537044 ], [ 129.422459778870603, 36.39922104304452 ], [ 129.421857038178047, 36.400969108692472 ], [ 129.417598850851732, 36.398481354723643 ], [ 129.41425545978035, 36.391652239285264 ], [ 129.410799844800323, 36.388983829746728 ], [ 129.408985697752343, 36.390222698703155 ], [ 129.407328152624217, 36.388493461755345 ], [ 129.40637775359059, 36.381629468652505 ], [ 129.398296575373138, 36.370127047736588 ], [ 129.396406790048331, 36.369558817455733 ], [ 129.394774020370136, 36.367473396948704 ], [ 129.393972485101614, 36.36297285802349 ], [ 129.395028214027974, 36.36127081566088 ], [ 129.392035489652358, 36.358709921715501 ], [ 129.392969846047947, 36.357496135134284 ], [ 129.393016505404461, 36.354231732136917 ], [ 129.391449590852716, 36.358632259975785 ], [ 129.388079139853403, 36.355644916083698 ], [ 129.391422012336449, 36.355618390707548 ], [ 129.390788452062992, 36.354109783853758 ], [ 129.387516784990169, 36.354286435655347 ], [ 129.388162451067018, 36.349061331344735 ], [ 129.388630258413457, 36.348464719562521 ], [ 129.387185109286207, 36.347488050362166 ], [ 129.386537395553006, 36.344372151201043 ], [ 129.382258952227033, 36.341806468706672 ], [ 129.381229292677091, 36.334006763650869 ], [ 129.380364466867633, 36.334507762809103 ], [ 129.379217244957374, 36.331861172823878 ], [ 129.381582003984249, 36.322502370053257 ], [ 129.382324346692172, 36.321942140741385 ], [ 129.380769789984015, 36.320207899888452 ], [ 129.381771108548747, 36.317320721430058 ], [ 129.380381379036407, 36.319763934604879 ], [ 129.379191095351814, 36.31916370905337 ], [ 129.378983927970296, 36.3136643815714 ], [ 129.380068070330708, 36.310919161441099 ], [ 129.379163993922987, 36.310030692288429 ], [ 129.379559500713071, 36.30890199688811 ], [ 129.37733982822229, 36.306343574551335 ], [ 129.378210758815584, 36.302133934119801 ], [ 129.380295205982435, 36.300604487298685 ], [ 129.37840475937486, 36.300967235540945 ], [ 129.379774761730687, 36.29896296069326 ], [ 129.378404309651074, 36.297308587972971 ], [ 129.3797886184731, 36.296930027473074 ], [ 129.378218442391812, 36.2953359469345 ], [ 129.379675768643381, 36.294180157481343 ], [ 129.378889775414336, 36.294055132386958 ], [ 129.377986632400138, 36.293159959697086 ], [ 129.378355640060875, 36.290319163444707 ], [ 129.37544405132644, 36.289957053179933 ], [ 129.374575660554115, 36.288174871319377 ], [ 129.377090667960744, 36.280523332752686 ], [ 129.377747317363827, 36.279832735669999 ], [ 129.379422715731749, 36.280243472466879 ], [ 129.378036788270464, 36.279127158895861 ], [ 129.378438898081157, 36.277643714583228 ], [ 129.381027846134202, 36.277430311373941 ], [ 129.380222052479184, 36.276309007025048 ], [ 129.38137576248306, 36.274843070829363 ], [ 129.379728780213981, 36.274562994484668 ], [ 129.378991818312727, 36.271093780833318 ], [ 129.378031978019578, 36.272166843292929 ], [ 129.376551018883731, 36.270821673191065 ], [ 129.376027021356293, 36.268202977021517 ], [ 129.373157170070158, 36.26768179506491 ], [ 129.366417847976635, 36.268575308676837 ], [ 129.354386207543541, 36.273194888454888 ], [ 129.350985883518632, 36.270874471570743 ], [ 129.34286308695232, 36.270031381241274 ], [ 129.342671438212847, 36.268354815776583 ], [ 129.339215450635351, 36.26655606209372 ], [ 129.33524929667513, 36.268986314757058 ], [ 129.333005454032019, 36.26733494532705 ], [ 129.328627051624323, 36.267496533931457 ], [ 129.327747019802899, 36.269037427888804 ], [ 129.315680913387808, 36.271834949163768 ], [ 129.308144510186736, 36.268083057345237 ], [ 129.304115640371151, 36.267866057360379 ], [ 129.300248817211326, 36.271388931763774 ], [ 129.300199982749973, 36.273691709110544 ], [ 129.293363190758754, 36.276524775113124 ], [ 129.286473539683158, 36.286365207731635 ], [ 129.288134077185816, 36.288222089757213 ], [ 129.284999675715909, 36.296525400814822 ], [ 129.291885371777312, 36.301970124038625 ], [ 129.291961425356192, 36.306200974902836 ], [ 129.296037318233601, 36.307442236661387 ], [ 129.298280902980252, 36.309980262431495 ], [ 129.297732911676377, 36.323865873073593 ], [ 129.290502042864574, 36.328027576326171 ], [ 129.286441811587963, 36.333365242822012 ], [ 129.282008786917601, 36.329780598824406 ], [ 129.27473660182352, 36.327641382200504 ], [ 129.270881802854291, 36.329975165280743 ], [ 129.270941635238216, 36.333109780001614 ], [ 129.26763685133966, 36.330711891890203 ], [ 129.268945668360601, 36.326069174173846 ], [ 129.266858455084048, 36.324653708988244 ], [ 129.2666493720657, 36.320767001360885 ], [ 129.256042525054823, 36.323803368964469 ], [ 129.251807396996895, 36.321540219501465 ], [ 129.25022103240147, 36.324376011257236 ], [ 129.253789885856548, 36.329430267272699 ], [ 129.25348407959271, 36.339042270578631 ], [ 129.243526879373405, 36.346071745932484 ], [ 129.228549655801658, 36.344315883333152 ], [ 129.224050877567578, 36.34661643560532 ], [ 129.22433194204848, 36.350063434249826 ], [ 129.220767110798022, 36.352854698683906 ], [ 129.220310122931295, 36.35865558133063 ], [ 129.216468210606536, 36.360646333158073 ], [ 129.216364835034824, 36.364366014930283 ], [ 129.218623918142413, 36.373300704831571 ], [ 129.227793607972586, 36.380217646127491 ], [ 129.226740071271593, 36.383654907876959 ], [ 129.221913490850739, 36.384795345697391 ], [ 129.220119976549569, 36.387115932062258 ], [ 129.222261211558589, 36.392298185904629 ], [ 129.227865292258173, 36.396221127287866 ], [ 129.227408146558759, 36.397648600822919 ], [ 129.216748103212893, 36.403661950410424 ], [ 129.214980651234953, 36.406990926432627 ], [ 129.210323636250195, 36.407695239728703 ], [ 129.211984042137374, 36.409851074103287 ], [ 129.210746511852363, 36.418536908627921 ], [ 129.202193437182189, 36.428709142271288 ], [ 129.195596354321253, 36.429927074573285 ], [ 129.188129822425481, 36.426539173239775 ], [ 129.185956834068293, 36.429274765145671 ], [ 129.17894136188977, 36.430790040702874 ], [ 129.171888036009165, 36.434463752973365 ], [ 129.168279147315133, 36.442167538378499 ], [ 129.169105505699633, 36.446528418898147 ], [ 129.160991213980907, 36.453768454741827 ], [ 129.162137136661016, 36.457919192903567 ], [ 129.151978521252289, 36.468198551298947 ], [ 129.147708077026664, 36.477638637554378 ], [ 129.150976047612062, 36.478616432491734 ], [ 129.149935652773109, 36.484193147547231 ], [ 129.1539189172058, 36.492678775098518 ], [ 129.151487447170751, 36.494761960111539 ], [ 129.151352794692826, 36.498958615254601 ], [ 129.161471097703071, 36.504321445642042 ], [ 129.169218444230324, 36.505178147467348 ], [ 129.175979435967918, 36.508093027377008 ], [ 129.181884790084354, 36.507475644616285 ], [ 129.181752777208175, 36.505517863266334 ], [ 129.184936988599304, 36.504966730609617 ], [ 129.188542764914189, 36.499678192526304 ], [ 129.191110124954008, 36.503222768056872 ], [ 129.201859774719878, 36.500092895432076 ], [ 129.205060870649135, 36.502568018720453 ], [ 129.215869199753229, 36.498914056669712 ], [ 129.218336849011905, 36.494411555703394 ], [ 129.218030732937848, 36.490512133603794 ], [ 129.220778317133238, 36.491102525530771 ], [ 129.224343133700557, 36.48892097699126 ], [ 129.225529033270732, 36.490661390866734 ], [ 129.22426669522963, 36.492396452477365 ], [ 129.2267628143818, 36.494608509505824 ], [ 129.223251030925326, 36.49981867592966 ], [ 129.222891754993128, 36.50419268912178 ], [ 129.226414614596791, 36.510148789170742 ], [ 129.226569061375983, 36.514067686550248 ], [ 129.232265893178493, 36.51180473217611 ], [ 129.235067411647606, 36.513126780020862 ], [ 129.240344378420446, 36.509007104923704 ], [ 129.243819661651258, 36.508492959865116 ], [ 129.247963673560974, 36.51031041671088 ], [ 129.243118104241859, 36.519822932905349 ], [ 129.239434181054037, 36.521046888176869 ], [ 129.240630326350782, 36.523437149511587 ], [ 129.235765839865365, 36.533667826202709 ], [ 129.237274051717208, 36.537751256463885 ], [ 129.236426652771428, 36.540651965811911 ], [ 129.242074343408206, 36.544698908753375 ], [ 129.240211983957579, 36.553850215256077 ], [ 129.24106486903554, 36.558151870145132 ], [ 129.242683611082583, 36.560062662520899 ], [ 129.247097483672349, 36.559983228524516 ], [ 129.246401912470219, 36.563074252248875 ], [ 129.243832546034497, 36.564173830222764 ], [ 129.242298192044871, 36.567131840954815 ], [ 129.236738032839099, 36.567478399069408 ], [ 129.236561074696624, 36.570404794743787 ], [ 129.231338077445912, 36.577579612829652 ], [ 129.231040927286386, 36.583023931926689 ], [ 129.225831524398473, 36.585655521058655 ], [ 129.220986569768314, 36.585351809226921 ], [ 129.216818864817213, 36.589298399256798 ], [ 129.219326481710169, 36.594689740705157 ], [ 129.223884041534689, 36.597620586844563 ], [ 129.222513688119591, 36.603912592721983 ], [ 129.231014164666504, 36.604243346697068 ], [ 129.230941546446843, 36.61152121454991 ], [ 129.229264037283968, 36.614818291303706 ], [ 129.230684128834923, 36.620293869666703 ], [ 129.236478222282898, 36.620645762362571 ], [ 129.239129325508458, 36.622934756836734 ], [ 129.237377610714873, 36.627073510947149 ], [ 129.240173827776744, 36.629004688868299 ], [ 129.239253288831861, 36.634592085952782 ], [ 129.237185938631626, 36.636024862010501 ], [ 129.237095337236241, 36.638838142250272 ], [ 129.235178012090046, 36.639343333551452 ], [ 129.234825391088236, 36.642478971111608 ], [ 129.230706320240529, 36.643883806496646 ], [ 129.229916808240034, 36.647535587401286 ], [ 129.232715872999535, 36.661573287534722 ], [ 129.249796046030298, 36.668146496619542 ], [ 129.253805913588167, 36.671202297739377 ], [ 129.260337678461553, 36.668580593247732 ], [ 129.267172149231044, 36.673871608550598 ], [ 129.277109117655158, 36.670634208556059 ] ] ], [ [ [ 129.381165098973639, 36.275808822300739 ], [ 129.380959453798511, 36.275815423843028 ], [ 129.381147256227678, 36.275870158881354 ], [ 129.381165098973639, 36.275808822300739 ] ] ], [ [ [ 129.381079243198911, 36.276303305306776 ], [ 129.381107776271222, 36.276494987380346 ], [ 129.381218244533983, 36.276438580673059 ], [ 129.381079243198911, 36.276303305306776 ] ] ], [ [ [ 129.381608739249003, 36.276588014316417 ], [ 129.381646457377599, 36.276700090058632 ], [ 129.381737058185195, 36.276678084030969 ], [ 129.381608739249003, 36.276588014316417 ] ] ], [ [ [ 129.379494853712373, 36.293878473086771 ], [ 129.379567848908181, 36.294009635995529 ], [ 129.379622108580918, 36.29399630462261 ], [ 129.379494853712373, 36.293878473086771 ] ] ], [ [ [ 129.379927673394121, 36.293923420599171 ], [ 129.379877606701058, 36.294021447847818 ], [ 129.379938539046748, 36.293937713626214 ], [ 129.379927673394121, 36.293923420599171 ] ] ], [ [ [ 129.380204263094413, 36.299281966508389 ], [ 129.380144929666614, 36.299329107589436 ], [ 129.380198350497864, 36.299348222486898 ], [ 129.380204263094413, 36.299281966508389 ] ] ], [ [ [ 129.380034617128501, 36.308901632046044 ], [ 129.379896623024734, 36.309031120366875 ], [ 129.380157671309007, 36.309088867897451 ], [ 129.380034617128501, 36.308901632046044 ] ] ], [ [ [ 129.380013628741779, 36.311115718428788 ], [ 129.380095054951738, 36.31114474885689 ], [ 129.380113936844367, 36.31108944829684 ], [ 129.380013628741779, 36.311115718428788 ] ] ], [ [ [ 129.380033031809717, 36.311213075503758 ], [ 129.38020227140683, 36.311349156618782 ], [ 129.380100981719011, 36.311195918303213 ], [ 129.380033031809717, 36.311213075503758 ] ] ], [ [ [ 129.380072244144401, 36.311400489109083 ], [ 129.380125036262399, 36.311426002916427 ], [ 129.380119896228024, 36.31139961503758 ], [ 129.380072244144401, 36.311400489109083 ] ] ], [ [ [ 129.381392827055777, 36.320497389174221 ], [ 129.381414471567837, 36.320574462399705 ], [ 129.381454879659742, 36.320502689504373 ], [ 129.381392827055777, 36.320497389174221 ] ] ], [ [ [ 129.381945330764324, 36.321282084605699 ], [ 129.382002307423363, 36.321433480497312 ], [ 129.382031586269989, 36.321271805843914 ], [ 129.381945330764324, 36.321282084605699 ] ] ], [ [ [ 129.382392300111462, 36.322231759855924 ], [ 129.382409671661605, 36.322345162569981 ], [ 129.382485092789921, 36.322214249505464 ], [ 129.382392300111462, 36.322231759855924 ] ] ], [ [ [ 129.382659713766884, 36.322556681126144 ], [ 129.382316232416258, 36.322389979224887 ], [ 129.382291309652913, 36.322553893782924 ], [ 129.382659713766884, 36.322556681126144 ] ] ], [ [ [ 129.382605462745715, 36.322689778364328 ], [ 129.382499580619452, 36.322877562035345 ], [ 129.382603015493316, 36.322850014502414 ], [ 129.382605462745715, 36.322689778364328 ] ] ], [ [ [ 129.381851394465627, 36.323187478337417 ], [ 129.381834299391699, 36.32347302602988 ], [ 129.382015411315621, 36.323319876959935 ], [ 129.381851394465627, 36.323187478337417 ] ] ], [ [ [ 129.382186221176198, 36.323451894319106 ], [ 129.382316723822953, 36.323607742095511 ], [ 129.382395038776139, 36.323498809197488 ], [ 129.382186221176198, 36.323451894319106 ] ] ], [ [ [ 129.381936055342408, 36.323489191821295 ], [ 129.381978554120849, 36.323640274836322 ], [ 129.382087980814873, 36.323585402093244 ], [ 129.381936055342408, 36.323489191821295 ] ] ], [ [ [ 129.382114470234796, 36.323718781344525 ], [ 129.382060056113602, 36.324047076197303 ], [ 129.382189044033225, 36.324029992885301 ], [ 129.382114470234796, 36.323718781344525 ] ] ], [ [ [ 129.38214445622134, 36.324158014251495 ], [ 129.382212791112238, 36.324217541613486 ], [ 129.382214311930341, 36.324141566666398 ], [ 129.38214445622134, 36.324158014251495 ] ] ], [ [ [ 129.380834518847564, 36.326254099833484 ], [ 129.380900699362599, 36.326328324887434 ], [ 129.380886213535206, 36.326234919186824 ], [ 129.380834518847564, 36.326254099833484 ] ] ], [ [ [ 129.380870000123167, 36.326427552800141 ], [ 129.380728584930324, 36.326547229279846 ], [ 129.380746908972782, 36.326604936869437 ], [ 129.380870000123167, 36.326427552800141 ] ] ], [ [ [ 129.381152284957324, 36.327540599318951 ], [ 129.381254442893152, 36.327569651990984 ], [ 129.381245611967984, 36.327540034052966 ], [ 129.381152284957324, 36.327540599318951 ] ] ], [ [ [ 129.380383699775166, 36.328546149857225 ], [ 129.380472445033433, 36.328611022221345 ], [ 129.38050091778112, 36.328557221207625 ], [ 129.380383699775166, 36.328546149857225 ] ] ], [ [ [ 129.380676582403311, 36.334240930950656 ], [ 129.380679359247637, 36.334170899992579 ], [ 129.380626557513494, 36.334191887298935 ], [ 129.380676582403311, 36.334240930950656 ] ] ], [ [ [ 129.380596300469023, 36.334314541754964 ], [ 129.380644742447998, 36.334266986775567 ], [ 129.380574499943606, 36.33427487004046 ], [ 129.380596300469023, 36.334314541754964 ] ] ], [ [ [ 129.382748451612713, 36.338993157561028 ], [ 129.382901309366019, 36.338999787752286 ], [ 129.382796532632341, 36.338916945686002 ], [ 129.382748451612713, 36.338993157561028 ] ] ], [ [ [ 129.382626114954178, 36.33905437932993 ], [ 129.382712678901697, 36.33910330775285 ], [ 129.382685734873547, 36.339037337254247 ], [ 129.382626114954178, 36.33905437932993 ] ] ], [ [ [ 129.387679239594746, 36.347713893783542 ], [ 129.38775092744865, 36.347680680297174 ], [ 129.387724543468437, 36.347661839824617 ], [ 129.387679239594746, 36.347713893783542 ] ] ], [ [ [ 129.388265685762434, 36.349269850734906 ], [ 129.38834533458413, 36.349201645090929 ], [ 129.38828430783505, 36.349139030793701 ], [ 129.388265685762434, 36.349269850734906 ] ] ], [ [ [ 129.394223538820768, 36.363469513448074 ], [ 129.394320587587629, 36.363469553499883 ], [ 129.394208258959736, 36.363422342559794 ], [ 129.394223538820768, 36.363469513448074 ] ] ], [ [ [ 129.394363155429318, 36.363625044507536 ], [ 129.394429361488903, 36.363585265207398 ], [ 129.39438705510841, 36.363569813936543 ], [ 129.394363155429318, 36.363625044507536 ] ] ], [ [ [ 129.394826689393085, 36.365900237192555 ], [ 129.394775401587026, 36.36598196157194 ], [ 129.394848987486824, 36.365968922813295 ], [ 129.394826689393085, 36.365900237192555 ] ] ], [ [ [ 129.395184589943909, 36.366693526711778 ], [ 129.395259163578316, 36.366765646294596 ], [ 129.395297784783935, 36.366734966606799 ], [ 129.395184589943909, 36.366693526711778 ] ] ], [ [ [ 129.395946713122555, 36.36857814889666 ], [ 129.39601950538318, 36.368627741623371 ], [ 129.396029088854846, 36.368605902013321 ], [ 129.395946713122555, 36.36857814889666 ] ] ], [ [ [ 129.3960130993826, 36.368396971840617 ], [ 129.39609400885962, 36.368399406485452 ], [ 129.396013007448232, 36.368378949084814 ], [ 129.3960130993826, 36.368396971840617 ] ] ], [ [ [ 129.395872352223677, 36.368570553397355 ], [ 129.396006317151119, 36.368444034772821 ], [ 129.395858650804826, 36.368527704234431 ], [ 129.395872352223677, 36.368570553397355 ] ] ], [ [ [ 129.396015609154574, 36.368892248158694 ], [ 129.396091418379854, 36.36887739756866 ], [ 129.396032025823956, 36.368833617061256 ], [ 129.396015609154574, 36.368892248158694 ] ] ], [ [ [ 129.423001103943591, 36.401202025343707 ], [ 129.423267994277865, 36.401939035633241 ], [ 129.423391146836366, 36.40205875987543 ], [ 129.423001103943591, 36.401202025343707 ] ] ], [ [ [ 129.428459643552912, 36.406502192331949 ], [ 129.428335874541091, 36.406572943534456 ], [ 129.428439764960132, 36.406591108364807 ], [ 129.428459643552912, 36.406502192331949 ] ] ], [ [ [ 129.429906700203531, 36.409258439921338 ], [ 129.429774015673303, 36.409346933506406 ], [ 129.429785350814342, 36.409366438216651 ], [ 129.429906700203531, 36.409258439921338 ] ] ], [ [ [ 129.430057892695373, 36.409360357381367 ], [ 129.430163727923571, 36.409415126701546 ], [ 129.430129883647908, 36.409336548956702 ], [ 129.430057892695373, 36.409360357381367 ] ] ], [ [ [ 129.430424453630337, 36.410765113569624 ], [ 129.430515456231177, 36.410810564162055 ], [ 129.430487876084499, 36.410721991699575 ], [ 129.430424453630337, 36.410765113569624 ] ] ], [ [ [ 129.432964201106955, 36.476914531063848 ], [ 129.432992954252597, 36.476948580437949 ], [ 129.432990833095431, 36.476908036904256 ], [ 129.432964201106955, 36.476914531063848 ] ] ], [ [ [ 129.433445228788912, 36.477373544654633 ], [ 129.433352091996028, 36.47742020201273 ], [ 129.433451687494767, 36.477391364627287 ], [ 129.433445228788912, 36.477373544654633 ] ] ], [ [ [ 129.433910980096101, 36.47851352415767 ], [ 129.434132130561011, 36.478511187972856 ], [ 129.434159189397803, 36.478480901267901 ], [ 129.433910980096101, 36.47851352415767 ] ] ], [ [ [ 129.433818556047072, 36.47852800943901 ], [ 129.433727828736494, 36.478627195955561 ], [ 129.433829677489143, 36.478621598701082 ], [ 129.433818556047072, 36.47852800943901 ] ] ], [ [ [ 129.433464139515678, 36.479017911079964 ], [ 129.433420235289816, 36.479060767154614 ], [ 129.433507519970362, 36.479039131078054 ], [ 129.433464139515678, 36.479017911079964 ] ] ], [ [ [ 129.434040486746284, 36.479145664696055 ], [ 129.433840894049581, 36.479172345193 ], [ 129.434051566409721, 36.479191673071377 ], [ 129.434040486746284, 36.479145664696055 ] ] ], [ [ [ 129.433835294232523, 36.479749192117339 ], [ 129.433773228278, 36.479825295038566 ], [ 129.433841209519926, 36.479829642658267 ], [ 129.433835294232523, 36.479749192117339 ] ] ], [ [ [ 129.433775373281549, 36.48045041632674 ], [ 129.433701368201412, 36.480486731586112 ], [ 129.43380406246132, 36.480472393550997 ], [ 129.433775373281549, 36.48045041632674 ] ] ], [ [ [ 129.435924819696197, 36.556681849912131 ], [ 129.435878341050511, 36.556582067178041 ], [ 129.435788486145981, 36.55667686954061 ], [ 129.435924819696197, 36.556681849912131 ] ] ], [ [ [ 129.431485285615025, 36.562851148502553 ], [ 129.431294820204585, 36.562727561583898 ], [ 129.431269796153259, 36.562751703478966 ], [ 129.431485285615025, 36.562851148502553 ] ] ], [ [ [ 129.431485165680698, 36.562945758927633 ], [ 129.431532595598867, 36.562897421930586 ], [ 129.43141623652923, 36.562882585614858 ], [ 129.431485165680698, 36.562945758927633 ] ] ], [ [ [ 129.43105119750129, 36.563640495779758 ], [ 129.430952947701741, 36.563754917987993 ], [ 129.431082678144037, 36.563675147738572 ], [ 129.43105119750129, 36.563640495779758 ] ] ], [ [ [ 129.430854349833282, 36.563665881911454 ], [ 129.430804036190864, 36.563808379897623 ], [ 129.430883021961932, 36.563807733022649 ], [ 129.430854349833282, 36.563665881911454 ] ] ], [ [ [ 129.431671095268058, 36.564068783075435 ], [ 129.431519350207566, 36.564077027348077 ], [ 129.431669174619856, 36.564089199343897 ], [ 129.431671095268058, 36.564068783075435 ] ] ], [ [ [ 129.415443247557249, 36.599307069602062 ], [ 129.415595065496888, 36.599191140618977 ], [ 129.415460138853376, 36.599107906410666 ], [ 129.415443247557249, 36.599307069602062 ] ] ], [ [ [ 129.416100518636341, 36.60414936618519 ], [ 129.416201830363036, 36.604237881300783 ], [ 129.416138270857743, 36.604094571251224 ], [ 129.416100518636341, 36.60414936618519 ] ] ], [ [ [ 129.416346116485414, 36.605187309516722 ], [ 129.416508787579232, 36.6053622634143 ], [ 129.41637126133574, 36.605149076925677 ], [ 129.416346116485414, 36.605187309516722 ] ] ], [ [ [ 129.416230227958948, 36.605266978692214 ], [ 129.416396806811008, 36.605545271638519 ], [ 129.416469088373304, 36.605564448860136 ], [ 129.416230227958948, 36.605266978692214 ] ] ], [ [ [ 129.416180462759371, 36.605603114234377 ], [ 129.416127840036637, 36.605887667839959 ], [ 129.416275708828664, 36.605918628740952 ], [ 129.416180462759371, 36.605603114234377 ] ] ], [ [ [ 129.415971243484051, 36.605901128938164 ], [ 129.415968298176637, 36.606274786544176 ], [ 129.416010638344829, 36.606306240721352 ], [ 129.415971243484051, 36.605901128938164 ] ] ], [ [ [ 129.41214795336893, 36.621483084246172 ], [ 129.412243145769423, 36.621571345366732 ], [ 129.412237997540018, 36.62147159760557 ], [ 129.41214795336893, 36.621483084246172 ] ] ], [ [ [ 129.412513888261799, 36.622157684840147 ], [ 129.412447014943041, 36.622124377321605 ], [ 129.41245970150689, 36.622176300747718 ], [ 129.412513888261799, 36.622157684840147 ] ] ], [ [ [ 129.412290471105109, 36.62236796331878 ], [ 129.412230448957104, 36.622300487111744 ], [ 129.412212165838298, 36.622325000023302 ], [ 129.412290471105109, 36.62236796331878 ] ] ], [ [ [ 129.412438400176569, 36.622733814912102 ], [ 129.412498292154311, 36.622688218204715 ], [ 129.412384065522446, 36.622672158553961 ], [ 129.412438400176569, 36.622733814912102 ] ] ], [ [ [ 129.412260040132139, 36.622728737610871 ], [ 129.412348486152666, 36.622740580140615 ], [ 129.412326752908882, 36.622671086736496 ], [ 129.412260040132139, 36.622728737610871 ] ] ], [ [ [ 129.412988706028756, 36.623322656787821 ], [ 129.413116030535377, 36.623322800273471 ], [ 129.413171558470054, 36.623247047317989 ], [ 129.412988706028756, 36.623322656787821 ] ] ], [ [ [ 129.423228696881381, 36.643186947261221 ], [ 129.42335123583203, 36.643412238118387 ], [ 129.423399882117735, 36.643398384641536 ], [ 129.423228696881381, 36.643186947261221 ] ] ], [ [ [ 129.435352810262998, 36.423530356441404 ], [ 129.435119366038606, 36.423303608702312 ], [ 129.43519134146203, 36.423654882176841 ], [ 129.435352810262998, 36.423530356441404 ] ] ], [ [ [ 129.435483923487084, 36.453811649946225 ], [ 129.435591995595246, 36.45394344615034 ], [ 129.435669127160253, 36.453848913586945 ], [ 129.435483923487084, 36.453811649946225 ] ] ], [ [ [ 129.436423244237858, 36.469266666046117 ], [ 129.436580936900555, 36.46949278241464 ], [ 129.436534360971081, 36.469209035087552 ], [ 129.436423244237858, 36.469266666046117 ] ] ], [ [ [ 129.434333907560614, 36.478396369858622 ], [ 129.434233857485935, 36.478443862909131 ], [ 129.4342723942666, 36.47847102728808 ], [ 129.434333907560614, 36.478396369858622 ] ] ], [ [ [ 129.436605907276999, 36.483944047989297 ], [ 129.436428063849036, 36.484050224928517 ], [ 129.436524189328935, 36.484117548821168 ], [ 129.436605907276999, 36.483944047989297 ] ] ], [ [ [ 129.439581099821623, 36.485480855784786 ], [ 129.439422748584605, 36.485541094732497 ], [ 129.439451888590384, 36.485582801370334 ], [ 129.439581099821623, 36.485480855784786 ] ] ], [ [ [ 129.43841150102449, 36.485469117463765 ], [ 129.438280961002079, 36.485592874883437 ], [ 129.438444133935064, 36.485615704932229 ], [ 129.43841150102449, 36.485469117463765 ] ] ], [ [ [ 129.44036212635919, 36.530784035491777 ], [ 129.440317906299782, 36.530856606360608 ], [ 129.440402636548214, 36.530866665659858 ], [ 129.44036212635919, 36.530784035491777 ] ] ], [ [ [ 129.440609901027869, 36.530671361498221 ], [ 129.44052185719994, 36.531039533627606 ], [ 129.440609638945801, 36.531058170947858 ], [ 129.440609901027869, 36.530671361498221 ] ] ], [ [ [ 129.440572302682398, 36.531086198109236 ], [ 129.440551569788425, 36.531128158678257 ], [ 129.440574090137829, 36.531127599227851 ], [ 129.440572302682398, 36.531086198109236 ] ] ], [ [ [ 129.440670639764448, 36.53121363465884 ], [ 129.440670165406118, 36.531323089381274 ], [ 129.440730045702423, 36.5312790006966 ], [ 129.440670639764448, 36.53121363465884 ] ] ], [ [ [ 129.440856123278309, 36.531296459197129 ], [ 129.440751677418859, 36.531421184571663 ], [ 129.440839263004051, 36.531460105556071 ], [ 129.440856123278309, 36.531296459197129 ] ] ], [ [ [ 129.440605072616535, 36.531384924171675 ], [ 129.440633708208139, 36.531433128012871 ], [ 129.440664996430144, 36.531423280604919 ], [ 129.440605072616535, 36.531384924171675 ] ] ], [ [ [ 129.440604750584157, 36.531495829408669 ], [ 129.440569792880922, 36.53152590360601 ], [ 129.440609822055364, 36.531543320753642 ], [ 129.440604750584157, 36.531495829408669 ] ] ], [ [ [ 129.440611821040761, 36.531476365681158 ], [ 129.440696675962016, 36.531561544054689 ], [ 129.440711389614222, 36.531491730204664 ], [ 129.440611821040761, 36.531476365681158 ] ] ], [ [ [ 129.440221816706014, 36.534330858609614 ], [ 129.440316196869475, 36.534391878897928 ], [ 129.440279827449217, 36.534303214361287 ], [ 129.440221816706014, 36.534330858609614 ] ] ], [ [ [ 129.439867926523846, 36.535138258030948 ], [ 129.43994310999031, 36.535107935085591 ], [ 129.439913541240429, 36.535098329994092 ], [ 129.439867926523846, 36.535138258030948 ] ] ], [ [ [ 129.439888334199281, 36.537217087845789 ], [ 129.439675745928355, 36.537311734067806 ], [ 129.439929565699089, 36.537375211568289 ], [ 129.439888334199281, 36.537217087845789 ] ] ], [ [ [ 129.439828321824649, 36.538669971917869 ], [ 129.439811691573652, 36.538776431898697 ], [ 129.4399331355892, 36.538722953744248 ], [ 129.439828321824649, 36.538669971917869 ] ] ], [ [ [ 129.439921576374672, 36.544691452525221 ], [ 129.439906071113029, 36.544850281202642 ], [ 129.440139930469229, 36.544757321673686 ], [ 129.439921576374672, 36.544691452525221 ] ] ], [ [ [ 129.440434856496665, 36.547898718977251 ], [ 129.440531768003893, 36.547812608212489 ], [ 129.440419081491967, 36.547799759471118 ], [ 129.440434856496665, 36.547898718977251 ] ] ], [ [ [ 129.440354984997526, 36.548846996902654 ], [ 129.440260610219468, 36.549010849990204 ], [ 129.440484509730339, 36.54888053900418 ], [ 129.440354984997526, 36.548846996902654 ] ] ], [ [ [ 129.440600566517134, 36.549060165479482 ], [ 129.440434904648356, 36.549017624920268 ], [ 129.44042519239926, 36.549057841256996 ], [ 129.440600566517134, 36.549060165479482 ] ] ], [ [ [ 129.440688618388634, 36.549886249586315 ], [ 129.440784938682498, 36.54980335076786 ], [ 129.440637289128603, 36.549805608663 ], [ 129.440688618388634, 36.549886249586315 ] ] ], [ [ [ 129.440698828562489, 36.552140782824544 ], [ 129.440776878914647, 36.552307783192106 ], [ 129.440772085778974, 36.552195661826126 ], [ 129.440698828562489, 36.552140782824544 ] ] ], [ [ [ 129.440074987040333, 36.552361948330237 ], [ 129.440238841126956, 36.552454863230494 ], [ 129.440204217445512, 36.552346584064978 ], [ 129.440074987040333, 36.552361948330237 ] ] ], [ [ [ 129.439922598432531, 36.552435899152684 ], [ 129.440038188922614, 36.55253620317108 ], [ 129.439972139910765, 36.55235620947844 ], [ 129.439922598432531, 36.552435899152684 ] ] ], [ [ [ 129.439881938732583, 36.552439185643252 ], [ 129.439886662003204, 36.552616124952436 ], [ 129.439940736496823, 36.552607094797622 ], [ 129.439881938732583, 36.552439185643252 ] ] ], [ [ [ 129.440394320438287, 36.552638257480808 ], [ 129.440401028507637, 36.552548929927639 ], [ 129.440369109269966, 36.552565421627484 ], [ 129.440394320438287, 36.552638257480808 ] ] ], [ [ [ 129.438329397736879, 36.553979251399639 ], [ 129.438448403182889, 36.553968675648903 ], [ 129.438342210027031, 36.553932120073604 ], [ 129.438329397736879, 36.553979251399639 ] ] ], [ [ [ 129.437819562922726, 36.555271605318737 ], [ 129.437963579395728, 36.55537358896575 ], [ 129.437887078968544, 36.555237402504098 ], [ 129.437819562922726, 36.555271605318737 ] ] ], [ [ [ 129.43771229294677, 36.555854821596249 ], [ 129.437758813765441, 36.555895922619165 ], [ 129.437782774685076, 36.555878497381457 ], [ 129.43771229294677, 36.555854821596249 ] ] ], [ [ [ 129.437288940789244, 36.555817814320811 ], [ 129.43725563666851, 36.556008717323046 ], [ 129.437378036902174, 36.556003044901729 ], [ 129.437288940789244, 36.555817814320811 ] ] ], [ [ [ 129.43771156703778, 36.555983210401557 ], [ 129.437720299123072, 36.556115420438921 ], [ 129.437785902619567, 36.55600721291772 ], [ 129.43771156703778, 36.555983210401557 ] ] ], [ [ [ 129.437244806100978, 36.556613974084591 ], [ 129.437302006869203, 36.556592300487637 ], [ 129.437279986983242, 36.556571590019018 ], [ 129.437244806100978, 36.556613974084591 ] ] ], [ [ [ 129.444626826158611, 36.491574854367407 ], [ 129.444626045053496, 36.491652718159372 ], [ 129.444679488818139, 36.491650083721133 ], [ 129.444626826158611, 36.491574854367407 ] ] ], [ [ [ 129.444760955735234, 36.492810617176104 ], [ 129.444781398221892, 36.492831601172831 ], [ 129.44479218717737, 36.492811185964321 ], [ 129.444760955735234, 36.492810617176104 ] ] ], [ [ [ 129.44453409105634, 36.492835856949597 ], [ 129.444558040199126, 36.492823864099051 ], [ 129.444528941639618, 36.492823233435097 ], [ 129.44453409105634, 36.492835856949597 ] ] ], [ [ [ 129.444404383678005, 36.492955489960174 ], [ 129.444434163821541, 36.49284650154511 ], [ 129.444340234119409, 36.49287172433948 ], [ 129.444404383678005, 36.492955489960174 ] ] ], [ [ [ 129.444626309984812, 36.493214411075733 ], [ 129.444656436159676, 36.493140604522253 ], [ 129.444582722855699, 36.493137515861157 ], [ 129.444626309984812, 36.493214411075733 ] ] ], [ [ [ 129.444786471000413, 36.493291249702864 ], [ 129.44470357712666, 36.493322099443802 ], [ 129.444769768952085, 36.493333143545954 ], [ 129.444786471000413, 36.493291249702864 ] ] ], [ [ [ 129.445383385621994, 36.493463551454802 ], [ 129.445343824769992, 36.493532275125723 ], [ 129.445448059199038, 36.493530984190052 ], [ 129.445383385621994, 36.493463551454802 ] ] ], [ [ [ 129.444778956146877, 36.493747243800271 ], [ 129.444960334902476, 36.493640798450748 ], [ 129.444788193737367, 36.493633465101766 ], [ 129.444778956146877, 36.493747243800271 ] ] ], [ [ [ 129.444995437068599, 36.493695413093441 ], [ 129.444973187653204, 36.493774472434197 ], [ 129.445043901844627, 36.493772603564871 ], [ 129.444995437068599, 36.493695413093441 ] ] ], [ [ [ 129.445002474281267, 36.493805724746657 ], [ 129.444829860154812, 36.493825200408807 ], [ 129.445066812282874, 36.493902764034281 ], [ 129.445002474281267, 36.493805724746657 ] ] ], [ [ [ 129.44551246598607, 36.494105659791551 ], [ 129.445538377506978, 36.49424115055271 ], [ 129.445620150287169, 36.494228913702756 ], [ 129.44551246598607, 36.494105659791551 ] ] ], [ [ [ 129.445878866042762, 36.494504331100657 ], [ 129.446088089413024, 36.494438304909451 ], [ 129.445804427550115, 36.494388540991871 ], [ 129.445878866042762, 36.494504331100657 ] ] ], [ [ [ 129.445805602303466, 36.495812372185298 ], [ 129.445906573013275, 36.495850592256701 ], [ 129.44585961194062, 36.495777459041911 ], [ 129.445805602303466, 36.495812372185298 ] ] ], [ [ [ 129.446485941038503, 36.498783345776665 ], [ 129.446675037672975, 36.498627721291633 ], [ 129.446506066862156, 36.4985815855201 ], [ 129.446485941038503, 36.498783345776665 ] ] ], [ [ [ 129.446231852862184, 36.499328843642289 ], [ 129.446277458742202, 36.499418555036343 ], [ 129.446337550590556, 36.499367496296543 ], [ 129.446231852862184, 36.499328843642289 ] ] ], [ [ [ 129.450866564275032, 36.505360756686933 ], [ 129.450758573409246, 36.505429290884038 ], [ 129.450906492191194, 36.50543206841067 ], [ 129.450866564275032, 36.505360756686933 ] ] ], [ [ [ 129.451025664697909, 36.505389993665908 ], [ 129.450982443148234, 36.505462979348174 ], [ 129.45103244312233, 36.505463340331005 ], [ 129.451025664697909, 36.505389993665908 ] ] ], [ [ [ 129.452751734911402, 36.507075261668248 ], [ 129.452773339931838, 36.50687467358248 ], [ 129.452704633801034, 36.506865472611423 ], [ 129.452751734911402, 36.507075261668248 ] ] ], [ [ [ 129.453050832237722, 36.509363044287497 ], [ 129.453069784035648, 36.509473543877071 ], [ 129.453157995265457, 36.509439145281597 ], [ 129.453050832237722, 36.509363044287497 ] ] ], [ [ [ 129.448645803615562, 36.510895784004312 ], [ 129.448634965050104, 36.510836260197749 ], [ 129.448610773797327, 36.510899880758672 ], [ 129.448645803615562, 36.510895784004312 ] ] ], [ [ [ 129.448770826795311, 36.51087558024139 ], [ 129.448710308326497, 36.510950421559521 ], [ 129.448777239676815, 36.510942421520376 ], [ 129.448770826795311, 36.51087558024139 ] ] ], [ [ [ 129.44774795241787, 36.512254845525149 ], [ 129.447824586548393, 36.512321873865361 ], [ 129.447763075946511, 36.512244425709 ], [ 129.44774795241787, 36.512254845525149 ] ] ], [ [ [ 129.447663914250086, 36.512394478327892 ], [ 129.447598310131241, 36.512323173939485 ], [ 129.447643275651672, 36.512493502115596 ], [ 129.447663914250086, 36.512394478327892 ] ] ], [ [ [ 129.446872064419352, 36.512759168105383 ], [ 129.446822031128875, 36.512833339747395 ], [ 129.446912831769254, 36.512762890345115 ], [ 129.446872064419352, 36.512759168105383 ] ] ], [ [ [ 129.446891441724318, 36.512828934567189 ], [ 129.446863549850207, 36.512889866042187 ], [ 129.446938250000585, 36.512834526746992 ], [ 129.446891441724318, 36.512828934567189 ] ] ], [ [ [ 129.446661050676113, 36.512872152179099 ], [ 129.446508485940114, 36.51285956646597 ], [ 129.44657040739537, 36.512989190314293 ], [ 129.446661050676113, 36.512872152179099 ] ] ], [ [ [ 129.444196988203316, 36.513216491287949 ], [ 129.444181145968884, 36.513296482442485 ], [ 129.444198545213851, 36.513293622663845 ], [ 129.444196988203316, 36.513216491287949 ] ] ], [ [ [ 129.444289487608131, 36.514965905957737 ], [ 129.444122771442721, 36.514959226577659 ], [ 129.444146506589675, 36.515068897924124 ], [ 129.444289487608131, 36.514965905957737 ] ] ], [ [ [ 129.444386228444188, 36.518940416953676 ], [ 129.444336286753952, 36.51901233537172 ], [ 129.444426052675936, 36.518973791299963 ], [ 129.444386228444188, 36.518940416953676 ] ] ], [ [ [ 129.444307736612501, 36.519037043082285 ], [ 129.444393146795136, 36.519076284696744 ], [ 129.444443278027876, 36.519057535482865 ], [ 129.444307736612501, 36.519037043082285 ] ] ], [ [ [ 129.443734367621886, 36.520548958244945 ], [ 129.443703749004897, 36.52060296138756 ], [ 129.443768600413733, 36.520619933269913 ], [ 129.443734367621886, 36.520548958244945 ] ] ] ] } },
{ "type": "Feature", "properties": { "region_code": 47820, "region_name": "청도군" }, "geometry": { "type": "Polygon", "coordinates": [ [ [ 129.016718218471311, 35.844473116546588 ], [ 129.01429208359292, 35.834974492870025 ], [ 129.008860567759029, 35.832518276763544 ], [ 129.00813486844163, 35.826152310725881 ], [ 129.004182690093927, 35.82291579264745 ], [ 129.001313958444484, 35.813212467677012 ], [ 128.997135653195613, 35.80638652784944 ], [ 128.99029932913615, 35.799851249969691 ], [ 128.994785721131763, 35.793702489263268 ], [ 128.99418783381347, 35.784292669809972 ], [ 128.997955240999289, 35.780805052034864 ], [ 128.996095473519603, 35.778789468894928 ], [ 128.997068164052422, 35.778123832040798 ], [ 128.990178600854819, 35.772678433059383 ], [ 128.981723793768424, 35.773586859843661 ], [ 128.974656233669037, 35.771702917079423 ], [ 128.977644244034281, 35.765302132519139 ], [ 128.973687530238294, 35.764811939340248 ], [ 128.970726769662605, 35.754672886873649 ], [ 128.975603297475345, 35.749738851367617 ], [ 128.9728775493125, 35.737417149799782 ], [ 128.9780895628721, 35.735846485537024 ], [ 128.979761765801896, 35.731081907508269 ], [ 128.986564836725904, 35.726974456406651 ], [ 128.991545935010777, 35.719199896295635 ], [ 128.997558762412012, 35.717251490661496 ], [ 128.997329673019152, 35.711057015674442 ], [ 129.002200666862706, 35.707478455577302 ], [ 129.003054656223213, 35.704890355186997 ], [ 129.003079608189694, 35.693929788111959 ], [ 129.007081339200738, 35.694564780035954 ], [ 129.02182952188835, 35.688934012522722 ], [ 129.02487886873331, 35.691148521062431 ], [ 129.037361444589095, 35.694996342962718 ], [ 129.038717431815456, 35.689922945809045 ], [ 129.035206482813948, 35.67528606261736 ], [ 129.041982187483626, 35.662618436692021 ], [ 129.042638917331942, 35.656726263534601 ], [ 129.046901079445064, 35.65051760673839 ], [ 129.04334340561806, 35.640967471040256 ], [ 129.036967059120485, 35.632461728993526 ], [ 129.035486226444306, 35.632020914471916 ], [ 129.026610730565153, 35.63639548250795 ], [ 129.020909215731308, 35.635083106726903 ], [ 129.018023181033328, 35.629647760197898 ], [ 129.009666385600525, 35.62589342490687 ], [ 129.000141026412336, 35.617221681232905 ], [ 128.986749718777446, 35.609120193998038 ], [ 128.982642270028009, 35.608705170637315 ], [ 128.972807473621657, 35.613446965489238 ], [ 128.960876832728388, 35.615581271945516 ], [ 128.961261351719401, 35.620562277963685 ], [ 128.953591807561111, 35.625239962368923 ], [ 128.951197952931693, 35.630153526149158 ], [ 128.941145155914711, 35.635073437311476 ], [ 128.915053698032153, 35.640618744628107 ], [ 128.901667246009794, 35.633211120391877 ], [ 128.888773142097676, 35.628856972304433 ], [ 128.884711960637048, 35.631989574267593 ], [ 128.884794620004129, 35.633984589832139 ], [ 128.881460700676541, 35.635477864059446 ], [ 128.875378477297147, 35.632329840680548 ], [ 128.873876277179534, 35.621636067597635 ], [ 128.871965713887988, 35.618251253424624 ], [ 128.868147534780746, 35.616121187735402 ], [ 128.864790331707582, 35.609047119962725 ], [ 128.859358574996463, 35.606220931394034 ], [ 128.854256983414359, 35.60014140307252 ], [ 128.85407515985537, 35.597181994273782 ], [ 128.845696295760007, 35.589619360417295 ], [ 128.842638716246, 35.588993799412762 ], [ 128.83364828421017, 35.59735413577733 ], [ 128.82629469225455, 35.596775294719556 ], [ 128.810264784163451, 35.589191661022703 ], [ 128.801655670194009, 35.588600867711911 ], [ 128.798780568508931, 35.578306302004265 ], [ 128.792345938954526, 35.570466190257946 ], [ 128.787732903985386, 35.567496801644239 ], [ 128.771037267779576, 35.568631107054919 ], [ 128.768466480098056, 35.570844042402591 ], [ 128.766346229416769, 35.568240827935476 ], [ 128.763826460434018, 35.569012129426525 ], [ 128.75813554169585, 35.567493370574141 ], [ 128.753847648833158, 35.570339054912537 ], [ 128.74876303575104, 35.570733103508424 ], [ 128.741288290589665, 35.574133233659843 ], [ 128.737418273937124, 35.577153996199414 ], [ 128.731972709624557, 35.575953087654142 ], [ 128.727679385318538, 35.57751024922468 ], [ 128.724620298658749, 35.58147667941256 ], [ 128.714957977063193, 35.577597291841037 ], [ 128.712407704098695, 35.579107905575611 ], [ 128.703308408073099, 35.578010111264547 ], [ 128.694940280212506, 35.583417552212289 ], [ 128.693192943393115, 35.590875469990593 ], [ 128.69160530162543, 35.593319094283039 ], [ 128.687603663974386, 35.595025127394855 ], [ 128.678283750022615, 35.59474785092263 ], [ 128.674242839870317, 35.596099718153091 ], [ 128.664418759038568, 35.593752824591583 ], [ 128.656321220438969, 35.597875109579824 ], [ 128.650607915683906, 35.594613570896257 ], [ 128.644090805236772, 35.593052529218689 ], [ 128.640902753809058, 35.58881784385801 ], [ 128.638065651572049, 35.588595826624093 ], [ 128.636532402843812, 35.584697923627338 ], [ 128.630746710660276, 35.587420182266257 ], [ 128.62680728548176, 35.585438408963725 ], [ 128.616835930126769, 35.583918903519809 ], [ 128.614703624480967, 35.581655913643722 ], [ 128.599969235490107, 35.58042255082043 ], [ 128.592692910224457, 35.584870143605976 ], [ 128.58478304591253, 35.586443640731552 ], [ 128.572957152545399, 35.593216009927445 ], [ 128.57280861337091, 35.597486184810812 ], [ 128.56976690365596, 35.599402639475571 ], [ 128.569407317081783, 35.603964777157387 ], [ 128.566255159174489, 35.602069691444719 ], [ 128.560810422758891, 35.603235383781914 ], [ 128.558734833288753, 35.607366564042856 ], [ 128.558732611992696, 35.614800028809981 ], [ 128.556104521414426, 35.616847879709105 ], [ 128.551245222306846, 35.616554012782771 ], [ 128.536896576511054, 35.623828427844735 ], [ 128.536198894461933, 35.627587901139641 ], [ 128.53816283992461, 35.632593190571917 ], [ 128.53476820511932, 35.643701585053797 ], [ 128.537837719260182, 35.650785107591645 ], [ 128.537434176914616, 35.659760798395645 ], [ 128.535681861577103, 35.662029236175727 ], [ 128.530784731210048, 35.662736403449387 ], [ 128.526808445201766, 35.673504438772135 ], [ 128.529908358434938, 35.683496357079378 ], [ 128.531799039000163, 35.6833341192402 ], [ 128.531319800726862, 35.687860317911934 ], [ 128.535263664762653, 35.694051603824725 ], [ 128.531864114413821, 35.696616249870978 ], [ 128.533886666316874, 35.70326018491339 ], [ 128.527904868456005, 35.712740794387898 ], [ 128.533310019465574, 35.716467260874737 ], [ 128.544085726597302, 35.719434090006494 ], [ 128.546090844329001, 35.722648893985664 ], [ 128.552496077511762, 35.726597007418903 ], [ 128.560987065715466, 35.729713671951508 ], [ 128.564767186427389, 35.736762489550841 ], [ 128.571728962728201, 35.734572896163471 ], [ 128.580515905036265, 35.738666601867287 ], [ 128.582415807851788, 35.738333440608571 ], [ 128.589600877311398, 35.731503763372444 ], [ 128.592162830395296, 35.73265599887479 ], [ 128.594244618409817, 35.737075030637591 ], [ 128.600003145069167, 35.736339277953363 ], [ 128.607498963098294, 35.738998349963218 ], [ 128.612434665635959, 35.738518904964963 ], [ 128.61493246488709, 35.730318450251033 ], [ 128.609934475584396, 35.72487576242893 ], [ 128.614057984115107, 35.722113620341311 ], [ 128.616925730040919, 35.717635315263287 ], [ 128.613951210810086, 35.714174102395233 ], [ 128.613916056890645, 35.709840876442307 ], [ 128.619788184397351, 35.704508633882774 ], [ 128.619776742616324, 35.702849473122299 ], [ 128.623997474258232, 35.702296705880869 ], [ 128.630926295096998, 35.706792364707184 ], [ 128.638247990448804, 35.705790562918786 ], [ 128.646211971368928, 35.708173786126075 ], [ 128.647270339460505, 35.711491609384517 ], [ 128.653452789855692, 35.713877703209498 ], [ 128.656610244060232, 35.717859552817607 ], [ 128.661033466086906, 35.720048766810997 ], [ 128.670673900329746, 35.718862437997259 ], [ 128.67335492860343, 35.721003116770056 ], [ 128.683239710275785, 35.721454443969783 ], [ 128.683137487997755, 35.725578286175576 ], [ 128.690555797235135, 35.730471434594726 ], [ 128.691999715493665, 35.733263443135954 ], [ 128.689283917570236, 35.7401935551961 ], [ 128.694274537856813, 35.744277790715842 ], [ 128.702563616541937, 35.743698815182611 ], [ 128.703028552250089, 35.737275626133716 ], [ 128.709501646943124, 35.73257058369299 ], [ 128.714882498743691, 35.721131559487354 ], [ 128.72309507078441, 35.71941773865872 ], [ 128.727653446978991, 35.720704200134229 ], [ 128.732368457127961, 35.719955605947746 ], [ 128.736629455940204, 35.710112887660308 ], [ 128.742189613435954, 35.706177856523048 ], [ 128.753740005773807, 35.701074977956132 ], [ 128.764855910347535, 35.701160060156781 ], [ 128.766598711406942, 35.706275606088369 ], [ 128.763452249972602, 35.708614459114585 ], [ 128.764613021443722, 35.71783366862298 ], [ 128.773711849991287, 35.722819382929856 ], [ 128.773294894586996, 35.727004647437177 ], [ 128.77533030329792, 35.72981705529925 ], [ 128.785550065668303, 35.732586239879197 ], [ 128.785960478433424, 35.739339903250915 ], [ 128.789380867621503, 35.743737648714429 ], [ 128.797366703145769, 35.743835817431751 ], [ 128.800859170328806, 35.745817716216735 ], [ 128.805752067532467, 35.744623657811388 ], [ 128.809973547249456, 35.740310232000994 ], [ 128.81560474542556, 35.743069510286148 ], [ 128.827103455558614, 35.738748594062884 ], [ 128.831658776954725, 35.740598487362242 ], [ 128.834297137797932, 35.745559820373742 ], [ 128.844973385944172, 35.741434737448934 ], [ 128.85004437109265, 35.741291525464703 ], [ 128.855381913605328, 35.743919403950336 ], [ 128.858466181293124, 35.747486857816675 ], [ 128.854860576891753, 35.756830159639875 ], [ 128.8583903320621, 35.757231748756205 ], [ 128.860508679795515, 35.755432757329885 ], [ 128.866227736928579, 35.758202933093344 ], [ 128.870429366725631, 35.752179563581102 ], [ 128.87613816455297, 35.747990066512145 ], [ 128.882279033029477, 35.750865053060437 ], [ 128.886107061054787, 35.751014202131749 ], [ 128.892541566039853, 35.755432146887095 ], [ 128.894559266640528, 35.764026582455962 ], [ 128.897995873938584, 35.762210224327127 ], [ 128.897595254986101, 35.760225070884587 ], [ 128.901512008022905, 35.753646217444356 ], [ 128.901019899368634, 35.751017050991706 ], [ 128.904279389528853, 35.74622831790991 ], [ 128.907096918299544, 35.74733422660313 ], [ 128.904227104183519, 35.748604742874548 ], [ 128.904841589931323, 35.750635555646596 ], [ 128.910968808342631, 35.753838840288658 ], [ 128.913937216286314, 35.758299081874213 ], [ 128.916267355798482, 35.757559030896353 ], [ 128.925008976290911, 35.760796261933415 ], [ 128.931395606846621, 35.759582218115227 ], [ 128.934424039110411, 35.762176107660039 ], [ 128.935372404802308, 35.765956027922066 ], [ 128.939996872741659, 35.771744031840207 ], [ 128.939656995559858, 35.774630987244983 ], [ 128.945874975466381, 35.782396988740828 ], [ 128.943818871421911, 35.786290738243196 ], [ 128.949882360783846, 35.79336232726854 ], [ 128.951517645648551, 35.800824036401465 ], [ 128.955622072691597, 35.801403603809383 ], [ 128.956866191217955, 35.805333042703445 ], [ 128.953988877788618, 35.811946529883805 ], [ 128.95948532773059, 35.825713787528848 ], [ 128.965365041065184, 35.83467053925763 ], [ 128.970547066820245, 35.835539037525329 ], [ 128.977511269472274, 35.832645096106603 ], [ 128.984510943688974, 35.833564016540215 ], [ 128.987399409622867, 35.834679970113655 ], [ 128.988218451136191, 35.837885208049904 ], [ 128.991109633277091, 35.838070609109415 ], [ 128.993724640520753, 35.840354562207644 ], [ 129.004321862502223, 35.842323247590834 ], [ 129.009889127390807, 35.844948675563948 ], [ 129.013146684977187, 35.844513324775399 ], [ 129.015229695522009, 35.846199200439365 ], [ 129.016718218471311, 35.844473116546588 ] ] ] } },
{ "type": "Feature", "properties": { "region_code": 47830, "region_name": "고령군" }, "geometry": { "type": "Polygon", "coordinates": [ [ [ 128.386541757340979, 35.851305389399492 ], [ 128.415982161063454, 35.8517570542 ], [ 128.450001560884317, 35.846656869686676 ], [ 128.460356004827531, 35.841605016332423 ], [ 128.468992063697129, 35.839630993595108 ], [ 128.472546212379314, 35.833608329674902 ], [ 128.481217131169728, 35.830086475480044 ], [ 128.48306896074206, 35.821138806616247 ], [ 128.48271590522134, 35.815517108339023 ], [ 128.481537055508085, 35.816012152123733 ], [ 128.472793344664609, 35.808982065985795 ], [ 128.473908806644772, 35.807079407246135 ], [ 128.470433157668111, 35.805922335896284 ], [ 128.441029065082432, 35.806016720961303 ], [ 128.440945485566857, 35.809294181057183 ], [ 128.42082951833595, 35.809354573182176 ], [ 128.420816041203409, 35.806304135803195 ], [ 128.415786291523034, 35.806092136504454 ], [ 128.415772091077059, 35.80281494193099 ], [ 128.412440434006527, 35.802824368198273 ], [ 128.410545007763233, 35.799350751912911 ], [ 128.408119171688583, 35.799208371306044 ], [ 128.397585293145397, 35.778646075200804 ], [ 128.390862442597211, 35.77165171099935 ], [ 128.383469274668869, 35.760086847588134 ], [ 128.39124695187536, 35.748352673152596 ], [ 128.421646074427969, 35.73313466868472 ], [ 128.431815914193749, 35.725598099399519 ], [ 128.434889368247156, 35.714757722372227 ], [ 128.433980784249258, 35.7070702921216 ], [ 128.432146630682524, 35.704894545758115 ], [ 128.422223493713346, 35.697269140501867 ], [ 128.412201758813666, 35.695841899506881 ], [ 128.397062779943383, 35.700223257531817 ], [ 128.38197297196001, 35.70154770439359 ], [ 128.358878301128385, 35.708701229806557 ], [ 128.351796749079597, 35.704015638798595 ], [ 128.353298147578329, 35.690922496194091 ], [ 128.357186426565931, 35.68219523352397 ], [ 128.362319421484898, 35.675574265963569 ], [ 128.374737091808868, 35.664942044244953 ], [ 128.392270322850095, 35.653449149913882 ], [ 128.400036630574419, 35.645554883408188 ], [ 128.40125141826357, 35.632728697095274 ], [ 128.388375819014328, 35.617928287634321 ], [ 128.371747625059015, 35.610880942808492 ], [ 128.364634165011523, 35.61335696439032 ], [ 128.361931131255403, 35.628930642537867 ], [ 128.357938566894006, 35.637355753318772 ], [ 128.352137716043444, 35.644582790201099 ], [ 128.348748064493293, 35.646471155189623 ], [ 128.337821287466568, 35.644809519824719 ], [ 128.32954157889148, 35.648531250577449 ], [ 128.324041816919589, 35.646612248293323 ], [ 128.317910446761658, 35.651491950205425 ], [ 128.305989682536335, 35.655476190079249 ], [ 128.303014922436518, 35.654790079999849 ], [ 128.297278675428998, 35.656323002522967 ], [ 128.296253909772531, 35.650729465037131 ], [ 128.28831956621903, 35.652509525253024 ], [ 128.279472865182953, 35.652309004453819 ], [ 128.276793577102296, 35.646968565457193 ], [ 128.272038483120525, 35.64682806692042 ], [ 128.262343811909943, 35.642736938021585 ], [ 128.258643594467287, 35.647796764499844 ], [ 128.249877576643314, 35.651194320589937 ], [ 128.244442264000355, 35.6554265804049 ], [ 128.242213053435478, 35.655246166737562 ], [ 128.240225558645477, 35.652079211316106 ], [ 128.236360669764167, 35.651083097054482 ], [ 128.237754695523392, 35.643964354050226 ], [ 128.235962057034811, 35.640676215457155 ], [ 128.22973165072068, 35.639459294076943 ], [ 128.226542397554738, 35.641540900008458 ], [ 128.220179232892178, 35.639987003038769 ], [ 128.212245204216799, 35.640941983809647 ], [ 128.210444869638707, 35.643897590941243 ], [ 128.201230988518887, 35.643721919261267 ], [ 128.19886997332938, 35.649153762431169 ], [ 128.185954991210792, 35.657537969747182 ], [ 128.176797741959348, 35.656954586862255 ], [ 128.165894233646441, 35.652991974138438 ], [ 128.161498262167953, 35.653787359959658 ], [ 128.159328482966174, 35.656770391515288 ], [ 128.161661351178168, 35.659783847826439 ], [ 128.159867428388651, 35.666152094922602 ], [ 128.163918753076217, 35.673460865981426 ], [ 128.173192904172311, 35.672969318298122 ], [ 128.17568560484645, 35.674172281847298 ], [ 128.17916488207598, 35.672953091334925 ], [ 128.18386128531958, 35.676743518843509 ], [ 128.184138430324992, 35.680047409762238 ], [ 128.191310890157297, 35.678777160693599 ], [ 128.192730720397492, 35.682275831885512 ], [ 128.194733347513562, 35.681052331431054 ], [ 128.198226617460193, 35.682326177266503 ], [ 128.198772856767846, 35.684428971486518 ], [ 128.204818497273351, 35.68392320380687 ], [ 128.202168083065857, 35.691615215680237 ], [ 128.204363792406127, 35.696574967132555 ], [ 128.203956113513129, 35.700058417508863 ], [ 128.20015568341438, 35.707149154140467 ], [ 128.202583630425011, 35.712277391814283 ], [ 128.202255102017546, 35.71760099935085 ], [ 128.201511677188989, 35.719974130403735 ], [ 128.199402249107607, 35.720292597309935 ], [ 128.201247954505561, 35.72315948686164 ], [ 128.196633398519253, 35.730383271366087 ], [ 128.198092934749582, 35.736062807870582 ], [ 128.193609803948334, 35.73813180442118 ], [ 128.190769179393584, 35.747420327129063 ], [ 128.188524550209877, 35.749671547178096 ], [ 128.189279411272565, 35.751759720154361 ], [ 128.164999766553308, 35.76348937003943 ], [ 128.163174455796735, 35.763168209844409 ], [ 128.161534283680425, 35.770011172377998 ], [ 128.163509977464201, 35.777010913392878 ], [ 128.168478683633737, 35.779606830353437 ], [ 128.174595542528721, 35.785712944358622 ], [ 128.178836031889944, 35.787336309430444 ], [ 128.173072266562542, 35.798004154102678 ], [ 128.171688943021564, 35.797532716029018 ], [ 128.169817413688008, 35.797802229757735 ], [ 128.171014921994015, 35.79792116935451 ], [ 128.165268223161121, 35.800821839685902 ], [ 128.162338606404461, 35.805460160788492 ], [ 128.164974199736747, 35.812594972694903 ], [ 128.169496965612296, 35.815906091099059 ], [ 128.178223890341712, 35.81877634974505 ], [ 128.187882270507714, 35.81933617663622 ], [ 128.202712946526816, 35.814838969556597 ], [ 128.209565400387788, 35.815919798484479 ], [ 128.21359703128266, 35.809410204136107 ], [ 128.212141213990861, 35.808132804296456 ], [ 128.213601542747654, 35.804962022475344 ], [ 128.213058626875835, 35.799297039202742 ], [ 128.216302852287555, 35.797665944426534 ], [ 128.217080060513752, 35.792118575864968 ], [ 128.225065526009502, 35.787583752472464 ], [ 128.233070486920411, 35.787017390467632 ], [ 128.23828200696201, 35.782316064947331 ], [ 128.248382112110136, 35.781580863811094 ], [ 128.251442355130763, 35.780145734983705 ], [ 128.249966776836601, 35.789703287364276 ], [ 128.258017060422759, 35.791688371842035 ], [ 128.259532156978338, 35.794839013306024 ], [ 128.262140098745135, 35.795765694439588 ], [ 128.271294754185675, 35.79187350962502 ], [ 128.273896601957546, 35.797220660317947 ], [ 128.272146276446648, 35.804655762874042 ], [ 128.274514473522373, 35.809993724455296 ], [ 128.272504409010224, 35.81529038557035 ], [ 128.273921800606985, 35.825024394290061 ], [ 128.275464849783248, 35.826695191757757 ], [ 128.281399138620827, 35.827352709610736 ], [ 128.289811926580967, 35.826383188166965 ], [ 128.299250808349683, 35.815076610091261 ], [ 128.303574561358602, 35.814712213425125 ], [ 128.305367360842297, 35.812347256284362 ], [ 128.310883136831336, 35.812549528427418 ], [ 128.313388783558764, 35.814622868892656 ], [ 128.321283387431293, 35.812287495066144 ], [ 128.32220239793665, 35.80879275669384 ], [ 128.327487164764023, 35.806769575875975 ], [ 128.338056242148269, 35.797124397713567 ], [ 128.342484279628991, 35.796621954480052 ], [ 128.350256876975465, 35.79905144448211 ], [ 128.365582939580804, 35.793390498444204 ], [ 128.368216010151542, 35.795413435366754 ], [ 128.370038335830202, 35.805742110337171 ], [ 128.368788421222547, 35.816821378442434 ], [ 128.374445510103357, 35.817221365124674 ], [ 128.378854695799276, 35.823090435853373 ], [ 128.376242356400127, 35.832096757146367 ], [ 128.373147641065259, 35.834838708907135 ], [ 128.381546476138652, 35.839006631833819 ], [ 128.392825152406033, 35.838219207467574 ], [ 128.386877984143865, 35.849467535411911 ], [ 128.386541757340979, 35.851305389399492 ] ] ] } },
{ "type": "Feature", "properties": { "region_code": 47840, "region_name": "성주군" }, "geometry": { "type": "Polygon", "coordinates": [ [ [ 128.223780037279852, 36.055309662682511 ], [ 128.226248388199878, 36.053609718009291 ], [ 128.230898355060077, 36.053658980735264 ], [ 128.241042777090342, 36.048628032605954 ], [ 128.245943140842456, 36.049314226740279 ], [ 128.249150159967257, 36.048193866263667 ], [ 128.256588807302279, 36.051839682756352 ], [ 128.26103683906382, 36.04849311599326 ], [ 128.283298700091251, 36.046819535881973 ], [ 128.287157989361589, 36.043797653519213 ], [ 128.289935936242273, 36.043729410992185 ], [ 128.289562472644349, 36.040578670535211 ], [ 128.296024042307408, 36.030999655722326 ], [ 128.310393651727026, 36.028902192364143 ], [ 128.311716286549313, 36.023057801955751 ], [ 128.317609655899304, 36.01834783163207 ], [ 128.314880640540451, 36.015278407523212 ], [ 128.312277315615802, 36.014727746216572 ], [ 128.312812862577061, 36.010039286817126 ], [ 128.310649436976206, 36.007045628049035 ], [ 128.311922657503288, 36.003692280498989 ], [ 128.31405846553838, 36.002847615494545 ], [ 128.313185510670394, 35.993261541262555 ], [ 128.317553417021685, 35.987520131341981 ], [ 128.318877011350878, 35.982722475754564 ], [ 128.324655674212664, 35.979676926178314 ], [ 128.32959919552502, 35.979886364651243 ], [ 128.329434700237186, 35.977461877147995 ], [ 128.332958937410922, 35.977798096673233 ], [ 128.339237453157466, 35.975566747939176 ], [ 128.339208845620874, 35.970082155610577 ], [ 128.342575637265099, 35.967586939816158 ], [ 128.340289038702025, 35.963773212474287 ], [ 128.343702347166015, 35.961588172613425 ], [ 128.34735674435413, 35.955254427727311 ], [ 128.349251476245456, 35.954410257639431 ], [ 128.353041213075585, 35.956110669938134 ], [ 128.35936572282364, 35.956198861329518 ], [ 128.361823294211405, 35.955121284772247 ], [ 128.365278834831429, 35.949795103025011 ], [ 128.364136921829413, 35.946707473944308 ], [ 128.368662408518446, 35.941962514462141 ], [ 128.375758012683434, 35.941662725477322 ], [ 128.379705334813707, 35.938644138244698 ], [ 128.382639755377483, 35.939756042100704 ], [ 128.387281772982504, 35.938923054961805 ], [ 128.389826857549963, 35.941707051136859 ], [ 128.395956768526617, 35.941310516990455 ], [ 128.399084462110324, 35.926622259519029 ], [ 128.396893204126684, 35.907112632847266 ], [ 128.399134790252589, 35.896318828876218 ], [ 128.388449516085245, 35.87176015724949 ], [ 128.384209190451287, 35.865656050170067 ], [ 128.38347581648955, 35.860905136730658 ], [ 128.383510156109224, 35.852834650409285 ], [ 128.386541757340979, 35.851305389399492 ], [ 128.392825152406033, 35.838219207467574 ], [ 128.381546476138652, 35.839006631833819 ], [ 128.373147641065259, 35.834838708907135 ], [ 128.376242356400127, 35.832096757146367 ], [ 128.378854695799276, 35.823090435853373 ], [ 128.374445510103357, 35.817221365124674 ], [ 128.368788421222547, 35.816821378442434 ], [ 128.370172052908885, 35.807421020049105 ], [ 128.366966192709924, 35.793824708902498 ], [ 128.364331475749083, 35.793559463922399 ], [ 128.350256876975465, 35.79905144448211 ], [ 128.342484279628991, 35.796621954480052 ], [ 128.338056242148269, 35.797124397713567 ], [ 128.327487164764023, 35.806769575875975 ], [ 128.32220239793665, 35.80879275669384 ], [ 128.321283387431293, 35.812287495066144 ], [ 128.313388783558764, 35.814622868892656 ], [ 128.310883136831336, 35.812549528427418 ], [ 128.305367360842297, 35.812347256284362 ], [ 128.303574561358602, 35.814712213425125 ], [ 128.299250808349683, 35.815076610091261 ], [ 128.289811926580967, 35.826383188166965 ], [ 128.279237405596632, 35.827351365316296 ], [ 128.275187101753772, 35.826525621067965 ], [ 128.273594567255202, 35.823694171115008 ], [ 128.272504409010224, 35.81529038557035 ], [ 128.274514473522373, 35.809993724455296 ], [ 128.272146276446648, 35.804655762874042 ], [ 128.273896601957546, 35.797220660317947 ], [ 128.271294754185675, 35.79187350962502 ], [ 128.262140098745135, 35.795765694439588 ], [ 128.259532156978338, 35.794839013306024 ], [ 128.258017060422759, 35.791688371842035 ], [ 128.249966776836601, 35.789703287364276 ], [ 128.251442355130763, 35.780145734983705 ], [ 128.248382112110136, 35.781580863811094 ], [ 128.23828200696201, 35.782316064947331 ], [ 128.233070486920411, 35.787017390467632 ], [ 128.225065526009502, 35.787583752472464 ], [ 128.217080060513752, 35.792118575864968 ], [ 128.216302852287555, 35.797665944426534 ], [ 128.213058626875835, 35.799297039202742 ], [ 128.213601542747654, 35.804962022475344 ], [ 128.212141213990861, 35.808132804296456 ], [ 128.21359703128266, 35.809410204136107 ], [ 128.209565400387788, 35.815919798484479 ], [ 128.199183693713707, 35.815302634879735 ], [ 128.194444853295437, 35.818176492804696 ], [ 128.187882270507714, 35.81933617663622 ], [ 128.178223890341712, 35.81877634974505 ], [ 128.169496965612296, 35.815906091099059 ], [ 128.164974199736747, 35.812594972694903 ], [ 128.162338606404461, 35.805460160788492 ], [ 128.165268223161121, 35.800821839685902 ], [ 128.171014921994015, 35.79792116935451 ], [ 128.169817413688008, 35.797802229757735 ], [ 128.173072266562542, 35.798004154102678 ], [ 128.178836031889944, 35.787336309430444 ], [ 128.174595542528721, 35.785712944358622 ], [ 128.168478683633737, 35.779606830353437 ], [ 128.16370998724355, 35.777192234884339 ], [ 128.160441837923059, 35.778329195110821 ], [ 128.158067987181397, 35.781464768482358 ], [ 128.159035139461878, 35.783671702690562 ], [ 128.154370409686123, 35.786448021361487 ], [ 128.147965160673181, 35.784008100241415 ], [ 128.137525699709698, 35.784260024487367 ], [ 128.128630336490033, 35.789341526422042 ], [ 128.128719788216642, 35.794289258038212 ], [ 128.121903032109486, 35.80349350735424 ], [ 128.123404145320677, 35.80561391357849 ], [ 128.121937009695188, 35.811800902075561 ], [ 128.123964008720606, 35.812904229814933 ], [ 128.122541795708969, 35.814421124741088 ], [ 128.124551743658998, 35.819439263147082 ], [ 128.122854301148323, 35.822608351269487 ], [ 128.11937174413589, 35.824898676602729 ], [ 128.117030646221281, 35.823471422870028 ], [ 128.110921830880756, 35.823882018338026 ], [ 128.096520648117803, 35.832211801554728 ], [ 128.090750982273676, 35.830630061539857 ], [ 128.086269841033214, 35.833000290538301 ], [ 128.084400146380631, 35.837004003477269 ], [ 128.077359730042474, 35.839657343438176 ], [ 128.077557200410098, 35.843470749073646 ], [ 128.073248380466964, 35.849788380579213 ], [ 128.076527052936456, 35.855406376891018 ], [ 128.075825672165735, 35.861290723437627 ], [ 128.086848772344808, 35.872426200083012 ], [ 128.080026999290055, 35.873158743692194 ], [ 128.070957396244921, 35.87942908589995 ], [ 128.068771009919772, 35.885741143870689 ], [ 128.065533313309942, 35.888936433152224 ], [ 128.066540390764715, 35.895910090622912 ], [ 128.057300619842607, 35.901994478599121 ], [ 128.056651304301425, 35.905127608045156 ], [ 128.060691682311983, 35.907363331977223 ], [ 128.056426220046546, 35.910076012799735 ], [ 128.054674871865814, 35.915688928446045 ], [ 128.048552546491294, 35.920149865248902 ], [ 128.050738593454327, 35.924054066191431 ], [ 128.047830378124331, 35.925357731282652 ], [ 128.046752802614066, 35.928167579069054 ], [ 128.048643530361943, 35.936424310823305 ], [ 128.056146188266382, 35.941783506398799 ], [ 128.065998955126503, 35.936985286037796 ], [ 128.070951106216967, 35.936479980415761 ], [ 128.073951601018535, 35.927933309398554 ], [ 128.075234117518448, 35.926830280044008 ], [ 128.078909942900623, 35.927597713034068 ], [ 128.084801171313728, 35.920850549726481 ], [ 128.08811555925223, 35.921051524753054 ], [ 128.091252731146739, 35.931071067278921 ], [ 128.089303936816975, 35.935064942175991 ], [ 128.090685173802285, 35.93732903896354 ], [ 128.08859673570015, 35.946639479331566 ], [ 128.095724386335746, 35.955057101546565 ], [ 128.104623860814883, 35.958102165656648 ], [ 128.110788568725184, 35.964621421872906 ], [ 128.118219706553049, 35.959302476567679 ], [ 128.123488895924055, 35.962228715796776 ], [ 128.132535588331223, 35.958585265821597 ], [ 128.139635437490114, 35.96164719731032 ], [ 128.139278828307511, 35.963157518080344 ], [ 128.14203484937309, 35.962314657209674 ], [ 128.145559800066877, 35.965024909344606 ], [ 128.150977485341201, 35.966298433516492 ], [ 128.152917157548387, 35.968855780230385 ], [ 128.150103961692935, 35.972837488013816 ], [ 128.150890057150747, 35.975824687203605 ], [ 128.153734372125598, 35.977840822661577 ], [ 128.15656784852689, 35.97770092494229 ], [ 128.157669030105012, 35.987397929757883 ], [ 128.165999540263812, 35.987823143270163 ], [ 128.168948322910893, 35.990477434258111 ], [ 128.170753485315885, 35.996636813175037 ], [ 128.166219197979188, 35.999464689611742 ], [ 128.165585096960996, 36.001500738340084 ], [ 128.168957469785482, 36.011175792945686 ], [ 128.173356808926286, 36.014179969360733 ], [ 128.170891647348583, 36.018102424026665 ], [ 128.167989822147604, 36.019533676878034 ], [ 128.167095946297081, 36.029922680993863 ], [ 128.164332926653714, 36.032458985479373 ], [ 128.16936283879545, 36.035523895552565 ], [ 128.177691462293751, 36.031279389337385 ], [ 128.185283624598924, 36.033576702153624 ], [ 128.188548941332954, 36.031217158993591 ], [ 128.193824681796116, 36.031537396228465 ], [ 128.196305364824894, 36.037368004837347 ], [ 128.194181844672585, 36.03977272238491 ], [ 128.193594221091303, 36.044954892863913 ], [ 128.196530382516784, 36.046407502450798 ], [ 128.209031187320164, 36.045529768376234 ], [ 128.223780037279852, 36.055309662682511 ] ] ] } },
{ "type": "Feature", "properties": { "region_code": 47850, "region_name": "칠곡군" }, "geometry": { "type": "Polygon", "coordinates": [ [ [ 128.492321088738748, 36.12532362435099 ], [ 128.496730265351175, 36.120572411199774 ], [ 128.49756363449427, 36.113615443789897 ], [ 128.504687195233288, 36.112027933717592 ], [ 128.507823214249157, 36.10986589797615 ], [ 128.520362508311507, 36.114604000208246 ], [ 128.526391357134798, 36.111564532069011 ], [ 128.534479101659542, 36.112704242951374 ], [ 128.540341249339036, 36.110634466619715 ], [ 128.543298962590228, 36.112433015753012 ], [ 128.547204142332589, 36.108874612546245 ], [ 128.551945743166726, 36.110274152450415 ], [ 128.560026626651648, 36.109522124124247 ], [ 128.562844281002697, 36.111116055719307 ], [ 128.565215770819862, 36.109615466539019 ], [ 128.562787281402535, 36.099640089793475 ], [ 128.567556003541824, 36.095554634135695 ], [ 128.569005152165261, 36.088499803173455 ], [ 128.563841854756163, 36.069756152603304 ], [ 128.566736942245228, 36.066960687605707 ], [ 128.569395113171112, 36.05822614658252 ], [ 128.583465929473306, 36.067894354551647 ], [ 128.586978505033585, 36.063648255732147 ], [ 128.594456895094226, 36.06283483423357 ], [ 128.597592187492353, 36.066885352706258 ], [ 128.597879453818933, 36.074961340098753 ], [ 128.607726147232142, 36.07534618412091 ], [ 128.615571820862726, 36.07789645736478 ], [ 128.621183204355731, 36.077111071318996 ], [ 128.623945326092411, 36.078041255329289 ], [ 128.625355233080654, 36.080543635131207 ], [ 128.627757699865782, 36.080162403988979 ], [ 128.631498602047657, 36.075355578376424 ], [ 128.627586130946213, 36.069013707319222 ], [ 128.632694692137761, 36.066842920547316 ], [ 128.630589207519932, 36.059958161942653 ], [ 128.628369142900681, 36.05975177865794 ], [ 128.629343026932418, 36.052650743968805 ], [ 128.627728929043457, 36.045048877567261 ], [ 128.622693014038248, 36.038173946407262 ], [ 128.621352036957944, 36.025235832437914 ], [ 128.63690108437865, 36.016886683640323 ], [ 128.640720403738982, 36.010514868341154 ], [ 128.630581098696894, 36.007120850611599 ], [ 128.617485822191611, 36.006737363115192 ], [ 128.615716594760329, 36.000977154974855 ], [ 128.61005257356075, 35.996747033057403 ], [ 128.603359243437495, 35.987987246343891 ], [ 128.60350435235668, 35.986013432133404 ], [ 128.59292518371862, 35.983361828327446 ], [ 128.59304156542612, 35.980841648737048 ], [ 128.590155542990146, 35.979235353763009 ], [ 128.583220301064273, 35.977280878302565 ], [ 128.572837637457184, 35.978312519166572 ], [ 128.565670405558819, 35.97492081645926 ], [ 128.564707404891465, 35.972937426335633 ], [ 128.55706575221231, 35.972230000491493 ], [ 128.553322417474561, 35.960764586617621 ], [ 128.549332649620567, 35.962322592490167 ], [ 128.546673812235838, 35.9656659782082 ], [ 128.543486031703679, 35.974774898414189 ], [ 128.537944864281712, 35.977034049244594 ], [ 128.536115448845891, 35.979441234777482 ], [ 128.528353851467728, 35.980349883398063 ], [ 128.528950048533119, 35.977200002525237 ], [ 128.52665055234101, 35.975447403827303 ], [ 128.530497306694627, 35.961989738884846 ], [ 128.533478167765821, 35.960876184212623 ], [ 128.534810806340033, 35.958383169211743 ], [ 128.532548662771603, 35.950542347666072 ], [ 128.535284759728825, 35.938379290154167 ], [ 128.533742586548215, 35.932373405105722 ], [ 128.530668831844054, 35.92903900997878 ], [ 128.529455781456733, 35.923590044451906 ], [ 128.525797101006049, 35.922919643879574 ], [ 128.522330750306878, 35.916565092595555 ], [ 128.516902789943799, 35.911843434592328 ], [ 128.510120738886684, 35.909933818746168 ], [ 128.506913856100482, 35.906102567632267 ], [ 128.505120378491682, 35.902814611885212 ], [ 128.50458863501936, 35.889151688562578 ], [ 128.500335874647135, 35.886448117734126 ], [ 128.499363542501783, 35.889876596360537 ], [ 128.496357446554526, 35.889227667558103 ], [ 128.490616972681551, 35.897579172563233 ], [ 128.484945237413569, 35.896529474242442 ], [ 128.484619507838687, 35.89393049541119 ], [ 128.478476801888036, 35.896824294573264 ], [ 128.475269563890492, 35.894457538353592 ], [ 128.467754651588507, 35.900218487380336 ], [ 128.467339942096118, 35.906423275787454 ], [ 128.46539902094699, 35.908590466917126 ], [ 128.472755376209705, 35.914435919857276 ], [ 128.476418869449503, 35.934439335531792 ], [ 128.469630988018992, 35.93861421589839 ], [ 128.463034503186208, 35.9385369389068 ], [ 128.459866208540063, 35.941448512794516 ], [ 128.454155276790033, 35.943149437862488 ], [ 128.452777343742156, 35.936617174358169 ], [ 128.450338184146688, 35.93504165622376 ], [ 128.44156143246127, 35.935206872675565 ], [ 128.438745065118724, 35.931519250273531 ], [ 128.431950816223065, 35.931503639553704 ], [ 128.42754435575165, 35.927333733851206 ], [ 128.424901494458567, 35.928040769198802 ], [ 128.423466810586689, 35.922792643999784 ], [ 128.418092773896689, 35.92129198602759 ], [ 128.416473621431862, 35.912677335946931 ], [ 128.413828662164804, 35.911248235665091 ], [ 128.407128758044024, 35.900724833686738 ], [ 128.398976690457033, 35.899926523448002 ], [ 128.398981711464359, 35.898881115539758 ], [ 128.396893204126684, 35.907112632847266 ], [ 128.399084462110324, 35.926622259519029 ], [ 128.395755818854866, 35.941649227830865 ], [ 128.389826857549963, 35.941707051136859 ], [ 128.387281772982504, 35.938923054961805 ], [ 128.382639755377483, 35.939756042100704 ], [ 128.379705334813707, 35.938644138244698 ], [ 128.375758012683434, 35.941662725477322 ], [ 128.368662408518446, 35.941962514462141 ], [ 128.364136921829413, 35.946707473944308 ], [ 128.365278834831429, 35.949795103025011 ], [ 128.361823294211405, 35.955121284772247 ], [ 128.35936572282364, 35.956198861329518 ], [ 128.353041213075585, 35.956110669938134 ], [ 128.349251476245456, 35.954410257639431 ], [ 128.34735674435413, 35.955254427727311 ], [ 128.343702347166015, 35.961588172613425 ], [ 128.340289038702025, 35.963773212474287 ], [ 128.342575637265099, 35.967586939816158 ], [ 128.339208845620874, 35.970082155610577 ], [ 128.339237453157466, 35.975566747939176 ], [ 128.332958937410922, 35.977798096673233 ], [ 128.329434700237186, 35.977461877147995 ], [ 128.32959919552502, 35.979886364651243 ], [ 128.324655674212664, 35.979676926178314 ], [ 128.318877011350878, 35.982722475754564 ], [ 128.317553417021685, 35.987520131341981 ], [ 128.313185510670394, 35.993261541262555 ], [ 128.31405846553838, 36.002847615494545 ], [ 128.311922657503288, 36.003692280498989 ], [ 128.310649436976206, 36.007045628049035 ], [ 128.312812862577061, 36.010039286817126 ], [ 128.312277315615802, 36.014727746216572 ], [ 128.314880640540451, 36.015278407523212 ], [ 128.317609655899304, 36.01834783163207 ], [ 128.311716286549313, 36.023057801955751 ], [ 128.310393651727026, 36.028902192364143 ], [ 128.296024042307408, 36.030999655722326 ], [ 128.289562472644349, 36.040578670535211 ], [ 128.290164986850556, 36.045305489316007 ], [ 128.293569043817513, 36.050053112422084 ], [ 128.299421259938157, 36.051210112987114 ], [ 128.301234448438777, 36.05731601142768 ], [ 128.299119115143696, 36.06037185874623 ], [ 128.300875904385521, 36.062424901918028 ], [ 128.29516554283498, 36.069416522411188 ], [ 128.291109961585249, 36.070897239362431 ], [ 128.284957062454538, 36.081076400958196 ], [ 128.286981106718997, 36.084493151058219 ], [ 128.293102051808063, 36.088432047284314 ], [ 128.301400948435543, 36.088539954644247 ], [ 128.302274732670867, 36.08703808741177 ], [ 128.305265421119628, 36.086857235832966 ], [ 128.310996275221072, 36.089726053712916 ], [ 128.316925078660574, 36.08988173173141 ], [ 128.321655909867445, 36.091836935028432 ], [ 128.324107511988188, 36.09070798743705 ], [ 128.330609389424382, 36.091382433516308 ], [ 128.335832593365581, 36.082504926925878 ], [ 128.342885509822054, 36.080147831205657 ], [ 128.347007125825684, 36.071685341570493 ], [ 128.351545806231854, 36.069528567738317 ], [ 128.351220176125139, 36.066958044106727 ], [ 128.357829168265027, 36.066353917309648 ], [ 128.358343400891442, 36.063223310005952 ], [ 128.361197785549507, 36.060581171603033 ], [ 128.371370137526213, 36.066109031028887 ], [ 128.373116193203487, 36.064659656392898 ], [ 128.378326398511746, 36.065330085987995 ], [ 128.382548442393983, 36.069366809113106 ], [ 128.386493158807696, 36.070202421845764 ], [ 128.382119115858217, 36.074402921395766 ], [ 128.390012616693781, 36.080120401550992 ], [ 128.395480231845369, 36.090962566961053 ], [ 128.396463733597528, 36.089489850809443 ], [ 128.4049743493878, 36.09210533370009 ], [ 128.406386294071979, 36.087756183427203 ], [ 128.408437384220406, 36.08679545177727 ], [ 128.408651824212228, 36.083402086072141 ], [ 128.412978983205875, 36.084037309601911 ], [ 128.415582502618776, 36.082776835724722 ], [ 128.42227562881979, 36.088453142251971 ], [ 128.423984610571921, 36.083855962063403 ], [ 128.42928715211022, 36.079943142663538 ], [ 128.446058597545488, 36.077956593934616 ], [ 128.448134623145847, 36.074216624709393 ], [ 128.462871692577608, 36.069740834379203 ], [ 128.469665415473543, 36.072260461238528 ], [ 128.464820531705385, 36.076430034949567 ], [ 128.463701850758042, 36.081403049173346 ], [ 128.477109688126092, 36.092701875907885 ], [ 128.474735886518516, 36.09639878206599 ], [ 128.477348711585108, 36.098354301385591 ], [ 128.476514140285275, 36.100335545166288 ], [ 128.479518640211751, 36.101628660052718 ], [ 128.479384245145383, 36.105759797054063 ], [ 128.485103407043567, 36.108708697948579 ], [ 128.484112595046923, 36.112167285604734 ], [ 128.488066379481154, 36.112906380068488 ], [ 128.491179459252322, 36.1220367177038 ], [ 128.49012157818126, 36.125199356627128 ], [ 128.492321088738748, 36.12532362435099 ] ] ] } },
{ "type": "Feature", "properties": { "region_code": 47900, "region_name": "예천군" }, "geometry": { "type": "Polygon", "coordinates": [ [ [ 128.458548344499206, 36.84554848258724 ], [ 128.462755588289582, 36.846951125744255 ], [ 128.481588406746653, 36.834675484428629 ], [ 128.482616678175191, 36.829852663169952 ], [ 128.477535432324572, 36.823946617403323 ], [ 128.475877701796577, 36.818175047268532 ], [ 128.47317810085886, 36.81741588055062 ], [ 128.471170171261832, 36.803520794737018 ], [ 128.476055178126586, 36.793777433402077 ], [ 128.47504948523806, 36.776637511532485 ], [ 128.484685139136872, 36.775998536842692 ], [ 128.489851834966544, 36.773468858391091 ], [ 128.49084323153869, 36.771289205840795 ], [ 128.495156768903172, 36.770090254792514 ], [ 128.499343483654712, 36.764700174975026 ], [ 128.502136866650773, 36.766242607164799 ], [ 128.506390377719839, 36.76382227770813 ], [ 128.511290793693206, 36.765085535430757 ], [ 128.517968070624107, 36.771495835372683 ], [ 128.525173157627989, 36.770156133529674 ], [ 128.536656378506223, 36.773530624280426 ], [ 128.54266248388177, 36.767168642630772 ], [ 128.547557349310949, 36.766843826905387 ], [ 128.551329844073507, 36.769110918525307 ], [ 128.553897250961484, 36.762684722072834 ], [ 128.558146369081754, 36.760017942161269 ], [ 128.560956038169422, 36.760484020632113 ], [ 128.562926908007654, 36.75523592662487 ], [ 128.566081096986693, 36.752411472249136 ], [ 128.565910563887314, 36.748062364216715 ], [ 128.571204118958946, 36.743018743755044 ], [ 128.569170977707756, 36.739076005608482 ], [ 128.570189365353173, 36.735671650854158 ], [ 128.573834397430261, 36.73578178126234 ], [ 128.575989784487234, 36.733987287738053 ], [ 128.575197781819043, 36.732822211755675 ], [ 128.577525503575089, 36.732310201885042 ], [ 128.576495727793201, 36.733889649471507 ], [ 128.57694515795697, 36.734381510850731 ], [ 128.578408246170511, 36.732183412624991 ], [ 128.576835957144368, 36.731092265253515 ], [ 128.577001711262653, 36.726158954069298 ], [ 128.580733421027588, 36.723589458003694 ], [ 128.584464135381666, 36.723691940867141 ], [ 128.582624863885059, 36.71750836573473 ], [ 128.583386269111656, 36.709355550443306 ], [ 128.586272845161972, 36.708899308367023 ], [ 128.589777657813954, 36.704687620137101 ], [ 128.590667254311484, 36.698352824518146 ], [ 128.59421338179618, 36.696821847673561 ], [ 128.597061149522972, 36.698150452850243 ], [ 128.599376540754577, 36.697337478269098 ], [ 128.604937533744817, 36.693166711853976 ], [ 128.608908719461624, 36.693017148311256 ], [ 128.610520521759241, 36.690214876133815 ], [ 128.610257140673156, 36.684553549718231 ], [ 128.601232551412977, 36.679113874504587 ], [ 128.605307736984884, 36.672086253314099 ], [ 128.604775572656763, 36.652955087441981 ], [ 128.5992485509625, 36.650635167897015 ], [ 128.597592770202283, 36.652610348933841 ], [ 128.592659616797448, 36.650270329736678 ], [ 128.586299243120322, 36.650380749767805 ], [ 128.580830878808712, 36.647013713943622 ], [ 128.578104499203619, 36.649868364580009 ], [ 128.570717887336258, 36.648123035129359 ], [ 128.565883219104592, 36.645259962440988 ], [ 128.565846724815401, 36.640224805298793 ], [ 128.562901148312761, 36.639663987405712 ], [ 128.55885240988286, 36.635934610014154 ], [ 128.555352621019608, 36.635323128571173 ], [ 128.552846383823521, 36.636656940896685 ], [ 128.54509117850688, 36.631948132628189 ], [ 128.537928647240591, 36.633799439544795 ], [ 128.530861930419377, 36.628796685972773 ], [ 128.524864210088083, 36.628542131275196 ], [ 128.524294117459988, 36.622525403141296 ], [ 128.521608602376944, 36.619806729804033 ], [ 128.529094282120894, 36.618515130889719 ], [ 128.529564844375813, 36.616412200190283 ], [ 128.534895196413686, 36.613545431429131 ], [ 128.53253226835804, 36.607058749111516 ], [ 128.528659132297776, 36.605838837485173 ], [ 128.530094553222966, 36.604513071992876 ], [ 128.529486167555916, 36.601378487281963 ], [ 128.526296441633122, 36.600354142804882 ], [ 128.525347507623678, 36.601449785787665 ], [ 128.514836450832632, 36.602124655450588 ], [ 128.512629058853975, 36.60039196558246 ], [ 128.506535535925792, 36.602119389408955 ], [ 128.504917514154357, 36.606723336769754 ], [ 128.497648770372905, 36.603297366926057 ], [ 128.493282974820772, 36.598545293954494 ], [ 128.490987711987458, 36.588832268422919 ], [ 128.493646584314462, 36.585764712678909 ], [ 128.499079851162293, 36.584484377415791 ], [ 128.495770332545391, 36.582495739253055 ], [ 128.495769407283177, 36.577863924225198 ], [ 128.493069772759497, 36.576162704819112 ], [ 128.492601846979483, 36.569544712936633 ], [ 128.483230795073723, 36.568198193981615 ], [ 128.472247489262998, 36.563064508609067 ], [ 128.467520357816255, 36.562921041671473 ], [ 128.468023039345013, 36.559881796252959 ], [ 128.463333100297319, 36.559276553792863 ], [ 128.4626727859212, 36.557649236441279 ], [ 128.460875048896838, 36.557723383726355 ], [ 128.461572076404849, 36.556061644479954 ], [ 128.455726244115397, 36.554717874580085 ], [ 128.459134860480162, 36.552475972829939 ], [ 128.458195134766157, 36.550141042663419 ], [ 128.456404490601983, 36.550218098847864 ], [ 128.46454277750064, 36.541387539806941 ], [ 128.464594673278071, 36.538271767315116 ], [ 128.456013488703633, 36.537900020585461 ], [ 128.447886105942104, 36.531465057408951 ], [ 128.440164756044311, 36.528550878034224 ], [ 128.436780939739492, 36.523952864431529 ], [ 128.437703274622294, 36.522078233293037 ], [ 128.427803886767265, 36.520071672504137 ], [ 128.419375523150904, 36.522956575450209 ], [ 128.412733596254526, 36.520077489965281 ], [ 128.40003323673551, 36.510079436164645 ], [ 128.37553319397702, 36.503000032769656 ], [ 128.369699008345492, 36.508927371099617 ], [ 128.370853948872224, 36.516185755896217 ], [ 128.368223592903064, 36.519016791444024 ], [ 128.36794750429894, 36.526983950575058 ], [ 128.365598313750382, 36.530159987812347 ], [ 128.358554405801073, 36.532591549116539 ], [ 128.358302335833628, 36.530486834349219 ], [ 128.35381677304926, 36.527094575004789 ], [ 128.347532318879388, 36.527585752425864 ], [ 128.34167931389959, 36.525097025874764 ], [ 128.340964564046345, 36.52289145474667 ], [ 128.343680059103377, 36.521096501397885 ], [ 128.345556282698112, 36.514140504287468 ], [ 128.341675944102377, 36.50980640816541 ], [ 128.34117556607228, 36.504979025169639 ], [ 128.335975929277396, 36.49937375277532 ], [ 128.338241937011787, 36.49692484997906 ], [ 128.335960392451312, 36.49517239620981 ], [ 128.338749061139026, 36.489882661138417 ], [ 128.331308755974931, 36.485495071268005 ], [ 128.323467296310952, 36.475157403861864 ], [ 128.320954434099264, 36.474496427430402 ], [ 128.320464697481697, 36.471372444158398 ], [ 128.314578839625909, 36.47076036375578 ], [ 128.311539003292467, 36.46861682082929 ], [ 128.308629634606916, 36.463813454089468 ], [ 128.311742130733592, 36.460997410231244 ], [ 128.313514620708844, 36.454591029222804 ], [ 128.308745739914315, 36.454387547813717 ], [ 128.299637806390535, 36.463469582489324 ], [ 128.295287155050914, 36.465087198270254 ], [ 128.291146974534655, 36.461834530727621 ], [ 128.280583061056177, 36.46354829765982 ], [ 128.278535956120464, 36.466717992045758 ], [ 128.279177164625565, 36.471837792576743 ], [ 128.271024452673032, 36.477218200848213 ], [ 128.267445783584122, 36.477561924051741 ], [ 128.265067099659859, 36.475849541239022 ], [ 128.26204564435028, 36.476982840345727 ], [ 128.26633146974163, 36.483728756024846 ], [ 128.270304743349357, 36.486775648644858 ], [ 128.264370822372541, 36.507123890957729 ], [ 128.266598064627658, 36.516310761044743 ], [ 128.269371628542899, 36.517015528978767 ], [ 128.27085071594604, 36.519219665467972 ], [ 128.267506229242628, 36.53721548172107 ], [ 128.261746077968439, 36.542343334490269 ], [ 128.26338879086822, 36.542357733261312 ], [ 128.262940652069688, 36.549057349223325 ], [ 128.264978629300032, 36.551956646176002 ], [ 128.291383306796348, 36.551646535748624 ], [ 128.296944647840661, 36.553520629099644 ], [ 128.293602278015157, 36.559068372847499 ], [ 128.295599681785404, 36.564758415055721 ], [ 128.295865829236703, 36.578328626849718 ], [ 128.290641347190558, 36.579260940192022 ], [ 128.285557861929163, 36.577728469613199 ], [ 128.280202390296779, 36.590856735386417 ], [ 128.275237211962377, 36.596615137100805 ], [ 128.263592456723813, 36.604940321359024 ], [ 128.260644576639919, 36.611446943924818 ], [ 128.272235753912099, 36.609508387148608 ], [ 128.272308068926833, 36.612939263559518 ], [ 128.270004240201814, 36.614935470105628 ], [ 128.272580558840389, 36.614105051564295 ], [ 128.273265783023305, 36.615585380066491 ], [ 128.283017739134408, 36.616912329760581 ], [ 128.287336169102332, 36.62114340527814 ], [ 128.286432300786146, 36.626148724866034 ], [ 128.288617821296697, 36.629726564256494 ], [ 128.294394598276426, 36.629923471317625 ], [ 128.294868848275399, 36.631687112152221 ], [ 128.29747074130907, 36.632168561596252 ], [ 128.298340650347853, 36.635887970420697 ], [ 128.304547623613445, 36.635918246375482 ], [ 128.30698871401043, 36.638085600415401 ], [ 128.30977946284159, 36.641550554646678 ], [ 128.307870482385368, 36.652016273908572 ], [ 128.308988815922135, 36.656095522500813 ], [ 128.319969161058566, 36.656124776835689 ], [ 128.318612394668435, 36.653176287828543 ], [ 128.321845663546355, 36.648286545003984 ], [ 128.319300046034726, 36.645268192379646 ], [ 128.320005250001714, 36.644096558025609 ], [ 128.326973087818004, 36.644610991342439 ], [ 128.332035035746344, 36.641843274666627 ], [ 128.339597465016396, 36.647365423331337 ], [ 128.342403565783115, 36.645734200350155 ], [ 128.347549939472287, 36.646316744585931 ], [ 128.350478725768966, 36.652193118092399 ], [ 128.349693423600684, 36.654122267552154 ], [ 128.335448363684691, 36.658539738196289 ], [ 128.333735366893194, 36.661700645279339 ], [ 128.334226782608596, 36.665388091678423 ], [ 128.326687542268218, 36.669045793914037 ], [ 128.320421364197671, 36.678292182112855 ], [ 128.326326730595639, 36.684617136377817 ], [ 128.328173724863547, 36.68390614936299 ], [ 128.33360412950131, 36.687787265506302 ], [ 128.336897974791498, 36.693635848557619 ], [ 128.330610556372363, 36.697378191973883 ], [ 128.334917118176861, 36.703616904896968 ], [ 128.334361508700994, 36.707187225668569 ], [ 128.336268303760107, 36.71058914247336 ], [ 128.331535364754359, 36.720396439385496 ], [ 128.334700133155224, 36.723286467665901 ], [ 128.332767210057852, 36.735660673128777 ], [ 128.337045257976342, 36.736377642162616 ], [ 128.339072664047677, 36.740863176534866 ], [ 128.361726515193368, 36.740711993813605 ], [ 128.361802810284331, 36.743218870514667 ], [ 128.369094576716236, 36.751157658468379 ], [ 128.363334303422164, 36.761324237958554 ], [ 128.365760199345459, 36.762762919932726 ], [ 128.367772322931529, 36.767604940425706 ], [ 128.36459713610401, 36.775256028943033 ], [ 128.369962111774271, 36.789755063419193 ], [ 128.36904852007936, 36.791968302377512 ], [ 128.372048645156838, 36.796251737036513 ], [ 128.368398835890986, 36.802076032629806 ], [ 128.381263679164249, 36.813881283130826 ], [ 128.394355478549613, 36.81487416117497 ], [ 128.403407449814551, 36.812144944495891 ], [ 128.421143404278752, 36.811806656402041 ], [ 128.425254867622357, 36.814779322770008 ], [ 128.426036910951751, 36.818372272379968 ], [ 128.43204718764315, 36.824065642039912 ], [ 128.434113112247331, 36.834144013127926 ], [ 128.441504738987106, 36.837602950905001 ], [ 128.442449072491542, 36.840292386003192 ], [ 128.447029340753744, 36.843650537732607 ], [ 128.448994180888548, 36.848606462171055 ], [ 128.458548344499206, 36.84554848258724 ] ] ] } },
{ "type": "Feature", "properties": { "region_code": 47920, "region_name": "봉화군" }, "geometry": { "type": "Polygon", "coordinates": [ [ [ 129.096251128524386, 37.100414654151628 ], [ 129.104496485174224, 37.097704660338287 ], [ 129.107779490045971, 37.093497377657393 ], [ 129.122891138613284, 37.09127665293606 ], [ 129.122555117418727, 37.089949721219902 ], [ 129.126580163471573, 37.088935410435326 ], [ 129.127188300544702, 37.084443567050151 ], [ 129.133578495516844, 37.081782579434226 ], [ 129.139471841076784, 37.082273220763973 ], [ 129.144272913968763, 37.076580072826026 ], [ 129.148045537155497, 37.076130076017684 ], [ 129.155239885607074, 37.070283235282396 ], [ 129.157997123325288, 37.071315045537133 ], [ 129.161773196820519, 37.068825966967012 ], [ 129.166136390068175, 37.069157800099944 ], [ 129.166762244105996, 37.065261103713517 ], [ 129.170397645953159, 37.060356124840581 ], [ 129.177053784188615, 37.056716058402024 ], [ 129.185029504168256, 37.046579607094941 ], [ 129.183918246072835, 37.037922934905318 ], [ 129.181522428529661, 37.035913073957886 ], [ 129.178946756514478, 37.035880693638056 ], [ 129.176426971472125, 37.028720818913683 ], [ 129.16672996857767, 37.022081394703122 ], [ 129.164405402759769, 37.022585143681681 ], [ 129.159456332203376, 37.01969594999774 ], [ 129.154992829940568, 37.023437172931459 ], [ 129.147282684745022, 37.024975752482355 ], [ 129.14597254040919, 37.028151493475406 ], [ 129.139765405993757, 37.032746697731099 ], [ 129.132476852352568, 37.034363765097282 ], [ 129.126404657142814, 37.029806757841996 ], [ 129.121466864713398, 37.028486267528308 ], [ 129.117992631290264, 37.02932456092293 ], [ 129.114630595786906, 37.025523991341871 ], [ 129.106280598703108, 37.024963274700767 ], [ 129.103191148557926, 37.019119488622749 ], [ 129.094529203128218, 37.015720040532557 ], [ 129.084693409632536, 37.008805819636109 ], [ 129.087330943027666, 37.00714875935639 ], [ 129.090406810144827, 37.009222821376127 ], [ 129.094637957463618, 37.006865882125773 ], [ 129.089431522449274, 36.999214487102208 ], [ 129.09278272657491, 36.996182719723805 ], [ 129.0929635686621, 36.98889371325923 ], [ 129.090491291269046, 36.985429397559457 ], [ 129.09242669261954, 36.981657296549159 ], [ 129.091665113569746, 36.979104093559584 ], [ 129.095118727568121, 36.977593112670284 ], [ 129.094939598297003, 36.974649796305947 ], [ 129.092176047208341, 36.970061998704182 ], [ 129.090965881200248, 36.961913782071811 ], [ 129.088122236013618, 36.961144636656385 ], [ 129.082556891871178, 36.963560518317351 ], [ 129.077068771610584, 36.958558186029016 ], [ 129.0768140282903, 36.955676666351202 ], [ 129.082213821352326, 36.954664142065042 ], [ 129.087576623524598, 36.951420913824748 ], [ 129.087931425185388, 36.949927479860435 ], [ 129.083970591071818, 36.945913375078327 ], [ 129.088721691821121, 36.946607333889226 ], [ 129.091517906337202, 36.9444932940781 ], [ 129.096528578454638, 36.946063367452858 ], [ 129.101041215427244, 36.943640685898202 ], [ 129.104037024751705, 36.944918986606922 ], [ 129.10804276034105, 36.942583160932372 ], [ 129.104125665727622, 36.937948501423961 ], [ 129.110889682866627, 36.933798335351788 ], [ 129.118476195680898, 36.93547354302617 ], [ 129.121800357787805, 36.933090031314343 ], [ 129.123093778053942, 36.933607424019925 ], [ 129.125453152205125, 36.92979300400274 ], [ 129.136957293684816, 36.92676729179037 ], [ 129.137355081234517, 36.922844358448842 ], [ 129.141811306784575, 36.920409091478582 ], [ 129.144384348108701, 36.914886346712194 ], [ 129.147406611849732, 36.913331719398059 ], [ 129.144770123382386, 36.909748773911495 ], [ 129.147725220815971, 36.908048973049233 ], [ 129.148011145132728, 36.904376950181785 ], [ 129.144472913944981, 36.898811916319303 ], [ 129.149244203715654, 36.895915432392918 ], [ 129.147924244083384, 36.889676141852327 ], [ 129.155520846262363, 36.887844124192817 ], [ 129.155406478920554, 36.87759122860875 ], [ 129.153010436057571, 36.873821604007958 ], [ 129.136258870812327, 36.873043667410812 ], [ 129.137185454700528, 36.871425643699446 ], [ 129.135657436912794, 36.86910367955312 ], [ 129.129203355840986, 36.864913599062675 ], [ 129.128287383165258, 36.858383971101041 ], [ 129.123976610216232, 36.85665217093424 ], [ 129.124071555231239, 36.852978120334342 ], [ 129.121070795409366, 36.847139749896442 ], [ 129.118338154747306, 36.844121864617513 ], [ 129.114437172416672, 36.843061939763004 ], [ 129.113306687077085, 36.84075449962242 ], [ 129.110075863489413, 36.840226484402898 ], [ 129.108129563374433, 36.837466355520263 ], [ 129.103834157388036, 36.835604436255551 ], [ 129.099353448025937, 36.827673504675786 ], [ 129.093077682652336, 36.825400622924754 ], [ 129.089684853702693, 36.826362727524192 ], [ 129.089084874987094, 36.824300132432363 ], [ 129.080193897989773, 36.81804331026256 ], [ 129.077882463482354, 36.819958878804584 ], [ 129.071458177747644, 36.820578391862767 ], [ 129.06587338585885, 36.818768781920475 ], [ 129.056670666202422, 36.806454573157026 ], [ 129.053411451099549, 36.80631055502802 ], [ 129.046693631651493, 36.797332493953917 ], [ 129.044058205001818, 36.797667812220631 ], [ 129.038549053436157, 36.79516845236288 ], [ 129.035998195665854, 36.789217311018682 ], [ 129.032201913620497, 36.787080245114822 ], [ 129.021929375295855, 36.783368973838243 ], [ 129.016802644743052, 36.784365838909785 ], [ 129.008328001370188, 36.77995132576801 ], [ 129.000665514774141, 36.780603967786355 ], [ 128.996586039670717, 36.777932870961948 ], [ 128.990273919235506, 36.776793304004357 ], [ 128.988357345759965, 36.773573693304492 ], [ 128.984629415061448, 36.77258583987026 ], [ 128.983782518169477, 36.763538644378464 ], [ 128.992013959599092, 36.755994630770388 ], [ 128.989720605599047, 36.750446572491931 ], [ 128.991694499995447, 36.747837639803244 ], [ 128.985413626362828, 36.748348446755337 ], [ 128.982082235328647, 36.746526013309449 ], [ 128.977215374273925, 36.746915192722994 ], [ 128.968480088281012, 36.751334211070962 ], [ 128.964000150460151, 36.752073230169536 ], [ 128.956793013753753, 36.768138077617621 ], [ 128.952518813311087, 36.771331547026406 ], [ 128.945437187359403, 36.773134382636272 ], [ 128.942281298356761, 36.773595586925907 ], [ 128.930316276491908, 36.76763878067112 ], [ 128.924880102611951, 36.769046717040055 ], [ 128.919385978596495, 36.767077844270815 ], [ 128.9121366072076, 36.774067216077157 ], [ 128.904528509591614, 36.77628747827405 ], [ 128.896592574231477, 36.771863313328602 ], [ 128.89044868216854, 36.77206183913426 ], [ 128.884286095524914, 36.782966284319926 ], [ 128.8721617764146, 36.785989124084715 ], [ 128.871825040068359, 36.78941088523888 ], [ 128.864327335118247, 36.794403310893124 ], [ 128.862819197886466, 36.799351444436581 ], [ 128.843717210525028, 36.802776547942358 ], [ 128.840385576831096, 36.809044781832412 ], [ 128.821583962874257, 36.810200163642342 ], [ 128.819117333782231, 36.802153040037965 ], [ 128.81221301813747, 36.795537646077385 ], [ 128.805196502763465, 36.804702497151816 ], [ 128.806643787687079, 36.808483793670462 ], [ 128.803389517433232, 36.811816746307862 ], [ 128.808911969922406, 36.816553427763964 ], [ 128.805377628841029, 36.818882533928964 ], [ 128.805672157202224, 36.821277637856184 ], [ 128.802956201366953, 36.82316258929329 ], [ 128.799658983399979, 36.822304342198997 ], [ 128.794235954836893, 36.814686418684907 ], [ 128.786175365007153, 36.812507653973618 ], [ 128.785100648701103, 36.810472357337424 ], [ 128.781909040425916, 36.809580637670102 ], [ 128.781544802255496, 36.807337750633891 ], [ 128.775899883890816, 36.804922887169475 ], [ 128.76792487869514, 36.806795744654679 ], [ 128.767015708074496, 36.80327706686797 ], [ 128.764596689188238, 36.801811133774599 ], [ 128.763038919379596, 36.802067906408283 ], [ 128.763100684422341, 36.806293300079709 ], [ 128.75862268308822, 36.810133328736605 ], [ 128.755892623908011, 36.809516215678265 ], [ 128.754361001715125, 36.807284190817626 ], [ 128.748318448636809, 36.809335308060348 ], [ 128.743402586775971, 36.797722739218287 ], [ 128.738241061853358, 36.799006746268461 ], [ 128.736176687574556, 36.802033175474129 ], [ 128.734317344953041, 36.799067580573706 ], [ 128.735392629638653, 36.795731702466632 ], [ 128.732731037657061, 36.79461920505296 ], [ 128.731004554712797, 36.790227771031304 ], [ 128.728294478585639, 36.790063082735884 ], [ 128.727654988249924, 36.792687784214671 ], [ 128.724498881442941, 36.793401124999392 ], [ 128.722421992612226, 36.798587686418649 ], [ 128.723326785473773, 36.800078394493873 ], [ 128.721262644196287, 36.801008137574449 ], [ 128.723519785179633, 36.802303885635872 ], [ 128.724502782635881, 36.807904198849819 ], [ 128.727601624761945, 36.811663116322137 ], [ 128.727567583559591, 36.818739180482623 ], [ 128.72364290506485, 36.817520915538708 ], [ 128.718647044667819, 36.818592314564476 ], [ 128.716508267663698, 36.821029490692148 ], [ 128.712981212433363, 36.82202581783897 ], [ 128.716376205139881, 36.82464216946741 ], [ 128.717230902307051, 36.830260253760805 ], [ 128.718416048388775, 36.829214238142256 ], [ 128.720914080188294, 36.8310847942629 ], [ 128.728223725242628, 36.830776755656053 ], [ 128.731418478533158, 36.83617530970966 ], [ 128.733374169679109, 36.83730365827082 ], [ 128.734697376168157, 36.836495186306237 ], [ 128.736632330363648, 36.839494591764918 ], [ 128.736621873926339, 36.844100728770592 ], [ 128.73210761478299, 36.846832046141522 ], [ 128.73027357523938, 36.851988237471474 ], [ 128.72822801013649, 36.853145173917333 ], [ 128.729337271426857, 36.853822864461648 ], [ 128.72638970159727, 36.854765230521011 ], [ 128.727082135438138, 36.857537276164571 ], [ 128.72419723148073, 36.861116046545455 ], [ 128.727011611598328, 36.862181859432283 ], [ 128.726776429895637, 36.865994034059248 ], [ 128.724588883904545, 36.865488039763584 ], [ 128.720271153258778, 36.867735033839686 ], [ 128.715124219450388, 36.864306063301115 ], [ 128.70542732399133, 36.867095055377895 ], [ 128.700897433911337, 36.860621853151869 ], [ 128.694919577491021, 36.862610045299952 ], [ 128.69080075572262, 36.860543297345245 ], [ 128.689658991413467, 36.863067638436696 ], [ 128.683202645570844, 36.86243887430075 ], [ 128.682159162828754, 36.857814484294984 ], [ 128.677030591046758, 36.855356810937778 ], [ 128.677870383358396, 36.849082534876786 ], [ 128.676150580724283, 36.849864036315232 ], [ 128.673509323454965, 36.84792368638881 ], [ 128.674470482683432, 36.842530681760877 ], [ 128.667634946484924, 36.845037368670283 ], [ 128.663158964267382, 36.842253319725664 ], [ 128.659442206992054, 36.850291596480986 ], [ 128.656341356175176, 36.850396237019453 ], [ 128.656757476283957, 36.851900948840473 ], [ 128.647887566780497, 36.855885176492585 ], [ 128.645098647910686, 36.85330301876688 ], [ 128.643419150881527, 36.854636060153631 ], [ 128.641774331268039, 36.857168031242004 ], [ 128.64513542651946, 36.86423746637962 ], [ 128.649088033516335, 36.867621974900871 ], [ 128.654318365676744, 36.867550195511519 ], [ 128.655907789561894, 36.870299208330685 ], [ 128.653146611431055, 36.875886553317848 ], [ 128.650053871483266, 36.878057234568743 ], [ 128.651768183214273, 36.881860967575136 ], [ 128.644311425754125, 36.879520588171104 ], [ 128.638771092242621, 36.885696547135005 ], [ 128.63782983628559, 36.889417083861922 ], [ 128.639634951332397, 36.88974597153473 ], [ 128.640465108284985, 36.893712538638134 ], [ 128.64681880026248, 36.901485823108253 ], [ 128.649778908935417, 36.910573204999196 ], [ 128.654902229567966, 36.911608210684541 ], [ 128.655049088699741, 36.909867830944215 ], [ 128.658670823858273, 36.909422055556838 ], [ 128.66633295386211, 36.917792919583412 ], [ 128.670501289223012, 36.918866024680867 ], [ 128.66960600207301, 36.919953051045439 ], [ 128.665630678230485, 36.918990099738345 ], [ 128.666451711453334, 36.923639128336468 ], [ 128.659854834712149, 36.928590811118063 ], [ 128.658884988389673, 36.932381123604848 ], [ 128.664855473004337, 36.943155438530312 ], [ 128.67336024592413, 36.942461826909081 ], [ 128.677381682384521, 36.953378983631488 ], [ 128.68162165931335, 36.953585408793394 ], [ 128.686318709072083, 36.960101072698436 ], [ 128.68711480700992, 36.969499161960528 ], [ 128.692935606694249, 36.973773208125017 ], [ 128.6934493368029, 36.97693869865747 ], [ 128.690029883615466, 36.979116787994066 ], [ 128.692689321625267, 36.984805104557701 ], [ 128.690509761398829, 36.985853718512551 ], [ 128.69231014173576, 36.986352515856282 ], [ 128.691971421983226, 36.994829359312021 ], [ 128.694460747403014, 36.998415760654773 ], [ 128.69266589792025, 37.00454567856174 ], [ 128.694651178151901, 37.004263996123484 ], [ 128.69554991607643, 37.006842155083895 ], [ 128.702050303630358, 37.01253573282807 ], [ 128.702648068105162, 37.016183886307147 ], [ 128.699490823054219, 37.01830898450666 ], [ 128.701936580072015, 37.031640731817184 ], [ 128.705908940746752, 37.034376973569337 ], [ 128.711516388307615, 37.041902753596247 ], [ 128.718668888914777, 37.043751416503468 ], [ 128.735828034362981, 37.039753857698429 ], [ 128.749078991152402, 37.028862890056523 ], [ 128.753764946006839, 37.027832488141826 ], [ 128.754550135006667, 37.031962725345437 ], [ 128.76217588073348, 37.036155426615323 ], [ 128.762544562519139, 37.037856565881349 ], [ 128.76142036802699, 37.044438884670392 ], [ 128.755193427640052, 37.050164627383303 ], [ 128.752320213459882, 37.055934396754175 ], [ 128.755260505487087, 37.066218103000281 ], [ 128.757509830053579, 37.070012481082799 ], [ 128.76535607776222, 37.064034527495252 ], [ 128.768387561244026, 37.067809694384067 ], [ 128.77008163658337, 37.075233627082575 ], [ 128.777928285704945, 37.078934822462649 ], [ 128.777840251109239, 37.083280335621652 ], [ 128.773591358572162, 37.087508052538745 ], [ 128.780282275974429, 37.092342720473781 ], [ 128.78580641532875, 37.087853532726875 ], [ 128.799423358988861, 37.086944257340534 ], [ 128.801526248290088, 37.08435404475113 ], [ 128.7999655824417, 37.078974919365741 ], [ 128.808003505345511, 37.07575679392518 ], [ 128.812569627816742, 37.078711786093685 ], [ 128.819428065601045, 37.077030954989318 ], [ 128.829383575445974, 37.078459056546244 ], [ 128.832081876093099, 37.075075456536936 ], [ 128.83166598881121, 37.067404057354921 ], [ 128.835952691479605, 37.065942740274593 ], [ 128.844016841063223, 37.057168878040727 ], [ 128.843924921404522, 37.054622748701711 ], [ 128.846874762897386, 37.05160661247033 ], [ 128.856985395396919, 37.048922193463191 ], [ 128.863654212905828, 37.048695077199355 ], [ 128.872479452001983, 37.043945259634562 ], [ 128.876842187209121, 37.046078079012879 ], [ 128.878544184714428, 37.053255131299721 ], [ 128.889196950955608, 37.049753413375491 ], [ 128.896419826365047, 37.044515574057471 ], [ 128.897883262270966, 37.045966790402979 ], [ 128.896802698957543, 37.055064638043476 ], [ 128.898074456673299, 37.057604068945956 ], [ 128.904860792283046, 37.062042146813731 ], [ 128.905545184028369, 37.063972651139821 ], [ 128.910416543472166, 37.066134789295106 ], [ 128.91019266540556, 37.070222151106876 ], [ 128.916930178303488, 37.078695372529005 ], [ 128.915062752375178, 37.083712693424054 ], [ 128.923315528145991, 37.092116952019921 ], [ 128.932058318453528, 37.090873242703374 ], [ 128.945663178676995, 37.093777901899351 ], [ 128.953426468752554, 37.084922339660444 ], [ 128.953300787289635, 37.081254877252505 ], [ 128.959274385171085, 37.077576641269339 ], [ 128.969987176866852, 37.079822936309171 ], [ 128.971798534594427, 37.081514016483396 ], [ 128.977437452720892, 37.081454662705767 ], [ 128.983396633554406, 37.084620554169732 ], [ 128.988613866813097, 37.084374435707865 ], [ 128.991242953458539, 37.082559563168523 ], [ 129.009581369833739, 37.078549529272202 ], [ 129.015173105040901, 37.079529319604497 ], [ 129.020382610236908, 37.076558931765277 ], [ 129.024349635151282, 37.078347198955271 ], [ 129.03043659299243, 37.077032037049563 ], [ 129.032408075355136, 37.074922814659331 ], [ 129.036668309031711, 37.076171013613894 ], [ 129.041866173808728, 37.071062443756581 ], [ 129.048325653708133, 37.070086297379703 ], [ 129.051320089870728, 37.067829035296818 ], [ 129.054276175173072, 37.069816845525295 ], [ 129.057067289625536, 37.067899513401912 ], [ 129.057403971252086, 37.065051003849575 ], [ 129.063975739401656, 37.068135149416612 ], [ 129.067365324309293, 37.074453754519666 ], [ 129.065604935394958, 37.078752155483336 ], [ 129.070806952452671, 37.084013310429825 ], [ 129.070420344235316, 37.088222447643332 ], [ 129.076954010002709, 37.092989202591149 ], [ 129.082681917356098, 37.09409497979896 ], [ 129.087490070609761, 37.097108976101367 ], [ 129.091280499722956, 37.097248365198233 ], [ 129.096251128524386, 37.100414654151628 ] ] ] } },
{ "type": "Feature", "properties": { "region_code": 47930, "region_name": "울진군" }, "geometry": { "type": "MultiPolygon", "coordinates": [ [ [ [ 129.340994803893977, 37.144603030302534 ], [ 129.349086118842934, 37.146454306341901 ], [ 129.348995121614422, 37.145233428645504 ], [ 129.352072274513091, 37.146308507380965 ], [ 129.361507899545757, 37.144833420132521 ], [ 129.364129696913523, 37.146009616097558 ], [ 129.36504606673634, 37.144754854224189 ], [ 129.366099791866958, 37.14476953478222 ], [ 129.365737455411931, 37.1428445828547 ], [ 129.367231781851643, 37.139958379348684 ], [ 129.371277075191955, 37.136020588273745 ], [ 129.371995605839686, 37.135647900233828 ], [ 129.374990710879899, 37.135414236765477 ], [ 129.373499281669183, 37.131087700011186 ], [ 129.371710917322616, 37.130736862208707 ], [ 129.370896867463046, 37.129777353933122 ], [ 129.371077991505359, 37.129188847621997 ], [ 129.371644505814118, 37.128915492447994 ], [ 129.37247904449265, 37.129371423277178 ], [ 129.371299812197009, 37.127441450984122 ], [ 129.373484503240746, 37.12299633735114 ], [ 129.374620550185625, 37.121440858782783 ], [ 129.374952333264162, 37.121339975107489 ], [ 129.375891906978097, 37.120089393987101 ], [ 129.3762170740562, 37.119812458495289 ], [ 129.376832109752826, 37.119402864829219 ], [ 129.380071891504713, 37.119309626296328 ], [ 129.37620081897083, 37.114207650881781 ], [ 129.377254290830621, 37.113525877093238 ], [ 129.377433667020284, 37.112245007808404 ], [ 129.376986619084164, 37.113188667779269 ], [ 129.376141179431443, 37.113273530415221 ], [ 129.374320641079322, 37.110440141874456 ], [ 129.376594652683281, 37.106081178733348 ], [ 129.378112023789015, 37.105598787815751 ], [ 129.377046626775297, 37.104267217793947 ], [ 129.378343731210691, 37.103244911863555 ], [ 129.380432694390663, 37.104663444013411 ], [ 129.378810919541593, 37.102038446701059 ], [ 129.382865201037362, 37.10277114385228 ], [ 129.38618971473872, 37.099942563986247 ], [ 129.381921709808438, 37.102369700203134 ], [ 129.378567354222184, 37.101063194791514 ], [ 129.379603455992651, 37.099064840124257 ], [ 129.382633162111858, 37.09642970461995 ], [ 129.381352849995892, 37.099155109416529 ], [ 129.383078588899991, 37.100355158406991 ], [ 129.382570574288678, 37.098691426968834 ], [ 129.387975330823878, 37.09304469153026 ], [ 129.397173171846987, 37.088608767454019 ], [ 129.394523388503728, 37.088349815945222 ], [ 129.389693745159178, 37.091140788604392 ], [ 129.393937626551747, 37.087503232490896 ], [ 129.397125372499119, 37.087380598725922 ], [ 129.394815710254818, 37.08674567179267 ], [ 129.396225017253784, 37.08340271190329 ], [ 129.417936874428278, 37.069943888924868 ], [ 129.416975225609264, 37.069674557305085 ], [ 129.416681114491126, 37.068604106750591 ], [ 129.418180447411459, 37.070005429578103 ], [ 129.418803028858463, 37.069301151618944 ], [ 129.420166116730456, 37.06897798366586 ], [ 129.422158397100361, 37.066470759834829 ], [ 129.424560918483479, 37.065526050416949 ], [ 129.42522203863092, 37.065933586584563 ], [ 129.425092798079305, 37.065135560563 ], [ 129.426230920759821, 37.064933612600335 ], [ 129.425597593634052, 37.064150894768801 ], [ 129.427177002761852, 37.063907516544567 ], [ 129.427600360715019, 37.059805600971387 ], [ 129.430172110614876, 37.0583144181591 ], [ 129.429390522911433, 37.05632576541052 ], [ 129.424749651140047, 37.054419959115947 ], [ 129.424243103226956, 37.051873199077257 ], [ 129.421729805212436, 37.049696097354904 ], [ 129.424475797336385, 37.05315267548108 ], [ 129.423941274000384, 37.054134082019175 ], [ 129.421488051158974, 37.053303729045652 ], [ 129.421274949321031, 37.053521834003732 ], [ 129.425867947689255, 37.055601031984999 ], [ 129.424228939851304, 37.057735158660911 ], [ 129.418600844303313, 37.056919592827434 ], [ 129.420038635650883, 37.055153033041861 ], [ 129.418596468207568, 37.056049501386411 ], [ 129.415542021344891, 37.052724452535493 ], [ 129.420092854226823, 37.050647617827792 ], [ 129.414357331054845, 37.051123326702466 ], [ 129.413212044301531, 37.044472547916953 ], [ 129.414718349306241, 37.044006442892162 ], [ 129.415236109534504, 37.042668067905048 ], [ 129.413494466416438, 37.043592393251686 ], [ 129.413644985710391, 37.041604036228982 ], [ 129.414691566785734, 37.039503819879506 ], [ 129.416072476596952, 37.039681929660851 ], [ 129.414848053073086, 37.037868552251808 ], [ 129.41734137664065, 37.034011733954522 ], [ 129.415322350256332, 37.031357062440719 ], [ 129.415599796495258, 37.033370075715808 ], [ 129.414638121311725, 37.032093477488957 ], [ 129.414115327505385, 37.033285536340763 ], [ 129.412161139384068, 37.032373861201606 ], [ 129.409442407852652, 37.027864084995372 ], [ 129.416444811239671, 37.007064350028799 ], [ 129.41743150539034, 37.006036542100951 ], [ 129.41891417889542, 37.005598081170142 ], [ 129.417295360454062, 37.005445465712803 ], [ 129.417851371286389, 37.003861039917311 ], [ 129.41739111775999, 37.002389311905993 ], [ 129.418151412837972, 37.000262890739883 ], [ 129.417769898131411, 36.999792160460707 ], [ 129.418169909025124, 36.998696665102337 ], [ 129.417397774512153, 36.99853061290009 ], [ 129.41685595796298, 36.997233498021401 ], [ 129.417474674701822, 36.994702551151903 ], [ 129.418955220514391, 36.993011078474169 ], [ 129.41153676053284, 36.985703447354894 ], [ 129.411981399661443, 36.983632381435243 ], [ 129.410495472704923, 36.984731618582366 ], [ 129.411422891629002, 36.983518079734687 ], [ 129.410569178032432, 36.982854596570846 ], [ 129.409893362681942, 36.982855850559055 ], [ 129.409577749117688, 36.982626173475971 ], [ 129.408037294268183, 36.979694600378693 ], [ 129.419666333707511, 36.951223689519708 ], [ 129.418174615836818, 36.948423969892239 ], [ 129.419750036598089, 36.944760038682794 ], [ 129.420677717611284, 36.943467287005106 ], [ 129.420373160152252, 36.942702012066405 ], [ 129.420560490143373, 36.942426887150958 ], [ 129.420782713138408, 36.942541871991544 ], [ 129.4205443393829, 36.94209847133704 ], [ 129.42124903048952, 36.94078481561624 ], [ 129.420640125994623, 36.93778653366207 ], [ 129.421099483213453, 36.936327443865835 ], [ 129.419678817720154, 36.935803040070674 ], [ 129.417325501099015, 36.931329034632206 ], [ 129.419904851500775, 36.919341092017852 ], [ 129.417915103135698, 36.916125448710687 ], [ 129.418063849951068, 36.918776115262609 ], [ 129.415591868650381, 36.916266085339309 ], [ 129.416890508479071, 36.911924937982384 ], [ 129.415547249614065, 36.909205920576127 ], [ 129.421090011104184, 36.897792299278606 ], [ 129.418860145393069, 36.89386925800008 ], [ 129.422009956278799, 36.888960228376682 ], [ 129.418609714409826, 36.89349438620674 ], [ 129.415085596367788, 36.890248038634923 ], [ 129.416895183926329, 36.888857067363503 ], [ 129.42021766942915, 36.889855966473071 ], [ 129.416732661196619, 36.88870714732608 ], [ 129.41648885203162, 36.885207688803838 ], [ 129.422042990308739, 36.873735891622694 ], [ 129.419864798448401, 36.869466454782291 ], [ 129.421040791060364, 36.86505523880593 ], [ 129.423374380349316, 36.862004146932279 ], [ 129.423747786407972, 36.858725194374998 ], [ 129.42615197605258, 36.854450885973492 ], [ 129.427423593901949, 36.852644394827379 ], [ 129.428607760852913, 36.852340833772466 ], [ 129.427722848970205, 36.850859144770141 ], [ 129.429419930542906, 36.84819988852923 ], [ 129.434958151832774, 36.842347835971587 ], [ 129.444287725145415, 36.834366874177512 ], [ 129.444697119177732, 36.832353184869525 ], [ 129.446310223718228, 36.832027341243304 ], [ 129.445734379203031, 36.831640767152905 ], [ 129.445794332097392, 36.829338499912197 ], [ 129.446578683351333, 36.828225042432173 ], [ 129.448276177312778, 36.828066548977546 ], [ 129.452657484996053, 36.82440752080123 ], [ 129.44805162683636, 36.827791836643939 ], [ 129.445275810548452, 36.82767962555743 ], [ 129.448876080441352, 36.82286366960345 ], [ 129.450378501382176, 36.823406849223517 ], [ 129.451095294966734, 36.824210437840307 ], [ 129.449715489944509, 36.821812339190558 ], [ 129.45367473508918, 36.816975053207067 ], [ 129.457132634739366, 36.814510628980536 ], [ 129.45675799761861, 36.813495267186198 ], [ 129.456954294446803, 36.81275128268959 ], [ 129.458029406027777, 36.812022297435121 ], [ 129.456746177001776, 36.810996193230494 ], [ 129.458200871247527, 36.8044609499972 ], [ 129.460584783735669, 36.803231517592529 ], [ 129.461084162703173, 36.802033540753015 ], [ 129.459110359603443, 36.803772762702472 ], [ 129.457831382145656, 36.803402384627461 ], [ 129.462995727201871, 36.796218594783717 ], [ 129.46233862403534, 36.788639120295329 ], [ 129.470004891111216, 36.780631941276638 ], [ 129.473228996849741, 36.773891905314215 ], [ 129.478724872983264, 36.76761604490148 ], [ 129.472660036873322, 36.760343561713263 ], [ 129.472811441011402, 36.759192421565508 ], [ 129.473672991727085, 36.759083384360004 ], [ 129.475308031369394, 36.75615492387147 ], [ 129.472497489846376, 36.75887557550891 ], [ 129.472111493199577, 36.760727179375685 ], [ 129.468842407016069, 36.759507351216165 ], [ 129.468043034224024, 36.757364798380266 ], [ 129.46831700195591, 36.756254921776438 ], [ 129.471064682592441, 36.756257493654495 ], [ 129.473667480055781, 36.75743969040844 ], [ 129.471478212994953, 36.755226968468911 ], [ 129.468904629786522, 36.755514861056014 ], [ 129.468407982754997, 36.749542683749816 ], [ 129.471160887917819, 36.742272506867927 ], [ 129.473816370889608, 36.737457310557417 ], [ 129.475667242660734, 36.735540269528691 ], [ 129.476064057744793, 36.734092737320019 ], [ 129.476617977180183, 36.733668184935006 ], [ 129.475865232286822, 36.73129275460694 ], [ 129.477736732402406, 36.727104723530275 ], [ 129.475725705640997, 36.7252691873638 ], [ 129.474830908350611, 36.722943548129891 ], [ 129.47416141071443, 36.72535607019045 ], [ 129.471966110047418, 36.722218657807822 ], [ 129.472710569247482, 36.716648266399879 ], [ 129.475973447463502, 36.711158204959808 ], [ 129.474275566708201, 36.707844945494323 ], [ 129.474560811921435, 36.70467455856793 ], [ 129.475719024831022, 36.702203098945461 ], [ 129.475452041412893, 36.701353958732888 ], [ 129.476335702144809, 36.699343354702748 ], [ 129.475115712783776, 36.697346221225246 ], [ 129.473800011522769, 36.697777397967357 ], [ 129.469348399506401, 36.69528079855732 ], [ 129.46837199526658, 36.693622967965013 ], [ 129.467911881081136, 36.688645077032575 ], [ 129.470501381193031, 36.686075967421445 ], [ 129.467787306723977, 36.688328119241504 ], [ 129.465726426081801, 36.687921240228576 ], [ 129.464906139676458, 36.685145764694447 ], [ 129.46951350498054, 36.684591287505796 ], [ 129.465593558689136, 36.684849440043529 ], [ 129.464615395303269, 36.681959099825008 ], [ 129.465502447924536, 36.679935734564928 ], [ 129.46632767198156, 36.679924457429941 ], [ 129.466228495174988, 36.679298170212938 ], [ 129.459556909919229, 36.676034707228538 ], [ 129.45679678946118, 36.671836233481677 ], [ 129.455335196139544, 36.671025591756397 ], [ 129.459135177733799, 36.676514973747878 ], [ 129.461851292475188, 36.677769468562815 ], [ 129.459017333281849, 36.681775823448696 ], [ 129.452353726428129, 36.678784085738741 ], [ 129.455314018338811, 36.674531495083926 ], [ 129.452669733468497, 36.677955876695698 ], [ 129.449425885108212, 36.676503930151441 ], [ 129.450495130683748, 36.675232008874296 ], [ 129.453282014501355, 36.675386636863024 ], [ 129.452566726134336, 36.674730626322358 ], [ 129.450151481106559, 36.675223330195287 ], [ 129.448142319588726, 36.677731653383113 ], [ 129.440482678879448, 36.673267336653112 ], [ 129.434513680252024, 36.665392561629162 ], [ 129.433389914356781, 36.662438394099468 ], [ 129.433987127854152, 36.660584333006689 ], [ 129.433056572506985, 36.662008554944208 ], [ 129.430806709769968, 36.658986765290472 ], [ 129.428842381044717, 36.649630443194248 ], [ 129.42521957924717, 36.646278526201222 ], [ 129.425325165006512, 36.645265190765549 ], [ 129.423529079612223, 36.645276700645191 ], [ 129.423211742557896, 36.643503798567146 ], [ 129.418633302251806, 36.646380551982482 ], [ 129.419251691971283, 36.65058728746515 ], [ 129.410896993445704, 36.652957634568033 ], [ 129.410008073336542, 36.656261202600334 ], [ 129.406777056445833, 36.659219735980194 ], [ 129.400460432082497, 36.66142398476714 ], [ 129.396654209152302, 36.661259654970983 ], [ 129.396925804409847, 36.665544345251348 ], [ 129.392361458113214, 36.666310044172512 ], [ 129.388846517798726, 36.664528935034021 ], [ 129.383515194753869, 36.668848188488639 ], [ 129.373975288873851, 36.664567528079729 ], [ 129.372854822625129, 36.662389527118215 ], [ 129.366547513500421, 36.663014264326193 ], [ 129.364798794998478, 36.660870702309801 ], [ 129.361495270237015, 36.660443985917318 ], [ 129.357280577929146, 36.65284041493576 ], [ 129.354316692977449, 36.650967520258611 ], [ 129.349008443274585, 36.656782355152458 ], [ 129.330086465861939, 36.661535551108081 ], [ 129.327311349028292, 36.666678531733155 ], [ 129.317579100346961, 36.665631168095864 ], [ 129.310459065037207, 36.668349884547446 ], [ 129.298226204948492, 36.668989391493938 ], [ 129.294202887544117, 36.671407851345144 ], [ 129.285419299115915, 36.66803312248603 ], [ 129.279935887932226, 36.671088261187514 ], [ 129.275399874345112, 36.670546354279075 ], [ 129.269055911724706, 36.673683861711439 ], [ 129.271446819028768, 36.676975179463092 ], [ 129.275222712136355, 36.677885363904188 ], [ 129.278564009179945, 36.68153641869015 ], [ 129.276277063409623, 36.691693096087022 ], [ 129.280607076158617, 36.692905921887984 ], [ 129.282778822767426, 36.695346233838912 ], [ 129.282267608904505, 36.698983232388883 ], [ 129.284813926876097, 36.699640586137008 ], [ 129.286731297639193, 36.703895686996702 ], [ 129.286242212321383, 36.708298061445873 ], [ 129.289038184899994, 36.709776319048402 ], [ 129.292314356245612, 36.717317323950446 ], [ 129.295065474786611, 36.718716646033762 ], [ 129.287762232924905, 36.718909537553223 ], [ 129.28094255354489, 36.723327901440321 ], [ 129.275332288373619, 36.723081771786845 ], [ 129.271977002160895, 36.725279456138708 ], [ 129.270456913313751, 36.727744909135041 ], [ 129.272924333023298, 36.740749583864485 ], [ 129.271702619226659, 36.74474300438925 ], [ 129.277004345166233, 36.746471717072509 ], [ 129.285254214174131, 36.752121812141404 ], [ 129.295045148043926, 36.753491078867519 ], [ 129.297595536381124, 36.756455397668141 ], [ 129.296554231163441, 36.767959149365815 ], [ 129.303288878031566, 36.776675522092127 ], [ 129.306287709800614, 36.776611745985356 ], [ 129.310783020856661, 36.773825862298516 ], [ 129.314116210386857, 36.780784289911679 ], [ 129.312082024670673, 36.786115240534677 ], [ 129.308009055101849, 36.788723719462674 ], [ 129.307284387327798, 36.791710826408071 ], [ 129.300145462630979, 36.793875450296241 ], [ 129.29700879487271, 36.799540116978875 ], [ 129.293948276773705, 36.800527440342812 ], [ 129.292388550506956, 36.805741614304459 ], [ 129.287554954087568, 36.808641020035601 ], [ 129.290816561030027, 36.821188473831292 ], [ 129.294066693953425, 36.824988572465863 ], [ 129.28937287901104, 36.829574629385377 ], [ 129.289103328612896, 36.832408453464353 ], [ 129.285492324306688, 36.833454991619504 ], [ 129.279242110853005, 36.8318933490741 ], [ 129.272657998439144, 36.833382848148588 ], [ 129.271725364921821, 36.838317180800956 ], [ 129.273669593811007, 36.840179415182398 ], [ 129.270733038828354, 36.840737995901698 ], [ 129.277421439674612, 36.847344232397873 ], [ 129.275062168779897, 36.850520534856663 ], [ 129.277428500901635, 36.856476119750866 ], [ 129.275621399315412, 36.85885130700705 ], [ 129.280718416652462, 36.861297946611579 ], [ 129.278726265837435, 36.864384404686454 ], [ 129.285474332681304, 36.86364079698928 ], [ 129.279446387273879, 36.873806465034868 ], [ 129.275738852910223, 36.875191698478609 ], [ 129.271626149619692, 36.871487925813625 ], [ 129.267511995999513, 36.872795398674604 ], [ 129.261797675619448, 36.870529650520581 ], [ 129.260997875560747, 36.873457146428485 ], [ 129.2635646713521, 36.875798356992853 ], [ 129.262227826689184, 36.877150466840114 ], [ 129.256021366200969, 36.872115555957073 ], [ 129.255205214734502, 36.860113490959243 ], [ 129.24701909105633, 36.852305914361914 ], [ 129.240210003447658, 36.851909830776549 ], [ 129.236299248570816, 36.85512939886884 ], [ 129.233681622456402, 36.853091864292558 ], [ 129.231066087417986, 36.854701003066651 ], [ 129.227846831732052, 36.854570068446037 ], [ 129.226235418655222, 36.856131643113642 ], [ 129.227910784140732, 36.859325192535628 ], [ 129.232377872712959, 36.863078445351071 ], [ 129.22251405335075, 36.861647289121798 ], [ 129.217723368006887, 36.858361893005949 ], [ 129.215640448517462, 36.858665025093053 ], [ 129.214788372326439, 36.861544404898012 ], [ 129.211285781294322, 36.863678327219006 ], [ 129.208322049318298, 36.856817145358654 ], [ 129.205556595960701, 36.855849825203741 ], [ 129.20091817273061, 36.862166135667287 ], [ 129.20094888018744, 36.865110719346774 ], [ 129.195612938382681, 36.869736204063408 ], [ 129.195845832359481, 36.874787025886654 ], [ 129.191110945333094, 36.879792825462339 ], [ 129.182343552495468, 36.878416128237099 ], [ 129.179326111983443, 36.879942259607041 ], [ 129.175817329130354, 36.879495595066452 ], [ 129.174085573657749, 36.881369067402723 ], [ 129.168871218353701, 36.881454216944718 ], [ 129.16521318613448, 36.879156075625986 ], [ 129.165797216936596, 36.875390939203626 ], [ 129.162952085983108, 36.874190356571098 ], [ 129.159114783380176, 36.874729279224745 ], [ 129.155379089832877, 36.877758182494503 ], [ 129.155520846262363, 36.887844124192817 ], [ 129.147924244083384, 36.889676141852327 ], [ 129.149244203715654, 36.895915432392918 ], [ 129.144472913944981, 36.898811916319303 ], [ 129.148011145132728, 36.904376950181785 ], [ 129.147725220815971, 36.908048973049233 ], [ 129.144770123382386, 36.909748773911495 ], [ 129.147406611849732, 36.913331719398059 ], [ 129.144384348108701, 36.914886346712194 ], [ 129.141811306784575, 36.920409091478582 ], [ 129.137355081234517, 36.922844358448842 ], [ 129.136836608835523, 36.926883064529882 ], [ 129.125453152205125, 36.92979300400274 ], [ 129.123093778053942, 36.933607424019925 ], [ 129.121800357787805, 36.933090031314343 ], [ 129.118476195680898, 36.93547354302617 ], [ 129.110889682866627, 36.933798335351788 ], [ 129.104125665727622, 36.937948501423961 ], [ 129.10804276034105, 36.942583160932372 ], [ 129.104037024751705, 36.944918986606922 ], [ 129.101041215427244, 36.943640685898202 ], [ 129.096528578454638, 36.946063367452858 ], [ 129.091517906337202, 36.9444932940781 ], [ 129.088721691821121, 36.946607333889226 ], [ 129.083970591071818, 36.945913375078327 ], [ 129.087931425185388, 36.949927479860435 ], [ 129.087576623524598, 36.951420913824748 ], [ 129.082213821352326, 36.954664142065042 ], [ 129.0768140282903, 36.955676666351202 ], [ 129.077068771610584, 36.958558186029016 ], [ 129.082556891871178, 36.963560518317351 ], [ 129.088122236013618, 36.961144636656385 ], [ 129.090965881200248, 36.961913782071811 ], [ 129.092176047208341, 36.970061998704182 ], [ 129.094939598297003, 36.974649796305947 ], [ 129.095118727568121, 36.977593112670284 ], [ 129.091665113569746, 36.979104093559584 ], [ 129.09242669261954, 36.981657296549159 ], [ 129.090491291269046, 36.985429397559457 ], [ 129.0929635686621, 36.98889371325923 ], [ 129.09278272657491, 36.996182719723805 ], [ 129.089431522449274, 36.999214487102208 ], [ 129.094637957463618, 37.006865882125773 ], [ 129.090406810144827, 37.009222821376127 ], [ 129.087330943027666, 37.00714875935639 ], [ 129.084693409632536, 37.008805819636109 ], [ 129.094529203128218, 37.015720040532557 ], [ 129.103191148557926, 37.019119488622749 ], [ 129.106280598703108, 37.024963274700767 ], [ 129.114630595786906, 37.025523991341871 ], [ 129.117992631290264, 37.02932456092293 ], [ 129.121466864713398, 37.028486267528308 ], [ 129.126404657142814, 37.029806757841996 ], [ 129.130082474600755, 37.033428495891172 ], [ 129.133875249181727, 37.034283407672696 ], [ 129.135408559043583, 37.032793840310724 ], [ 129.139765405993757, 37.032746697731099 ], [ 129.14597254040919, 37.028151493475406 ], [ 129.147282684745022, 37.024975752482355 ], [ 129.154992829940568, 37.023437172931459 ], [ 129.159456332203376, 37.01969594999774 ], [ 129.164405402759769, 37.022585143681681 ], [ 129.167739057516684, 37.022599704826455 ], [ 129.17618767323043, 37.028475252478422 ], [ 129.17789323925038, 37.034577651114176 ], [ 129.183918246072835, 37.037922934905318 ], [ 129.185409488479223, 37.041719080608786 ], [ 129.194752223218785, 37.040629783209624 ], [ 129.195938724901765, 37.042490882915111 ], [ 129.205046102765778, 37.044972480903319 ], [ 129.213409492639073, 37.042987213547853 ], [ 129.225314136416358, 37.044559995020677 ], [ 129.238012440781546, 37.038665311161203 ], [ 129.238209241725343, 37.040787971121347 ], [ 129.232667073042023, 37.044219267871632 ], [ 129.232060131027652, 37.05442784966683 ], [ 129.229539307112987, 37.054738300521969 ], [ 129.228520827623726, 37.057234709264328 ], [ 129.233074994931428, 37.063881939287505 ], [ 129.230861690414599, 37.06890212875561 ], [ 129.225377709931792, 37.073720113312703 ], [ 129.240459434473678, 37.085035135374845 ], [ 129.249030165388007, 37.096151371394924 ], [ 129.253163835144477, 37.096789370893291 ], [ 129.259075187397713, 37.101045183947058 ], [ 129.265992708482997, 37.102324013758384 ], [ 129.27024315138388, 37.106922797626389 ], [ 129.269192284585699, 37.110212113921492 ], [ 129.27201913337683, 37.117008133612053 ], [ 129.276738827193725, 37.118553512104342 ], [ 129.281996800244883, 37.116098328708667 ], [ 129.285385453520405, 37.117248436447959 ], [ 129.288650084635066, 37.115253323793297 ], [ 129.2945916267428, 37.114365114637174 ], [ 129.295230570757212, 37.120297955354204 ], [ 129.297775955167253, 37.124432012511754 ], [ 129.29978208206947, 37.124401624653046 ], [ 129.3038656947638, 37.128240582465537 ], [ 129.308885538375108, 37.127939977125322 ], [ 129.311801177173521, 37.132212852722596 ], [ 129.314453618407327, 37.131339608908242 ], [ 129.318147257914603, 37.132952324717046 ], [ 129.324829859742067, 37.142286219590872 ], [ 129.332515080590213, 37.140522889666414 ], [ 129.33407945414811, 37.14260356033202 ], [ 129.336435348075469, 37.141976365521707 ], [ 129.338345916306508, 37.143457008987752 ], [ 129.339506007230739, 37.146829687094566 ], [ 129.340994803893977, 37.144603030302534 ] ] ], [ [ [ 129.409994912706964, 36.982155316492715 ], [ 129.409795766501816, 36.982286101302819 ], [ 129.409877148556006, 36.982463152889409 ], [ 129.409994912706964, 36.982155316492715 ] ] ], [ [ [ 129.409917223327597, 36.98264757311609 ], [ 129.409866327234511, 36.982766160457395 ], [ 129.409910485872871, 36.982804600724634 ], [ 129.409917223327597, 36.98264757311609 ] ] ], [ [ [ 129.417822007925821, 36.991694310485606 ], [ 129.417857037324666, 36.991795946767887 ], [ 129.417898578830147, 36.991699401896192 ], [ 129.417822007925821, 36.991694310485606 ] ] ], [ [ [ 129.417633380960581, 36.997952140196809 ], [ 129.417591826358972, 36.998100189190765 ], [ 129.417707727082671, 36.998103970857088 ], [ 129.417633380960581, 36.997952140196809 ] ] ], [ [ [ 129.417586366965025, 36.998223186278899 ], [ 129.417698274193953, 36.998304259716427 ], [ 129.417602217971961, 36.998202883336369 ], [ 129.417586366965025, 36.998223186278899 ] ] ], [ [ [ 129.418066709289945, 36.999677084883473 ], [ 129.418070634974384, 36.999446035609957 ], [ 129.417987485175161, 36.999504644863016 ], [ 129.418066709289945, 36.999677084883473 ] ] ], [ [ [ 129.417892513102998, 36.99958326479311 ], [ 129.417931895073878, 36.999715386492298 ], [ 129.417980238520244, 36.999734570715198 ], [ 129.417892513102998, 36.99958326479311 ] ] ], [ [ [ 129.417357351189594, 37.006291211752767 ], [ 129.417422501917372, 37.006286685272372 ], [ 129.417374730161612, 37.006254008177898 ], [ 129.417357351189594, 37.006291211752767 ] ] ], [ [ [ 129.417187629026898, 37.00663632644914 ], [ 129.417026661670633, 37.006729279268299 ], [ 129.417194588799873, 37.006789357764468 ], [ 129.417187629026898, 37.00663632644914 ] ] ], [ [ [ 129.414193932795001, 37.040934790132091 ], [ 129.414267494648954, 37.040984993076144 ], [ 129.414270277537298, 37.040938488078204 ], [ 129.414193932795001, 37.040934790132091 ] ] ], [ [ [ 129.41983371143607, 37.069321745709502 ], [ 129.419713951038034, 37.069361726468955 ], [ 129.419824638378685, 37.069369084305251 ], [ 129.41983371143607, 37.069321745709502 ] ] ], [ [ [ 129.418405223174574, 37.069776965579877 ], [ 129.418558020135322, 37.069937717519174 ], [ 129.418586631414513, 37.069803266560029 ], [ 129.418405223174574, 37.069776965579877 ] ] ], [ [ [ 129.417982939584988, 37.069891636709521 ], [ 129.418047821717835, 37.069934748743002 ], [ 129.417987957429517, 37.069874012775259 ], [ 129.417982939584988, 37.069891636709521 ] ] ], [ [ [ 129.417581872115306, 37.0702889962988 ], [ 129.417543674695452, 37.070361232578172 ], [ 129.417621183147787, 37.070334126402862 ], [ 129.417581872115306, 37.0702889962988 ] ] ], [ [ [ 129.417131068744851, 37.071991134967483 ], [ 129.41730127728448, 37.071922144979922 ], [ 129.417128997636979, 37.071920858596663 ], [ 129.417131068744851, 37.071991134967483 ] ] ], [ [ [ 129.378260888614363, 37.105807719343765 ], [ 129.378066199510044, 37.105976117723166 ], [ 129.378238046202938, 37.105965297591467 ], [ 129.378260888614363, 37.105807719343765 ] ] ], [ [ [ 129.378434759104721, 37.106029708910704 ], [ 129.378424779627977, 37.106124261361138 ], [ 129.378486935819126, 37.106076675842502 ], [ 129.378434759104721, 37.106029708910704 ] ] ], [ [ [ 129.376789305223326, 37.106086866454575 ], [ 129.376842595428997, 37.10621563956721 ], [ 129.376884091514597, 37.106121797725152 ], [ 129.376789305223326, 37.106086866454575 ] ] ], [ [ [ 129.37579803430117, 37.108312570179471 ], [ 129.375748473098128, 37.108323268730977 ], [ 129.375779457091966, 37.108332721477559 ], [ 129.37579803430117, 37.108312570179471 ] ] ], [ [ [ 129.376299590873288, 37.112221228027138 ], [ 129.37682866730114, 37.112583708305323 ], [ 129.376964197417237, 37.112546016031956 ], [ 129.376299590873288, 37.112221228027138 ] ] ], [ [ [ 129.376809912708069, 37.112835293013624 ], [ 129.376718028935926, 37.112797291120479 ], [ 129.376698107048895, 37.112818439049917 ], [ 129.376809912708069, 37.112835293013624 ] ] ], [ [ [ 129.378094186860267, 37.115407876364621 ], [ 129.377382875416458, 37.11495555852045 ], [ 129.37720328834348, 37.115206200844113 ], [ 129.378094186860267, 37.115407876364621 ] ] ], [ [ [ 129.377617556193883, 37.115494635471592 ], [ 129.377643108544618, 37.11554221909465 ], [ 129.377636582918427, 37.115496826123959 ], [ 129.377617556193883, 37.115494635471592 ] ] ], [ [ [ 129.377702504156559, 37.115607897168097 ], [ 129.377660307009251, 37.115652092701524 ], [ 129.377708581880171, 37.115653471179286 ], [ 129.377702504156559, 37.115607897168097 ] ] ], [ [ [ 129.377888851721195, 37.115612350698875 ], [ 129.3779211798105, 37.115664778603211 ], [ 129.377941341599268, 37.115623807247474 ], [ 129.377888851721195, 37.115612350698875 ] ] ], [ [ [ 129.378213522004017, 37.119403061606867 ], [ 129.37823470848457, 37.119454896237393 ], [ 129.378259979475246, 37.11940030105761 ], [ 129.378213522004017, 37.119403061606867 ] ] ], [ [ [ 129.376261000847904, 37.119803279227902 ], [ 129.376372956929998, 37.119820613275238 ], [ 129.376384892439404, 37.119799580125303 ], [ 129.376261000847904, 37.119803279227902 ] ] ], [ [ [ 129.373589734102666, 37.123984735970481 ], [ 129.373641986541344, 37.124015748930191 ], [ 129.373663354192018, 37.123990092016626 ], [ 129.373589734102666, 37.123984735970481 ] ] ], [ [ [ 129.373506788320071, 37.124027618445844 ], [ 129.373550247282168, 37.124055504175317 ], [ 129.373540893984824, 37.124029853456932 ], [ 129.373506788320071, 37.124027618445844 ] ] ], [ [ [ 129.373373941526665, 37.1243351176917 ], [ 129.37329508142966, 37.124294187381686 ], [ 129.373278288108679, 37.124311361067917 ], [ 129.373373941526665, 37.1243351176917 ] ] ], [ [ [ 129.373335860354871, 37.124394707413373 ], [ 129.373450498431708, 37.124411825993064 ], [ 129.373357234481375, 37.124370400587146 ], [ 129.373335860354871, 37.124394707413373 ] ] ], [ [ [ 129.372919128046703, 37.124684357424798 ], [ 129.372933677398237, 37.124713956651945 ], [ 129.372944710043015, 37.124691844845358 ], [ 129.372919128046703, 37.124684357424798 ] ] ], [ [ [ 129.373052065299163, 37.124692769122106 ], [ 129.373074010364974, 37.124739015474752 ], [ 129.373119382615329, 37.124720490630096 ], [ 129.373052065299163, 37.124692769122106 ] ] ], [ [ [ 129.372853469141205, 37.125200600616196 ], [ 129.372841051196048, 37.125238483481915 ], [ 129.372897546216478, 37.12523929771843 ], [ 129.372853469141205, 37.125200600616196 ] ] ], [ [ [ 129.373101930086364, 37.125222704989511 ], [ 129.373152692585222, 37.125248315923116 ], [ 129.373161354059647, 37.125201793130906 ], [ 129.373101930086364, 37.125222704989511 ] ] ], [ [ [ 129.372704768495936, 37.125947864665157 ], [ 129.372696654619062, 37.125991409914391 ], [ 129.37273375474129, 37.12596129102068 ], [ 129.372704768495936, 37.125947864665157 ] ] ], [ [ [ 129.372771883635693, 37.125957295125772 ], [ 129.372793607970635, 37.126004440891535 ], [ 129.372812074161203, 37.125960861825483 ], [ 129.372771883635693, 37.125957295125772 ] ] ], [ [ [ 129.371973458802444, 37.128205778596374 ], [ 129.371992391721562, 37.128234373135072 ], [ 129.372000069491833, 37.128216870443389 ], [ 129.371973458802444, 37.128205778596374 ] ] ], [ [ [ 129.371476622523289, 37.129103528684482 ], [ 129.371491391077171, 37.129131867302213 ], [ 129.371523705807931, 37.129112303668315 ], [ 129.371476622523289, 37.129103528684482 ] ] ], [ [ [ 129.371673466194295, 37.129959097524349 ], [ 129.371647820682796, 37.130076946256089 ], [ 129.371777350303802, 37.129961744179319 ], [ 129.371673466194295, 37.129959097524349 ] ] ], [ [ [ 129.371277610644484, 37.130083783211852 ], [ 129.371218459469361, 37.129977284180477 ], [ 129.371131448229676, 37.130042071140238 ], [ 129.371277610644484, 37.130083783211852 ] ] ], [ [ [ 129.373010178104039, 37.130763508506995 ], [ 129.372932650484017, 37.13081150634315 ], [ 129.373024357227223, 37.130786530502284 ], [ 129.373010178104039, 37.130763508506995 ] ] ], [ [ [ 129.373078039476468, 37.130809878979363 ], [ 129.373046273936012, 37.130849355595167 ], [ 129.373112395797307, 37.130839505760527 ], [ 129.373078039476468, 37.130809878979363 ] ] ], [ [ [ 129.373050335669518, 37.130874571713001 ], [ 129.373015474591483, 37.130948568931693 ], [ 129.373104029866994, 37.130923421120698 ], [ 129.373050335669518, 37.130874571713001 ] ] ], [ [ [ 129.374905624602491, 37.134273092029559 ], [ 129.374734163155978, 37.134535120444838 ], [ 129.374989478818918, 37.134252373098718 ], [ 129.374905624602491, 37.134273092029559 ] ] ], [ [ [ 129.371889188523937, 37.135959379261188 ], [ 129.372018148622658, 37.135887106267425 ], [ 129.371787135332454, 37.135932233841352 ], [ 129.371889188523937, 37.135959379261188 ] ] ], [ [ [ 129.366579412050498, 37.141972979436595 ], [ 129.366630668527421, 37.142052202088536 ], [ 129.366681110979442, 37.141985908858004 ], [ 129.366579412050498, 37.141972979436595 ] ] ], [ [ [ 129.36600867533781, 37.145009983823378 ], [ 129.366003006328356, 37.144861489994661 ], [ 129.365869087341792, 37.144946222908786 ], [ 129.36600867533781, 37.145009983823378 ] ] ], [ [ [ 129.364901103145769, 37.145418243219083 ], [ 129.36500929066392, 37.145356511749853 ], [ 129.364915070604752, 37.145357081734154 ], [ 129.364901103145769, 37.145418243219083 ] ] ], [ [ [ 129.365055823151181, 37.145463945872621 ], [ 129.365018259101873, 37.145421404992398 ], [ 129.364986538208939, 37.14545357291783 ], [ 129.365055823151181, 37.145463945872621 ] ] ], [ [ [ 129.418564908471978, 36.881372737729038 ], [ 129.418467878317301, 36.882091647836234 ], [ 129.418691935735779, 36.881367587411489 ], [ 129.418564908471978, 36.881372737729038 ] ] ], [ [ [ 129.418155443733667, 36.882300666847911 ], [ 129.417952717949902, 36.883173465305909 ], [ 129.418274797061429, 36.882264265976062 ], [ 129.418155443733667, 36.882300666847911 ] ] ], [ [ [ 129.417861484174665, 36.883316926546136 ], [ 129.417559443376405, 36.88377772533233 ], [ 129.417509601588051, 36.884306752830305 ], [ 129.417861484174665, 36.883316926546136 ] ] ], [ [ [ 129.417417308302532, 36.884476122100807 ], [ 129.417326778007265, 36.885340768490892 ], [ 129.417500180033187, 36.884471505440011 ], [ 129.417417308302532, 36.884476122100807 ] ] ], [ [ [ 129.41710017916472, 36.885608106284742 ], [ 129.417018661548354, 36.886439741243223 ], [ 129.417179375003855, 36.885567009722102 ], [ 129.41710017916472, 36.885608106284742 ] ] ], [ [ [ 129.417627274811053, 36.931597930206735 ], [ 129.41768565783795, 36.931621297462286 ], [ 129.417696578798456, 36.931617322048965 ], [ 129.417627274811053, 36.931597930206735 ] ] ], [ [ [ 129.417896095018222, 36.931726732812798 ], [ 129.417757698715377, 36.931741204417563 ], [ 129.417871641304998, 36.931791292186411 ], [ 129.417896095018222, 36.931726732812798 ] ] ], [ [ [ 129.418598284397916, 36.932160503000773 ], [ 129.418520937326718, 36.932162638793855 ], [ 129.418598498904799, 36.932177208048465 ], [ 129.418598284397916, 36.932160503000773 ] ] ], [ [ [ 129.418551018581098, 36.932240783156708 ], [ 129.418577268693042, 36.932194692242931 ], [ 129.418537591165233, 36.932207482145877 ], [ 129.418551018581098, 36.932240783156708 ] ] ], [ [ [ 129.418807727861861, 36.932447201986541 ], [ 129.41870129029644, 36.932349206326677 ], [ 129.41870434524418, 36.932419280798975 ], [ 129.418807727861861, 36.932447201986541 ] ] ], [ [ [ 129.418609506975002, 36.932474211515519 ], [ 129.418581346057096, 36.932347194069685 ], [ 129.41850941642042, 36.932375634524213 ], [ 129.418609506975002, 36.932474211515519 ] ] ], [ [ [ 129.418780546109673, 36.932620099096852 ], [ 129.418777168317916, 36.932556585085294 ], [ 129.418734258542429, 36.932569071271246 ], [ 129.418780546109673, 36.932620099096852 ] ] ], [ [ [ 129.4186710642619, 36.932575149727981 ], [ 129.418627607636836, 36.932627261859572 ], [ 129.418718856811353, 36.932655214244718 ], [ 129.4186710642619, 36.932575149727981 ] ] ], [ [ [ 129.419198597000303, 36.932758498726145 ], [ 129.419057875346482, 36.9326745835412 ], [ 129.419194258485987, 36.932761442233989 ], [ 129.419198597000303, 36.932758498726145 ] ] ], [ [ [ 129.418930237846098, 36.932696487004016 ], [ 129.418866838333173, 36.932728411284955 ], [ 129.418942201709257, 36.932774119187243 ], [ 129.418930237846098, 36.932696487004016 ] ] ], [ [ [ 129.419260155142695, 36.932707596278036 ], [ 129.419225304647966, 36.93276360468149 ], [ 129.419267374791502, 36.932765716910986 ], [ 129.419260155142695, 36.932707596278036 ] ] ], [ [ [ 129.419011087771253, 36.932704355663084 ], [ 129.419005763394466, 36.932765136028799 ], [ 129.419056775394466, 36.932783022774522 ], [ 129.419011087771253, 36.932704355663084 ] ] ], [ [ [ 129.419534510029365, 36.932747500295569 ], [ 129.419503488590465, 36.93280352258499 ], [ 129.419555785847734, 36.932762986966452 ], [ 129.419534510029365, 36.932747500295569 ] ] ], [ [ [ 129.419206434988581, 36.933812634090266 ], [ 129.419256344905875, 36.933878940768544 ], [ 129.41933891384312, 36.933821636426494 ], [ 129.419206434988581, 36.933812634090266 ] ] ], [ [ [ 129.419681670137436, 36.934517749697186 ], [ 129.419639744884165, 36.934564771160431 ], [ 129.419700978258305, 36.934558697736442 ], [ 129.419681670137436, 36.934517749697186 ] ] ], [ [ [ 129.420642005637745, 36.942537585048029 ], [ 129.420568396833062, 36.94254385562234 ], [ 129.4206672864604, 36.942615233100803 ], [ 129.420642005637745, 36.942537585048029 ] ] ], [ [ [ 129.420560434492842, 36.942588442439607 ], [ 129.420551297456257, 36.942643577360911 ], [ 129.420592190584244, 36.942614425426591 ], [ 129.420560434492842, 36.942588442439607 ] ] ], [ [ [ 129.420622316800291, 36.94278729059279 ], [ 129.420584435444198, 36.942876201131085 ], [ 129.420587851223587, 36.942897040037728 ], [ 129.420622316800291, 36.94278729059279 ] ] ], [ [ [ 129.420658452766418, 36.943336418445703 ], [ 129.420723197152967, 36.943336901425099 ], [ 129.420661941300949, 36.943296920693577 ], [ 129.420658452766418, 36.943336418445703 ] ] ], [ [ [ 129.420711317753103, 36.943832846404177 ], [ 129.420773938080259, 36.943612524815222 ], [ 129.420648697550121, 36.943840952789927 ], [ 129.420711317753103, 36.943832846404177 ] ] ], [ [ [ 129.420500731881361, 36.943768435012664 ], [ 129.420506296157612, 36.94381661374188 ], [ 129.420533332949333, 36.943786728782563 ], [ 129.420500731881361, 36.943768435012664 ] ] ], [ [ [ 129.418116308523508, 36.991713115590443 ], [ 129.418136391469005, 36.991776706005993 ], [ 129.418150793194087, 36.991696621317537 ], [ 129.418116308523508, 36.991713115590443 ] ] ], [ [ [ 129.417972713012347, 36.991766280952319 ], [ 129.418000149105751, 36.991830781831112 ], [ 129.418017146213543, 36.991748985993517 ], [ 129.417972713012347, 36.991766280952319 ] ] ], [ [ [ 129.419670149285992, 36.993060554703042 ], [ 129.419556325508324, 36.992975506803148 ], [ 129.419535609150358, 36.993263366652897 ], [ 129.419670149285992, 36.993060554703042 ] ] ], [ [ [ 129.419188499996437, 36.993161825193837 ], [ 129.419034828445234, 36.993212944824236 ], [ 129.419122845078732, 36.993373557663226 ], [ 129.419188499996437, 36.993161825193837 ] ] ], [ [ [ 129.41853763191844, 36.993866050912629 ], [ 129.418491472311644, 36.994033705958543 ], [ 129.418537825036225, 36.994056979865817 ], [ 129.41853763191844, 36.993866050912629 ] ] ], [ [ [ 129.418338830286359, 36.994027414874502 ], [ 129.41841437399566, 36.994092862975492 ], [ 129.418398881532994, 36.99400844321444 ], [ 129.418338830286359, 36.994027414874502 ] ] ], [ [ [ 129.418669549664628, 36.994052813103721 ], [ 129.418746191967472, 36.994158922643074 ], [ 129.418695005576012, 36.994032646734333 ], [ 129.418669549664628, 36.994052813103721 ] ] ], [ [ [ 129.418215657341847, 36.999408931590452 ], [ 129.418184717062388, 36.99953146092863 ], [ 129.418218450124755, 36.999527043597837 ], [ 129.418215657341847, 36.999408931590452 ] ] ], [ [ [ 129.423609973648695, 37.066308214151341 ], [ 129.423528271920901, 37.06635233290573 ], [ 129.423583105647083, 37.066402200591341 ], [ 129.423609973648695, 37.066308214151341 ] ] ], [ [ [ 129.422973721056707, 37.066471820506329 ], [ 129.42292796918295, 37.066251665511061 ], [ 129.422884884740483, 37.066462802541899 ], [ 129.422973721056707, 37.066471820506329 ] ] ], [ [ [ 129.422961796497816, 37.066780621935926 ], [ 129.423103897214389, 37.06669514429678 ], [ 129.422933723307011, 37.066645742683654 ], [ 129.422961796497816, 37.066780621935926 ] ] ], [ [ [ 129.422257527035526, 37.066783112832262 ], [ 129.422253885740957, 37.066726817625401 ], [ 129.422201811824863, 37.066728689263222 ], [ 129.422257527035526, 37.066783112832262 ] ] ], [ [ [ 129.421802114855609, 37.06729951247366 ], [ 129.421783617657184, 37.067343892693273 ], [ 129.421805895608856, 37.067344678071819 ], [ 129.421802114855609, 37.06729951247366 ] ] ], [ [ [ 129.421676404023117, 37.06746203405342 ], [ 129.421649711711069, 37.067549720793991 ], [ 129.421679847955573, 37.067570419989821 ], [ 129.421676404023117, 37.06746203405342 ] ] ], [ [ [ 129.421690723698788, 37.067621480426581 ], [ 129.421720530835728, 37.067673969936862 ], [ 129.42173116251405, 37.067630239953111 ], [ 129.421690723698788, 37.067621480426581 ] ] ], [ [ [ 129.422051081095788, 37.067787651471264 ], [ 129.42215178199416, 37.067859829577174 ], [ 129.42211521822378, 37.067754985457789 ], [ 129.422051081095788, 37.067787651471264 ] ] ], [ [ [ 129.42142218306725, 37.068295837068163 ], [ 129.421365729203075, 37.068355597256023 ], [ 129.421440056452099, 37.068315237082089 ], [ 129.42142218306725, 37.068295837068163 ] ] ], [ [ [ 129.420673112993342, 37.068750289547197 ], [ 129.420604280482792, 37.068645470128672 ], [ 129.420452176492518, 37.06875332550986 ], [ 129.420673112993342, 37.068750289547197 ] ] ], [ [ [ 129.420796448112782, 37.068822287828326 ], [ 129.420838659145289, 37.068891466846139 ], [ 129.420841731302659, 37.068826706060797 ], [ 129.420796448112782, 37.068822287828326 ] ] ], [ [ [ 129.420406022658881, 37.0689070314247 ], [ 129.420336247142927, 37.068957377474057 ], [ 129.420416590467056, 37.068927267341586 ], [ 129.420406022658881, 37.0689070314247 ] ] ], [ [ [ 129.420397901561358, 37.068963646973437 ], [ 129.420472858377707, 37.069057632917904 ], [ 129.420459893363727, 37.068969914581338 ], [ 129.420397901561358, 37.068963646973437 ] ] ], [ [ [ 129.420498098473104, 37.068985340607632 ], [ 129.420671422899574, 37.06909554811007 ], [ 129.42060926114624, 37.068991496706467 ], [ 129.420498098473104, 37.068985340607632 ] ] ], [ [ [ 129.420301873685361, 37.069045444281876 ], [ 129.42032838142876, 37.069141853490578 ], [ 129.420352829739585, 37.0690485072152 ], [ 129.420301873685361, 37.069045444281876 ] ] ], [ [ [ 129.42093396153652, 37.069160600991673 ], [ 129.420932877370376, 37.069225158323611 ], [ 129.420974119067353, 37.069220416343654 ], [ 129.42093396153652, 37.069160600991673 ] ] ], [ [ [ 129.420092681652903, 37.069200690790808 ], [ 129.420145560804144, 37.069259134153121 ], [ 129.420155277073121, 37.06920234317505 ], [ 129.420092681652903, 37.069200690790808 ] ] ], [ [ [ 129.423900161733343, 36.858583647199602 ], [ 129.423942182121351, 36.858632904495209 ], [ 129.423965867539238, 36.858631234798608 ], [ 129.423900161733343, 36.858583647199602 ] ] ], [ [ [ 129.423962750039465, 36.858710523984477 ], [ 129.423949003742081, 36.858749463694963 ], [ 129.423981760791008, 36.858751897736035 ], [ 129.423962750039465, 36.858710523984477 ] ] ], [ [ [ 129.423780496552354, 36.859052140732459 ], [ 129.423841606475776, 36.858941565144121 ], [ 129.423714930272041, 36.859033838292277 ], [ 129.423780496552354, 36.859052140732459 ] ] ], [ [ [ 129.423871334532237, 36.859175239708598 ], [ 129.423816624939548, 36.859217385270135 ], [ 129.423892418335811, 36.85919362777544 ], [ 129.423871334532237, 36.859175239708598 ] ] ], [ [ [ 129.424084631221632, 36.860606157341707 ], [ 129.424042866670675, 36.860560531008502 ], [ 129.423994007387336, 36.860635795578041 ], [ 129.424084631221632, 36.860606157341707 ] ] ], [ [ [ 129.423651280900572, 36.860647028431217 ], [ 129.42362307106464, 36.860710744313415 ], [ 129.423718484795188, 36.860693546346681 ], [ 129.423651280900572, 36.860647028431217 ] ] ], [ [ [ 129.423652175989162, 36.86075215657754 ], [ 129.423584772387755, 36.860805758733058 ], [ 129.423678435806892, 36.860778068019577 ], [ 129.423652175989162, 36.86075215657754 ] ] ], [ [ [ 129.423794819659008, 36.861059289359602 ], [ 129.423746172147304, 36.86110150889548 ], [ 129.423837089808529, 36.861096534322435 ], [ 129.423794819659008, 36.861059289359602 ] ] ], [ [ [ 129.421263396389975, 36.865260919668621 ], [ 129.421287649111292, 36.865282621553959 ], [ 129.421268274255283, 36.865258611827009 ], [ 129.421263396389975, 36.865260919668621 ] ] ], [ [ [ 129.421156393142468, 36.865417314642734 ], [ 129.421133422966363, 36.865447808176647 ], [ 129.421173889495861, 36.865421947535509 ], [ 129.421156393142468, 36.865417314642734 ] ] ], [ [ [ 129.421218389353641, 36.865460652628983 ], [ 129.421186312692868, 36.865496872596026 ], [ 129.421239845409332, 36.865471463125729 ], [ 129.421218389353641, 36.865460652628983 ] ] ], [ [ [ 129.421193064843266, 36.86555013959665 ], [ 129.421150689821786, 36.865608548031901 ], [ 129.421197471943515, 36.86561744562291 ], [ 129.421193064843266, 36.86555013959665 ] ] ], [ [ [ 129.421762103084717, 36.86589206066779 ], [ 129.421759812359795, 36.865958859396216 ], [ 129.421790869434432, 36.865953226742306 ], [ 129.421762103084717, 36.86589206066779 ] ] ], [ [ [ 129.421185889443478, 36.865977565194704 ], [ 129.420999578824677, 36.865953344262643 ], [ 129.421119873788172, 36.866086831609415 ], [ 129.421185889443478, 36.865977565194704 ] ] ], [ [ [ 129.421492612681703, 36.866095873287897 ], [ 129.421518422200052, 36.866035696561028 ], [ 129.421468026169521, 36.866058799427542 ], [ 129.421492612681703, 36.866095873287897 ] ] ], [ [ [ 129.421334996880319, 36.86611368786518 ], [ 129.421343836993429, 36.866169425854167 ], [ 129.421389192326131, 36.866167922670492 ], [ 129.421334996880319, 36.86611368786518 ] ] ], [ [ [ 129.421053911772276, 36.866177643492719 ], [ 129.420993415194232, 36.86625010622847 ], [ 129.421090258360238, 36.866271499735468 ], [ 129.421053911772276, 36.866177643492719 ] ] ], [ [ [ 129.421033673596781, 36.86630092970654 ], [ 129.420998737786533, 36.86633936983629 ], [ 129.421072145776691, 36.866349048347352 ], [ 129.421033673596781, 36.86630092970654 ] ] ], [ [ [ 129.422042811734229, 36.866920505632386 ], [ 129.421962182395077, 36.866849991888785 ], [ 129.42195099198679, 36.866913487026132 ], [ 129.422042811734229, 36.866920505632386 ] ] ], [ [ [ 129.421539932477515, 36.871963756213972 ], [ 129.421546949259721, 36.872158727869028 ], [ 129.4216576898055, 36.872227448723052 ], [ 129.421539932477515, 36.871963756213972 ] ] ], [ [ [ 129.421472161661285, 36.876633197777515 ], [ 129.421402521050595, 36.876798524546508 ], [ 129.421590700142758, 36.876711351828604 ], [ 129.421472161661285, 36.876633197777515 ] ] ], [ [ [ 129.420870560074377, 36.897281707270743 ], [ 129.420926271363868, 36.897436407661075 ], [ 129.420936520985606, 36.897259576764895 ], [ 129.420870560074377, 36.897281707270743 ] ] ], [ [ [ 129.421020101665931, 36.937531738127873 ], [ 129.420940279037154, 36.937482803201483 ], [ 129.420968752087305, 36.937573531711656 ], [ 129.421020101665931, 36.937531738127873 ] ] ], [ [ [ 129.421140516271095, 36.938025492472399 ], [ 129.421287878547048, 36.937904783871559 ], [ 129.421105195568686, 36.937967390489355 ], [ 129.421140516271095, 36.938025492472399 ] ] ], [ [ [ 129.421070645128481, 36.938339083921008 ], [ 129.421375753884064, 36.938309113709089 ], [ 129.421057584009219, 36.938001107372976 ], [ 129.421070645128481, 36.938339083921008 ] ] ], [ [ [ 129.421088384590718, 36.938449755401152 ], [ 129.42110386304546, 36.938523147410677 ], [ 129.421122004205756, 36.938520948499715 ], [ 129.421088384590718, 36.938449755401152 ] ] ], [ [ [ 129.420797412221447, 36.94185263324075 ], [ 129.420855889464946, 36.941765372287087 ], [ 129.420750291982358, 36.941784382278264 ], [ 129.420797412221447, 36.94185263324075 ] ] ], [ [ [ 129.420674031657711, 36.943278460955383 ], [ 129.420785105644001, 36.943216135590831 ], [ 129.420769609062432, 36.943127299048491 ], [ 129.420674031657711, 36.943278460955383 ] ] ], [ [ [ 129.428018281077641, 37.055580451747737 ], [ 129.428179297774506, 37.055398314194015 ], [ 129.42785659069969, 37.055316174926809 ], [ 129.428018281077641, 37.055580451747737 ] ] ], [ [ [ 129.428892887196696, 37.05963346218283 ], [ 129.429083873167343, 37.059399440624318 ], [ 129.428733761543526, 37.059521314028892 ], [ 129.428892887196696, 37.05963346218283 ] ] ], [ [ [ 129.428528489725949, 37.059949972631486 ], [ 129.428384854286492, 37.059725359330415 ], [ 129.428188787506599, 37.059750270514535 ], [ 129.428528489725949, 37.059949972631486 ] ] ], [ [ [ 129.428384630591495, 37.060371784625048 ], [ 129.428332500662776, 37.060454772563382 ], [ 129.428417695277119, 37.060413313868601 ], [ 129.428384630591495, 37.060371784625048 ] ] ], [ [ [ 129.427710273988254, 37.060550629200009 ], [ 129.428025735655979, 37.0603601515107 ], [ 129.427647821298507, 37.060377309140264 ], [ 129.427710273988254, 37.060550629200009 ] ] ], [ [ [ 129.428178175432549, 37.060474621078704 ], [ 129.4281350737445, 37.060549528952514 ], [ 129.428202112764808, 37.060504603618391 ], [ 129.428178175432549, 37.060474621078704 ] ] ], [ [ [ 129.4279176666316, 37.061431205928159 ], [ 129.427953365563184, 37.061365316053305 ], [ 129.427906310511133, 37.061365378072935 ], [ 129.4279176666316, 37.061431205928159 ] ] ], [ [ [ 129.428023937844728, 37.061674948790788 ], [ 129.427906761833981, 37.061921938812368 ], [ 129.428070445918792, 37.061910309654841 ], [ 129.428023937844728, 37.061674948790788 ] ] ], [ [ [ 129.428295710160029, 37.061980311222506 ], [ 129.428204566001966, 37.062015701743896 ], [ 129.428282362722513, 37.062049949430509 ], [ 129.428295710160029, 37.061980311222506 ] ] ], [ [ [ 129.427871763224573, 37.062182644311356 ], [ 129.427857226609717, 37.062111044014323 ], [ 129.42776230414529, 37.062158286336157 ], [ 129.427871763224573, 37.062182644311356 ] ] ], [ [ [ 129.428688730189293, 37.062134605580553 ], [ 129.428605447768007, 37.062170371461939 ], [ 129.428665287703211, 37.062194448735966 ], [ 129.428688730189293, 37.062134605580553 ] ] ], [ [ [ 129.428192191595855, 37.06238070474059 ], [ 129.428071088756695, 37.062368653366789 ], [ 129.428068290985948, 37.062607130399456 ], [ 129.428192191595855, 37.06238070474059 ] ] ], [ [ [ 129.427522533692809, 37.062640689296551 ], [ 129.427450843212426, 37.062710590779105 ], [ 129.427540738755312, 37.062669277999532 ], [ 129.427522533692809, 37.062640689296551 ] ] ], [ [ [ 129.427673188602029, 37.062993643418544 ], [ 129.427605258046043, 37.063080489458976 ], [ 129.427657128244249, 37.063129058724918 ], [ 129.427673188602029, 37.062993643418544 ] ] ], [ [ [ 129.427213884011053, 37.06427474000656 ], [ 129.426999802499637, 37.064371429053551 ], [ 129.427065884232746, 37.064401673266055 ], [ 129.427213884011053, 37.06427474000656 ] ] ], [ [ [ 129.427639723915831, 37.064214915990462 ], [ 129.427549391382627, 37.064407168188637 ], [ 129.427652274218588, 37.064427611652327 ], [ 129.427639723915831, 37.064214915990462 ] ] ], [ [ [ 129.426335407575152, 37.064965252237641 ], [ 129.426242732022956, 37.064996833871149 ], [ 129.426262045781414, 37.065036167984289 ], [ 129.426335407575152, 37.064965252237641 ] ] ], [ [ [ 129.426360144763123, 37.064987076245579 ], [ 129.426356979495495, 37.065066643294514 ], [ 129.4264021632207, 37.065029239269926 ], [ 129.426360144763123, 37.064987076245579 ] ] ], [ [ [ 129.426672278296024, 37.06507779984382 ], [ 129.426552783876872, 37.065046710778425 ], [ 129.426667982213445, 37.065121904992303 ], [ 129.426672278296024, 37.06507779984382 ] ] ], [ [ [ 129.425250491778513, 37.065753269888177 ], [ 129.425239414098201, 37.065827314276234 ], [ 129.425284139774249, 37.065792661641467 ], [ 129.425250491778513, 37.065753269888177 ] ] ], [ [ [ 129.425350362962121, 37.0657856847251 ], [ 129.425431694732936, 37.065852792036253 ], [ 129.425393210603119, 37.065766878424796 ], [ 129.425350362962121, 37.0657856847251 ] ] ], [ [ [ 129.425652685829675, 37.065798269585194 ], [ 129.425637192360256, 37.065860903249899 ], [ 129.42565188644727, 37.065858544784263 ], [ 129.425652685829675, 37.065798269585194 ] ] ], [ [ [ 129.42420251385073, 37.066160033668588 ], [ 129.424134773727957, 37.066262068662084 ], [ 129.424174409270307, 37.066310450404679 ], [ 129.42420251385073, 37.066160033668588 ] ] ], [ [ [ 129.425418605510544, 36.856022702014222 ], [ 129.425369637391412, 36.856069418672135 ], [ 129.425456177137988, 36.856052204530883 ], [ 129.425418605510544, 36.856022702014222 ] ] ], [ [ [ 129.425155848806071, 36.856612806206272 ], [ 129.425071776102584, 36.856621712351775 ], [ 129.425117946794103, 36.856656960380583 ], [ 129.425155848806071, 36.856612806206272 ] ] ], [ [ [ 129.425196096763301, 36.856627286389042 ], [ 129.425232369184528, 36.856653010052618 ], [ 129.425213930614234, 36.856620140194551 ], [ 129.425196096763301, 36.856627286389042 ] ] ], [ [ [ 129.425154082807694, 36.856672330102299 ], [ 129.425210027314364, 36.856704984372676 ], [ 129.425159177119042, 36.856664906307984 ], [ 129.425154082807694, 36.856672330102299 ] ] ], [ [ [ 129.425090070523083, 36.856725823160758 ], [ 129.425065924424388, 36.856796194701445 ], [ 129.425106579532752, 36.85680338474377 ], [ 129.425090070523083, 36.856725823160758 ] ] ], [ [ [ 129.425109945539901, 36.856844291633728 ], [ 129.42501638710408, 36.856843319723922 ], [ 129.425007139313578, 36.856854003278904 ], [ 129.425109945539901, 36.856844291633728 ] ] ], [ [ [ 129.425027889172497, 36.856887351279454 ], [ 129.425083269205459, 36.856921196383603 ], [ 129.425098953674308, 36.856906432814824 ], [ 129.425027889172497, 36.856887351279454 ] ] ], [ [ [ 129.424953956096857, 36.856945457513874 ], [ 129.424949681722865, 36.856997816883563 ], [ 129.424960220388783, 36.856942910748607 ], [ 129.424953956096857, 36.856945457513874 ] ] ], [ [ [ 129.424528887199074, 36.857835113586397 ], [ 129.424526005957858, 36.857871926026135 ], [ 129.424545964033086, 36.857871467573503 ], [ 129.424528887199074, 36.857835113586397 ] ] ], [ [ [ 129.424565540796749, 36.857897483477544 ], [ 129.424609989179487, 36.8579375591192 ], [ 129.424640339337174, 36.857938938666109 ], [ 129.424565540796749, 36.857897483477544 ] ] ], [ [ [ 129.42424771482996, 36.858169245136402 ], [ 129.424263105555355, 36.858204918931733 ], [ 129.424276929901083, 36.858169816645933 ], [ 129.42424771482996, 36.858169245136402 ] ] ], [ [ [ 129.425081454581743, 36.858233578425548 ], [ 129.4251157319122, 36.858204700885587 ], [ 129.425091361212253, 36.858179945278096 ], [ 129.425081454581743, 36.858233578425548 ] ] ], [ [ [ 129.424272785767101, 36.858237854155526 ], [ 129.424279803720964, 36.858280290951875 ], [ 129.424300761195354, 36.858274059618985 ], [ 129.424272785767101, 36.858237854155526 ] ] ], [ [ [ 129.424134968479933, 36.858387452798709 ], [ 129.424025745014177, 36.858450332793353 ], [ 129.424162962799642, 36.85850008817998 ], [ 129.424134968479933, 36.858387452798709 ] ] ], [ [ [ 129.425129296119138, 36.858473423461533 ], [ 129.425148629489911, 36.858457359648568 ], [ 129.42512880856188, 36.858449878953621 ], [ 129.425129296119138, 36.858473423461533 ] ] ], [ [ [ 129.424084098488152, 36.858530888013362 ], [ 129.424114464213687, 36.858563293601627 ], [ 129.42413334575474, 36.858556575851473 ], [ 129.424084098488152, 36.858530888013362 ] ] ], [ [ [ 129.424012362411162, 36.858954732956363 ], [ 129.423985394809193, 36.858997369457434 ], [ 129.424046546815219, 36.858971858826735 ], [ 129.424012362411162, 36.858954732956363 ] ] ], [ [ [ 129.424209592127511, 36.859099411622829 ], [ 129.424181833705035, 36.859130996361877 ], [ 129.42424152494516, 36.859130961678325 ], [ 129.424209592127511, 36.859099411622829 ] ] ], [ [ [ 129.424222730955535, 36.860090473871828 ], [ 129.424251731935328, 36.860107345620342 ], [ 129.424231447568417, 36.860080953570446 ], [ 129.424222730955535, 36.860090473871828 ] ] ], [ [ [ 129.424055302032343, 36.860213294230753 ], [ 129.424026041595965, 36.860275531027 ], [ 129.424062840064749, 36.860276822517001 ], [ 129.424055302032343, 36.860213294230753 ] ] ], [ [ [ 129.429699177882583, 37.05591661784652 ], [ 129.429733659097479, 37.055980468576706 ], [ 129.429745994860099, 37.055922828425942 ], [ 129.429699177882583, 37.05591661784652 ] ] ], [ [ [ 129.429789181088609, 37.055983521758698 ], [ 129.42981745751527, 37.056017379253241 ], [ 129.429813702686062, 37.055979782524119 ], [ 129.429789181088609, 37.055983521758698 ] ] ], [ [ [ 129.430165670809174, 37.055972713234823 ], [ 129.430211702841063, 37.056037414106299 ], [ 129.430215301347914, 37.055969776575715 ], [ 129.430165670809174, 37.055972713234823 ] ] ], [ [ [ 129.429554374661024, 37.055968828160573 ], [ 129.429537051116483, 37.056060953613589 ], [ 129.429570808324513, 37.0560718958384 ], [ 129.429554374661024, 37.055968828160573 ] ] ], [ [ [ 129.429821353671429, 37.056012436248807 ], [ 129.429843905902544, 37.056022401673552 ], [ 129.429841664824977, 37.056005939070488 ], [ 129.429821353671429, 37.056012436248807 ] ] ], [ [ [ 129.42904099345742, 37.056001295275706 ], [ 129.429057271708643, 37.056070987065013 ], [ 129.429089662772498, 37.056027097138177 ], [ 129.42904099345742, 37.056001295275706 ] ] ], [ [ [ 129.429862895635921, 37.056010619181379 ], [ 129.4298870683605, 37.056110559560338 ], [ 129.429874061494246, 37.056009074716783 ], [ 129.429862895635921, 37.056010619181379 ] ] ], [ [ [ 129.429449936512469, 37.056073458720839 ], [ 129.429499509497504, 37.056094084904501 ], [ 129.42945466185526, 37.056056232031075 ], [ 129.429449936512469, 37.056073458720839 ] ] ], [ [ [ 129.430173923203228, 37.056058654214667 ], [ 129.430115837333972, 37.056147124196272 ], [ 129.430125595100719, 37.056152674171464 ], [ 129.430173923203228, 37.056058654214667 ] ] ], [ [ [ 129.429335601744839, 37.056161826835798 ], [ 129.429327138806372, 37.056208108931877 ], [ 129.42935249312572, 37.056200835792694 ], [ 129.429335601744839, 37.056161826835798 ] ] ], [ [ [ 129.430225002407866, 37.056130905080373 ], [ 129.430210397567663, 37.056254225187459 ], [ 129.430233977211174, 37.05612952062328 ], [ 129.430225002407866, 37.056130905080373 ] ] ], [ [ [ 129.429652074604803, 37.056204175810727 ], [ 129.429736468392377, 37.056277009609097 ], [ 129.429733867371112, 37.056212600459631 ], [ 129.429652074604803, 37.056204175810727 ] ] ], [ [ [ 129.430050353151358, 37.056239287285273 ], [ 129.429995052275672, 37.056319358697607 ], [ 129.430021542393831, 37.056341735697721 ], [ 129.430050353151358, 37.056239287285273 ] ] ], [ [ [ 129.430149635738417, 37.056368636495677 ], [ 129.430088784251325, 37.056393502158166 ], [ 129.430109041624405, 37.056424912393723 ], [ 129.430149635738417, 37.056368636495677 ] ] ], [ [ [ 129.430005991723618, 37.056369328609257 ], [ 129.429975391798877, 37.056425486872833 ], [ 129.430003992849606, 37.056435573737815 ], [ 129.430005991723618, 37.056369328609257 ] ] ], [ [ [ 129.429988977539011, 37.056633520354801 ], [ 129.430012157813508, 37.05669889062613 ], [ 129.430036842182204, 37.056608449708094 ], [ 129.429988977539011, 37.056633520354801 ] ] ], [ [ [ 129.430268610524053, 37.056729677743895 ], [ 129.430294235884332, 37.056772061236472 ], [ 129.430300929689849, 37.056720955317004 ], [ 129.430268610524053, 37.056729677743895 ] ] ], [ [ [ 129.430039802631484, 37.056862171403218 ], [ 129.429931755586693, 37.05685340814977 ], [ 129.429947314203588, 37.056892880335575 ], [ 129.430039802631484, 37.056862171403218 ] ] ], [ [ [ 129.430399790974661, 37.05701415540176 ], [ 129.430439938260804, 37.057046033133744 ], [ 129.430421954873367, 37.057003280125393 ], [ 129.430399790974661, 37.05701415540176 ] ] ], [ [ [ 129.43029073184556, 37.057111199119092 ], [ 129.430394728610537, 37.057109578380775 ], [ 129.430396170561636, 37.057085892362942 ], [ 129.43029073184556, 37.057111199119092 ] ] ], [ [ [ 129.430097137266699, 37.057185986745829 ], [ 129.430080618945368, 37.057277297000432 ], [ 129.430168977050613, 37.057225588365441 ], [ 129.430097137266699, 37.057185986745829 ] ] ], [ [ [ 129.43028070978707, 37.057707634223938 ], [ 129.430296519625472, 37.057791618923353 ], [ 129.430357050559564, 37.057707824625552 ], [ 129.43028070978707, 37.057707634223938 ] ] ], [ [ [ 129.430271261391113, 37.057949855458048 ], [ 129.430538435013801, 37.057817953510821 ], [ 129.430458826248184, 37.057748634989693 ], [ 129.430271261391113, 37.057949855458048 ] ] ], [ [ [ 129.430198081606164, 37.057960007263013 ], [ 129.430288118984691, 37.058018203695205 ], [ 129.430215553251401, 37.057945904257899 ], [ 129.430198081606164, 37.057960007263013 ] ] ], [ [ [ 129.430351804995723, 37.058590600153977 ], [ 129.43044787816396, 37.058634701120589 ], [ 129.43035926758094, 37.058584203876478 ], [ 129.430351804995723, 37.058590600153977 ] ] ], [ [ [ 129.429866929061149, 37.058736458343063 ], [ 129.429897060846258, 37.058792367271074 ], [ 129.42991244110911, 37.058744447589987 ], [ 129.429866929061149, 37.058736458343063 ] ] ], [ [ [ 129.430038473761414, 37.058782177670622 ], [ 129.42995768377483, 37.058844508262432 ], [ 129.429993612090129, 37.058871402143083 ], [ 129.430038473761414, 37.058782177670622 ] ] ], [ [ [ 129.429821847258381, 37.058872573390126 ], [ 129.429807587069746, 37.058919607788212 ], [ 129.429844840407753, 37.058920679743508 ], [ 129.429821847258381, 37.058872573390126 ] ] ], [ [ [ 129.429919021058566, 37.059040090720082 ], [ 129.429877270616061, 37.059106802496416 ], [ 129.430030295822775, 37.059116196477603 ], [ 129.429919021058566, 37.059040090720082 ] ] ], [ [ [ 129.429566860474807, 37.059226481994529 ], [ 129.429462339593869, 37.059145997386018 ], [ 129.429423509085495, 37.059190282396813 ], [ 129.429566860474807, 37.059226481994529 ] ] ], [ [ [ 129.429224758436789, 37.059600491152096 ], [ 129.429238315052686, 37.059557983746181 ], [ 129.42914940752658, 37.059564774806994 ], [ 129.429224758436789, 37.059600491152096 ] ] ], [ [ [ 129.423341167365351, 36.643617370379616 ], [ 129.423451241823557, 36.643600291182111 ], [ 129.423357755884297, 36.64355912493324 ], [ 129.423341167365351, 36.643617370379616 ] ] ], [ [ [ 129.423601746666293, 36.644143639972143 ], [ 129.423734953437048, 36.644237460249371 ], [ 129.423649897770815, 36.644104918039027 ], [ 129.423601746666293, 36.644143639972143 ] ] ], [ [ [ 129.423710533940493, 36.644460748577444 ], [ 129.423722917881804, 36.644555647211959 ], [ 129.423779851018395, 36.644507045175153 ], [ 129.423710533940493, 36.644460748577444 ] ] ], [ [ [ 129.42778791571709, 36.648277135293114 ], [ 129.427775053562556, 36.648458489321882 ], [ 129.427882525534386, 36.648438818857365 ], [ 129.42778791571709, 36.648277135293114 ] ] ], [ [ [ 129.428917851033304, 36.649385066201368 ], [ 129.428994528848875, 36.649560058357402 ], [ 129.42907876456664, 36.649544616480185 ], [ 129.428917851033304, 36.649385066201368 ] ] ], [ [ [ 129.429683759807773, 36.652140874418897 ], [ 129.429618934913236, 36.652254893553014 ], [ 129.429734442877958, 36.65221355523758 ], [ 129.429683759807773, 36.652140874418897 ] ] ], [ [ [ 129.429805807190178, 36.652366796801289 ], [ 129.429769691962917, 36.652469018069482 ], [ 129.429844539555347, 36.652393167124401 ], [ 129.429805807190178, 36.652366796801289 ] ] ], [ [ [ 129.430568663372696, 36.653836421613541 ], [ 129.430581410628633, 36.653791499094723 ], [ 129.430515548968117, 36.653781401951626 ], [ 129.430568663372696, 36.653836421613541 ] ] ], [ [ [ 129.430330417236206, 36.654007811327283 ], [ 129.430536058435052, 36.654074166828337 ], [ 129.430336017389152, 36.653977264014216 ], [ 129.430330417236206, 36.654007811327283 ] ] ], [ [ [ 129.431016434822766, 36.656894166924815 ], [ 129.431018306571218, 36.656983596139639 ], [ 129.431092801815737, 36.656894465182759 ], [ 129.431016434822766, 36.656894166924815 ] ] ], [ [ [ 129.431498443694323, 36.657553442657992 ], [ 129.431541463637956, 36.657638173508992 ], [ 129.431597542076133, 36.657571807974392 ], [ 129.431498443694323, 36.657553442657992 ] ] ], [ [ [ 129.431959240625389, 36.66000731656699 ], [ 129.431933612911166, 36.660139008980977 ], [ 129.432028566498929, 36.660013903557996 ], [ 129.431959240625389, 36.66000731656699 ] ] ], [ [ [ 129.432216697763209, 36.660530548782738 ], [ 129.432500787805111, 36.660301397418159 ], [ 129.432080477822979, 36.660528853833505 ], [ 129.432216697763209, 36.660530548782738 ] ] ], [ [ [ 129.432628795843613, 36.660988789893437 ], [ 129.432720337820854, 36.660995683747828 ], [ 129.43267645709102, 36.660969269143507 ], [ 129.432628795843613, 36.660988789893437 ] ] ], [ [ [ 129.433510409993943, 36.662122842942694 ], [ 129.433610195177039, 36.662147611111308 ], [ 129.433580237597141, 36.662100663417739 ], [ 129.433510409993943, 36.662122842942694 ] ] ], [ [ [ 129.457049008691115, 36.813225437509672 ], [ 129.457033038807566, 36.813329395693223 ], [ 129.4570724517028, 36.813323207309857 ], [ 129.457049008691115, 36.813225437509672 ] ] ], [ [ [ 129.454804244817723, 36.816636248022846 ], [ 129.454913283177461, 36.816672143629923 ], [ 129.454825057302543, 36.816554617363629 ], [ 129.454804244817723, 36.816636248022846 ] ] ], [ [ [ 129.454487874625556, 36.816733875367127 ], [ 129.454363295539451, 36.816571432423011 ], [ 129.454374988079195, 36.816748543694544 ], [ 129.454487874625556, 36.816733875367127 ] ] ], [ [ [ 129.451719088135746, 36.821069353377652 ], [ 129.451693564203566, 36.820902836892166 ], [ 129.451600007740439, 36.821003754507053 ], [ 129.451719088135746, 36.821069353377652 ] ] ], [ [ [ 129.451254127403757, 36.82318050633252 ], [ 129.451322230598464, 36.823287481098475 ], [ 129.451380468760362, 36.823203277174322 ], [ 129.451254127403757, 36.82318050633252 ] ] ], [ [ [ 129.450192368328061, 36.823681578679675 ], [ 129.450349984691968, 36.823513287305857 ], [ 129.450285427164459, 36.823495149327925 ], [ 129.450192368328061, 36.823681578679675 ] ] ], [ [ [ 129.446745540183201, 36.828737771692914 ], [ 129.446830037266835, 36.828888208050103 ], [ 129.446852026448283, 36.828737370484575 ], [ 129.446745540183201, 36.828737771692914 ] ] ], [ [ [ 129.446368967330898, 36.831526649069147 ], [ 129.446301252811281, 36.831679369158202 ], [ 129.446466392911475, 36.831547909264863 ], [ 129.446368967330898, 36.831526649069147 ] ] ], [ [ [ 129.446443930190839, 36.832335321369456 ], [ 129.446309994616172, 36.832329246035123 ], [ 129.446428179002652, 36.832402576306905 ], [ 129.446443930190839, 36.832335321369456 ] ] ], [ [ [ 129.445319793844277, 36.832572399093728 ], [ 129.445317718035767, 36.832496823053518 ], [ 129.445275578624631, 36.832482824836198 ], [ 129.445319793844277, 36.832572399093728 ] ] ], [ [ [ 129.429009685600164, 36.849168807364869 ], [ 129.429075042735008, 36.84922504069403 ], [ 129.429059350581298, 36.84915203784626 ], [ 129.429009685600164, 36.849168807364869 ] ] ], [ [ [ 129.427574493818867, 36.852994606056761 ], [ 129.427563329402602, 36.853049602793604 ], [ 129.427615901609926, 36.853022903709594 ], [ 129.427574493818867, 36.852994606056761 ] ] ], [ [ [ 129.427485731227904, 36.853006576917139 ], [ 129.427441437362546, 36.853078516866184 ], [ 129.427517293392299, 36.853042534198906 ], [ 129.427485731227904, 36.853006576917139 ] ] ], [ [ [ 129.427553637341418, 36.853153841846193 ], [ 129.427558560342334, 36.853169890224649 ], [ 129.427574713071152, 36.853157207100978 ], [ 129.427553637341418, 36.853153841846193 ] ] ], [ [ [ 129.427583469036108, 36.853353984750569 ], [ 129.427557120281932, 36.85334046422625 ], [ 129.42756609631158, 36.853361589794851 ], [ 129.427583469036108, 36.853353984750569 ] ] ], [ [ [ 129.426929793197303, 36.853537859267362 ], [ 129.427051160527071, 36.853574125130329 ], [ 129.427038692493426, 36.853529792157651 ], [ 129.426929793197303, 36.853537859267362 ] ] ], [ [ [ 129.427366350540609, 36.853675563773002 ], [ 129.427390475300086, 36.853672874102891 ], [ 129.427355135385511, 36.853649149504449 ], [ 129.427366350540609, 36.853675563773002 ] ] ], [ [ [ 129.426773729749982, 36.854051867004515 ], [ 129.426821553365983, 36.853989401532594 ], [ 129.426731014731956, 36.853992331551055 ], [ 129.426773729749982, 36.854051867004515 ] ] ], [ [ [ 129.426976031297443, 36.854075730711962 ], [ 129.426898128499744, 36.854136915619542 ], [ 129.427014802319576, 36.854091196857674 ], [ 129.426976031297443, 36.854075730711962 ] ] ], [ [ [ 129.427051694898722, 36.854153700940927 ], [ 129.426941335152918, 36.8541818073884 ], [ 129.426948069796907, 36.854203273995495 ], [ 129.427051694898722, 36.854153700940927 ] ] ], [ [ [ 129.426210473614333, 36.854463138475722 ], [ 129.426270400248342, 36.854417490361193 ], [ 129.426190623657078, 36.854436500836023 ], [ 129.426210473614333, 36.854463138475722 ] ] ], [ [ [ 129.426344570011793, 36.854466973773896 ], [ 129.426392527590906, 36.854521427448574 ], [ 129.426414944975079, 36.85450361174474 ], [ 129.426344570011793, 36.854466973773896 ] ] ], [ [ [ 129.426080251916488, 36.854682581237377 ], [ 129.426038448839137, 36.854741059631941 ], [ 129.426110682048716, 36.854720264334816 ], [ 129.426080251916488, 36.854682581237377 ] ] ], [ [ [ 129.426085067345326, 36.854818665732154 ], [ 129.42605461724753, 36.854783405703223 ], [ 129.426035480769968, 36.854798244275841 ], [ 129.426085067345326, 36.854818665732154 ] ] ], [ [ [ 129.426140013427187, 36.855053321775735 ], [ 129.426047018768429, 36.855058548007243 ], [ 129.426047269159056, 36.855091671095771 ], [ 129.426140013427187, 36.855053321775735 ] ] ], [ [ [ 129.42604809651246, 36.855183976375358 ], [ 129.426093135476748, 36.855161017055387 ], [ 129.426014875528921, 36.855172562432898 ], [ 129.42604809651246, 36.855183976375358 ] ] ], [ [ [ 129.425986963242195, 36.855355946029526 ], [ 129.425975761221821, 36.855307524771732 ], [ 129.425895409744072, 36.855352290606454 ], [ 129.425986963242195, 36.855355946029526 ] ] ], [ [ [ 129.425564223593881, 36.856181009099068 ], [ 129.425531271413234, 36.856268731451713 ], [ 129.425640738894003, 36.856250786005575 ], [ 129.425564223593881, 36.856181009099068 ] ] ], [ [ [ 129.42586285635744, 36.85630219833584 ], [ 129.425767503837847, 36.856214072232845 ], [ 129.425782804757034, 36.856277976658774 ], [ 129.42586285635744, 36.85630219833584 ] ] ], [ [ [ 129.430752986744238, 37.055950938211289 ], [ 129.430642446951225, 37.056028264426999 ], [ 129.430686847025129, 37.056040538223122 ], [ 129.430752986744238, 37.055950938211289 ] ] ], [ [ [ 129.430710288617405, 37.056458286243107 ], [ 129.430637694156445, 37.056251341533411 ], [ 129.430590576194419, 37.056424417815407 ], [ 129.430710288617405, 37.056458286243107 ] ] ], [ [ [ 129.430711062563773, 37.056740479290674 ], [ 129.430750881180131, 37.056813518911035 ], [ 129.430747994315453, 37.056728550553622 ], [ 129.430711062563773, 37.056740479290674 ] ] ], [ [ [ 129.430654054859218, 37.057057745014539 ], [ 129.430616689046474, 37.057146175323737 ], [ 129.43067314225371, 37.057144493749909 ], [ 129.430654054859218, 37.057057745014539 ] ] ], [ [ [ 129.431147556855194, 37.057566135919281 ], [ 129.431137993758398, 37.057622568372494 ], [ 129.431207674411809, 37.057606068389596 ], [ 129.431147556855194, 37.057566135919281 ] ] ], [ [ [ 129.430588085348035, 37.057800399192161 ], [ 129.430674752514932, 37.057861303603644 ], [ 129.430700037704639, 37.057839307778707 ], [ 129.430588085348035, 37.057800399192161 ] ] ], [ [ [ 129.430728779091481, 37.058056774238665 ], [ 129.430792487021364, 37.058065761155682 ], [ 129.430713112641428, 37.058022302495779 ], [ 129.430728779091481, 37.058056774238665 ] ] ], [ [ [ 129.466396982842753, 36.679325004138917 ], [ 129.466429044374308, 36.679398455452919 ], [ 129.466431023718172, 36.679322284905751 ], [ 129.466396982842753, 36.679325004138917 ] ] ], [ [ [ 129.465300709077155, 36.680888199059659 ], [ 129.465344613602355, 36.680965316456671 ], [ 129.46538526341098, 36.680954470090903 ], [ 129.465300709077155, 36.680888199059659 ] ] ], [ [ [ 129.468436223580596, 36.693242893893668 ], [ 129.468526725782709, 36.693293161709676 ], [ 129.468555320098915, 36.693280973206058 ], [ 129.468436223580596, 36.693242893893668 ] ] ], [ [ [ 129.469094419648258, 36.694538013345024 ], [ 129.469126840887697, 36.694620013175665 ], [ 129.469159620690505, 36.694580326725088 ], [ 129.469094419648258, 36.694538013345024 ] ] ], [ [ [ 129.471585161682185, 36.695793600956897 ], [ 129.471598017506722, 36.695855292601877 ], [ 129.471636497336647, 36.695796387429702 ], [ 129.471585161682185, 36.695793600956897 ] ] ], [ [ [ 129.471929694830436, 36.696015425238002 ], [ 129.471842350482348, 36.695968847426485 ], [ 129.471807949757817, 36.6960162029728 ], [ 129.471929694830436, 36.696015425238002 ] ] ], [ [ [ 129.473131726458377, 36.696748345155626 ], [ 129.473151735424011, 36.696791105352347 ], [ 129.473170854040575, 36.696743964035583 ], [ 129.473131726458377, 36.696748345155626 ] ] ], [ [ [ 129.473200627716011, 36.696778323231108 ], [ 129.473226953621179, 36.696850840810491 ], [ 129.473228507156193, 36.696789900136267 ], [ 129.473200627716011, 36.696778323231108 ] ] ], [ [ [ 129.476416476579857, 36.698001724013849 ], [ 129.476324212004783, 36.698173758873452 ], [ 129.476443908618847, 36.698004317672478 ], [ 129.476416476579857, 36.698001724013849 ] ] ], [ [ [ 129.477153234436571, 36.698579636118112 ], [ 129.477228786350878, 36.69836495767273 ], [ 129.477114153287602, 36.698575108098531 ], [ 129.477153234436571, 36.698579636118112 ] ] ], [ [ [ 129.476082375585463, 36.698607262996248 ], [ 129.476072056144773, 36.698712283844252 ], [ 129.476104033588257, 36.698707651822488 ], [ 129.476082375585463, 36.698607262996248 ] ] ], [ [ [ 129.476285683284829, 36.698876063912373 ], [ 129.476278074948652, 36.698966656260886 ], [ 129.476311077759362, 36.698965083408979 ], [ 129.476285683284829, 36.698876063912373 ] ] ], [ [ [ 129.476643371250844, 36.699191105937231 ], [ 129.476834017218948, 36.699075720615099 ], [ 129.476584328923963, 36.699016525586593 ], [ 129.476643371250844, 36.699191105937231 ] ] ], [ [ [ 129.476437993183765, 36.699040449076115 ], [ 129.476452261945099, 36.69932181231988 ], [ 129.47651511419798, 36.699333635053762 ], [ 129.476437993183765, 36.699040449076115 ] ] ], [ [ [ 129.4770600554574, 36.699672075806582 ], [ 129.476531056228367, 36.699432782932753 ], [ 129.476764932139133, 36.699938999494343 ], [ 129.4770600554574, 36.699672075806582 ] ] ], [ [ [ 129.477300093155776, 36.699617947691273 ], [ 129.477231949050207, 36.699745728967251 ], [ 129.477296670141868, 36.699752318634708 ], [ 129.477300093155776, 36.699617947691273 ] ] ], [ [ [ 129.477124693681844, 36.699828433489202 ], [ 129.477026921875336, 36.699978588530108 ], [ 129.477162742233588, 36.699828457559875 ], [ 129.477124693681844, 36.699828433489202 ] ] ], [ [ [ 129.477247532849702, 36.699859207581476 ], [ 129.477311978885751, 36.699947888987602 ], [ 129.477277739677419, 36.699839712817855 ], [ 129.477247532849702, 36.699859207581476 ] ] ], [ [ [ 129.476130409497955, 36.69999091826125 ], [ 129.476130220320499, 36.700105090679521 ], [ 129.476185572084034, 36.700080178065818 ], [ 129.476130409497955, 36.69999091826125 ] ] ], [ [ [ 129.476314282829804, 36.70002920287547 ], [ 129.476291227683475, 36.700209609166329 ], [ 129.476344347015214, 36.700040795921048 ], [ 129.476314282829804, 36.70002920287547 ] ] ], [ [ [ 129.475108099373188, 36.704473113145468 ], [ 129.475024822569736, 36.704579688075697 ], [ 129.475121811372361, 36.704591554249468 ], [ 129.475108099373188, 36.704473113145468 ] ] ], [ [ [ 129.47622015287584, 36.710963926071528 ], [ 129.4760757707827, 36.711017581638146 ], [ 129.476192031761485, 36.711104251949223 ], [ 129.47622015287584, 36.710963926071528 ] ] ], [ [ [ 129.472640112020599, 36.718738918111363 ], [ 129.472529285398906, 36.718656231162129 ], [ 129.472508976479389, 36.718757715317146 ], [ 129.472640112020599, 36.718738918111363 ] ] ], [ [ [ 129.475995462954216, 36.725266801417803 ], [ 129.476064137348885, 36.725457203553503 ], [ 129.476126128129835, 36.72543505940515 ], [ 129.475995462954216, 36.725266801417803 ] ] ], [ [ [ 129.476542475631192, 36.732432979222722 ], [ 129.476470104230373, 36.732588261139568 ], [ 129.476561882895339, 36.732584380316951 ], [ 129.476542475631192, 36.732432979222722 ] ] ], [ [ [ 129.477021187523491, 36.732541988009665 ], [ 129.476983896340585, 36.73268541614636 ], [ 129.477040313802547, 36.732720334418943 ], [ 129.477021187523491, 36.732541988009665 ] ] ], [ [ [ 129.476173009592372, 36.734115937696011 ], [ 129.476248717808147, 36.734228813651654 ], [ 129.476330914145535, 36.734123144587898 ], [ 129.476173009592372, 36.734115937696011 ] ] ], [ [ [ 129.476604266243754, 36.735547522145644 ], [ 129.476394478911686, 36.735840233212947 ], [ 129.476632415638591, 36.735826485426756 ], [ 129.476604266243754, 36.735547522145644 ] ] ], [ [ [ 129.469370189045236, 36.75182549778345 ], [ 129.470160861718767, 36.750518376657119 ], [ 129.469679573264074, 36.750371055556229 ], [ 129.469370189045236, 36.75182549778345 ] ] ], [ [ [ 129.469367885442665, 36.752200549712605 ], [ 129.469465595189632, 36.752615486109931 ], [ 129.469430003552418, 36.752048826390393 ], [ 129.469367885442665, 36.752200549712605 ] ] ], [ [ [ 129.469322552690414, 36.753123465200943 ], [ 129.469418290803446, 36.753728634226874 ], [ 129.469398393079956, 36.753090908224621 ], [ 129.469322552690414, 36.753123465200943 ] ] ], [ [ [ 129.469301032582877, 36.754039709466831 ], [ 129.469382776491159, 36.754774335281915 ], [ 129.469374411765898, 36.754025634414418 ], [ 129.469301032582877, 36.754039709466831 ] ] ], [ [ [ 129.458669578909479, 36.805190638790748 ], [ 129.458692199982124, 36.805018892214584 ], [ 129.458598250490923, 36.805180460872101 ], [ 129.458669578909479, 36.805190638790748 ] ] ], [ [ [ 129.458618324163979, 36.806103834391934 ], [ 129.45875972449258, 36.805743569717528 ], [ 129.458620892703578, 36.80570797086807 ], [ 129.458618324163979, 36.806103834391934 ] ] ], [ [ [ 129.45874444352566, 36.806319252823705 ], [ 129.458678524324682, 36.806389702879038 ], [ 129.458786023270534, 36.806470388298315 ], [ 129.45874444352566, 36.806319252823705 ] ] ], [ [ [ 129.45870761081386, 36.806531605566235 ], [ 129.458544528121905, 36.806356969810885 ], [ 129.458585355878171, 36.806607679631192 ], [ 129.45870761081386, 36.806531605566235 ] ] ], [ [ [ 129.458835166626415, 36.806856051205735 ], [ 129.458799690436479, 36.806939088715929 ], [ 129.458863518322175, 36.806931183366117 ], [ 129.458835166626415, 36.806856051205735 ] ] ], [ [ [ 129.458234556342944, 36.807050392606051 ], [ 129.458053607660958, 36.806961339020788 ], [ 129.458059527895813, 36.807014661092978 ], [ 129.458234556342944, 36.807050392606051 ] ] ], [ [ [ 129.457963059830291, 36.806998632686309 ], [ 129.458005343552088, 36.807080109848883 ], [ 129.45799202857998, 36.806989239692918 ], [ 129.457963059830291, 36.806998632686309 ] ] ], [ [ [ 129.45749057463189, 36.808801126730259 ], [ 129.457672989896224, 36.808721398768938 ], [ 129.457563120470468, 36.808619635248817 ], [ 129.45749057463189, 36.808801126730259 ] ] ], [ [ [ 129.457449667403154, 36.809365465642017 ], [ 129.457549554104531, 36.80923982778387 ], [ 129.457420125787138, 36.809240776426684 ], [ 129.457449667403154, 36.809365465642017 ] ] ], [ [ [ 129.457739727189306, 36.809597462957477 ], [ 129.457529469537349, 36.809499331918957 ], [ 129.457398282553527, 36.809468388273565 ], [ 129.457407985477545, 36.80959252265184 ], [ 129.457739727189306, 36.809597462957477 ] ] ], [ [ [ 129.458330824300475, 36.812315707709026 ], [ 129.458196145997505, 36.81248995976437 ], [ 129.458292760483545, 36.812510492074637 ], [ 129.458330824300475, 36.812315707709026 ] ] ], [ [ [ 129.457772646611687, 36.812585664874874 ], [ 129.457570838749348, 36.81262816334192 ], [ 129.457738676138263, 36.812733846418567 ], [ 129.457772646611687, 36.812585664874874 ] ] ], [ [ [ 129.457148554142663, 36.813154679879538 ], [ 129.457107083009078, 36.813229088970303 ], [ 129.457178790009891, 36.813226201291926 ], [ 129.457148554142663, 36.813154679879538 ] ] ], [ [ [ 129.457342055903894, 36.813580786264296 ], [ 129.457331080114415, 36.813713652358523 ], [ 129.457415498647492, 36.813681067588277 ], [ 129.457342055903894, 36.813580786264296 ] ] ], [ [ [ 129.45709807133241, 36.815030968559839 ], [ 129.457050059722974, 36.815192991008871 ], [ 129.457139889760413, 36.815222021799222 ], [ 129.45709807133241, 36.815030968559839 ] ] ], [ [ [ 129.457059756472489, 36.815240532908092 ], [ 129.457120220176677, 36.815363209576539 ], [ 129.457168151355603, 36.815281836875137 ], [ 129.457059756472489, 36.815240532908092 ] ] ] ] } },
{ "type": "Feature", "properties": { "region_code": 47940, "region_name": "울릉군" }, "geometry": { "type": "MultiPolygon", "coordinates": [ [ [ [ 131.86147457011856, 37.23971189622592 ], [ 131.861903097318134, 37.239509294175356 ], [ 131.861871082117233, 37.239439156187416 ], [ 131.86147457011856, 37.23971189622592 ] ] ], [ [ [ 131.861923380687244, 37.240419447822035 ], [ 131.862169919746776, 37.240534423462428 ], [ 131.862191056200516, 37.240530123410359 ], [ 131.861923380687244, 37.240419447822035 ] ] ], [ [ [ 131.861936119556503, 37.241053309826782 ], [ 131.861981564664916, 37.241105147013464 ], [ 131.861976031875116, 37.241044912205666 ], [ 131.861936119556503, 37.241053309826782 ] ] ], [ [ [ 131.861368083343251, 37.241802673258924 ], [ 131.861899322145433, 37.241374698620326 ], [ 131.861608612016681, 37.241042626596403 ], [ 131.861368083343251, 37.241802673258924 ] ] ], [ [ [ 131.86188601187763, 37.241838641402914 ], [ 131.862269955793806, 37.241450933097923 ], [ 131.862214992143748, 37.241384744269212 ], [ 131.86188601187763, 37.241838641402914 ] ] ], [ [ [ 131.861550167547335, 37.242611004157773 ], [ 131.861666575204111, 37.242550329638291 ], [ 131.861625090992561, 37.242509994077558 ], [ 131.861550167547335, 37.242611004157773 ] ] ], [ [ [ 131.861932874583857, 37.242816623172835 ], [ 131.861708193598218, 37.24282069628628 ], [ 131.861907540969355, 37.242888083222375 ], [ 131.861932874583857, 37.242816623172835 ] ] ], [ [ [ 131.861384536754912, 37.243594860658824 ], [ 131.861436172233425, 37.243566643831571 ], [ 131.861348983007161, 37.243550609680234 ], [ 131.861384536754912, 37.243594860658824 ] ] ], [ [ [ 130.86180277077969, 37.459913092302692 ], [ 130.862229865355062, 37.459917365009126 ], [ 130.862242820412746, 37.459627506610282 ], [ 130.86180277077969, 37.459913092302692 ] ] ], [ [ [ 130.905718459786215, 37.549118070872559 ], [ 130.908633551382366, 37.547435303888321 ], [ 130.910446572920222, 37.541646811943608 ], [ 130.91187512096883, 37.541332230764638 ], [ 130.912974323907605, 37.54218029767236 ], [ 130.916863983293865, 37.541584567669595 ], [ 130.918267699559436, 37.542139681413097 ], [ 130.919535007520125, 37.540925815640712 ], [ 130.911476030278266, 37.537611997954905 ], [ 130.912203633451355, 37.53622769719663 ], [ 130.907872120170623, 37.527194455279947 ], [ 130.910405349213903, 37.521304716603474 ], [ 130.913367267095111, 37.520486822445299 ], [ 130.913978890309608, 37.518021643161873 ], [ 130.916542996936357, 37.518631820106577 ], [ 130.915891019150166, 37.515157046191213 ], [ 130.917919249034099, 37.513795097185699 ], [ 130.916821327672267, 37.511096068705989 ], [ 130.917613247969228, 37.510886580942582 ], [ 130.913774293312485, 37.507454481065125 ], [ 130.915454294978218, 37.502738151066225 ], [ 130.914466189751579, 37.497707566301571 ], [ 130.914556477986224, 37.499781946533673 ], [ 130.912993545287492, 37.499698911881708 ], [ 130.909987010856213, 37.496716025752498 ], [ 130.910664664100068, 37.492190539152304 ], [ 130.913570412317824, 37.491691812361857 ], [ 130.912992543727142, 37.495101481515746 ], [ 130.91366201273064, 37.496811111573727 ], [ 130.914247763902864, 37.491674282542689 ], [ 130.913227157332045, 37.487223798731158 ], [ 130.917027649186736, 37.486399372223019 ], [ 130.919251531803354, 37.487593344404821 ], [ 130.920865931193958, 37.486631533450613 ], [ 130.91978411454744, 37.484963339988539 ], [ 130.915945353935086, 37.482421586618621 ], [ 130.911286871828281, 37.483472315133355 ], [ 130.910713383078985, 37.480530667682117 ], [ 130.908861328037574, 37.482300501309702 ], [ 130.907999866604541, 37.48067925862803 ], [ 130.909901684762133, 37.479864745691309 ], [ 130.907058971347226, 37.47690418179895 ], [ 130.902044562161848, 37.475944743481627 ], [ 130.901891388408956, 37.474533239778189 ], [ 130.896235280225682, 37.475774875294412 ], [ 130.895816428182798, 37.474571007923934 ], [ 130.890044812610228, 37.473937096919336 ], [ 130.884049020702463, 37.470549426589628 ], [ 130.881068489246218, 37.467728020869927 ], [ 130.884577368085502, 37.464672337443631 ], [ 130.881906183800936, 37.466265539698568 ], [ 130.877945260480971, 37.463376889267089 ], [ 130.880273391995189, 37.461349262623862 ], [ 130.877142732856896, 37.461629632227179 ], [ 130.876604170550308, 37.458640383886568 ], [ 130.888112624647192, 37.464667369902983 ], [ 130.881898497702053, 37.460291549446019 ], [ 130.875395989601401, 37.458140530400158 ], [ 130.87585365103638, 37.454914475054949 ], [ 130.874139528914213, 37.453242410274711 ], [ 130.868416430016651, 37.458922705206653 ], [ 130.86328694495532, 37.460403845407981 ], [ 130.857777321938755, 37.459356103641561 ], [ 130.850310475357787, 37.463844784535432 ], [ 130.844900497773381, 37.464177001999978 ], [ 130.840699859848428, 37.462785614412965 ], [ 130.836328220559011, 37.466334839591084 ], [ 130.832739227362765, 37.466842566709332 ], [ 130.83462070595084, 37.465419546594276 ], [ 130.831652233632326, 37.466637850702988 ], [ 130.82779632181456, 37.471338258493745 ], [ 130.814971134532698, 37.472909693260945 ], [ 130.809967710030662, 37.474907046600066 ], [ 130.808442399068014, 37.480826629901898 ], [ 130.80187440375127, 37.484643474151497 ], [ 130.803347203052994, 37.49700187679484 ], [ 130.805026223050845, 37.498483820975721 ], [ 130.801604904732613, 37.500818365730801 ], [ 130.804890434549492, 37.503913552637734 ], [ 130.799495543544339, 37.507941783683833 ], [ 130.800235864436019, 37.509256673295241 ], [ 130.797241616837368, 37.510127665474705 ], [ 130.797101234481346, 37.512938246624088 ], [ 130.792928978140452, 37.513730660493849 ], [ 130.794095032916147, 37.515536504272383 ], [ 130.791581891194312, 37.518310239598847 ], [ 130.79396151590251, 37.521316703733582 ], [ 130.792900188145808, 37.523067484978945 ], [ 130.79624880811437, 37.523531261706907 ], [ 130.796207015813479, 37.520155452711919 ], [ 130.80246822060414, 37.518997643272137 ], [ 130.805841362228392, 37.521641259964156 ], [ 130.813465800395136, 37.522429654095923 ], [ 130.817135736466156, 37.525811877905177 ], [ 130.821886841010723, 37.527019253591561 ], [ 130.823014596561563, 37.529104755336306 ], [ 130.823974362986917, 37.529865489970994 ], [ 130.827646002949223, 37.529696427144934 ], [ 130.827946507044601, 37.52929885834385 ], [ 130.82393976019037, 37.529478479279902 ], [ 130.822497964595442, 37.527427021451089 ], [ 130.827863068227231, 37.526459393564124 ], [ 130.830530586611417, 37.527641391880664 ], [ 130.828218143458486, 37.530649384769369 ], [ 130.831011998332798, 37.528763123716573 ], [ 130.843050852429855, 37.535087102924443 ], [ 130.857138376359728, 37.53452561092201 ], [ 130.866355656818712, 37.536476418277786 ], [ 130.872262930806983, 37.540061825956997 ], [ 130.872879248740503, 37.541068456597451 ], [ 130.869860511891773, 37.54013808394712 ], [ 130.869541929297242, 37.540467473479538 ], [ 130.872857990987114, 37.541318939023157 ], [ 130.873973431119111, 37.543114359283145 ], [ 130.880313382313773, 37.543468296337338 ], [ 130.891914408500128, 37.541065934683616 ], [ 130.897661918394107, 37.546737661538394 ], [ 130.905718459786215, 37.549118070872559 ] ] ], [ [ [ 130.919793029235677, 37.501865082692319 ], [ 130.920259013829593, 37.501143556888728 ], [ 130.919721997072969, 37.501790142851789 ], [ 130.919793029235677, 37.501865082692319 ] ] ], [ [ [ 130.916227180395708, 37.509090577847495 ], [ 130.916709835416754, 37.509348768661269 ], [ 130.916267166755659, 37.509037635323821 ], [ 130.916227180395708, 37.509090577847495 ] ] ], [ [ [ 130.91781741619684, 37.512956508613513 ], [ 130.918154176776056, 37.513392180412495 ], [ 130.9183687929538, 37.513400537647563 ], [ 130.91781741619684, 37.512956508613513 ] ] ], [ [ [ 130.914280569383436, 37.520427133771626 ], [ 130.914686913077446, 37.520730469948319 ], [ 130.914730485652285, 37.520733295403659 ], [ 130.914280569383436, 37.520427133771626 ] ] ], [ [ [ 130.940144159226321, 37.531049468181898 ], [ 130.93980781288252, 37.526813556280374 ], [ 130.937926201493951, 37.525625924319669 ], [ 130.935751954253249, 37.530639520717159 ], [ 130.937757321199683, 37.532217979353284 ], [ 130.940144159226321, 37.531049468181898 ] ] ], [ [ [ 130.84622939520392, 37.538652556031572 ], [ 130.845908011169769, 37.538899818683639 ], [ 130.846281003387048, 37.538905757854863 ], [ 130.84622939520392, 37.538652556031572 ] ] ], [ [ [ 130.847413718342267, 37.540304974981829 ], [ 130.846576373137765, 37.540172864236723 ], [ 130.846637939166527, 37.540795807326916 ], [ 130.847413718342267, 37.540304974981829 ] ] ], [ [ [ 130.911935256732562, 37.541788027534061 ], [ 130.912185791362731, 37.541784707075159 ], [ 130.911805020160443, 37.541544686187805 ], [ 130.911935256732562, 37.541788027534061 ] ] ], [ [ [ 130.917463145567837, 37.542179961699233 ], [ 130.917033411095758, 37.54182501893618 ], [ 130.917476527735147, 37.542275811035339 ], [ 130.917463145567837, 37.542179961699233 ] ] ], [ [ [ 130.924063552578644, 37.544060522504914 ], [ 130.921657274901861, 37.541659610444434 ], [ 130.918749107573717, 37.542736121643905 ], [ 130.922755509906068, 37.545168905348547 ], [ 130.924063552578644, 37.544060522504914 ] ] ], [ [ [ 130.908334430138524, 37.549460920713997 ], [ 130.908827043203701, 37.549472070396448 ], [ 130.908469270699698, 37.549233208159507 ], [ 130.908334430138524, 37.549460920713997 ] ] ], [ [ [ 130.907545875212804, 37.54930831681677 ], [ 130.908181969628771, 37.549668070082092 ], [ 130.9079127589915, 37.549173768404764 ], [ 130.907545875212804, 37.54930831681677 ] ] ], [ [ [ 130.905174544718108, 37.551093809946465 ], [ 130.905654428689331, 37.551191943714898 ], [ 130.905332970132861, 37.550948255542927 ], [ 130.905174544718108, 37.551093809946465 ] ] ], [ [ [ 131.862457318830138, 37.240022083528643 ], [ 131.86232061224095, 37.240189770220532 ], [ 131.862411154448495, 37.240262903482588 ], [ 131.862457318830138, 37.240022083528643 ] ] ], [ [ [ 131.863166039861369, 37.24042462919126 ], [ 131.863020287149254, 37.240352617730096 ], [ 131.863044094461259, 37.240493273572866 ], [ 131.863166039861369, 37.24042462919126 ] ] ], [ [ [ 131.862271611891885, 37.24080515773548 ], [ 131.86226462563161, 37.240696185489028 ], [ 131.862188651455767, 37.240744226502059 ], [ 131.862271611891885, 37.24080515773548 ] ] ], [ [ [ 131.863251202326097, 37.241745264759672 ], [ 131.86322517424685, 37.241785636808551 ], [ 131.863259667314992, 37.241766462842477 ], [ 131.863251202326097, 37.241745264759672 ] ] ], [ [ [ 131.863156685857689, 37.241798389973283 ], [ 131.862967864060295, 37.241833552503564 ], [ 131.862945989107089, 37.241881738801681 ], [ 131.863156685857689, 37.241798389973283 ] ] ], [ [ [ 131.862386099319679, 37.241456662116555 ], [ 131.862430187763977, 37.241913696327209 ], [ 131.862954806926666, 37.241617494674323 ], [ 131.862386099319679, 37.241456662116555 ] ] ], [ [ [ 131.864347489695973, 37.242797220894047 ], [ 131.864235558088268, 37.242785514400197 ], [ 131.864208185521107, 37.2428559062853 ], [ 131.864347489695973, 37.242797220894047 ] ] ], [ [ [ 131.863554489877856, 37.242813733089292 ], [ 131.863401464178935, 37.242845213120837 ], [ 131.863443501146037, 37.24296365638385 ], [ 131.863554489877856, 37.242813733089292 ] ] ], [ [ [ 131.864691366048135, 37.242878145536565 ], [ 131.864784009594388, 37.242888554450502 ], [ 131.864798115210107, 37.242850695797905 ], [ 131.864691366048135, 37.242878145536565 ] ] ], [ [ [ 131.86470271308076, 37.243033039117812 ], [ 131.864714649914674, 37.243101426365314 ], [ 131.864768576603524, 37.243046792365575 ], [ 131.86470271308076, 37.243033039117812 ] ] ], [ [ [ 131.862501483036311, 37.243472392294926 ], [ 131.862414337166371, 37.24334138437866 ], [ 131.862369062123975, 37.243442898461318 ], [ 131.862501483036311, 37.243472392294926 ] ] ], [ [ [ 131.862975469961924, 37.243320720651873 ], [ 131.863313250246364, 37.243480172439916 ], [ 131.863339481154753, 37.243112095549897 ], [ 131.862975469961924, 37.243320720651873 ] ] ], [ [ [ 131.864456575410173, 37.244651349063069 ], [ 131.864440782084841, 37.244689487978249 ], [ 131.8644935456133, 37.244710909107376 ], [ 131.864456575410173, 37.244651349063069 ] ] ], [ [ [ 131.86325399958605, 37.245646467740592 ], [ 131.86346537703983, 37.245394621941969 ], [ 131.863185724874597, 37.245174472896544 ], [ 131.86325399958605, 37.245646467740592 ] ] ], [ [ [ 131.863813675127261, 37.245496873652861 ], [ 131.863512914194587, 37.245204882975607 ], [ 131.863903999487974, 37.245688578451414 ], [ 131.863813675127261, 37.245496873652861 ] ] ], [ [ [ 131.863715492218006, 37.245791769885685 ], [ 131.863607735857556, 37.245534056561581 ], [ 131.863513006464871, 37.245923892500713 ], [ 131.863715492218006, 37.245791769885685 ] ] ], [ [ [ 131.8640527603728, 37.245747049738213 ], [ 131.864139900551294, 37.245738937577457 ], [ 131.864139088503009, 37.245697407350356 ], [ 131.8640527603728, 37.245747049738213 ] ] ], [ [ [ 131.864214149447406, 37.24578624243771 ], [ 131.864150734215798, 37.245937441452611 ], [ 131.864284347859069, 37.245784736441784 ], [ 131.864214149447406, 37.24578624243771 ] ] ], [ [ [ 131.863683824591959, 37.246147453880113 ], [ 131.8636956497445, 37.246057896345242 ], [ 131.863645794568299, 37.246143133179416 ], [ 131.863683824591959, 37.246147453880113 ] ] ], [ [ [ 131.86376662153566, 37.246331559151642 ], [ 131.863649589108945, 37.246199239250714 ], [ 131.863602154489683, 37.246269684527952 ], [ 131.86376662153566, 37.246331559151642 ] ] ], [ [ [ 131.864196566816645, 37.246773070780741 ], [ 131.864488790586876, 37.246889333355284 ], [ 131.864289572714426, 37.246587503464951 ], [ 131.864196566816645, 37.246773070780741 ] ] ], [ [ [ 131.863405883076695, 37.247242862625249 ], [ 131.864084666729894, 37.247465597121732 ], [ 131.863777574428383, 37.246866233279597 ], [ 131.863405883076695, 37.247242862625249 ] ] ], [ [ [ 131.86358685808824, 37.247576181552851 ], [ 131.863837513278924, 37.247674003807433 ], [ 131.863969201970519, 37.247549875581569 ], [ 131.86358685808824, 37.247576181552851 ] ] ], [ [ [ 131.865433800177442, 37.239730963260918 ], [ 131.865425597543634, 37.239910234899398 ], [ 131.865482154984903, 37.239909011495421 ], [ 131.865433800177442, 37.239730963260918 ] ] ], [ [ [ 131.865764876132658, 37.24022122001476 ], [ 131.865769588201061, 37.240248935304749 ], [ 131.865788080748814, 37.240239789220766 ], [ 131.865764876132658, 37.24022122001476 ] ] ], [ [ [ 131.866838440046621, 37.240173177589725 ], [ 131.866777337670158, 37.24024011995953 ], [ 131.866846202616472, 37.240211503875422 ], [ 131.866838440046621, 37.240173177589725 ] ] ], [ [ [ 131.866317554971573, 37.240478382089613 ], [ 131.866277921933886, 37.240481734120515 ], [ 131.866306714110038, 37.240505850483387 ], [ 131.866317554971573, 37.240478382089613 ] ] ], [ [ [ 131.866293299540473, 37.240801214306828 ], [ 131.866225652636615, 37.240877214260045 ], [ 131.866340465395211, 37.240875291149337 ], [ 131.866293299540473, 37.240801214306828 ] ] ], [ [ [ 131.867195469114847, 37.24079334666915 ], [ 131.867165325807719, 37.240837811257606 ], [ 131.867218539723382, 37.240810387535028 ], [ 131.867195469114847, 37.24079334666915 ] ] ], [ [ [ 131.867146732379751, 37.24100544697329 ], [ 131.86716325497332, 37.241031095517549 ], [ 131.86717039135371, 37.240994818164417 ], [ 131.867146732379751, 37.24100544697329 ] ] ], [ [ [ 131.867142140798336, 37.241106034075713 ], [ 131.867042948571452, 37.241133967725823 ], [ 131.86711786915393, 37.241141982628939 ], [ 131.867142140798336, 37.241106034075713 ] ] ], [ [ [ 131.867323957983359, 37.241128847945923 ], [ 131.867195881203884, 37.241173755451669 ], [ 131.86726790240516, 37.241183862538655 ], [ 131.867323957983359, 37.241128847945923 ] ] ], [ [ [ 131.866901328996761, 37.241147888577821 ], [ 131.866958031197214, 37.241286593030779 ], [ 131.867062803147576, 37.241263659334024 ], [ 131.866901328996761, 37.241147888577821 ] ] ], [ [ [ 131.866702716143607, 37.241311705756402 ], [ 131.866677969987535, 37.241335317729614 ], [ 131.866722432363417, 37.241340664442006 ], [ 131.866702716143607, 37.241311705756402 ] ] ], [ [ [ 131.86729585040095, 37.241400442960085 ], [ 131.867286564880089, 37.241445651830077 ], [ 131.867319891676857, 37.241403596940899 ], [ 131.86729585040095, 37.241400442960085 ] ] ], [ [ [ 131.864947101563388, 37.244092650030552 ], [ 131.8662371192259, 37.243228424569331 ], [ 131.865723473635001, 37.242444335015499 ], [ 131.866912236768002, 37.240968508886304 ], [ 131.8659955553602, 37.240880247125105 ], [ 131.864946150173182, 37.239986090909348 ], [ 131.862490373091333, 37.242804005066212 ], [ 131.864618387751932, 37.242636304384497 ], [ 131.865017312517693, 37.242988209763894 ], [ 131.865088183507254, 37.243824738782074 ], [ 131.864947101563388, 37.244092650030552 ] ] ], [ [ [ 131.866301933252601, 37.242392347577976 ], [ 131.866266685245847, 37.242473338469424 ], [ 131.866314792957269, 37.242481903060153 ], [ 131.866301933252601, 37.242392347577976 ] ] ], [ [ [ 131.866454425779153, 37.242491784337957 ], [ 131.866465065675982, 37.242584331075648 ], [ 131.866531072608723, 37.24254186163158 ], [ 131.866454425779153, 37.242491784337957 ] ] ], [ [ [ 131.864900007449876, 37.242969966918167 ], [ 131.864865314196493, 37.243060140322818 ], [ 131.864916922648376, 37.24298065502844 ], [ 131.864900007449876, 37.242969966918167 ] ] ], [ [ [ 131.864831586762847, 37.24309714921754 ], [ 131.864878576064342, 37.243126089951019 ], [ 131.864883439183416, 37.243117677927401 ], [ 131.864831586762847, 37.24309714921754 ] ] ], [ [ [ 131.864910659299085, 37.243162345452312 ], [ 131.864948420792246, 37.2431528805431 ], [ 131.8649085629132, 37.243136866346752 ], [ 131.864910659299085, 37.243162345452312 ] ] ], [ [ [ 131.864919462653319, 37.243410061148865 ], [ 131.864924360284647, 37.243562300723795 ], [ 131.864985806239304, 37.243416693596181 ], [ 131.864919462653319, 37.243410061148865 ] ] ], [ [ [ 131.866678501223703, 37.243448557238324 ], [ 131.866507851021026, 37.24350594276234 ], [ 131.866744119476749, 37.243637921940085 ], [ 131.866678501223703, 37.243448557238324 ] ] ], [ [ [ 131.86605206820019, 37.24393780027404 ], [ 131.86632254301918, 37.243661190407138 ], [ 131.86615237218885, 37.243514129004765 ], [ 131.86605206820019, 37.24393780027404 ] ] ], [ [ [ 131.865277012388191, 37.244381090640417 ], [ 131.865262251052741, 37.244509504944936 ], [ 131.865359298921959, 37.244412114062733 ], [ 131.865277012388191, 37.244381090640417 ] ] ], [ [ [ 131.865354538630044, 37.244478646419566 ], [ 131.865376619584652, 37.244576335217999 ], [ 131.865402000803641, 37.244479918791349 ], [ 131.865354538630044, 37.244478646419566 ] ] ], [ [ [ 131.869553925525452, 37.23807876567043 ], [ 131.86927223959816, 37.238053535727197 ], [ 131.869352316488943, 37.23824549443475 ], [ 131.869553925525452, 37.23807876567043 ] ] ], [ [ [ 131.869992594007186, 37.238133388449583 ], [ 131.869991902433867, 37.238024279673105 ], [ 131.869870084530731, 37.238103113091817 ], [ 131.869992594007186, 37.238133388449583 ] ] ], [ [ [ 131.86891649715804, 37.238311491269506 ], [ 131.868788028305289, 37.238429476155623 ], [ 131.868826778158393, 37.238457667895709 ], [ 131.86891649715804, 37.238311491269506 ] ] ], [ [ [ 131.87010198315798, 37.2385321860395 ], [ 131.870154814292732, 37.238549997604274 ], [ 131.870156406869796, 37.238531605850767 ], [ 131.87010198315798, 37.2385321860395 ] ] ], [ [ [ 131.869996693156622, 37.238627299339221 ], [ 131.869948139546239, 37.238775783607409 ], [ 131.870058244551672, 37.238590082648109 ], [ 131.869996693156622, 37.238627299339221 ] ] ], [ [ [ 131.869700513339325, 37.238802016199124 ], [ 131.869814702557818, 37.238785319720478 ], [ 131.86980974948753, 37.238766257566006 ], [ 131.869700513339325, 37.238802016199124 ] ] ], [ [ [ 131.869667433350372, 37.238836318351353 ], [ 131.869702405543791, 37.238859216421957 ], [ 131.869710619439502, 37.23884825384674 ], [ 131.869667433350372, 37.238836318351353 ] ] ], [ [ [ 131.872253309489992, 37.239812385044196 ], [ 131.872323397938516, 37.239753389475709 ], [ 131.872234886049597, 37.23976900162765 ], [ 131.872253309489992, 37.239812385044196 ] ] ], [ [ [ 131.872555655623245, 37.239869801716686 ], [ 131.87278314710602, 37.239836860997926 ], [ 131.872556577722264, 37.23975401502522 ], [ 131.872555655623245, 37.239869801716686 ] ] ], [ [ [ 131.870323094143572, 37.241982810526395 ], [ 131.869980580498947, 37.240226001645858 ], [ 131.871171352867435, 37.241030324229357 ], [ 131.872199962333468, 37.23986755657576 ], [ 131.869642291565242, 37.238923630507159 ], [ 131.869606393950107, 37.238829919281443 ], [ 131.870271519132331, 37.238330373425768 ], [ 131.87023295447591, 37.238171357515441 ], [ 131.86721499797568, 37.238897917651748 ], [ 131.870323094143572, 37.241982810526395 ] ] ], [ [ [ 131.872125489319615, 37.240162648200716 ], [ 131.872306492016634, 37.240095452325583 ], [ 131.872276188585261, 37.240027830119153 ], [ 131.872125489319615, 37.240162648200716 ] ] ], [ [ [ 131.867352784689359, 37.240871214250291 ], [ 131.867327344699419, 37.240913121824441 ], [ 131.867347995146844, 37.240905758409092 ], [ 131.867352784689359, 37.240871214250291 ] ] ], [ [ [ 131.870285497577242, 37.240800684446199 ], [ 131.870330126055677, 37.240800803192009 ], [ 131.870290858761194, 37.240767126049768 ], [ 131.870285497577242, 37.240800684446199 ] ] ], [ [ [ 131.870314525848386, 37.240855070818327 ], [ 131.870401359648326, 37.240879749218358 ], [ 131.870316856735883, 37.240832616625227 ], [ 131.870314525848386, 37.240855070818327 ] ] ], [ [ [ 131.867447810417133, 37.241315534408294 ], [ 131.867398315306133, 37.241274541327911 ], [ 131.867338347240917, 37.241312819579775 ], [ 131.867447810417133, 37.241315534408294 ] ] ], [ [ [ 131.870599818705642, 37.241300958435346 ], [ 131.870862918981686, 37.241198561084516 ], [ 131.870459696547243, 37.241131159100973 ], [ 131.870599818705642, 37.241300958435346 ] ] ], [ [ [ 131.868530099139321, 37.241457076523325 ], [ 131.868799449878736, 37.241280125002596 ], [ 131.868477658045435, 37.241267347404126 ], [ 131.868530099139321, 37.241457076523325 ] ] ], [ [ [ 131.867464174175154, 37.241435516558838 ], [ 131.867424745257495, 37.241466531901885 ], [ 131.867472838435674, 37.241453925577346 ], [ 131.867464174175154, 37.241435516558838 ] ] ], [ [ [ 131.868218002857276, 37.241493334330215 ], [ 131.868205819196021, 37.241600287171885 ], [ 131.868290867329307, 37.241616602557485 ], [ 131.868218002857276, 37.241493334330215 ] ] ], [ [ [ 131.867566826228995, 37.242024031788979 ], [ 131.867538766263294, 37.241984771329825 ], [ 131.86748920232057, 37.241996847484309 ], [ 131.867566826228995, 37.242024031788979 ] ] ], [ [ [ 131.867946850627078, 37.24221099901883 ], [ 131.868076639716008, 37.242108863461262 ], [ 131.867885038488907, 37.24207846462528 ], [ 131.867946850627078, 37.24221099901883 ] ] ], [ [ [ 131.867040290204358, 37.242485963485215 ], [ 131.867826011557355, 37.242483813568249 ], [ 131.867230176067295, 37.242258419264566 ], [ 131.867040290204358, 37.242485963485215 ] ] ] ] } }
]
}
