region_code,demand_id,demand_name,population,senior_population,latitude,longitude
11110,11010530,사직동,8053,1904,37.57388836229925,126.9703762668049
11110,11010540,삼청동,1972,600,37.58836360478342,126.98120563614775
11110,11010550,부암동,8671,2036,37.596961360317316,126.96354448235947
11110,11010560,평창동,15694,4019,37.61568630638982,126.96812565052765
11110,11010570,무악동,7129,1552,37.57711068022884,126.95858596419734
11110,11010580,교남동,8803,1750,37.57106500053133,126.96411821309931
11110,11010600,가회동,3503,842,37.5825142744419,126.98654711966415
11110,11010610,종로1·2·3·4가동,6599,1659,37.57518510832202,126.98986468197322
11110,11010630,종로5·6가동,5572,1044,37.57285780190254,127.00439896114857
11110,11010640,이화동,7556,1369,37.57972041466916,127.00302249718105
11110,11010670,창신1동,5128,1284,37.57236940963423,127.0138035662232
11110,11010680,창신2동,8317,2008,37.57602728003324,127.0101884589276
11110,11010690,창신3동,5965,1387,37.578954002663025,127.01322200228557
11110,11010700,숭인1동,5652,1352,37.57718293126821,127.01689100304135
11110,11010710,숭인2동,10114,1805,37.57449028299554,127.02034251978104
11110,11010720,청운효자동,10073,2210,37.584414297665575,126.96991655222901
11110,11010730,혜화동,19534,2753,37.58747073907497,126.99742981315568
11140,11020520,소공동,2395,269,37.56425948285109,126.97437469814535
11140,11020540,회현동,4021,1254,37.55694116993984,126.97710183986953
11140,11020550,명동,2375,707,37.56395198634891,126.98430397954759
11140,11020570,필동,5472,916,37.55686552643495,126.99377106324889
11140,11020580,장충동,5907,941,37.555562228907505,127.00216552389593
11140,11020590,광희동,6587,1187,37.565156676510476,127.0037641509372
11140,11020600,을지로동,3196,437,37.566620889284714,126.99656106414177
11140,11020650,신당5동,9683,2015,37.56363544709064,127.0218669952513
11140,11020670,황학동,13135,2289,37.56853537425292,127.02084550937137
11140,11020680,중림동,11182,2181,37.55734682350157,126.96603667155561
11140,11020690,신당동,8709,1737,37.56569203757956,127.01370437685708
11140,11020700,다산동,12389,3038,37.55493348549055,127.00835522960809
11140,11020710,약수동,14555,4244,37.55014908994685,127.01028761604363
11140,11020720,청구동,11794,2983,37.556881523670164,127.01518808388448
11140,11020730,동화동,9146,2210,37.56071034419901,127.0186521192764
11170,11030510,후암동,15652,3185,37.549906043927734,126.98061487953613
11170,11030520,용산2가동,9545,2104,37.53788359206087,126.98508616941344
11170,11030530,남영동,6643,1515,37.54402978166646,126.97482841071141
11170,11030570,원효로2동,13020,2586,37.53385302341282,126.95246008664579
11170,11030580,효창동,10167,1690,37.54281219984392,126.9609438561679
11170,11030590,용문동,10827,2373,37.53797895967717,126.9585129194669
11170,11030630,이촌1동,23217,4600,37.5151731708626,126.97175837190183
11170,11030640,이촌2동,7284,1857,37.5228565071089,126.95420581857152
11170,11030650,이태원1동,7158,1417,37.533361381173094,126.99324193964624
11170,11030660,이태원2동,9085,1797,37.54176099598385,126.9920554299511
11170,11030690,서빙고동,11839,2329,37.51962187858529,126.98891969318275
11170,11030700,보광동,8186,1769,37.52688649944797,127.00090084690646
11170,11030710,청파동,19497,3432,37.54758189437703,126.96684283756355
11170,11030720,원효로1동,16704,2139,37.53749537249341,126.9665576750977
11170,11030730,한강로동,20856,3397,37.529126543012985,126.96859194626745
11170,11030740,한남동,14173,2706,37.53752670823785,127.00517641764293
11200,11040520,왕십리2동,15849,2873,37.56145032395584,127.02772577470871
11200,11040540,마장동,21334,4256,37.56741934408488,127.04059658897255
11200,11040550,사근동,15830,1580,37.55812210411138,127.04539497829879
11200,11040560,행당1동,13496,2354,37.55908846408601,127.0361744604772
11200,11040570,행당2동,21598,4236,37.55667485671098,127.0296559490053
11200,11040580,응봉동,14072,2639,37.550880181835474,127.03372254557418
11200,11040590,금호1가동,13958,2899,37.553585211624615,127.02498152529832
11200,11040620,금호4가동,13490,2708,37.54539128321645,127.0241599561782
11200,11040650,성수1가1동,14824,2575,37.54079129792943,127.04226690965012
11200,11040660,성수1가2동,11646,2115,37.54901484400574,127.04364921266068
11200,11040670,성수2가1동,14374,3188,37.536354152021765,127.05530799122462
11200,11040680,성수2가3동,9786,1982,37.545570426315976,127.0580829960281
11200,11040690,송정동,9800,2003,37.552372774621105,127.06426340741857
11200,11040700,용답동,13137,2547,37.55891653048401,127.05747235603718
11200,11040710,왕십리도선동,25776,4456,37.56685334303193,127.02960478523562
11200,11040720,금호2·3가동,20772,4133,37.55140322883058,127.01996841272775
11200,11040730,옥수동,23930,4487,37.54084682948198,127.02058130019448
11215,11050530,화양동,29557,2560,37.543243916548775,127.07320128807635
11215,11050540,군자동,21737,3421,37.553042496970015,127.07370752986546
11215,11050550,중곡1동,14652,2786,37.56209979317276,127.07768465252862
11215,11050560,중곡2동,19132,3760,37.55890878967764,127.08457879962808
11215,11050570,중곡3동,14658,3211,37.56791070432256,127.0820171570668
11215,11050580,중곡4동,25645,5827,37.56387396752688,127.09449412217334
11215,11050590,능동,10731,1772,37.55059049130983,127.08179050674207
11215,11050600,구의1동,22374,3632,37.541632069991124,127.08571874243398
11215,11050610,구의2동,24189,4962,37.551103719358466,127.09485666346615
11215,11050620,구의3동,25581,4694,37.536958229241776,127.09422218745236
11215,11050630,광장동,31696,4335,37.54782306946574,127.1047137915449
11215,11050640,자양1동,21409,4030,37.53559062391012,127.08045420706553
11215,11050650,자양2동,22234,4696,37.52910321418812,127.08275136650099
11215,11050660,자양3동,25005,4816,37.531367298434134,127.0710177609177
11215,11050670,자양4동,23364,4832,37.533751299948115,127.06362060315598
11230,11060710,회기동,14568,1552,37.59371693647766,127.05151154129159
11230,11060720,휘경1동,15209,2203,37.591955244492674,127.0626007391188
11230,11060730,휘경2동,23712,4493,37.58664122804671,127.06582204497836
11230,11060800,청량리동,17565,5764,37.5888411502213,127.04521594581742
11230,11060810,용신동,37695,7033,37.575559569823966,127.0324539240944
11230,11060820,제기동,23487,5762,37.58374909741679,127.03722488999497
11230,11060830,전농1동,31794,6270,37.57921920316185,127.05095444216552
11230,11060840,전농2동,17469,4035,37.580697661309095,127.06111802611595
11230,11060860,답십리2동,25340,6146,37.57077961792496,127.06103579073616
11230,11060870,장안1동,34915,7423,37.56623849763344,127.06852138858497
11230,11060880,장안2동,30867,6246,37.57564224487103,127.07207254096613
11230,11060890,이문1동,21394,3310,37.597367757807554,127.06044644973186
11230,11060900,이문2동,18538,4398,37.60284072915521,127.06751568135405
11230,11060910,답십리1동,26182,4682,37.57127849445848,127.05187621357554
11260,11070520,면목2동,23272,5334,37.589287614711054,127.0778399361444
11260,11070540,면목4동,17939,4237,37.5736184460684,127.08537358639884
11260,11070550,면목5동,14279,2692,37.582517793471524,127.07887986049332
11260,11070570,면목7동,20948,4939,37.57713876211915,127.0927982340722
11260,11070590,상봉1동,22542,4538,37.60172209389162,127.08944588684541
11260,11070600,상봉2동,21033,3495,37.59432133375105,127.08401526139951
11260,11070610,중화1동,18235,4203,37.60259303879305,127.08307073204485
11260,11070620,중화2동,23869,5661,37.599182008888995,127.0750286560072
11260,11070640,묵1동,32748,6670,37.61372612435221,127.08253301357618
11260,11070650,묵2동,18057,4185,37.61082627173313,127.07462292205719
11260,11070680,망우3동,15733,3926,37.591884957719145,127.10282860254391
11260,11070690,신내1동,36697,8070,37.61316286482833,127.10404015829468
11260,11070700,신내2동,19042,4776,37.61098365398294,127.09158736099519
11260,11070710,면목본동,32932,7012,37.58831624597365,127.08937929014604
11260,11070720,면목3·8동,24065,5719,37.584488735595535,127.09834880116057
11260,11070730,망우본동,37880,7842,37.60213706674916,127.10744222542341
11290,11080580,돈암1동,13370,3249,37.599751169441554,127.02439790331141
11290,11080590,돈암2동,21833,3971,37.59708178690665,127.01160055035382
11290,11080600,안암동,19726,2208,37.5877273124679,127.02722021786775
11290,11080610,보문동,16102,2991,37.582825673802745,127.01913116655004
11290,11080620,정릉1동,17250,3498,37.60327976732074,127.01698171997354
11290,11080630,정릉2동,21405,5007,37.60367473769931,127.00849918668648
11290,11080640,정릉3동,17215,3495,37.612097008391515,126.99458958786512
11290,11080650,정릉4동,23420,5340,37.62394778669687,126.99489713415622
11290,11080660,길음1동,33556,5123,37.608223679823126,127.01974267965805
11290,11080680,길음2동,20717,3406,37.60828694759211,127.0271636124322
11290,11080710,월곡1동,24211,5377,37.607833776382876,127.03655106930162
11290,11080720,월곡2동,19042,4077,37.60322817258496,127.04540282252803
11290,11080760,장위1동,22157,4510,37.61509907309322,127.04465522180982
11290,11080770,장위2동,12630,3457,37.612348791446166,127.05189848200091
11290,11080780,장위3동,14675,2437,37.61825821436692,127.05344990576056
11290,11080810,성북동,15214,3132,37.59668269311527,126.99413199844241
11290,11080820,삼선동,21862,4180,37.58655334415877,127.0117065581392
11290,11080830,동선동,15789,2232,37.593649345711555,127.01851500390515
11290,11080840,종암동,38335,7677,37.597441236346285,127.03386559567151
11290,11080850,석관동,33051,7986,37.60827775491602,127.06135784683796
11305,11090600,번1동,16925,3713,37.637556554979355,127.03061064245719
11305,11090610,번2동,14395,4385,37.629487942670266,127.03474521928504
11305,11090620,번3동,15777,5085,37.623687055166464,127.04218510930663
11305,11090630,수유1동,19686,4839,37.629736691762865,127.01001781929418
11305,11090640,수유2동,19806,5551,37.64542121979544,127.01936445844842
11305,11090650,수유3동,23381,5213,37.6405007800717,127.02344785301166
11305,11090690,삼양동,23169,5518,37.62380426387763,127.0149295601834
11305,11090700,미아동,21089,5115,37.628643020681935,127.02638883121907
11305,11090710,송중동,28119,6633,37.61767232165394,127.03298289278145
11305,11090720,송천동,23928,6800,37.61818602802419,127.02490811188352
11305,11090730,삼각산동,29518,5128,37.6171593283674,127.01652457707196
11305,11090740,우이동,19558,5415,37.66035297214248,127.00048706679657
11305,11090750,인수동,28246,7832,37.63740468177717,127.00354838463407
11320,11100510,쌍문1동,21767,5233,37.65306893444045,127.01951564181485
11320,11100520,쌍문2동,17698,4477,37.657109650327556,127.03691772505121
11320,11100530,쌍문3동,16310,3811,37.64766314699621,127.0305876574024
11320,11100540,쌍문4동,17656,3741,37.65542903775021,127.03042068005225
11320,11100550,방학1동,27204,6856,37.66504454718997,127.04347665883495
11320,11100560,방학2동,18047,4914,37.669186235075735,127.03269154477698
11320,11100570,방학3동,25586,6296,37.66318962550005,127.02356311098212
11320,11100590,창1동,23354,5167,37.64709093256531,127.04354229971125
11320,11100600,창2동,27944,6121,37.64251171171518,127.03676720532442
11320,11100610,창3동,12937,3263,37.637293975826786,127.04172477374523
11320,11100620,창4동,25868,5031,37.65271901626787,127.05090900425209
11320,11100630,창5동,23427,5187,37.65537193730742,127.04278934246139
11320,11100640,도봉1동,19593,6525,37.685321413001,127.0267982493746
11320,11100650,도봉2동,25838,7527,37.68125464553648,127.04770277380082
11350,11110510,월계1동,22143,4677,37.621926325118054,127.05833892599115
11350,11110520,월계2동,25025,6564,37.63397425864865,127.0512955215544
11350,11110530,월계3동,27728,6850,37.62445820759174,127.06482891164973
11350,11110560,공릉2동,43931,6509,37.63162258660376,127.0943219493188
11350,11110580,하계1동,26724,5144,37.63851375579808,127.07506774334415
11350,11110590,하계2동,20393,3765,37.63504657941582,127.06496551748498
11350,11110600,중계본동,21997,2708,37.648629424700154,127.08602024789373
11350,11110610,중계1동,25606,2852,37.65014907035608,127.07370051495651
11350,11110640,중계4동,18712,4476,37.65936386576086,127.0825155782825
11350,11110650,상계1동,35846,8543,37.68338646055139,127.06511512394711
11350,11110660,상계2동,18930,4120,37.656651705538316,127.06709982527248
11350,11110690,상계5동,22395,5706,37.66600955987874,127.06999865165153
11350,11110720,상계8동,21210,3279,37.6665247206066,127.05350427674668
11350,11110730,상계9동,18860,3986,37.667600133722296,127.06218179127342
11350,11110740,상계10동,17430,3162,37.65971816249588,127.05838375942263
11350,11110760,상계3·4동,26590,6817,37.67578014204075,127.08421901209445
11350,11110770,상계6·7동,30368,5610,37.64866170498493,127.06010081939823
11350,11110780,중계2·3동,31221,8159,37.64343980955143,127.06589372799154
11350,11110790,공릉1동,36136,7539,37.62421341241276,127.07255426124044
11380,11120510,녹번동,35836,8162,37.605307492281796,126.93457411510538
11380,11120520,불광1동,36861,8543,37.61687032956035,126.9386591928988
11380,11120550,갈현1동,14283,3397,37.625194352089636,126.91473683087527
11380,11120560,갈현2동,27187,5748,37.61798039368597,126.91245240033787
11380,11120570,구산동,31216,7074,37.611069001030366,126.90730853704311
11380,11120580,대조동,27503,5545,37.6122562636872,126.92315438741149
11380,11120590,응암1동,32530,5988,37.59834495342907,126.92706516307787
11380,11120600,응암2동,27041,4381,37.592092875771236,126.92289578272565
11380,11120650,신사1동,26042,5754,37.59913960633091,126.9085062961106
11380,11120660,신사2동,18667,4354,37.592855159727854,126.90619972349472
11380,11120670,증산동,16274,3433,37.5841279221959,126.90593976986598
11380,11120680,수색동,21147,3451,37.58559042635091,126.89453126673665
11380,11120710,진관동,53286,9681,37.639677524214825,126.93782336475823
11380,11120720,불광2동,26383,6536,37.62427854151785,126.92869862969421
11380,11120730,응암3동,23478,6192,37.588925740661345,126.9175543116372
11380,11120740,역촌동,43184,9547,37.60457169129741,126.91462021732849
11410,11130520,천연동,15776,3494,37.5713196525169,126.95665402402649
11410,11130620,홍제1동,22803,5226,37.58340455255698,126.94431972424618
11410,11130640,홍제3동,16573,4220,37.59238563320729,126.95161455787915
11410,11130650,홍제2동,11751,2882,37.5843861775054,126.95251363322328
11410,11130660,홍은1동,20214,5062,37.600634866290086,126.94693487545509
11410,11130680,홍은2동,27015,5791,37.5871708123009,126.93212943902095
11410,11130690,남가좌1동,15525,2395,37.57181729688481,126.91627889904137
11410,11130700,남가좌2동,29251,5302,37.57792789347635,126.92134582883804
11410,11130710,북가좌1동,16192,3375,37.575415809036215,126.90809668182591
11410,11130720,북가좌2동,28415,7058,37.58117691749245,126.91333898649263
11410,11130730,충현동,18705,3792,37.56394098778464,126.95831856382986
11410,11130740,북아현동,14575,2437,37.55929069199452,126.95501974525621
11410,11130750,신촌동,31637,2123,37.5640762202269,126.94157869711171
11410,11130760,연희동,34422,6528,37.572228998454406,126.93279321553962
11440,11140590,용강동,20587,3202,37.5415288016469,126.94221264802498
11440,11140600,대흥동,16395,2031,37.552036738382434,126.94146543161524
11440,11140610,염리동,16690,2224,37.54989779221633,126.94753731983853
11440,11140630,신수동,22132,3614,37.54565598921849,126.93479342518232
11440,11140660,서교동,25394,3437,37.554748255626855,126.92093730780691
11440,11140680,합정동,15733,2714,37.5469631335538,126.90895733919824
11440,11140690,망원1동,18526,3587,37.55361948285717,126.89975172758508
11440,11140700,망원2동,17347,3374,37.558987911564884,126.90017650141219
11440,11140710,연남동,14551,2540,37.56301787235075,126.92153721611636
11440,11140720,성산1동,18538,3305,37.56200197062214,126.91184564555542
11440,11140730,성산2동,37710,7047,37.56832883555386,126.90196766351593
11440,11140740,상암동,29180,4597,37.570726433930005,126.87990130936636
11440,11140750,도화동,19798,4028,37.538644432518076,126.94910817233475
11440,11140760,서강동,25440,3576,37.54673030014245,126.92603118878732
11440,11140770,공덕동,35190,6396,37.54931836190427,126.95794521537437
11440,11140780,아현동,28205,3940,37.551851291185,126.95270610567916
11470,11150510,목1동,29657,3807,37.52751903953243,126.8744349079777
11470,11150520,목2동,28274,4794,37.543632291969885,126.87428702132519
11470,11150530,목3동,20892,3985,37.5451669643296,126.8655511365128
11470,11150540,목4동,24114,3719,37.53535345429153,126.86695621142856
11470,11150570,신월1동,19321,4969,37.53126925145546,126.83448938233235
11470,11150580,신월2동,20704,4613,37.523421339233344,126.84632621024552
11470,11150590,신월3동,14356,3575,37.53244770467562,126.82746253278073
11470,11150600,신월4동,17160,3836,37.522155325603244,126.8398530422439
11470,11150610,신월5동,13884,2830,37.54090138334727,126.82943642545276
11470,11150620,신월6동,13737,2241,37.515984655019516,126.8421622444375
11470,11150630,신월7동,18506,4876,37.5190539589994,126.8306044360219
11470,11150640,신정1동,19341,3066,37.518905595510404,126.85967065592169
11470,11150650,신정2동,18485,3042,37.519407493006355,126.87479419297982
11470,11150660,신정3동,49152,9244,37.51180589659563,126.84109343141061
11470,11150690,신정6동,23399,3371,37.5158840334216,126.86976733195303
11470,11150700,신정7동,27917,5796,37.50987689132935,126.86540806627093
11470,11150710,목5동,39733,5507,37.5360517961791,126.87988213788711
11470,11150720,신정4동,32343,6903,37.52541055118131,126.85761807276411
11500,11160510,염창동,40776,5306,37.55454504910525,126.8718014307432
11500,11160520,등촌1동,24945,3356,37.55585907533555,126.85960959460603
11500,11160530,등촌2동,18861,3726,37.54584405831717,126.86002721421451
11500,11160540,등촌3동,28839,7748,37.56120367679281,126.84619496898414
11500,11160550,화곡본동,32421,5743,37.542635503179916,126.8481181144423
11500,11160570,화곡2동,16994,3270,37.532261887617466,126.85438256110307
11500,11160580,화곡3동,20562,4836,37.54399420355244,126.83430514337333
11500,11160590,화곡4동,19450,4475,37.53608099212302,126.85859684864388
11500,11160610,화곡6동,25693,4588,37.551721148939805,126.85123082118629
11500,11160630,화곡8동,23041,4986,37.53426695362603,126.84877256804324
11500,11160650,가양2동,13267,4713,37.566768524851945,126.85435664618487
11500,11160660,가양3동,13744,4071,37.56080688341368,126.86109864288886
11500,11160670,발산1동,35066,5830,37.55050718758687,126.82526217165343
11500,11160690,공항동,29940,4778,37.555864406160055,126.79489906875467
11500,11160700,방화1동,41295,7724,37.568606321809135,126.81757799156696
11500,11160710,방화2동,22766,5544,37.58271423313059,126.8040267789274
11500,11160730,화곡1동,50714,9745,37.53377324683132,126.8409219728741
11500,11160740,우장산동,42892,7064,37.550612076887845,126.84113168630051
11500,11160751,가양1동,33478,3775,37.571877468475954,126.83490846472004
11500,11160761,방화3동,21427,5968,37.58211504110778,126.81759006865447
11530,11170510,신도림동,32326,5024,37.51003038085966,126.88217457560013
11530,11170520,구로1동,18504,3032,37.49314067183639,126.87539788255822
11530,11170540,구로3동,23481,3931,37.484873315292845,126.89491415427236
11530,11170550,구로4동,23039,5590,37.49160778321708,126.89030917197564
11530,11170560,구로5동,30422,5766,37.501992406002685,126.88855063743787
11530,11170610,고척1동,24686,5024,37.50070751151127,126.86370017153443
11530,11170620,고척2동,23720,5687,37.50589528626588,126.85346854585697
11530,11170640,개봉2동,26741,6881,37.492572081755775,126.85648508960064
11530,11170650,개봉3동,18028,4599,37.48653804320861,126.8522196926818
11530,11170670,오류1동,21431,4504,37.496868406317084,126.84164833173244
11530,11170690,수궁동,20666,4849,37.49843711790284,126.82601652073166
11530,11170700,가리봉동,14321,3079,37.4826938492704,126.88806000527013
11530,11170710,구로2동,31269,7316,37.49687629134966,126.87991812590633
11530,11170720,개봉1동,31159,7323,37.50000358102159,126.84912653960899
11530,11170730,오류2동,33296,7515,37.48529985900878,126.83845117672766
11530,11170740,항동,15080,1907,37.481035312498655,126.82459584964681
11545,11180510,가산동,26339,3305,37.47666082414297,126.88379132379067
11545,11180520,독산1동,45213,6692,37.46430766981093,126.89249564631602
11545,11180530,독산2동,17973,4170,37.46394955578288,126.90273238925687
11545,11180540,독산3동,26477,5968,37.475786465899965,126.90460559764438
11545,11180550,독산4동,15546,3476,37.46917496158803,126.90409064269912
11545,11180570,시흥1동,31366,7303,37.4524102700217,126.90014751538048
11545,11180580,시흥2동,18206,4420,37.45090382093008,126.919823520237
11545,11180590,시흥3동,9347,2446,37.440077796249994,126.90599954511455
11545,11180600,시흥4동,17935,4651,37.460069302245245,126.9093085417835
11545,11180610,시흥5동,16755,4606,37.44746198755058,126.91235706522704
11560,11190540,여의동,29237,6102,37.528505796990586,126.92847169313609
11560,11190550,당산1동,19395,3417,37.52390245620845,126.89677920697633
11560,11190560,당산2동,33350,4742,37.53410770064063,126.90237135811522
11560,11190610,양평1동,16667,2354,37.52545711867675,126.88671756214832
11560,11190620,양평2동,20906,2881,37.543505609711175,126.89059120204618
11560,11190630,신길1동,19626,3824,37.51243114716352,126.91947932410608
11560,11190650,신길3동,16016,3428,37.506238487391236,126.90577244977526
11560,11190660,신길4동,11849,2567,37.506880491973604,126.91282913992585
11560,11190670,신길5동,10410,2295,37.500960431807506,126.90551182207423
11560,11190680,신길6동,16694,3409,37.49879078413937,126.91358762660633
11560,11190690,신길7동,18222,2769,37.50594136134958,126.91956241531871
11560,11190700,대림1동,16448,3753,37.49367863697408,126.90521634033902
11560,11190710,대림2동,20975,4425,37.48962033814337,126.90050284226855
11560,11190720,대림3동,25296,5629,37.50000124307266,126.89714182456493
11560,11190730,영등포본동,21478,4706,37.51367502550091,126.9095312839148
11560,11190740,영등포동,28906,3344,37.52159276501047,126.90759904965331
11560,11190750,도림동,19206,3790,37.5091110375928,126.90055834068795
11560,11190760,문래동,29092,5135,37.516531099027034,126.89105912900361
11590,11200520,노량진2동,8832,1887,37.51095597575398,126.93780933621207
11590,11200530,상도1동,45216,7825,37.49837077985413,126.95335262837337
11590,11200540,상도2동,26320,4656,37.50368119995858,126.94187036164615
11590,11200550,상도3동,23292,5083,37.497565084411484,126.93293318151221
11590,11200560,상도4동,28093,5840,37.49742138738589,126.9406696413819
11590,11200630,사당1동,22010,4154,37.479787030874064,126.9775180452812
11590,11200650,사당3동,22412,4980,37.488753346051766,126.97097661716526
11590,11200660,사당4동,13255,3009,37.48053910068521,126.97075896253443
11590,11200670,사당5동,13414,2566,37.48579905735691,126.96495942956183
11590,11200680,대방동,34709,5999,37.50690412352297,126.9280462188189
11590,11200690,신대방1동,25435,5122,37.489983478892164,126.9106716892522
11590,11200700,신대방2동,21297,3755,37.49457868452071,126.92166848538028
11590,11200710,흑석동,32802,5297,37.50542550473506,126.96223687532232
11590,11200720,노량진1동,32125,6438,37.512236027340826,126.94895753491555
11590,11200730,사당2동,26587,6172,37.49719599074206,126.9748305443703
11620,11210520,보라매동,22770,5028,37.49039976627984,126.93257631455813
11620,11210540,청림동,13719,2986,37.489562660308344,126.95948144028169
11620,11210570,행운동,28051,4656,37.48097454348019,126.96055306164254
11620,11210580,낙성대동,22130,2118,37.46768842457095,126.95984335115342
11620,11210610,중앙동,14896,2540,37.4841515011144,126.95065911082312
11620,11210620,인헌동,24120,4309,37.46970047957372,126.96756094637378
11620,11210630,남현동,16658,3122,37.46411216137975,126.977768367752
11620,11210640,서원동,22862,3646,37.48059931560871,126.93333223129108
11620,11210650,신원동,17848,3583,37.479395319272825,126.92661365252103
11620,11210660,서림동,23380,3900,37.47286139888896,126.94149179597188
11620,11210680,신사동,24776,4362,37.48582557541441,126.91862482523544
11620,11210690,신림동,23053,2204,37.48714150156274,126.92716843642354
11620,11210710,난향동,13798,3064,37.46150295593949,126.91852421405711
11620,11210720,조원동,20818,3531,37.482823964642044,126.90734826808928
11620,11210730,대학동,25678,3415,37.452911124844384,126.94852028983229
11620,11210780,은천동,30712,6397,37.486999093616525,126.94209910900376
11620,11210790,성현동,26433,5863,37.489550179178096,126.95104675666727
11620,11210800,청룡동,35600,5074,37.47805691246257,126.94581027696638
11620,11210810,난곡동,24172,5929,37.470637245102374,126.92113775266095
11620,11210820,삼성동,18335,5800,37.4608507506664,126.93008908245702
11620,11210830,미성동,28002,6611,37.47592782776855,126.91547491751732
11650,11220510,서초1동,20977,3593,37.48693597642364,127.02010086935124
11650,11220520,서초2동,24862,3233,37.488827599293316,127.0279086851866
11650,11220530,서초3동,32059,5442,37.48551989578168,127.00945377612601
11650,11220540,서초4동,29842,4621,37.498946995978265,127.01981423938845
11650,11220550,잠원동,26505,3748,37.51707901420649,127.01273676863788
11650,11220560,반포본동,147,21,37.50421187177748,126.98755709626887
11650,11220570,반포1동,34126,4461,37.5055285154992,127.01676252953976
11650,11220580,반포2동,25820,3768,37.50722482648305,126.9959620063376
11650,11220590,반포3동,23555,3526,37.51232734872134,127.0039763133791
11650,11220600,반포4동,18529,3244,37.49955079038889,127.0033532606912
11650,11220610,방배본동,19755,3354,37.49505079368576,126.9877252332324
11650,11220620,방배1동,16338,3295,37.48487654609067,126.9962598849211
11650,11220630,방배2동,17927,3990,37.47320606555634,126.98842374428892
11650,11220640,방배3동,15367,3183,37.47437227194184,126.99792245210092
11650,11220650,방배4동,22698,3855,37.489832193566855,126.99097861079501
11650,11220660,양재1동,41672,8247,37.46950068483665,127.02249633211234
11650,11220670,양재2동,21471,3385,37.45115191864339,127.04575266852211
11650,11220680,내곡동,16727,3640,37.455858971284094,127.0706318980038
11680,11230510,신사동,14826,3163,37.526076923223556,127.02018473566378
11680,11230511,개포3동,16687,3764,37.49628805538419,127.07882838980365
11680,11230520,논현1동,21412,3141,37.51187028311384,127.02649932567611
11680,11230530,논현2동,20370,3365,37.51524000529456,127.03621131353215
11680,11230580,삼성1동,11754,2317,37.51530449006637,127.06080229361449
11680,11230590,삼성2동,30215,4054,37.51185751041183,127.04877731814182
11680,11230600,대치1동,23790,2907,37.49336319469428,127.0590899333157
11680,11230630,대치4동,18865,2280,37.501565334034275,127.05475390313539
11680,11230640,역삼1동,35685,4011,37.50084456171529,127.03549896463961
11680,11230650,역삼2동,36494,3884,37.498483710449406,127.04489561066795
11680,11230660,도곡1동,20336,3348,37.48888765663679,127.04101114389466
11680,11230670,도곡2동,31299,5424,37.48827562406061,127.04979801187706
11680,11230680,개포1동,25761,3947,37.47778212792943,127.0623238765146
11680,11230710,개포4동,23118,3797,37.47533332312953,127.0534106899746
11680,11230720,일원본동,22471,3732,37.48230850498251,127.08454735605943
11680,11230730,일원1동,14572,3651,37.493466485641655,127.08924186518195
11680,11230750,수서동,13834,5281,37.48692072540046,127.10014330563155
11680,11230760,세곡동,47250,8192,37.47065879404623,127.10430475429416
11680,11230770,압구정동,24468,5558,37.529752013002664,127.03431373621397
11680,11230780,청담동,23566,4061,37.52439200020297,127.05046431030844
11680,11230790,대치2동,38001,5765,37.50098747995316,127.0656574243501
11680,11230800,개포2동,42571,5650,37.48467354888202,127.06901078774486
11710,11240510,풍납1동,12309,3125,37.53843743191882,127.11465989003959
11710,11240520,풍납2동,23273,4381,37.53016661817868,127.10816319784479
11710,11240530,거여1동,11812,2709,37.4947533572413,127.1418632262961
11710,11240540,거여2동,23124,4765,37.49229741053602,127.14712937734586
11710,11240550,마천1동,16962,4432,37.49531798762811,127.15601232817302
11710,11240560,마천2동,17498,4827,37.50053192018303,127.15064882544358
11710,11240570,방이1동,15010,2651,37.50985491458527,127.12245400865987
11710,11240580,방이2동,27060,3945,37.51324706884398,127.11389244075521
11710,11240590,오륜동,17712,3404,37.51742909710768,127.1288352773414
11710,11240600,오금동,37483,7618,37.50400495347947,127.13402057869381
11710,11240610,송파1동,23136,3826,37.50717836038914,127.11036607857986
11710,11240620,송파2동,18435,3332,37.502853246703054,127.11700927393193
11710,11240630,석촌동,31010,5197,37.50272624593617,127.10251282912118
11710,11240640,삼전동,28888,4554,37.50190257740025,127.09188809033263
11710,11240650,가락본동,25002,4538,37.497019334341594,127.12165358988885
11710,11240660,가락1동,27117,4155,37.495188046403555,127.10827277198364
11710,11240670,가락2동,30602,4991,37.49585317782622,127.13076636417888
11710,11240680,문정1동,19615,3539,37.48844250739559,127.1269035147125
11710,11240690,문정2동,28161,4533,37.48119659470755,127.11914117912654
11710,11240710,잠실본동,28021,4318,37.505988014601,127.08262032131046
11710,11240750,잠실4동,20528,3244,37.520699861924435,127.10916169316825
11710,11240770,잠실6동,15934,3278,37.51977242811455,127.09946333683129
11710,11240780,잠실7동,8833,2350,37.50731814764343,127.07388403599332
11710,11240790,잠실2동,34134,4037,37.517428782946475,127.079342277867
11710,11240800,잠실3동,32918,6571,37.5138974977386,127.09423948266739
11710,11240810,장지동,30151,5435,37.48297391907989,127.13150452021117
11710,11240820,위례동,45383,4200,37.48159972777354,127.14122730453933
11740,11250530,명일1동,25110,4740,37.55034957445081,127.14594542030832
11740,11250540,명일2동,16893,3074,37.54823550297017,127.154280815811
11740,11250550,고덕1동,24362,3500,37.56170532176804,127.15093601550707
11740,11250560,고덕2동,26285,3930,37.56510378924377,127.16275604241905
11740,11250580,암사2동,14968,2856,37.55703257671424,127.12368602257865
11740,11250590,암사3동,17077,3100,37.56118661192266,127.13863777122353
11740,11250610,천호1동,26183,6087,37.54632524187874,127.13854822704577
11740,11250630,천호3동,27214,5283,37.5396932020009,127.13330927682841
11740,11250650,성내1동,19346,3538,37.52869172022278,127.1255403297175
11740,11250660,성내2동,25101,5117,37.53440211989832,127.12770532320543
11740,11250670,성내3동,22489,4485,37.5283478447184,127.13377221403846
11740,11250700,둔촌1동,20,0,37.523065057626084,127.14041868542893
11740,11250710,둔촌2동,24616,5113,37.53130844834864,127.14724336652765
11740,11250720,암사1동,34028,7084,37.55184836725838,127.13459547441344
11740,11250730,천호2동,35201,7413,37.544992408777105,127.12200908087033
11740,11250740,길동,48431,9908,37.53969617431224,127.14596635521214
11740,11250750,강일동,35708,6707,37.568941084027074,127.17335631918893
11740,11250760,상일1동,39937,5544,37.55063831353722,127.16478734567973
11740,11250770,상일2동,13975,2209,37.55185592599013,127.17747417391277
26110,21010510,중앙동,3894,905,35.104898023255735,129.0388426024172
26110,21010520,동광동,2513,912,35.10365353106094,129.0344228557927
26110,21010530,대청동,5254,1740,35.10519190809662,129.0310022221672
26110,21010540,보수동,9625,3039,35.10624342842501,129.0250611329589
26110,21010560,부평동,4036,1444,35.101149930481725,129.02516817547797
26110,21010570,광복동,821,305,35.10033600522844,129.0309422022176
26110,21010580,남포동,986,313,35.0973984872372,129.0301250897278
26110,21010590,영주1동,4461,1248,35.11174924088384,129.03521104837654
26110,21010600,영주2동,5946,2260,35.112144655081536,129.0306745716321
26140,21020510,동대신1동,5133,1451,35.10999572616596,129.02223010352637
26140,21020520,동대신2동,6320,2398,35.11339675859098,129.02315295999847
26140,21020530,동대신3동,7004,2017,35.12372533780165,129.02162327685917
26140,21020540,서대신1동,14508,3250,35.108943566012925,129.01244458541646
26140,21020560,서대신3동,7224,1819,35.11415600533363,129.00857890449518
26140,21020570,서대신4동,6820,1713,35.12799087592585,129.01012399827738
26140,21020590,부민동,8240,1656,35.10465604718407,129.01781200620673
26140,21020610,아미동,6258,2420,35.10026073585347,129.0133715400035
26140,21020630,초장동,3588,1533,35.094148914122634,129.01749698865837
26140,21020640,충무동,9729,2826,35.097425481456625,129.02277750832823
26140,21020650,남부민1동,4498,1814,35.09022705673011,129.0217191442781
26140,21020680,암남동,16299,4467,35.0703124406618,129.0144709597902
26140,21020690,남부민2동,7566,3056,35.0849120456276,129.02159992876614
26170,21030510,초량1동,5409,1463,35.114906096089484,129.03710303407496
26170,21030520,초량2동,5381,1854,35.117919713879935,129.0354297780636
26170,21030530,초량3동,13034,2300,35.11748437236228,129.04548556580463
26170,21030550,초량6동,4988,1958,35.12346877510463,129.03043855443343
26170,21030560,수정1동,3799,1210,35.12501600665334,129.0404938314793
26170,21030570,수정2동,8684,2877,35.13209192466618,129.03891395591984
26170,21030590,수정4동,3265,1456,35.1303393252766,129.0336968708445
26170,21030600,수정5동,4533,1806,35.13645756485438,129.04177310925445
26170,21030660,범일2동,6916,1817,35.13612631781996,129.06179908637392
26170,21030680,범일5동,8645,1449,35.12692557985593,129.0570450656936
26170,21030700,좌천동,10965,3584,35.13423438764072,129.05060755086757
26170,21030710,범일1동,10290,3888,35.141204702598614,129.04823557978645
26200,21040530,남항동,10033,3879,35.08907448992828,129.03699045867452
26200,21040540,영선1동,3468,1305,35.089188894740815,129.04314197982575
26200,21040550,영선2동,6754,2554,35.07992938600869,129.04526589687066
26200,21040590,봉래1동,5858,2156,35.0943286117436,129.04304000529774
26200,21040630,청학1동,4986,1782,35.09601533836764,129.05722343454428
26200,21040640,청학2동,15341,5052,35.08971493722735,129.0633468498965
26200,21040650,동삼1동,27457,8119,35.07532707563272,129.06711857854975
26200,21040660,동삼2동,8137,1207,35.063706390970026,129.08254303803898
26200,21040670,동삼3동,8540,3579,35.08420332553833,129.06869403219468
26200,21040680,신선동,6434,2891,35.08436882713295,129.04902077214965
26200,21040690,봉래2동,6730,2147,35.093551144919886,129.05102894959225
26230,21050520,부전2동,12037,1583,35.154448968034885,129.0574290353247
26230,21050540,연지동,24919,5913,35.17198936413614,129.05333105331377
26230,21050550,초읍동,21200,6612,35.18593418138773,129.04054331680965
26230,21050560,양정1동,19004,4512,35.172089857416786,129.06682340872024
26230,21050570,양정2동,15318,2815,35.17220672698981,129.07563527467798
26230,21050610,전포2동,22697,5485,35.16194042455261,129.070393945574
26230,21050640,부암1동,22596,4738,35.164514338490164,129.04924880599762
26230,21050660,부암3동,20727,4358,35.17544080414568,129.03310711422182
26230,21050680,당감2동,11775,2829,35.15903390908942,129.0419590972604
26230,21050700,당감4동,9887,2659,35.17091534664173,129.0296117515088
26230,21050720,가야2동,17919,4611,35.14568443289512,129.02753362408825
26230,21050740,개금1동,18243,3428,35.15132404434453,129.0216632857095
26230,21050750,개금2동,9706,2748,35.14200274626078,129.0182864602502
26230,21050760,개금3동,25784,6717,35.15988983638391,129.0214090774938
26230,21050770,범천1동,12090,2463,35.14576929096392,129.06028816497664
26230,21050800,당감1동,20351,5664,35.16881435665131,129.02403574035515
26230,21050810,가야1동,19795,4402,35.147953562744235,129.03635788443012
26230,21050820,부전1동,14289,2733,35.164181123255766,129.05935765311114
26230,21050830,전포1동,20211,3231,35.15408984863749,129.07157668018976
26230,21050840,범천2동,20733,5340,35.148785578225905,129.049176388515
26260,21060510,수민동,31247,7639,35.197789964017886,129.08869825157302
26260,21060520,복산동,8124,2938,35.205663294562775,129.09022587885445
26260,21060550,온천1동,28652,5303,35.22025005470571,129.07472075416032
26260,21060560,온천2동,24081,4944,35.21389374574835,129.06554778327393
26260,21060570,온천3동,36172,8278,35.20613901194286,129.06403775505038
26260,21060580,사직1동,11782,2618,35.199007064201965,129.0627075494661
26260,21060590,사직2동,24574,3651,35.19887840669163,129.05365559485358
26260,21060600,사직3동,16829,3566,35.198862944159714,129.0712212444856
26260,21060610,안락1동,13365,4107,35.19882907438279,129.0987438051727
26260,21060620,안락2동,26217,6204,35.19444987812749,129.10939069085444
26260,21060630,명장1동,13326,3662,35.2047329220836,129.1067757917412
26260,21060640,명장2동,13655,3903,35.20935904876301,129.09822131256686
26260,21060650,명륜동,26347,4120,35.21096091230997,129.08505782127568
26290,21070530,대연3동,41562,5388,35.145444631382475,129.09611239330977
26290,21070540,대연4동,13729,3408,35.1274265757442,129.0910636397586
26290,21070550,대연5동,15991,3733,35.14150770916504,129.08949330429058
26290,21070560,대연6동,15164,2856,35.13824051767381,129.08212767925255
26290,21070570,용호1동,40355,9635,35.125541837204544,129.10970933410937
26290,21070580,용호2동,18299,4576,35.107626158678684,129.11889295794265
26290,21070590,용호3동,10026,3643,35.12114830604265,129.11976892240503
26290,21070600,용호4동,7350,2261,35.10421543368113,129.1066245671885
26290,21070610,용당동,8101,2094,35.11225391029347,129.09761941108118
26290,21070620,감만1동,7626,2193,35.111657956309266,129.07931060528114
26290,21070630,감만2동,6104,2408,35.12169431629511,129.08487409596097
26290,21070660,문현1동,10082,2906,35.145887803190305,129.07657973295625
26290,21070670,문현2동,7897,2084,35.144566869126486,129.06667737887767
26290,21070680,문현3동,15388,3668,35.138704828416074,129.0735810097283
26290,21070690,문현4동,8262,2551,35.132968165494354,129.07091216890637
26290,21070700,대연1동,17195,3987,35.13265462443915,129.08877478567868
26290,21070710,우암동,11365,4151,35.126071088599154,129.07548075594494
26320,21080510,구포1동,14990,3906,35.20524839401242,129.00769532303286
26320,21080520,구포2동,23072,5712,35.19946737270019,128.9965647697691
26320,21080530,구포3동,19104,4440,35.194825842158636,129.01316380343775
26320,21080540,금곡동,34540,10218,35.26173115183481,129.02315890591677
26320,21080550,화명1동,38473,5810,35.231831680390805,129.028630633032
26320,21080560,덕천1동,13481,3775,35.21701118230404,129.01808647220918
26320,21080570,덕천2동,10900,3295,35.216219955724895,129.00272578292675
26320,21080580,덕천3동,9654,3061,35.20783940546602,129.01830183511106
26320,21080590,만덕1동,15918,3504,35.22062784907618,129.04170355615423
26320,21080600,만덕2동,25993,6064,35.205815789520344,129.0392135005484
26320,21080610,만덕3동,17216,4768,35.20449667248437,129.0268174754903
26320,21080620,화명2동,16695,3425,35.246962015831684,129.03166226176626
26320,21080630,화명3동,27656,4731,35.23371272908691,129.00580919990605
26350,21090530,중1동,26789,5017,35.16373277932537,129.16951129651784
26350,21090540,중2동,15337,3446,35.1609887159892,129.1841915275219
26350,21090560,송정동,9139,2881,35.184573843463674,129.19748545885415
26350,21090580,반여2동,11225,3629,35.19629331488685,129.13808652365776
26350,21090590,반여3동,7461,2652,35.20135537512191,129.14024917268833
26350,21090620,반송2동,20883,7764,35.23550744540023,129.15196181809844
26350,21090640,재송1동,36247,5681,35.1827434204543,129.1250202565831
26350,21090650,재송2동,22153,5785,35.18992552438146,129.132752148699
26350,21090660,좌1동,16922,2958,35.17375846612966,129.17605998502853
26350,21090670,좌2동,29971,5615,35.17006651942734,129.1844203982904
26350,21090680,좌3동,14891,3479,35.17298543966873,129.16726565484672
26350,21090690,좌4동,21594,3877,35.18983928444007,129.17271050328998
26350,21090700,반여1동,35402,6530,35.20747948958331,129.13075287263638
26350,21090710,반여4동,14591,2946,35.2080991515082,129.11547278528414
26350,21090720,반송1동,13750,4619,35.22095554503081,129.14380871628046
26350,21090730,우1동,23337,5281,35.16819060834453,129.15634851272375
26350,21090740,우2동,29551,6001,35.17852912289338,129.14429452289232
26350,21090750,우3동,27161,5383,35.15897431621903,129.14418496287865
26380,21100510,괴정1동,17274,5353,35.09902456129665,128.98958054641673
26380,21100520,괴정2동,14222,3864,35.1078951614321,129.00088354082914
26380,21100530,괴정3동,11369,3766,35.10057435423152,128.99628968329313
26380,21100540,괴정4동,14599,3396,35.101546050632436,128.9840445987249
26380,21100550,당리동,23154,6284,35.1123677466819,128.9831568027604
26380,21100560,하단1동,20939,4797,35.095382500561286,128.94418309481293
26380,21100570,하단2동,26661,5039,35.11685211783996,128.95578352155036
26380,21100580,신평1동,15406,4048,35.090596205046076,128.97511882422836
26380,21100590,신평2동,17151,3473,35.09056108541085,128.96041714845757
26380,21100600,장림1동,12068,2322,35.07685387880925,128.96309361712127
26380,21100610,장림2동,25302,5642,35.075632918948585,128.97603731974013
26380,21100620,다대1동,35697,8316,35.05514508382127,128.95590358847645
26380,21100630,다대2동,24458,6569,35.059369906885145,128.9857521502737
26380,21100640,구평동,12498,2288,35.073497764379695,128.99072416107913
26380,21100650,감천1동,16744,5350,35.0872481797798,129.00279275278345
26380,21100660,감천2동,4950,2094,35.09406770036966,129.00817414271435
26410,21110510,서1동,4052,1671,35.21824057068865,129.09805550851465
26410,21110520,서2동,7737,2709,35.21281427702255,129.10450150614662
26410,21110570,부곡1동,6939,2702,35.223908722833684,129.09491501334801
26410,21110580,부곡2동,15901,3941,35.230653625363054,129.09620007431758
26410,21110590,부곡3동,14791,3729,35.246843381908455,129.1144260193666
26410,21110600,부곡4동,11050,3730,35.21920832347564,129.0910112689916
26410,21110610,장전1동,19952,2895,35.241494928818405,129.07578966011562
26410,21110640,선두구동,1795,754,35.28166059848938,129.11189753319601
26410,21110670,청룡노포동,8730,3129,35.285684901680405,129.07917238663282
26410,21110680,남산동,27619,7394,35.26803015308208,129.08059775266065
26410,21110690,구서1동,17237,3936,35.249981896540376,129.08973272774494
26410,21110700,구서2동,29153,7517,35.25755656479372,129.07995807804426
26410,21110710,금성동,836,293,35.254078567866614,129.05392323483238
26410,21110720,서3동,9486,3496,35.22029446587106,129.1047908702871
26410,21110730,금사회동동,6905,2650,35.23308468601143,129.12312557915686
26410,21110740,장전2동,27750,5697,35.231030754596674,129.07394509240774
26440,21120510,대저1동,5303,2345,35.21109124887156,128.96608666529343
26440,21120520,대저2동,5848,1765,35.16048796731111,128.94262755899973
26440,21120530,강동동,6120,1766,35.18046518088868,128.91862991048163
26440,21120550,가락동,2125,990,35.185434099800844,128.89441942644967
26440,21120561,녹산동,22677,2762,35.12917168345647,128.85534687290317
26440,21120562,신호동,15908,2379,35.08290977780037,128.87598416394727
26440,21120580,가덕도동,3934,1469,35.04327456577943,128.8248866408937
26440,21120590,명지1동,52507,4925,35.11010486159617,128.9153532452
26440,21120600,명지2동,28368,2958,35.07279055294884,128.90508611138102
26470,21130510,거제1동,27937,5633,35.19382828765156,129.0774985102295
26470,21130520,거제2동,24733,3142,35.188721216168,129.06006749422994
26470,21130530,거제3동,9028,2963,35.18283604310644,129.071901609652
26470,21130540,거제4동,9435,2558,35.18086740658441,129.06556273866408
26470,21130550,연산1동,15678,3868,35.18866266283794,129.08998516626121
26470,21130560,연산2동,21613,4300,35.17180667283661,129.08128087330041
26470,21130570,연산3동,10179,2643,35.16903494672424,129.09159222655725
26470,21130580,연산4동,16021,4577,35.18374533766354,129.08753486088406
26470,21130590,연산5동,16997,3389,35.18394228563904,129.0782515339295
26470,21130600,연산6동,15337,4649,35.17069808822675,129.08848355028945
26470,21130620,연산8동,13123,3047,35.18637126519,129.09702586074584
26470,21130630,연산9동,32507,8212,35.18403825088846,129.10705291775588
26500,21140510,남천1동,16723,3823,35.14446237601989,129.10779774285123
26500,21140520,남천2동,13065,3010,35.143322542415184,129.11443516848846
26500,21140530,수영동,13670,4627,35.17047990363933,129.11760488282798
26500,21140540,망미1동,25487,7871,35.1713574318551,129.10071066850998
26500,21140550,망미2동,9785,2764,35.177096857029646,129.1146874220096
26500,21140560,광안1동,24877,5600,35.1627481258072,129.11164110243107
26500,21140570,광안2동,18262,4069,35.154418280083334,129.1154775468938
26500,21140580,광안3동,9535,2641,35.1677632097469,129.11080077165377
26500,21140590,광안4동,13264,3322,35.15673632636151,129.10485616144607
26500,21140600,민락동,27250,6359,35.1595055981851,129.1256777031165
26530,21150510,삼락동,5238,1609,35.17507524771871,128.97227995230614
26530,21150520,모라1동,24691,6633,35.18825866295169,128.98998554909753
26530,21150540,모라3동,8649,3900,35.18264410495019,129.00695585051417
26530,21150550,덕포1동,11596,2537,35.169694839633216,128.98706795820937
26530,21150560,덕포2동,11658,3061,35.17634124408158,128.9889292911271
26530,21150570,괘법동,24932,4730,35.1661480352866,128.99322126521864
26530,21150600,주례1동,15700,3398,35.15565400762224,129.00043287790888
26530,21150610,주례2동,24048,4407,35.15249902881766,129.0106110800569
26530,21150620,주례3동,11436,3074,35.145269289218454,129.0013069721545
26530,21150630,학장동,25649,6867,35.137711820393896,128.9888454081978
26530,21150640,엄궁동,23172,4693,35.129991914418575,128.97060359798232
26530,21150650,감전동,11864,3582,35.15027805909071,128.97903093173863
26710,21510110,기장읍,51027,13447,35.22582607628052,129.20729658654216
26710,21510111,일광읍,29335,4731,35.28714168357165,129.22335844129964
26710,21510120,장안읍,9156,2807,35.34946548907911,129.2472004657706
26710,21510130,정관읍,78968,10536,35.33599389263906,129.17792657535196
26710,21510330,철마면,7140,2807,35.28195743693341,129.15446323696753
27110,22010540,삼덕동,7310,906,35.86515792038262,128.60447379058184
27110,22010560,성내1동,4881,862,35.86845656931251,128.59717768729516
27110,22010590,성내2동,8038,1262,35.87059269065439,128.58918104867737
27110,22010610,성내3동,12502,1334,35.874939468672075,128.58248940244746
27110,22010620,대신동,7408,1599,35.867316032936465,128.57898606722625
27110,22010640,남산1동,4873,1103,35.859965436696676,128.5926747919233
27110,22010650,남산2동,7257,1202,35.86413624250354,128.58827933581134
27110,22010660,남산3동,6158,1574,35.859900833620344,128.58598975114614
27110,22010670,남산4동,16603,3369,35.86089546718726,128.579221160715
27110,22010680,대봉1동,7789,1675,35.859377346385564,128.6045927198488
27110,22010690,대봉2동,4766,900,35.857667744323095,128.59870274109602
27110,22010700,동인동,10127,2201,35.870261755566915,128.60761276860933
27140,22020510,신암1동,11071,2780,35.88532825765932,128.61832073966227
27140,22020520,신암2동,11704,2539,35.877931511898254,128.61204111530253
27140,22020530,신암3동,11265,2156,35.87968301805589,128.62099892596106
27140,22020540,신암4동,18077,3636,35.884747226951184,128.62818967304358
27140,22020550,신암5동,7524,2070,35.888874822869155,128.63423339644982
27140,22020560,신천1·2동,11453,3582,35.87196954145337,128.6160119402031
27140,22020580,신천3동,14235,2474,35.87249042870543,128.62239652511727
27140,22020590,신천4동,10249,2099,35.872869771298596,128.62975379333895
27140,22020600,효목1동,11887,4107,35.881936747693366,128.64557929381576
27140,22020610,효목2동,13729,3688,35.877195373719914,128.63812313958192
27140,22020620,도평동,3564,1171,35.926451568070014,128.6868324381764
27140,22020630,불로·봉무동,19900,3904,35.922007014024864,128.6422065257959
27140,22020650,지저동,13026,3991,35.898588572166865,128.63995862476685
27140,22020660,동촌동,14469,4286,35.893860039324345,128.6525657619216
27140,22020680,방촌동,17276,5256,35.877856561010184,128.66465871513418
27140,22020690,해안동,13615,4301,35.898424529205606,128.68501492941044
27140,22020710,공산동,20571,6172,35.97519994391112,128.67712186332457
27140,22020730,안심1동,38269,8976,35.86544952549477,128.69558717331998
27140,22020740,안심2동,16107,3229,35.9018512434444,128.71339991361629
27140,22020760,안심3동,20351,3277,35.863598985156706,128.73843204914843
27140,22020770,안심4동,26807,5102,35.8697634139217,128.7173432192286
27140,22020780,혁신동,17188,2106,35.89140693717314,128.7380405925385
27170,22030510,내당1동,9617,2551,35.862039997668894,128.56169814673825
27170,22030520,내당2·3동,8246,2938,35.865209874717415,128.57141036473658
27170,22030530,내당4동,14448,4177,35.85918799192134,128.55082339279227
27170,22030540,비산1동,8212,2593,35.88198767896112,128.56669805885272
27170,22030550,비산2·3동,7864,2982,35.87659313568671,128.57438779218612
27170,22030560,비산4동,8487,2667,35.86993631621807,128.57245642127032
27170,22030570,비산5동,5169,1828,35.88645066444914,128.56809577638455
27170,22030580,비산6동,6521,2060,35.87568764827225,128.56933055849788
27170,22030590,비산7동,9643,2683,35.88776568307845,128.54971273785725
27170,22030600,평리1동,6533,2097,35.876450130750975,128.5652962017424
27170,22030610,평리2동,7023,1856,35.86919376786421,128.5657492005842
27170,22030620,평리3동,12612,3257,35.87602139078505,128.5588037294927
27170,22030630,평리4동,15491,3894,35.86753610878559,128.55797649850726
27170,22030640,평리5동,9567,1145,35.8722079750012,128.55080880383753
27170,22030650,평리6동,5642,1263,35.879037000940905,128.54993144045022
27170,22030660,상중이동,18062,4720,35.87247245772565,128.5345222177997
27170,22030680,원대동,9998,2513,35.884019606036965,128.57652176523203
27200,22040510,이천동,12400,3354,35.851455760164136,128.60216505386828
27200,22040530,봉덕1동,7819,2362,35.846522401792086,128.59816725339857
27200,22040540,봉덕2동,12765,3233,35.82436890835055,128.5978355924043
27200,22040550,봉덕3동,14366,4244,35.83157687836834,128.59264247425278
27200,22040560,대명1동,9831,2639,35.84297382979177,128.57616243390652
27200,22040570,대명2동,12470,2791,35.85248580768797,128.58969994411066
27200,22040580,대명3동,10366,3177,35.85299487274372,128.57940600581279
27200,22040590,대명4동,9819,3033,35.84667589539253,128.57115802275933
27200,22040600,대명5동,5454,1391,35.84394118588853,128.58617775363993
27200,22040610,대명6동,11053,2670,35.82849541058292,128.5712928206397
27200,22040640,대명9동,13766,3538,35.828785538374355,128.58103894923292
27200,22040650,대명10동,8308,2543,35.84073025109735,128.5666892228242
27200,22040660,대명11동,7845,2761,35.83103242956592,128.56243869961523
27230,22050510,고성동,12024,1349,35.881265373608414,128.58506893279286
27230,22050520,칠성동,20831,4196,35.87932676480864,128.59693055400808
27230,22050550,침산1동,3553,1106,35.89978778979401,128.58447316736442
27230,22050560,침산2동,16465,2604,35.88696719180646,128.59550895537495
27230,22050570,침산3동,17734,3817,35.89237243907431,128.5880952115858
27230,22050610,산격1동,8048,3138,35.89708668741522,128.59749302807896
27230,22050620,산격2동,9768,2475,35.90642364757644,128.60789130881395
27230,22050630,산격3동,14256,1886,35.892005972093486,128.6098026769524
27230,22050640,산격4동,7841,2231,35.89429939133719,128.60300356269485
27230,22050650,복현1동,7621,1126,35.89303926355969,128.61643304062952
27230,22050660,복현2동,28719,4858,35.89871319757025,128.62317938889356
27230,22050700,검단동,5729,1825,35.917329249171495,128.62233424814423
27230,22050710,무태조야동,32407,5650,35.937494192285776,128.60169634485865
27230,22050740,태전2동,22749,4834,35.91869147793673,128.55054666227207
27230,22050750,관문동,31993,5388,35.90494528377373,128.5369201826861
27230,22050760,읍내동,23750,5010,35.959493639453186,128.54331355446496
27230,22050770,관음동,14247,3491,35.94477962096616,128.54038377000475
27230,22050780,태전1동,22914,4558,35.925830414699945,128.54004223647098
27230,22050790,구암동,30671,4508,35.93241089428911,128.56739931890456
27230,22050810,노원동,11030,2890,35.89464974746152,128.56936876910368
27230,22050820,동천동,24977,3171,35.93929800458044,128.55912270180215
27230,22050830,국우동,29463,3668,35.960207565775036,128.58126885620487
27230,22050840,대현동,16220,4384,35.882744435326785,128.6070155475522
27260,22060510,범어1동,20437,2732,35.85367341130201,128.62701733946744
27260,22060520,범어2동,14169,2460,35.86278695456505,128.6333219437934
27260,22060530,범어3동,17411,1840,35.864080898059285,128.62298650374265
27260,22060540,범어4동,18874,2025,35.8539107452418,128.63821436049037
27260,22060550,만촌1동,20767,4713,35.87082073540176,128.6495969755407
27260,22060560,만촌2동,10768,2176,35.86154131872195,128.6498072849404
27260,22060570,만촌3동,21600,2452,35.85060237650934,128.6501894512668
27260,22060580,수성1가동,16758,3831,35.854862571208066,128.6108582564454
27260,22060590,수성2·3가동,10322,2013,35.85520146903431,128.61738093616188
27260,22060600,수성4가동,13200,3333,35.86262023013703,128.61612759632334
27260,22060610,황금1동,21620,3372,35.840916753212554,128.63783185174353
27260,22060620,황금2동,11686,2516,35.84513268818592,128.62242895853905
27260,22060630,중동,14933,2981,35.84471873160119,128.61231472741875
27260,22060640,상동,14439,3942,35.83335697663801,128.61154631189507
27260,22060650,파동,15355,3640,35.81243521453165,128.61414918404935
27260,22060660,두산동,14777,2441,35.82849594411376,128.62064397628143
27260,22060670,지산1동,19473,5460,35.830093251126236,128.63768707724884
27260,22060680,지산2동,18646,4530,35.8181369983994,128.63175371528496
27260,22060690,범물1동,10064,4011,35.8099706883618,128.66039689572986
27260,22060700,범물2동,15618,3371,35.81030494961311,128.64434239597827
27260,22060710,고산1동,31454,4981,35.811592478712015,128.69945838508684
27260,22060720,고산2동,26503,4853,35.83839725239053,128.6770467485477
27260,22060730,고산3동,30232,5511,35.84876057848268,128.71403084304524
27290,22070550,두류3동,8201,2306,35.85159084858218,128.55510576783684
27290,22070560,본리동,22064,3457,35.83997749353593,128.53822714041144
27290,22070570,감삼동,29391,4537,35.84801906889023,128.54006069111242
27290,22070580,죽전동,14073,2784,35.8544828284794,128.5389722553288
27290,22070590,장기동,15643,3057,35.84280635136935,128.51970384178543
27290,22070600,이곡1동,20595,3282,35.85701620318662,128.51141186774447
27290,22070610,신당동,38876,5245,35.84898127989195,128.48547494324518
27290,22070630,월성2동,14905,4914,35.82790492812041,128.50444008122506
27290,22070650,상인1동,32017,6446,35.81948930669028,128.54119901404573
27290,22070660,상인2동,17180,3651,35.81313187252499,128.53841180841013
27290,22070670,상인3동,9612,3882,35.811698787707165,128.56492227758622
27290,22070680,도원동,31067,7395,35.79491056994572,128.55695520353294
27290,22070690,송현1동,16540,4669,35.823829316819996,128.558092325732
27290,22070700,송현2동,17792,5193,35.830887259997816,128.54817019286313
27290,22070710,본동,12086,3005,35.833749072949146,128.53961111943863
27290,22070720,용산1동,28185,4650,35.85502987359587,128.52835726702907
27290,22070730,용산2동,25132,4219,35.85982869615476,128.52010206262128
27290,22070740,이곡2동,14921,3079,35.850413568831605,128.50368581319887
27290,22070750,성당동,20603,5534,35.844572030497275,128.55637478297209
27290,22070760,두류1·2동,14128,3865,35.856421773996146,128.56730267219757
27290,22070770,월성1동,38489,3533,35.824726848160665,128.52701581403076
27290,22070780,진천동,48302,9616,35.80217470404342,128.52700356712424
27290,22070790,유천동,32220,2131,35.81645182685124,128.51463998273536
27710,22510110,화원읍,44410,9850,35.78671678635913,128.5120535504661
27710,22510120,논공읍,19398,3765,35.75181150261887,128.43442629436322
27710,22510130,다사읍,88691,11208,35.87247115684135,128.46594431789606
27710,22510140,유가읍,30084,2663,35.68350963470056,128.48791145871022
27710,22510150,옥포읍,22174,4930,35.76823710913169,128.47874191387848
27710,22510160,현풍읍,22681,3835,35.6883375343897,128.42572079935093
27710,22510310,가창면,6784,3078,35.757895933196224,128.61966798522118
27710,22510320,하빈면,3261,1438,35.898069446821694,128.4293098876604
27710,22510360,구지면,20095,2217,35.65675752003775,128.40319082218716
27720,22520111,군위읍,7949,2725,36.23709285717125,128.57280370085815
27720,22520311,소보면,2267,1232,36.262441040994986,128.47687708313248
27720,22520312,효령면,3681,1841,36.13829439541966,128.5971256646195
27720,22520313,부계면,2077,1064,36.06222216681303,128.6603149177699
27720,22520314,우보면,1839,1065,36.16992541620534,128.65968783874
27720,22520315,의흥면,2226,1287,36.17047042064375,128.7382265805171
27720,22520316,산성면,1151,664,36.100993774104005,128.7096465621764
27720,22520317,삼국유사면,1273,751,36.151175550019246,128.82040591912624
28110,23010520,연안동,5437,1717,37.45104921019488,126.60915442706829
28110,23010530,신포동,4881,1513,37.46761710827925,126.62425625711342
28110,23010540,신흥동,14785,3230,37.444969256785626,126.62679710003269
28110,23010560,도원동,3595,1318,37.46709495200471,126.64016100801055
28110,23010570,율목동,2954,1027,37.47010902887894,126.63490916546712
28110,23010580,동인천동,5621,2114,37.47511109232764,126.62882288027531
28110,23010630,용유동,3288,1283,37.43360943096797,126.40775603808763
28110,23010640,운서동,38911,3700,37.47270390682076,126.46016202766747
28110,23010650,영종동,21671,3586,37.509220562469274,126.53459645495025
28110,23010670,개항동,7324,2217,37.475995656583,126.60824450446148
28110,23010681,영종1동,33217,2974,37.48677952175773,126.55701868255757
28110,23010691,영종2동,25430,1942,37.49563538172359,126.56928622725981
28140,23020510,만석동,6299,1676,37.48626664765547,126.62080931693846
28140,23020520,화수1·화평동,5358,1790,37.480568157053604,126.63018785269163
28140,23020530,화수2동,6842,2385,37.48517727372246,126.63154994946575
28140,23020550,송현1·2동,9673,2429,37.478136632804556,126.63580244355079
28140,23020570,송현3동,2849,1013,37.48858953051275,126.64083477829833
28140,23020580,송림1동,6573,1121,37.47524506656243,126.63863535471218
28140,23020590,송림2동,1251,583,37.47677780979689,126.64296361228469
28140,23020600,송림3·5동,5569,1405,37.47294875325332,126.64833006588175
28140,23020610,송림4동,6046,963,37.48145481401829,126.65916603173804
28140,23020630,송림6동,5657,1508,37.48170358214295,126.64821604198234
28140,23020640,금창동,2179,931,37.471686798537206,126.64042632638296
28177,23090520,숭의2동,13721,3261,37.46086137272787,126.64773584762692
28177,23090540,숭의4동,14410,3443,37.46232481499638,126.65721562046929
28177,23090560,용현2동,22112,3974,37.456556605240216,126.64299672399119
28177,23090570,용현3동,6764,2063,37.455317188345965,126.65276575539406
28177,23090590,용현5동,43955,7543,37.44895281007548,126.63940960906056
28177,23090600,학익1동,33831,5667,37.438674569323176,126.65171372434017
28177,23090610,학익2동,16582,4265,37.44325761105373,126.67043147472084
28177,23090620,도화1동,21100,4769,37.46232673370669,126.66924629484762
28177,23090650,주안1동,20542,2934,37.46194453244196,126.68070173483989
28177,23090660,주안2동,21330,4713,37.455512571082835,126.67184884269915
28177,23090670,주안3동,11886,2604,37.448477616808084,126.67146509035383
28177,23090680,주안4동,19180,4450,37.45445323843536,126.68703165266724
28177,23090690,주안5동,20046,4375,37.46915305304612,126.68058979072558
28177,23090700,주안6동,20902,4512,37.46100995129784,126.69093937247845
28177,23090710,주안7동,11460,3321,37.447150681988006,126.67779627371546
28177,23090720,주안8동,18261,4407,37.447431151811124,126.68530895008752
28177,23090730,관교동,13315,3344,37.44270343532225,126.69442536162532
28177,23090740,문학동,13649,2275,37.43654660762787,126.68553170141054
28177,23090750,숭의1·3동,15787,3042,37.46578016467645,126.64594143381261
28177,23090760,용현1·4동,22752,4109,37.451748379152576,126.65909632634305
28177,23090770,도화2·3동,30691,5401,37.47344139236774,126.66240983157022
28185,23040510,옥련1동,17559,3814,37.42017242441163,126.6496374807573
28185,23040520,선학동,18902,4117,37.42956703725833,126.69753253808521
28185,23040530,연수1동,27118,3657,37.42507206586943,126.67998212288346
28185,23040540,연수2동,19337,3932,37.41329288496797,126.68394802348799
28185,23040550,연수3동,14312,3466,37.419508508575156,126.68839867951078
28185,23040560,청학동,23147,5410,37.42482639601805,126.66645036250605
28185,23040570,동춘1동,24373,3443,37.40869928719158,126.65960367904349
28185,23040580,동춘2동,15922,2754,37.40089116557812,126.67098833339124
28185,23040590,동춘3동,16381,2584,37.40788723061998,126.67813714125957
28185,23040600,옥련2동,18780,3450,37.42869226269738,126.64650197891847
28185,23040640,송도1동,36267,4110,37.36595707132772,126.62841289106856
28185,23040650,송도3동,50211,3347,37.36679601353515,126.66443156223822
28185,23040660,송도2동,34473,2548,37.40087752838837,126.64013062454768
28185,23040680,송도4동,39183,2451,37.391632333067406,126.62280658026232
28185,23040690,송도5동,44249,3079,37.41750996378922,126.61909367435605
28200,23050510,구월1동,30376,5131,37.44480972630635,126.71232808813396
28200,23050521,구월2동,35438,5499,37.4565070409323,126.7154404648338
28200,23050530,구월3동,28745,4017,37.44862531981503,126.70166560479097
28200,23050540,구월4동,13103,3482,37.448424162464676,126.72259050635323
28200,23050550,간석1동,17731,4067,37.45976603401709,126.70194034240409
28200,23050561,간석2동,19949,4169,37.46137734408569,126.71129543993092
28200,23050570,간석3동,25847,5528,37.46945117285781,126.7154345449819
28200,23050580,간석4동,28253,5701,37.46683932238973,126.69651725864514
28200,23050590,만수1동,15051,4046,37.4506049100845,126.73533606362818
28200,23050600,만수2동,21756,4365,37.46382841709404,126.735815338255
28200,23050610,만수3동,15836,3215,37.46681356217451,126.72942329361882
28200,23050620,만수4동,18005,4038,37.45728990603634,126.73779087202043
28200,23050630,만수5동,13834,3746,37.45618268173263,126.72632113306396
28200,23050640,만수6동,21436,5004,37.44193450511681,126.74009669595198
28200,23050670,남촌도림동,20154,4588,37.42563132222862,126.72090739892415
28200,23050720,논현1동,31054,5086,37.40952606262087,126.7387170015135
28200,23050730,논현2동,32666,6025,37.407594851966785,126.70819780115738
28200,23050740,논현고잔동,42455,4728,37.394395622241696,126.70215766532095
28200,23050750,장수서창동,17975,3884,37.45119949202162,126.76069265071231
28200,23050760,서창2동,36560,5152,37.42680278789827,126.7482507917921
28237,23060510,부평1동,35881,6521,37.49618928675069,126.72029927804228
28237,23060520,부평2동,15942,3274,37.479191281533524,126.7212220190473
28237,23060530,부평3동,15655,3504,37.484317143295875,126.7087914693121
28237,23060540,부평4동,37544,6717,37.50151553213072,126.72602963350286
28237,23060550,부평5동,37114,5622,37.495299488168655,126.73081568351856
28237,23060560,부평6동,16411,3252,37.48539279397548,126.72661009096294
28237,23060570,산곡1동,14815,2545,37.504478673388256,126.69626052671757
28237,23060580,산곡2동,28005,4811,37.50355516298997,126.70538032721086
28237,23060590,산곡3동,19135,5115,37.492122106128754,126.70530136121381
28237,23060600,산곡4동,15766,3177,37.50089675300416,126.71199069171152
28237,23060610,청천1동,11801,1682,37.51784841340287,126.69419668305034
28237,23060620,청천2동,33711,5883,37.515192778192,126.71333739421601
28237,23060630,갈산1동,14413,2836,37.51862595735738,126.72675387159158
28237,23060640,갈산2동,17415,4048,37.510486931287296,126.72687194890035
28237,23060650,삼산1동,31059,5769,37.52032769280156,126.7470476033728
28237,23060660,부개1동,15798,4153,37.483941573926295,126.73561972877305
28237,23060670,부개2동,18871,3488,37.493184011745804,126.73811913642767
28237,23060680,부개3동,27069,4791,37.50224048472362,126.73818277764106
28237,23060690,일신동,11481,2568,37.47512919757665,126.74865510568686
28237,23060700,십정1동,24795,4067,37.47799926963956,126.69482188996511
28237,23060710,십정2동,24204,5337,37.473191831857704,126.70270372812159
28237,23060720,삼산2동,26315,3964,37.512492407586166,126.7389039071107
28245,23070510,효성1동,26102,5115,37.53416370515666,126.7081179325028
28245,23070520,효성2동,26491,5256,37.53007063893083,126.69794589073886
28245,23070530,계산1동,18176,3978,37.540732820301315,126.71799210277419
28245,23070540,계산2동,14808,3266,37.54765700587377,126.72018573994974
28245,23070550,계산3동,17383,3137,37.539590369494626,126.73175127540726
28245,23070560,작전1동,25543,4442,37.529472426424455,126.72987486857869
28245,23070570,작전2동,23586,4480,37.53073989708463,126.7226102226301
28245,23070580,작전서운동,32794,4650,37.5303555567382,126.7479577038718
28245,23070610,계양2동,31121,6168,37.54868460168044,126.74096935593205
28245,23070620,계산4동,22447,3252,37.53840968963554,126.73991900961443
28245,23070630,계양1동,18652,3891,37.57171421055957,126.72612972713148
28245,23070640,계양3동,23124,3501,37.569415461085725,126.76516949031837
28260,23080510,검암경서동,54558,6086,37.566049170212,126.66638497952579
28260,23080531,연희동,37088,7537,37.54792524051739,126.68291983965923
28260,23080541,가정1동,41399,5018,37.52905755166888,126.67098992320055
28260,23080550,가정2동,16839,1560,37.52863075739825,126.68124714711345
28260,23080560,가정3동,8527,1605,37.51814635893671,126.68156447013858
28260,23080580,석남1동,20369,4379,37.51007157230038,126.66839789807145
28260,23080590,석남2동,12940,2923,37.50301827654231,126.65784247488938
28260,23080600,석남3동,12436,2681,37.506580848125765,126.68143572995899
28260,23080620,가좌1동,14299,2587,37.491604286932834,126.66219760228789
28260,23080630,가좌2동,17874,3552,37.49474283638704,126.68578490236003
28260,23080640,가좌3동,15304,3733,37.48792499167863,126.6802732531638
28260,23080650,가좌4동,12325,2461,37.48597110256453,126.68811111866307
28260,23080730,신현원창동,29597,4993,37.5135719534769,126.6308851377163
28260,23080740,청라1동,29926,2285,37.53082833640114,126.65546287273187
28260,23080780,청라2동,46731,4051,37.533526071939825,126.64086822953863
28260,23080790,청라3동,35617,2375,37.53557026594435,126.61757291392303
28260,23080800,검단동,33908,4902,37.61241534706931,126.65235471100759
28260,23080810,불로대곡동,22957,4022,37.61786418941088,126.67724013516938
28260,23080840,오류왕길동,26769,3952,37.58196689798413,126.62182163422597
28260,23080850,당하동,28110,3603,37.588974990948266,126.67879356493266
28260,23080860,마전동,20968,2860,37.59642941927356,126.67345057495292
28260,23080870,원당동,24476,3126,37.59276343070436,126.69702873606654
28260,23080880,아라동,71049,4518,37.59130046966968,126.71134072688919
28710,23510110,강화읍,22071,6392,37.75188972537296,126.48823405066548
28710,23510310,선원면,8754,2733,37.71606257695209,126.48620896097464
28710,23510320,불은면,5448,2506,37.68394112720017,126.48197623371533
28710,23510330,길상면,7247,2851,37.627150335091144,126.49802084695027
28710,23510340,화도면,4438,2068,37.618837889452685,126.42395519013527
28710,23510350,양도면,4163,1986,37.672386150749915,126.4323995858807
28710,23510360,내가면,2888,1396,37.722983903244995,126.39387831491155
28710,23510370,하점면,3939,1997,37.76234400927014,126.40082033105962
28710,23510380,양사면,1911,960,37.801769346202875,126.40268506179068
28710,23510390,송해면,3317,1488,37.778931183997045,126.45961553693303
28710,23510400,교동면,2616,1341,37.786770146384846,126.26543504143343
28710,23510410,삼산면,1995,969,37.698829212712305,126.32006767526872
28710,23510420,서도면,618,335,37.662022587369684,126.19980176732713
28720,23520310,북도면,1913,908,37.533211203180265,126.39981572306644
28720,23520320,연평면,2188,442,37.659897606137235,125.69883782269929
28720,23520330,백령면,4741,1291,37.95366441439612,124.67491970598354
28720,23520340,대청면,1500,516,37.814599759160686,124.70910193497747
28720,23520350,덕적면,1843,878,37.193580144984914,126.08607475183399
28720,23520360,자월면,1340,613,37.189915029446354,126.24501669418507
28720,23520370,영흥면,6471,2101,37.255621542619124,126.46601764552388
29110,24010510,충장동,5432,1180,35.15054545068226,126.91546482132422
29110,24010540,동명동,3686,1000,35.150592504384,126.92543633229462
29110,24010560,계림1동,9698,2135,35.15932594921979,126.91749745957037
29110,24010580,계림2동,12705,2329,35.160221967671674,126.92386903825052
29110,24010590,산수1동,7352,1849,35.15592785198621,126.92854318203847
29110,24010610,산수2동,9056,2716,35.156919516919295,126.93785783707389
29110,24010620,지산1동,4371,966,35.1500108486634,126.93112732666734
29110,24010630,지산2동,4338,1095,35.14842573032525,126.9441024537992
29110,24010640,서남동,6323,941,35.14263034937195,126.927375150159
29110,24010680,학동,6941,1715,35.13675461077271,126.92474204606638
29110,24010710,학운동,10330,3630,35.128600509519536,126.96315141775253
29110,24010720,지원1동,8673,2299,35.12770389329954,126.93726201342439
29110,24010730,지원2동,17300,3217,35.101826025398125,126.9506868238466
29140,24020510,양동,3005,1421,35.15238436954783,126.90259397537314
29140,24020530,양3동,4092,1178,35.157713772751386,126.89516211680238
29140,24020540,농성1동,11527,2804,35.15605058897591,126.88906718347663
29140,24020550,농성2동,4331,1174,35.15060346690456,126.88655302576817
29140,24020560,광천동,5616,1012,35.16547864506263,126.88014416896708
29140,24020570,유덕동,10510,1563,35.16375190759483,126.84595188556227
29140,24020580,상무1동,24165,3612,35.1562352864307,126.86208362457005
29140,24020590,상무2동,22212,5146,35.14653806238058,126.86153303492524
29140,24020600,화정1동,15544,3373,35.15529033276613,126.87682935348052
29140,24020610,화정2동,19305,3201,35.14532204206373,126.88201705141775
29140,24020620,화정3동,8808,2247,35.1450507803889,126.87625820796063
29140,24020630,화정4동,19161,3845,35.13984829237047,126.87032830477874
29140,24020640,서창동,7175,1511,35.11688087564333,126.83267194949595
29140,24020660,치평동,29148,4167,35.15277292718882,126.84520471390981
29140,24020670,풍암동,34015,4779,35.1255694055166,126.87533466760364
29140,24020680,금호1동,18919,4081,35.13552794624713,126.8543333087193
29140,24020690,금호2동,26542,3261,35.128369432287464,126.85726698918538
29140,24020700,동천동,14974,2196,35.170843764222475,126.85963910648596
29155,24030510,양림동,6457,1827,35.13837799427314,126.91436425800364
29155,24030520,방림1동,6503,1512,35.1335268887459,126.9164762559175
29155,24030530,방림2동,8860,2392,35.12986454461604,126.92216272927783
29155,24030540,사직동,4487,1358,35.14481514953537,126.90915942461535
29155,24030570,월산동,8122,2199,35.146649030836365,126.89982039024471
29155,24030600,월산4동,7948,2381,35.145923642640845,126.89148664179491
29155,24030610,월산5동,5622,1721,35.14045098287393,126.89447632561601
29155,24030620,백운1동,11260,2892,35.13978111173953,126.90564733164123
29155,24030630,백운2동,6870,1629,35.13607571647457,126.9032319648378
29155,24030640,주월1동,20818,4148,35.128337296142625,126.89594894964966
29155,24030650,주월2동,7242,2115,35.136245061765194,126.8902239035558
29155,24030670,송암동,21904,3002,35.106089302854116,126.8785694988534
29155,24030680,봉선1동,12465,2896,35.13029685743565,126.90870620760683
29155,24030690,봉선2동,26921,4147,35.12221074246409,126.91373238434333
29155,24030700,대촌동,7877,2174,35.07834697193487,126.82711846632962
29155,24030710,진월동,28032,5170,35.115892504712676,126.89974167363529
29155,24030720,효덕동,16209,2987,35.096897884252364,126.9030044499156
29170,24040510,중흥1동,4213,961,35.16278290515569,126.91096518695898
29170,24040540,중앙동,3591,771,35.15672285369626,126.9066893043626
29170,24040550,임동,13491,2330,35.163570925671735,126.89385356692478
29170,24040560,신안동,12390,3199,35.16824052936317,126.90007205297898
29170,24040570,용봉동,41754,6210,35.17919817811498,126.90048953194852
29170,24040580,운암1동,18137,3612,35.17600694771734,126.87292787044423
29170,24040590,운암2동,10999,3179,35.17498783879543,126.88471554356833
29170,24040600,운암3동,13096,2576,35.18418998510795,126.87550054920779
29170,24040610,동림동,21991,3954,35.18116715364135,126.85919147733343
29170,24040620,우산동,15180,3671,35.17442751253418,126.92126820585071
29170,24040630,풍향동,5446,1006,35.165222060740035,126.92617164396738
29170,24040640,문화동,22147,4463,35.18291237950298,126.94091015504655
29170,24040650,문흥1동,14826,3041,35.19189264602435,126.92983393527214
29170,24040660,문흥2동,14242,3120,35.18233278230685,126.9184231231615
29170,24040670,두암1동,7036,2076,35.169663827005856,126.92822395585769
29170,24040680,두암2동,14223,3906,35.174162640896384,126.93739458279923
29170,24040690,두암3동,11582,4122,35.16512819888162,126.9394864083949
29170,24040700,삼각동,12923,2155,35.2029768691743,126.90607047002894
29170,24040710,매곡동,12609,2233,35.19076311787781,126.8889921022998
29170,24040720,오치1동,9926,2127,35.1919522288946,126.91341353124459
29170,24040730,오치2동,11137,3079,35.18849186711066,126.90208541971576
29170,24040740,석곡동,2052,818,35.175602716736066,126.96949691770982
29170,24040780,일곡동,26923,3370,35.21274928310463,126.89872459298721
29170,24040800,양산동,34717,5213,35.201367456545476,126.87326033126345
29170,24040810,건국동,23650,2794,35.23454456858948,126.88982470805878
29170,24040820,신용동,30732,2382,35.212772768201276,126.86296670120335
29170,24040831,중흥동,14949,3019,35.170740918372246,126.9126434214804
29200,24050511,송정1동,9791,1955,35.13487797364662,126.80448865428977
29200,24050512,송정2동,5746,1486,35.13871797147634,126.79103271439934
29200,24050513,신흥동,3825,968,35.132070485931045,126.81168202885087
29200,24050514,어룡동,33840,4148,35.16001136057584,126.76895889175589
29200,24050515,비아동,7247,1121,35.21217522050533,126.82336975963833
29200,24050516,첨단2동,41116,3881,35.20937906908481,126.84421495340554
29200,24050517,수완동,69557,4820,35.19164819160253,126.82020689192218
29200,24050518,임곡동,1868,828,35.21752427092439,126.7540947207496
29200,24050519,본량동,1711,831,35.18943296916023,126.70966113975781
29200,24050521,신창동,32413,2660,35.19080057663695,126.84662661101434
29200,24050540,도산동,13668,2282,35.12327138569221,126.79187737884124
29200,24050580,우산동,28344,4819,35.15497444962773,126.81569418582988
29200,24050590,월곡1동,11529,1699,35.16753158600536,126.81266310073603
29200,24050600,월곡2동,20120,2290,35.17127762924663,126.80594203008826
29200,24050630,하남동,28476,2314,35.19452343303145,126.79505480160378
29200,24050650,동곡동,1538,649,35.096205037626994,126.77849759243853
29200,24050660,평동,7008,1473,35.12724569758235,126.74160294294337
29200,24050670,삼도동,2314,1215,35.14345892031041,126.6890529523668
29200,24050690,첨단1동,26160,2820,35.2220805754599,126.8371070472513
29200,24050710,운남동,27712,3679,35.17291101623236,126.8246143444973
29200,24050740,신가동,17626,1459,35.1830024543401,126.83310383967779
30110,25010530,효동,23417,4343,36.310422203244876,127.4533402254192
30110,25010550,판암1동,11419,3556,36.31616685389977,127.470971167247
30110,25010560,판암2동,7421,3155,36.32146672563261,127.45432843554188
30110,25010570,용운동,24163,4089,36.332793297301016,127.46127028117034
30110,25010600,자양동,15785,2240,36.33806853487001,127.4499982441829
30110,25010630,가양1동,12362,3236,36.3432360244681,127.44209840312521
30110,25010640,가양2동,18586,4065,36.348754337548485,127.45347843557926
30110,25010650,용전동,19328,3568,36.35404824690469,127.43454585137741
30110,25010680,홍도동,11341,2223,36.347109907739956,127.42573935917733
30110,25010730,대청동,1944,851,36.37696245973346,127.49538666724965
30110,25010750,산내동,20196,4609,36.25417161139532,127.45954655417023
30110,25010760,중앙동,3313,1463,36.3319165489925,127.43496981078358
30110,25010770,신인동,13815,3262,36.32253731880253,127.44098932315774
30110,25010780,대동,12818,2840,36.329070542304,127.44511087664684
30110,25010790,성남동,10119,2809,36.343787766647345,127.43361497012394
30110,25010800,삼성동,12486,3747,36.33941595100721,127.42512497116563
30140,25020510,은행선화동,18195,2925,36.330967130098486,127.41994074749996
30140,25020530,목동,17862,2086,36.333561407922446,127.40919093679706
30140,25020540,중촌동,13466,3139,36.34197439382744,127.40899369163093
30140,25020550,대흥동,13129,2774,36.32273590768863,127.42497375739781
30140,25020560,문창동,4272,1516,36.31786795465273,127.43579277903983
30140,25020570,석교동,14261,4552,36.300449486530496,127.44031225967298
30140,25020580,대사동,5289,1582,36.31047870514935,127.42195633330267
30140,25020590,부사동,6129,1916,36.31157890738712,127.43143794606061
30140,25020600,용두동,9915,1815,36.330043641230816,127.40656039191896
30140,25020620,오류동,9974,2487,36.32519961949009,127.40521402291212
30140,25020630,태평1동,12522,2531,36.326895768685006,127.39851009865193
30140,25020640,태평2동,23722,5634,36.324445202858435,127.39163174701879
30140,25020650,유천1동,5833,1706,36.31550337656461,127.39289381397293
30140,25020660,유천2동,12903,3705,36.31833355092554,127.39964436410614
30140,25020670,문화1동,20680,4226,36.31043662485603,127.41247966343897
30140,25020680,문화2동,11473,3289,36.307372332372125,127.40272300487392
30140,25020690,산성동,25385,6965,36.26349888462124,127.40755975557856
30170,25030510,복수동,22489,3526,36.302389801169554,127.37662496088237
30170,25030511,가수원동,9890,2561,36.28920031336032,127.3498368722214
30170,25030512,도안동,37126,2476,36.31975475221193,127.34843144115038
30170,25030520,도마1동,19970,4352,36.31850145957289,127.37939356973042
30170,25030530,도마2동,18656,4440,36.319366431591035,127.3688379615987
30170,25030540,정림동,14764,3814,36.29194497067876,127.36378864518639
30170,25030550,변동,12644,3284,36.32751001157952,127.37652749194021
30170,25030560,용문동,11654,2569,36.3379494576481,127.39615933561046
30170,25030570,탄방동,26009,3321,36.34492929991495,127.39133182356197
30170,25030590,둔산1동,15584,2027,36.353078382916685,127.38986241472566
30170,25030600,둔산2동,34033,4188,36.35756661908872,127.38568859195925
30170,25030610,괴정동,18462,2572,36.33858096637626,127.37995312251064
30170,25030620,가장동,10428,2452,36.33140992026824,127.38719829235717
30170,25030630,내동,21800,4505,36.33434946076952,127.37329036089102
30170,25030640,갈마1동,20766,3760,36.34837692598322,127.3671965523926
30170,25030650,갈마2동,23625,3016,36.34592423267874,127.37387867322722
30170,25030660,월평1동,11428,1867,36.34566613534618,127.35810644807752
30170,25030670,월평2동,12999,3654,36.36207241668255,127.37476644607325
30170,25030680,월평3동,19284,3371,36.36059174853126,127.36713455873253
30170,25030690,만년동,11831,1432,36.367920635331686,127.38286052796465
30170,25030710,기성동,3358,1514,36.24207740943722,127.32723451986894
30170,25030720,관저1동,15871,2281,36.30647410181656,127.33828644273243
30170,25030730,관저2동,47293,4956,36.292109640014104,127.3321180955026
30170,25030740,둔산3동,17988,3678,36.35320050053077,127.39956673752002
30200,25040540,온천2동,52266,5697,36.36876213673578,127.34868232577246
30200,25040550,신성동,26043,2720,36.40260601071602,127.35759261221621
30200,25040570,전민동,24314,2874,36.394605976683295,127.39857814622646
30200,25040590,노은1동,19654,2459,36.36838208856442,127.29963179980471
30200,25040610,구즉동,31651,3706,36.46105809540047,127.37646471439207
30200,25040630,관평동,35656,2777,36.41963877219926,127.39852526823888
30200,25040640,온천1동,26413,4445,36.35543924314801,127.32854612072828
30200,25040660,노은2동,22320,3288,36.405182893412736,127.3089300041928
30200,25040670,노은3동,34047,4413,36.38787970227986,127.29924365259284
30200,25040680,진잠동,24521,4586,36.30127585192837,127.291874235898
30200,25040690,학하동,20464,2529,36.340699695777104,127.29769376877142
30200,25040700,상대동,23462,2593,36.34140902330384,127.33016918385663
30200,25040710,원신흥동,28658,3482,36.340368066143476,127.3448822924189
30230,25050510,오정동,16642,3533,36.35387204057497,127.41406405942818
30230,25050520,대화동,6214,1678,36.36890489675609,127.40752677008282
30230,25050530,회덕동,12325,3223,36.397882374669265,127.43361040929096
30230,25050540,비래동,14580,3530,36.36235385289925,127.45497580476233
30230,25050550,중리동,17739,4046,36.36159345468628,127.42685990121217
30230,25050560,법1동,11815,2853,36.370497509385295,127.42565726516138
30230,25050570,법2동,14245,3513,36.37507267880485,127.43860132828505
30230,25050580,신탄진동,15264,3161,36.44087553482698,127.46498656768587
30230,25050590,석봉동,15458,2045,36.45065390815756,127.42325581100698
30230,25050600,덕암동,12839,3001,36.4307025211723,127.42705366285699
30230,25050610,목상동,6278,907,36.44179231339827,127.4051856606105
30230,25050620,송촌동,24818,3663,36.364582904989625,127.44276562370736
31110,26010510,학성동,10630,3057,35.55478881153537,129.3347872176099
31110,26010520,반구1동,15911,3141,35.554611293294165,129.34542416219483
31110,26010530,반구2동,8260,2157,35.5624020327582,129.33948283633111
31110,26010590,우정동,17577,4061,35.56283868167551,129.3102478218191
31110,26010600,태화동,30965,5159,35.56290034079042,129.29524773602813
31110,26010610,다운동,20937,5220,35.56954364584498,129.27223225930916
31110,26010620,병영1동,20328,4217,35.56705995911985,129.34648883166855
31110,26010630,병영2동,19442,3519,35.58640191479391,129.33952595873262
31110,26010640,약사동,10363,1225,35.57944279229889,129.33045409038314
31110,26010660,성안동,20397,3276,35.58034714839686,129.31008234920085
31110,26010670,중앙동,11175,3687,35.55519732690833,129.32151466220543
31110,26010681,복산동,21017,3285,35.564518419074936,129.32837738394946
31140,26020510,신정1동,17367,4632,35.54364453951957,129.30464524205124
31140,26020520,신정2동,24044,3527,35.5288052550037,129.30366441913083
31140,26020530,신정3동,15265,3127,35.54525697384054,129.31401438518316
31140,26020540,신정4동,19323,3294,35.5290774569121,129.31489675936072
31140,26020550,신정5동,8159,1530,35.54548413016228,129.32134394465854
31140,26020560,달동,25494,4877,35.535713912434524,129.3221343729751
31140,26020570,삼산동,47018,6344,35.54186756321094,129.34179003897873
31140,26020580,삼호동,20191,3888,35.548610433087575,129.2755818723646
31140,26020590,무거동,34220,4232,35.54210322329377,129.25395306260572
31140,26020600,옥동,24017,3684,35.52428885757868,129.2877522502165
31140,26020610,야음장생포동,8985,2245,35.520763946168636,129.3606366583098
31140,26020620,대현동,32048,4483,35.526824315984435,129.32795450347678
31140,26020630,수암동,15571,2413,35.522460630921714,129.3188116059975
31140,26020640,선암동,13181,2558,35.49040962075194,129.34900097177638
31170,26030510,방어동,39405,6602,35.49383441559067,129.41069711671923
31170,26030520,일산동,5055,1428,35.4983167665904,129.43395679133025
31170,26030530,화정동,17648,3385,35.49435224828056,129.4202767137041
31170,26030540,대송동,10175,1875,35.505693497383945,129.41377987457906
31170,26030550,전하1동,15522,2808,35.52506463945857,129.43729620206096
31170,26030580,남목1동,7706,2007,35.53845384134779,129.4145569439654
31170,26030590,남목2동,25881,3715,35.52753808096535,129.42193335312365
31170,26030600,남목3동,10935,2196,35.55468999289929,129.43584397597328
31170,26030610,전하2동,18508,3394,35.509356183347776,129.4251820142677
31200,26040510,농소1동,35557,4802,35.63195248927464,129.36749747187113
31200,26040520,농소2동,42137,4161,35.65823391116018,129.3511305209675
31200,26040530,농소3동,35627,3892,35.62390631874031,129.32088095846905
31200,26040540,강동동,16080,2274,35.615038980913575,129.41896211839475
31200,26040560,효문동,29504,3633,35.56865640596454,129.37262812498943
31200,26040570,송정동,35761,3477,35.598359176528234,129.3718752208597
31200,26040580,양정동,11923,1411,35.55305197048317,129.38911147924432
31200,26040590,염포동,9934,1810,35.53633754155076,129.3992868815503
31710,26510110,온산읍,23321,3628,35.43018297490947,129.33144882262198
31710,26510120,언양읍,30402,5737,35.584803375584976,129.1598947150338
31710,26510130,온양읍,27260,4677,35.41718574842636,129.2558108581523
31710,26510140,범서읍,63225,8791,35.59702499208017,129.24659769388524
31710,26510150,청량읍,19827,3530,35.49299374418906,129.26898892374433
31710,26510160,삼남읍,21929,5022,35.53223979420759,129.09608610701176
31710,26510310,서생면,8140,2382,35.367815583804415,129.31333559411004
31710,26510340,웅촌면,8422,2546,35.46729882971246,129.1979752773848
31710,26510360,두동면,3870,1613,35.66241732889057,129.21162585712068
31710,26510370,두서면,2907,1445,35.67307003540698,129.14413272829347
31710,26510380,상북면,7859,2810,35.593847005683386,129.0573429860132
31710,26510400,삼동면,1643,813,35.50521682399887,129.1537337274062
36110,29010110,조치원읍,47259,8604,36.607945753449755,127.28631666370347
36110,29010311,연기면,2780,706,36.544560315786924,127.24991758464223
36110,29010312,연동면,2996,1180,36.55266683750345,127.32988304658527
36110,29010330,부강면,5818,1696,36.524078175412875,127.3788808524419
36110,29010340,금남면,8191,3041,36.451895706788115,127.29843524434183
36110,29010350,장군면,8877,1697,36.502927423911125,127.20765568890198
36110,29010360,연서면,7107,2449,36.584145605588596,127.2458291517795
36110,29010370,전의면,5823,1878,36.66163450010922,127.18825899966939
36110,29010380,전동면,3577,1382,36.65642233438283,127.25022513736965
36110,29010390,소정면,2337,692,36.714465480407235,127.16898307045862
36110,29010512,해밀동,18534,878,36.531673297752356,127.27382683056871
36110,29010513,반곡동,28038,1413,36.512208328847684,127.32218277442959
36110,29010514,도담동,23542,2478,36.51467695730672,127.26044797027203
36110,29010515,어진동,10663,427,36.50140103479989,127.26383252232952
36110,29010521,새롬동,25265,1744,36.485429980792205,127.24884738821073
36110,29010522,나성동,12584,462,36.50257877564091,127.28882774608286
36110,29010560,종촌동,26566,2513,36.50343926364939,127.24733036052531
36110,29010590,아름동,22327,1557,36.51777877486872,127.2495610165261
36110,29010600,고운동,34433,3014,36.518698409940534,127.23564923142433
36110,29010610,한솔동,17011,1477,36.47329608229246,127.24955848592802
36110,29010640,대평동,10800,952,36.47044624776933,127.27432746102323
36110,29010660,보람동,18125,1465,36.47779248016797,127.28990330549179
36110,29010680,다정동,27201,1975,36.49483720540501,127.2448457995059
36110,29010710,소담동,20832,1623,36.48441115717149,127.30112922755956
41110,31011540,파장동,24169,4791,37.32053119783391,126.98937760342476
41110,31011550,율천동,43021,4906,37.29959158555196,126.97175341806144
41110,31011560,정자1동,31806,4577,37.304703409777254,126.98932250648265
41110,31011570,정자2동,37489,5645,37.29227107977651,126.99838312551228
41110,31011580,영화동,19996,4948,37.29121934603511,127.01357926386423
41110,31011590,송죽동,18159,3836,37.306434604161126,127.00480690289659
41110,31011600,조원1동,26856,5435,37.30054981482716,127.01650305516189
41110,31011610,연무동,17983,4134,37.324642956269166,127.02296575969177
41110,31011620,정자3동,37541,3769,37.298398543538994,126.98466081574146
41110,31011630,조원2동,16462,3111,37.308645183281726,127.01323996337752
41110,31012520,세류1동,11086,1931,37.260055709498566,127.00539387703652
41110,31012530,세류2동,25373,4971,37.244265754855405,127.00737397901575
41110,31012540,세류3동,18722,3964,37.25991886144671,127.01520780077834
41110,31012550,평동,40099,6940,37.24580609415957,126.98010231973761
41110,31012560,서둔동,37035,6682,37.26854342189992,126.9819401479291
41110,31012570,구운동,22445,4214,37.28086882890323,126.97045368582731
41110,31012600,권선1동,23932,3474,37.25835484038267,127.02698845337918
41110,31012610,곡선동,33899,3215,37.236373404180846,127.02381567144245
41110,31012620,입북동,18844,2481,37.2903219063404,126.94835469577119
41110,31012640,권선2동,43818,5264,37.24602453898702,127.02468563483593
41110,31012650,금곡동,43092,6037,37.273641648784334,126.94432653138756
41110,31012660,호매실동,42581,4874,37.26248916336963,126.95305897743803
41110,31013530,지동,10615,3092,37.28042926898415,127.02503444011583
41110,31013540,우만1동,18138,3916,37.28768503723915,127.03319190683574
41110,31013550,우만2동,16172,2325,37.28018749938114,127.03858487741589
41110,31013560,인계동,44496,5836,37.26878634461138,127.03039168782011
41110,31013670,매교동,21881,2504,37.269271663950796,127.01582952118056
41110,31013680,매산동,13426,2468,37.269088495438474,127.00572578719138
41110,31013690,고등동,22913,3784,37.274304047239475,127.00295259026666
41110,31013700,화서1동,22641,4664,37.28072987036266,127.00146282097582
41110,31013710,화서2동,23176,3432,37.284231609039836,126.9906999849298
41110,31013720,행궁동,9909,2679,37.282015252564335,127.01639577074566
41110,31014510,매탄1동,12711,1761,37.27079354101492,127.04025213379035
41110,31014520,매탄2동,13666,2348,37.27053655562677,127.05141206183079
41110,31014530,매탄3동,33766,3528,37.25723454556701,127.05007566571554
41110,31014540,매탄4동,19036,2966,37.26625742463821,127.04931635300045
41110,31014600,원천동,48266,4805,37.273323535441406,127.05687708278768
41110,31014620,광교1동,52111,3520,37.30128438955586,127.04768956030946
41110,31014630,광교2동,26896,3293,37.28727150962923,127.07264960857998
41110,31014640,영통1동,31297,3192,37.26129704084325,127.07719659430903
41110,31014650,영통2동,24339,1681,37.247639880020905,127.05425058539696
41110,31014660,영통3동,31174,2615,37.25168127679791,127.07181193518521
41110,31014670,망포1동,30185,2846,37.23916220932333,127.05845705430018
41110,31014680,망포2동,31782,1872,37.24056240093666,127.04737713540855
41130,31021510,신흥1동,13534,3119,37.44091674382926,127.14055497666067
41130,31021520,신흥2동,30928,4680,37.44968713111761,127.14808672607852
41130,31021530,신흥3동,11238,2426,37.442932777536114,127.14669498566788
41130,31021540,태평1동,16985,3548,37.445762961927684,127.12359425133262
41130,31021550,태평2동,14675,3273,37.44759546778622,127.13640636714827
41130,31021560,태평3동,13568,2952,37.445399350835054,127.13218341707551
41130,31021570,태평4동,11485,2512,37.44855052694036,127.14082124110075
41130,31021580,수진1동,14191,3512,37.438466392690835,127.13580922226458
41130,31021590,수진2동,17595,4215,37.43643072678237,127.12604180248802
41130,31021600,단대동,14201,2960,37.454933600256936,127.15729934410115
41130,31021610,산성동,4649,1075,37.45660578211257,127.15286853544019
41130,31021620,양지동,9525,2018,37.46414657170329,127.16632283853583
41130,31021640,신촌동,4393,545,37.44989530403457,127.1050050332261
41130,31021650,고등동,11371,1611,37.42914129147443,127.08101625695939
41130,31021660,시흥동,3277,700,37.412021879163554,127.08331524375691
41130,31021670,복정동,13457,1271,37.45876103087719,127.13077407049849
41130,31021680,위례동,45247,6993,37.467804191265195,127.14696545971815
41130,31022510,성남동,32797,6812,37.431356883727574,127.13271734894408
41130,31022530,금광1동,19690,2711,37.444357843666324,127.16619124174463
41130,31022540,금광2동,24736,5032,37.44922707677411,127.1679058737084
41130,31022550,은행1동,9347,1751,37.45249373035147,127.16719275098956
41130,31022560,은행2동,21311,4887,37.461056528537476,127.17503678846741
41130,31022570,상대원1동,24297,5110,37.440251209440056,127.18015292944962
41130,31022580,상대원2동,3080,674,37.43527608299693,127.15801178684549
41130,31022590,상대원3동,11556,2777,37.43899561921459,127.16330018988117
41130,31022600,하대원동,19154,3834,37.428152579905245,127.1459228110281
41130,31022610,도촌동,25970,4468,37.41932315206914,127.16088620600902
41130,31022620,중앙동,16794,3005,37.439940275082506,127.15220568079904
41130,31023510,분당동,23551,3990,37.3688883567218,127.14464714624239
41130,31023520,수내3동,12852,1431,37.36484920746323,127.1294131973921
41130,31023530,수내1동,17122,2523,37.379055671886405,127.11598270897396
41130,31023540,수내2동,9794,1193,37.37495679775078,127.12302350280359
41130,31023550,정자2동,13834,2713,37.36659951519019,127.11870485627183
41130,31023560,정자3동,16053,2336,37.357603059574096,127.12305493361643
41130,31023580,서현1동,29610,4216,37.385599147241784,127.14920889196644
41130,31023590,서현2동,16899,2643,37.37523931225286,127.1374244947369
41130,31023600,이매1동,23805,3801,37.39532775890343,127.13350106070875
41130,31023610,이매2동,12349,2282,37.39893584352746,127.12205841898869
41130,31023620,야탑1동,16310,3284,37.413070649118005,127.12593931534956
41130,31023630,야탑3동,25816,5024,37.404584910953666,127.15084307784542
41130,31023640,야탑2동,15012,3351,37.40768188461256,127.12744199128873
41130,31023670,구미동,27205,5705,37.34260181290996,127.12122932635444
41130,31023680,운중동,34993,4100,37.38187168600561,127.05849343693201
41130,31023710,금곡동,26299,5834,37.3629782986103,127.09598879108346
41130,31023720,구미1동,15541,2573,37.35248951756453,127.0932735902053
41130,31023740,삼평동,23223,2939,37.40195904709517,127.10831874031713
41130,31023750,판교동,25474,2843,37.387853989413095,127.09264961930475
41130,31023760,백현동,25717,3711,37.38971310529232,127.10991261721769
41130,31023770,정자1동,28897,4134,37.37134018378055,127.10676107088385
41130,31023780,정자동,13602,2204,37.36673070771113,127.11166092114404
41150,31030520,의정부2동,30217,5393,37.73605055167294,127.03703605670889
41150,31030550,호원1동,34315,8437,37.70621628089402,127.03714036718229
41150,31030560,장암동,18341,4273,37.70730802491672,127.06325155253114
41150,31030570,신곡1동,39624,8035,37.73126936489023,127.06432645179264
41150,31030580,신곡2동,43995,8425,37.7454720844804,127.06801550016128
41150,31030591,송산1동,30466,5730,37.73080143201568,127.08087804283163
41150,31030600,자금동,25469,5360,37.763216400004744,127.08623679235585
41150,31030640,녹양동,19773,4449,37.76149251757749,127.03067745219947
41150,31030650,호원2동,31897,7380,37.720608344362546,127.03049005175201
41150,31030670,흥선동,18953,3975,37.73884887223251,127.01821442291107
41150,31030680,가능동,23668,5189,37.7540104057355,127.02296268984719
41150,31030690,의정부1동,41116,6789,37.74121736819589,127.04901103087789
41150,31030700,송산2동,31004,4950,37.73991990598654,127.09389122836555
41150,31030710,송산3동,45187,6097,37.7539887330572,127.11629922124656
41150,31030721,고산동,27247,2592,37.723885855614675,127.1041102043476
41170,31041510,안양1동,12555,2170,37.39936733622471,126.92512607555815
41170,31041520,안양2동,23849,4843,37.40891151967001,126.91950799707855
41170,31041530,안양3동,16645,3873,37.39803994396945,126.91276740347982
41170,31041540,안양4동,7058,1866,37.39681831297514,126.91868934324019
41170,31041550,안양5동,10710,2681,37.39225244387131,126.92219428607002
41170,31041560,안양6동,27445,4563,37.386109588187125,126.92519210493
41170,31041570,안양7동,15053,2355,37.38938169427557,126.93665803981274
41170,31041580,안양8동,8825,2058,37.38018424990397,126.930073625958
41170,31041590,안양9동,15949,4062,37.37804382833367,126.90416265266042
41170,31041600,석수1동,19326,4099,37.42869159570063,126.92674030835896
41170,31041610,석수2동,29657,6129,37.41928329686509,126.90137628523651
41170,31041630,박달1동,14816,3676,37.40454274216315,126.90925386989908
41170,31041640,박달2동,20535,3185,37.39612949357087,126.8885739937132
41170,31041651,충훈동,12063,2495,37.40788306158071,126.89925319918946
41170,31042510,비산1동,28269,4357,37.407227282025815,126.93456054763321
41170,31042520,비산2동,14316,2213,37.39689498748693,126.93915951043468
41170,31042530,비산3동,17236,3147,37.41999101366331,126.95156380623864
41170,31042540,부흥동,15809,2804,37.39399260214398,126.94594543077332
41170,31042550,달안동,9487,1739,37.39608578400604,126.95056206767872
41170,31042580,부림동,26056,3233,37.39665982285468,126.95793958102608
41170,31042590,평촌동,13525,1889,37.39252321748143,126.975652109396
41170,31042600,평안동,22292,2447,37.39024302442422,126.96379716018092
41170,31042610,귀인동,15657,1656,37.38440491204493,126.96722179508966
41170,31042620,호계1동,25928,2409,37.37282349670103,126.95417959718266
41170,31042630,호계2동,23346,3583,37.38264764589323,126.94685724897823
41170,31042640,호계3동,22966,3929,37.36720811060441,126.96029636989992
41170,31042650,범계동,14719,2069,37.38767486622542,126.95386396342869
41170,31042660,신촌동,12013,1920,37.3811497084397,126.95715777531953
41170,31042670,갈산동,10148,1879,37.37789715423268,126.96486834579036
41170,31042681,관양동,32302,6992,37.41094984285354,126.96417742585082
41170,31042691,인덕원동,17939,3125,37.3992031781335,126.9714045983721
41190,31051511,심곡1동,12888,2480,37.492393474434856,126.78193381449091
41190,31051521,심곡2동,22918,3771,37.4866494412482,126.78417750921083
41190,31051531,심곡3동,11484,2245,37.48961371115476,126.77474212354274
41190,31051541,원미2동,11699,2951,37.49076196818033,126.79052052293781
41190,31051551,소사동,6798,1990,37.48598424391193,126.7951469962657
41190,31051561,원미1동,16655,3274,37.496261108194304,126.79313041801716
41190,31051571,역곡1동,16167,3615,37.49232902837593,126.81038847272117
41190,31051581,역곡2동,18550,3549,37.48764182945634,126.80381805323174
41190,31051591,춘의동,13986,2958,37.5024742595837,126.8024176409743
41190,31051601,도당동,20762,3706,37.51338426838065,126.78543478314138
41190,31051611,중동,21167,3928,37.491150081744756,126.76708022377711
41190,31051621,상동,17629,3856,37.49144424038884,126.75919249551545
41190,31051631,약대동,16457,2459,37.513382507088856,126.76920175900678
41190,31051641,중1동,38849,4949,37.500782742195625,126.76607731328076
41190,31051651,중2동,27919,5218,37.49690287913835,126.77628322074379
41190,31051661,중3동,21276,4035,37.50690721640731,126.77271470282312
41190,31051671,중4동,16168,2978,37.50886117225914,126.76323453979636
41190,31051681,상1동,22522,3967,37.49296396767566,126.75125402094667
41190,31051691,상2동,26685,3124,37.49912662890302,126.74851990294412
41190,31051701,상3동,28726,3410,37.51075739128078,126.75202122587565
41190,31052511,심곡본1동,17753,4193,37.478183075832945,126.77584710092681
41190,31052521,심곡본동,17366,4308,37.47849652107306,126.78284228165614
41190,31052531,송내1동,19441,4101,37.48385653641288,126.75664804845344
41190,31052541,송내2동,24760,5020,37.479817937751164,126.76850650978564
41190,31052551,소사본동,28740,6144,37.4744953149915,126.7927170671792
41190,31052561,소사본1동,28246,6130,37.47144653460893,126.80040156985238
41190,31052571,범박동,27202,3532,37.468925922449294,126.80896328723401
41190,31052581,옥길동,29890,3413,37.467659489378214,126.82228960880441
41190,31052591,괴안동,17951,4078,37.47876575006216,126.80661491988639
41190,31052601,역곡3동,22188,5279,37.48265702264554,126.81586389344398
41190,31053511,성곡동,36445,7685,37.51365957129774,126.80817911450073
41190,31053521,고강본동,24371,5249,37.52917369219586,126.82086967151072
41190,31053531,고강1동,11775,2564,37.53441244526214,126.81063612069416
41190,31053541,원종1동,20360,3989,37.53037709587267,126.80405488770849
41190,31053551,원종2동,17850,3410,37.525416920858284,126.80073457899131
41190,31053561,오정동,18537,3434,37.536510645005606,126.77931460103599
41190,31053571,신흥동,17740,3285,37.52300924320559,126.77177909467699
41210,31060510,광명1동,0,0,37.48705786560757,126.86144991175755
41210,31060520,광명2동,3229,1011,37.4827701068853,126.85773742579254
41210,31060530,광명3동,10511,2923,37.48009315599956,126.85632795490163
41210,31060540,광명4동,7656,2178,37.477689043511035,126.85477290760093
41210,31060550,광명5동,12111,2748,37.47717099224273,126.84860296411514
41210,31060560,광명6동,13755,2422,37.467258419034415,126.83886745096838
41210,31060570,광명7동,22502,4072,37.465488690759585,126.85123053910603
41210,31060580,철산1동,10337,1452,37.488911801409394,126.86955336461483
41210,31060590,철산2동,5393,1260,37.48338035988352,126.8667691734437
41210,31060600,철산3동,36098,5341,37.475420517471456,126.87098639870456
41210,31060610,철산4동,9206,1286,37.47257512415593,126.86329631270898
41210,31060620,하안1동,25115,4184,37.45748274548769,126.86647310377246
41210,31060630,하안2동,13041,2591,37.464710652910796,126.87428172557692
41210,31060640,하안3동,18765,4010,37.45986743048405,126.88232411575108
41210,31060650,하안4동,11663,1673,37.46702752866304,126.87963605740019
41210,31060660,소하1동,29805,4807,37.44472427092034,126.88731954422538
41210,31060680,학온동,1798,645,37.42956559542394,126.85510630117342
41210,31060690,소하2동,25698,5554,37.43501487539441,126.87661190023888
41210,31060700,일직동,21483,1501,37.41993053387855,126.88261729818254
41220,31070110,팽성읍,27358,7102,36.961346499244215,127.03688735687665
41220,31070120,안중읍,44449,6167,36.99089118371485,126.93663496309475
41220,31070130,포승읍,28109,3750,36.987449075275734,126.8578521801408
41220,31070140,청북읍,27290,3065,37.044840061555696,126.93399534684946
41220,31070310,진위면,11029,2627,37.10806727014743,127.08808184998736
41220,31070320,서탄면,4598,1078,37.10219532606265,127.02147969720403
41220,31070330,고덕면,12489,2328,37.03507251054903,127.02344076653867
41220,31070340,오성면,6358,1842,37.00342681280646,126.99126488328626
41220,31070370,현덕면,5457,1878,36.944663732759906,126.9321276787875
41220,31070510,중앙동,41216,6349,37.05371631569087,127.06498707531986
41220,31070520,서정동,24702,4598,37.069818816270825,127.05547423678851
41220,31070530,송탄동,24314,2499,37.04630425114406,127.09525120012802
41220,31070550,지산동,12427,1780,37.07635535172836,127.05936084225887
41220,31070560,송북동,20268,3918,37.07910082648936,127.07779723589344
41220,31070570,신장1동,7454,1281,37.087749235117506,127.05029093984089
41220,31070580,신장2동,5193,1323,37.076812018638776,127.05032942110464
41220,31070590,신평동,20518,3913,36.981691347802865,127.10629264035904
41220,31070600,원평동,13764,2466,36.992519301302934,127.07167998081205
41220,31070610,통복동,5776,1268,36.99994626385597,127.08714105310992
41220,31070640,세교동,36477,4232,37.013030501184176,127.07308018146739
41220,31070650,비전2동,55136,7090,36.99063153282558,127.11983538127733
41220,31070660,용이동,26049,1727,37.00098132720681,127.14029990160938
41220,31070670,비전1동,49176,5966,37.015007845045616,127.12376096269595
41220,31070680,동삭동,40437,2494,37.01692444210931,127.09830854363942
41220,31070690,고덕동,48513,2042,37.04392127193789,127.03931048635066
41250,31080510,생연1동,6028,1739,37.90907090459699,127.06685322876127
41250,31080520,생연2동,10243,2831,37.90008223743854,127.05129049108746
41250,31080530,중앙동,4753,1792,37.90836323210583,127.054495995683
41250,31080550,보산동,3448,783,37.92527687387927,127.08854626155494
41250,31080560,불현동,24159,6216,37.89253843441854,127.1085977208955
41250,31080580,소요동,9269,2685,37.94777926412364,127.0562227174462
41250,31080600,상패동,5093,1537,37.90912360785797,127.03150242866208
41250,31080610,송내동,23846,4880,37.8807214469212,127.06504669607592
41270,31091510,일동,21764,3652,37.31320106670376,126.87015027826484
41270,31091540,본오1동,32430,4890,37.28602870113084,126.87182357367665
41270,31091550,본오2동,22293,3852,37.29469145558991,126.87000836951944
41270,31091560,본오3동,17103,3078,37.30019134965655,126.86745073085504
41270,31091570,부곡동,18242,3057,37.334695658173885,126.86909126787204
41270,31091580,월피동,31653,5037,37.34480752785451,126.84767062007928
41270,31091620,성포동,21196,3735,37.32193755270254,126.84890177504184
41270,31091710,반월동,14593,3976,37.30308996407077,126.90629816025294
41270,31091730,안산동,7325,1870,37.35849331749777,126.87668408413151
41270,31091740,이동,24258,4133,37.30983391778703,126.85532396396496
41270,31091760,사동,31224,4694,37.29921876850674,126.85082301738399
41270,31091770,사이동,26997,4037,37.28425773048089,126.84497328715507
41270,31091780,해양동,39045,3217,37.292857580222375,126.83182909026216
41270,31092590,와동,33806,4837,37.339782742226305,126.82685262873454
41270,31092660,초지동,45950,6524,37.309951515524006,126.774342393504
41270,31092680,선부1동,16502,2627,37.332270831122926,126.80789048613438
41270,31092690,선부2동,24337,2970,37.34522630101275,126.80104130165876
41270,31092700,선부3동,30662,4154,37.35228922179098,126.82272293688604
41270,31092720,대부동,7883,2953,37.23848444190059,126.58873987215642
41270,31092730,호수동,37144,4661,37.310369090845974,126.83119372101086
41270,31092740,고잔동,18040,2857,37.32488910488208,126.82574039263993
41270,31092750,중앙동,22179,3064,37.325412440426625,126.83600028071886
41270,31092760,원곡동,27066,3343,37.33128425388885,126.79280781542586
41270,31092770,신길동,22242,3383,37.33124925786433,126.76921684186884
41270,31092780,백운동,26641,3663,37.324128662730004,126.79935242890646
41280,31101510,주교동,10752,2611,37.66171480171266,126.82782559869646
41280,31101511,흥도동,29355,3848,37.632902769274885,126.86090782305219
41280,31101512,삼송1동,22037,2825,37.66326337935667,126.90686364535051
41280,31101513,삼송2동,28022,4904,37.65190058879733,126.874622591974
41280,31101514,행신3동,22068,3754,37.62525574193238,126.83960078089596
41280,31101515,행신4동,19327,3791,37.61962761328806,126.84828736989252
41280,31101520,원신동,22692,3976,37.671464623335524,126.8647066980013
41280,31101540,성사1동,23023,4824,37.659680652063805,126.84533487059878
41280,31101550,성사2동,10279,2517,37.65006797814359,126.84043602019496
41280,31101560,효자동,26195,2960,37.66290877334862,126.9587482319677
41280,31101580,창릉동,23152,2842,37.63112593259484,126.89220932308008
41280,31101590,고양동,28225,6615,37.70928844400121,126.90421143742927
41280,31101600,관산동,35027,9048,37.709684518196994,126.86372845640825
41280,31101610,능곡동,17924,3411,37.62770793157916,126.79983478370171
41280,31101620,화정1동,34933,6780,37.641937206669986,126.83302589852235
41280,31101630,화정2동,31204,5095,37.63214775093003,126.83656400840356
41280,31101640,행주동,14425,3393,37.607500980632835,126.81979441304475
41280,31101650,행신1동,20221,4019,37.62128720758072,126.83382242518084
41280,31101660,행신2동,29574,5019,37.60732774975732,126.84099870080514
41280,31101670,화전동,28414,3435,37.60360331788974,126.88362832270583
41280,31101680,대덕동,17208,1325,37.5895707754774,126.85616312499299
41280,31103510,식사동,40487,4616,37.67890915661235,126.81613635138301
41280,31103511,중산1동,20467,4644,37.69097746046167,126.78284493148094
41280,31103512,중산2동,23575,4341,37.68112401004671,126.78672932042157
41280,31103530,정발산동,21470,4150,37.6704601571273,126.77802065569105
41280,31103540,풍산동,36469,6383,37.66219632572951,126.80143908138601
41280,31103550,백석1동,28205,4466,37.647537051556455,126.79241455370735
41280,31103560,마두1동,22149,3544,37.660742632274555,126.78379465387412
41280,31103570,마두2동,14862,2454,37.6533863436028,126.78215022300569
41280,31103580,장항1동,16884,1352,37.64361918826355,126.76106361108239
41280,31103590,장항2동,26829,4263,37.6557480855465,126.76885495501737
41280,31103600,고봉동,24091,6475,37.7067574347358,126.81381108492539
41280,31103610,백석2동,20037,3460,37.64222105309814,126.78440665123912
41280,31104510,일산1동,25332,5024,37.68779931634692,126.76791838184477
41280,31104511,탄현1동,29505,4226,37.69424399204815,126.76636717499983
41280,31104512,탄현2동,18635,2743,37.70034349282186,126.77057638617121
41280,31104513,덕이동,30244,4543,37.69584488434105,126.74369136073965
41280,31104514,가좌동,18321,3056,37.68581600590554,126.69867800590255
41280,31104520,일산2동,19947,4219,37.68573406767626,126.7746739060053
41280,31104530,일산3동,32494,4198,37.67912736058339,126.76781282019941
41280,31104550,주엽1동,25528,5092,37.669664899552714,126.76570161311548
41280,31104560,주엽2동,26212,5462,37.672788138800456,126.75838155453371
41280,31104570,대화동,34385,5607,37.676520402588025,126.74847801454163
41280,31104580,송포동,19935,3143,37.66708105987418,126.72281084362534
41290,31110510,중앙동,11185,2256,37.43594588123102,126.979288820101
41290,31110521,갈현동,16962,1019,37.410595104056014,126.9841399900263
41290,31110522,원문동,16209,2113,37.421378310526975,126.97681233636989
41290,31110530,별양동,14664,2366,37.42759927600752,126.99554636720413
41290,31110540,부림동,13984,2278,37.435046358944206,126.99882480956963
41290,31110550,과천동,5987,1394,37.450822105316405,127.00859127758669
41290,31110560,문원동,6521,1391,37.424796617323935,127.01909798045955
41310,31120510,갈매동,30666,4222,37.63163914797727,127.11812511527057
41310,31120520,동구동,35277,5938,37.624685001640806,127.13668720118821
41310,31120530,인창동,23692,3850,37.608251737746976,127.12801449658122
41310,31120540,교문1동,14802,3509,37.580099820355926,127.11816441866502
41310,31120550,교문2동,20577,3572,37.58594354664455,127.13382189794781
41310,31120560,수택1동,16699,3263,37.59776816543116,127.14956555761555
41310,31120570,수택2동,24315,5202,37.5942386633489,127.14350182354544
41310,31120580,수택3동,20853,3588,37.580689776085705,127.14880774019163
41360,31130110,와부읍,56903,11890,37.59402318851473,127.24710827441176
41360,31130111,화도읍,112730,20701,37.65282334315532,127.31594489861251
41360,31130120,진접읍,98186,17669,37.72553647372143,127.19368565727255
41360,31130140,진건읍,20442,4912,37.657933195703876,127.1851310606418
41360,31130150,오남읍,51513,9340,37.693814312239624,127.23146384733056
41360,31130160,퇴계원읍,26758,6198,37.653494821411876,127.1432090910136
41360,31130310,별내면,17669,4335,37.7098708537813,127.12624407529879
41360,31130340,수동면,9676,3660,37.726332141146315,127.3040958480273
41360,31130350,조안면,3524,1195,37.566798332388814,127.29905542809307
41360,31130510,호평동,55462,8466,37.6638147514772,127.24951524403937
41360,31130520,평내동,37490,5649,37.64641860376259,127.23512104498508
41360,31130530,금곡동,17051,5098,37.63203518620139,127.21216331876064
41360,31130540,양정동,2431,707,37.61089788097148,127.19159034153074
41360,31130570,별내동,82067,12489,37.66628332833644,127.11449439761343
41360,31130580,다산1동,104440,12937,37.61881294096049,127.15661626695544
41360,31130590,다산2동,36140,4391,37.597478321093,127.16906148056879
41370,31140510,중앙동,34383,4565,37.15367521934508,127.08400976614111
41370,31140530,남촌동,32238,3102,37.15714630077792,127.04912400938595
41370,31140550,세마동,30796,3847,37.184256626541455,127.02970998861525
41370,31140560,초평동,19004,2360,37.14288683769881,127.04564177588205
41370,31140571,신장1동,34265,4870,37.17206409718655,127.05104843000731
41370,31140572,신장2동,22213,2896,37.17370215238859,127.06521402241297
41370,31140581,대원1동,45962,5906,37.1375544375667,127.07208344446687
41370,31140582,대원2동,23203,2060,37.13878340257316,127.0871339148169
41390,31150510,대야동,38107,6656,37.45348298717844,126.79974909349473
41390,31150520,신천동,30169,5981,37.43868368023515,126.78007767779641
41390,31150530,신현동,8223,1938,37.412884218037604,126.77486513872934
41390,31150540,은행동,48974,5873,37.432493553219366,126.80793931876285
41390,31150550,매화동,10263,2225,37.40632443247528,126.82386677586116
41390,31150560,목감동,36712,5393,37.38026797165269,126.85310449758039
41390,31150590,과림동,1629,504,37.43239191996386,126.83492249758523
41390,31150611,정왕2동,27222,3094,37.340807260441665,126.72161268482692
41390,31150620,정왕3동,22557,2757,37.34541597189594,126.7062280453892
41390,31150640,정왕본동,37099,3781,37.35794773996142,126.75215395244406
41390,31150650,정왕1동,39009,3717,37.33281605430197,126.73465822326794
41390,31150670,능곡동,23670,3162,37.36516696121807,126.8087911583699
41390,31150680,군자동,20431,3709,37.356703750753546,126.77985673795705
41390,31150690,월곶동,16626,2908,37.38387469648796,126.75825339673142
41390,31150700,연성동,21526,3101,37.38947946294911,126.80619550033641
41390,31150710,장곡동,41933,3781,37.381598945177046,126.78520973746215
41390,31150720,정왕4동,17878,2043,37.36260362998632,126.73126132795196
41390,31150740,배곧1동,32288,2393,37.37681899415207,126.73045816200634
41390,31150750,배곧2동,32713,1744,37.36314369091581,126.716342523645
41390,31150760,거북섬동,11103,391,37.32200806572524,126.69317723762259
41410,31160510,군포1동,33587,6085,37.35402984738074,126.95216671649975
41410,31160520,군포2동,40834,6706,37.34140711826678,126.93893937759297
41410,31160540,산본1동,17202,4077,37.373041766660876,126.94001167134736
41410,31160550,산본2동,24352,4593,37.37188165336732,126.92983629842074
41410,31160560,금정동,19633,3603,37.36597363816307,126.94532034524474
41410,31160570,재궁동,16628,3682,37.35859948484354,126.93734853410243
41410,31160580,오금동,19388,3203,37.34898951309422,126.92936516222419
41410,31160590,수리동,14424,3257,37.35176929299206,126.9166498964247
41410,31160600,궁내동,18649,2666,37.36471512406306,126.9169362622671
41410,31160610,광정동,22626,4205,37.365970535953345,126.92573818924355
41410,31160630,대야동,8780,1823,37.33519578887163,126.90006159099806
41410,31160640,송부동,19827,2631,37.32151601315942,126.9292022162503
41430,31170510,고천동,14233,2721,37.34304231635617,126.98626611126197
41430,31170520,부곡동,29749,5662,37.31980553375759,126.9526758936257
41430,31170530,오전동,33565,6315,37.35918668279841,126.98379589764093
41430,31170540,내손1동,19840,3596,37.37683556187459,126.97712384027243
41430,31170550,내손2동,20839,3221,37.38615841556514,126.98259930788691
41430,31170560,청계동,36262,6464,37.38809633051285,127.0115174223176
41450,31180510,천현동,6388,1999,37.51229322093214,127.23829107508826
41450,31180520,신장1동,6976,1561,37.53900012564521,127.20723685276351
41450,31180530,신장2동,44575,9666,37.548871611875285,127.22160157976278
41450,31180540,덕풍1동,14114,3444,37.53513743722283,127.19808366060282
41450,31180550,덕풍2동,17535,4292,37.54132471963798,127.19923797259786
41450,31180560,덕풍3동,27460,5251,37.55114567415036,127.2046936914682
41450,31180590,춘궁동,1279,338,37.50658423602966,127.19422566841435
41450,31180600,초이동,3176,887,37.534321299148374,127.17354771484656
41450,31180611,미사3동,30030,3606,37.55038571870384,127.19004799064723
41450,31180620,미사1동,53938,5424,37.56765308072193,127.20446684170754
41450,31180630,미사2동,46292,6525,37.579908407878534,127.18777705448318
41450,31180650,위례동,34766,3236,37.47972457756364,127.16191905529082
41450,31180660,감북동,2986,727,37.518924360462584,127.16289658430169
41450,31180670,감일동,39606,3785,37.50302608513796,127.16191320758568
41460,31191110,포곡읍,31659,5269,37.290495952300866,127.21756872719179
41460,31191120,모현읍,29248,5160,37.32643533789587,127.21816233599701
41460,31191130,이동읍,21160,4442,37.164703503079934,127.21116757686286
41460,31191140,남사읍,23903,4125,37.132648535072015,127.15665354669298
41460,31191340,원삼면,8565,2355,37.16323363809665,127.31333626798416
41460,31191350,백암면,9281,2768,37.1437545452124,127.37980941538952
41460,31191360,양지면,21985,3953,37.24192812021701,127.28865590621837
41460,31191510,중앙동,31117,5178,37.225037512864596,127.20061642024206
41460,31191530,유림동,50559,6132,37.25359058875176,127.21237860713296
41460,31191540,동부동,13462,2914,37.20386824092959,127.25141435226546
41460,31191550,역북동,35312,3939,37.241177948421026,127.18640986298611
41460,31191560,삼가동,12250,1880,37.24018746314678,127.1655907168438
41460,31192520,구갈동,41300,5054,37.2773905098783,127.1230594926689
41460,31192540,기흥동,20622,4120,37.23099223738433,127.11414992966563
41460,31192550,서농동,28211,2473,37.23270178105337,127.07918786395514
41460,31192560,구성동,37671,8348,37.295383581893674,127.1412796432376
41460,31192570,마북동,32292,6703,37.30670827997392,127.12753277081183
41460,31192590,보정동,33013,6090,37.3093305222923,127.10712302169031
41460,31192600,상하동,23438,4985,37.261588732257614,127.14354733633019
41460,31192610,신갈동,36959,6328,37.28307315477906,127.10140777440519
41460,31192630,영덕1동,33532,4094,37.274781203977355,127.08027392938705
41460,31192640,영덕2동,18964,2922,37.25325623719593,127.09128820049979
41460,31192650,상갈동,12650,2196,37.26549516906416,127.11087047372062
41460,31192660,보라동,31773,5673,37.2450073906057,127.13102458088616
41460,31192670,동백1동,30770,4098,37.28576306195517,127.1642965671694
41460,31192680,동백2동,25650,3519,37.26675547315717,127.16179623581169
41460,31192690,동백3동,25985,4356,37.27714574207991,127.14723924856847
41460,31193510,풍덕천1동,34308,5528,37.328059414084166,127.09322746411333
41460,31193520,풍덕천2동,40023,4116,37.31853053317845,127.09097306363385
41460,31193530,신봉동,39425,6396,37.33236951107626,127.05760363078926
41460,31193550,죽전2동,17395,2704,37.330251817902614,127.10758910378227
41460,31193560,동천동,48862,7229,37.350164933260004,127.05744416639268
41460,31193580,상현2동,31454,5320,37.30524248093318,127.08750434660737
41460,31193590,성복동,51484,9798,37.31927561544942,127.06069045135533
41460,31193600,죽전1동,27128,4961,37.33300850608043,127.12941337019993
41460,31193610,죽전3동,28694,3875,37.32514742516518,127.12507833495413
41460,31193620,상현1동,19018,3102,37.30663372675438,127.07966040030679
41460,31193630,상현3동,26742,3617,37.30233160954792,127.069403852066
41480,31200110,문산읍,48248,8931,37.87422384101868,126.7803936472128
41480,31200120,파주읍,14557,3845,37.82853169442941,126.81492922579962
41480,31200130,법원읍,10130,3148,37.867112275551,126.89296241367569
41480,31200150,조리읍,28210,6682,37.75083363660596,126.82309729302484
41480,31200310,월롱면,10425,1656,37.797189053741135,126.78899003105217
41480,31200320,탄현면,14363,3582,37.802219610954545,126.70581854259187
41480,31200350,광탄면,13305,3576,37.776686922777785,126.88300356561092
41480,31200360,파평면,3781,1419,37.91432284573967,126.85134840684692
41480,31200370,적성면,6911,2024,37.95827815314315,126.93104571358218
41480,31200390,장단면,502,188,37.921323603721746,126.74181808472228
41480,31200511,교하동,7907,2008,37.732557112135474,126.70921674065914
41480,31200512,운정1동,50655,6250,37.73169921064319,126.75871628842381
41480,31200513,운정3동,66230,8059,37.710859833500365,126.74611780717424
41480,31200514,운정4동,23303,3412,37.72409495842595,126.77590944773357
41480,31200515,운정5동,50348,5112,37.72908137868481,126.71900455431727
41480,31200516,운정6동,23923,1872,37.71478648807357,126.72233288925987
41480,31200520,금촌2동,30324,5197,37.75089811361396,126.77655630561163
41480,31200530,금촌1동,21632,5034,37.760849029084866,126.78237691326613
41480,31200540,금촌3동,24632,4729,37.77992756600647,126.74822711987522
41480,31200570,운정2동,61922,6846,37.726768949180716,126.7402958057151
41500,31210110,장호원읍,14332,3959,37.13471588786102,127.59642548741468
41500,31210120,부발읍,35880,4854,37.27311197416451,127.50697010715427
41500,31210310,신둔면,14775,3175,37.313663297773594,127.41041903070148
41500,31210320,백사면,12032,2673,37.32556556640584,127.48256462201105
41500,31210330,호법면,6941,1688,37.2151968176009,127.41197604712876
41500,31210340,마장면,17110,2519,37.249661801444354,127.37082169805441
41500,31210350,대월면,13953,2479,37.21289086732266,127.49774208655126
41500,31210360,모가면,4633,1547,37.17072433259757,127.45675152781659
41500,31210370,설성면,4867,1804,37.13954613320736,127.52311819486744
41500,31210380,율면,2911,1174,37.07566090453642,127.54694813699952
41500,31210510,창전동,15902,3383,37.28348676708044,127.44525161289094
41500,31210520,중리동,15353,2918,37.24305455963999,127.45070137145353
41500,31210530,관고동,9563,2129,37.28764158650499,127.42168281543448
41500,31210540,증포동,54191,5005,37.28968936342896,127.45453938323948
41550,31220110,공도읍,60578,9043,36.99471106071578,127.17361797797174
41550,31220310,보개면,4677,1888,37.05606150937155,127.31379682215783
41550,31220320,금광면,6430,2243,36.98164282416086,127.34428644983844
41550,31220330,서운면,3343,1222,36.936741918481886,127.26721141456575
41550,31220340,미양면,5691,1882,36.96948974880974,127.22337268576037
41550,31220350,대덕면,21017,2819,37.03446058941045,127.23848862564368
41550,31220360,양성면,5115,2118,37.081879756218,127.21998282334015
41550,31220380,원곡면,6190,1402,37.05594841304073,127.14711765141477
41550,31220390,일죽면,7235,2594,37.0983331039882,127.46875533560763
41550,31220400,죽산면,7119,2427,37.04867406597478,127.42184136555025
41550,31220410,삼죽면,4989,1272,37.06788286441062,127.36660605241076
41550,31220420,고삼면,1708,670,37.092324834586194,127.27151544471984
41550,31220510,안성1동,11054,2996,37.00432691052546,127.28310406651869
41550,31220520,안성2동,26092,4040,36.992145908771185,127.26711259012258
41550,31220530,안성3동,22712,4223,37.026950240378696,127.26398609168172
41570,31230110,통진읍,39439,8183,37.696004006240656,126.59961513329786
41570,31230120,고촌읍,47141,6794,37.60650515017117,126.7628632259881
41570,31230130,양촌읍,34799,6766,37.64170815781545,126.62490260414515
41570,31230340,대곶면,16990,3078,37.64638221923282,126.57147851303773
41570,31230350,월곶면,7139,2020,37.73639954522316,126.55430222061776
41570,31230360,하성면,9164,2720,37.73666530270389,126.64131317316922
41570,31230530,사우동,20359,4091,37.619123098811826,126.72608599532123
41570,31230540,풍무동,56503,8872,37.60620538314428,126.72236407459005
41570,31230560,장기동,38579,5023,37.637088191109676,126.67873931471561
41570,31230600,운양동,46778,5695,37.65605023876139,126.6853784010112
41570,31230610,김포본동,54851,9393,37.63504156863593,126.7111048800508
41570,31230620,장기본동,36910,4884,37.64794801953338,126.66329141682382
41570,31230630,구래동,43910,4464,37.645192963527656,126.62742159521225
41570,31230640,마산동,34290,4672,37.63914613482177,126.64149875137457
41590,31240120,봉담읍,105119,12834,37.20389874860018,126.93921130223559
41590,31240130,우정읍,20281,4428,37.089399490771264,126.77534398168022
41590,31240140,향남읍,95926,9904,37.11455339245228,126.92704466433737
41590,31240150,남양읍,62660,8521,37.204047201130585,126.817392999063
41590,31240310,매송면,6216,2016,37.26365875851563,126.90641449596798
41590,31240330,비봉면,7851,2213,37.23210616485009,126.87158438130461
41590,31240350,마도면,9616,1826,37.19062557074223,126.76357542055214
41590,31240360,송산면,11422,3263,37.24542585066122,126.71977717657988
41590,31240370,서신면,8285,2566,37.16039714714777,126.69498773599611
41590,31240380,팔탄면,14980,2608,37.15368124902965,126.88208039492629
41590,31240390,장안면,14597,2913,37.07435263933881,126.84076039462057
41590,31240420,양감면,6653,1197,37.08828841440465,126.95990952170398
41590,31240430,정남면,13518,2827,37.161810042639,126.9861302929792
41590,31240520,진안동,48629,5089,37.21975090366933,127.03822874177568
41590,31240530,병점1동,34924,4073,37.2033915606594,127.03500328577475
41590,31240540,병점2동,21415,2786,37.210403405146245,127.04604408897217
41590,31240550,반월동,35129,2907,37.22680305730548,127.06064428379129
41590,31240560,기배동,15448,2208,37.22384825430752,126.98875501611626
41590,31240570,화산동,27227,4457,37.20751949943016,127.00527429332885
41590,31240600,동탄2동,32082,2909,37.19237282013145,127.07474557249436
41590,31240610,동탄1동,47144,3079,37.21020904779232,127.07396305527955
41590,31240620,동탄3동,38197,3153,37.20852733805861,127.05664962993768
41590,31240640,동탄4동,49482,2238,37.19567587915009,127.11189097174551
41590,31240650,동탄5동,43993,3709,37.20936599807542,127.12333980707034
41590,31240670,새솔동,25651,1479,37.28228968430113,126.81935666629936
41590,31240691,동탄7동,53073,3578,37.17097243084059,127.11231318246294
41590,31240700,동탄6동,41648,2364,37.18200148486678,127.08861665528887
41590,31240710,동탄8동,35021,2114,37.15500699717452,127.1117942877332
41590,31240720,동탄9동,42635,2445,37.183761183246766,127.13885599835316
41610,31250120,초월읍,53626,8700,37.396871929564654,127.31115056707984
41610,31250140,곤지암읍,24971,4817,37.3639527552537,127.38248627525994
41610,31250340,도척면,10529,2594,37.30810147024293,127.31549020545975
41610,31250350,퇴촌면,14830,4658,37.45413920459325,127.34005866015205
41610,31250360,남종면,1284,627,37.5028624696126,127.32069738763748
41610,31250380,남한산성면,2090,745,37.45951943976885,127.23413896443627
41610,31250511,오포1동,29317,3919,37.359816181026225,127.21307789792901
41610,31250512,오포2동,32392,5049,37.36794610696616,127.26096592261878
41610,31250513,신현동,34115,5560,37.36439450910057,127.16145485373647
41610,31250514,능평동,21752,4142,37.35057694269729,127.16765830991852
41610,31250540,경안동,29001,4709,37.405400689144315,127.25270442520174
41610,31250550,송정동,22570,4285,37.42507293090325,127.2625791943516
41610,31250560,쌍령동,16950,2671,37.40251969325091,127.27101829969523
41610,31250570,탄벌동,40476,7067,37.43086037308535,127.22699223752895
41610,31250580,광남1동,31738,6000,37.398288392558015,127.20495707095152
41610,31250590,광남2동,31963,3633,37.38409024283925,127.22808060603272
41630,31260110,백석읍,25549,6835,37.78893179432835,126.97763512611701
41630,31260310,은현면,7077,1805,37.869247956982626,127.02396409762973
41630,31260320,남면,7563,1947,37.89603213635637,126.97980137653653
41630,31260330,광적면,12262,2897,37.83005886288653,126.95297424025298
41630,31260340,장흥면,12940,5358,37.717350465315796,126.96349251138142
41630,31260510,양주1동,4351,1594,37.785637931465935,127.03458317121513
41630,31260520,양주2동,47982,8976,37.79258610688215,127.08693515034548
41630,31260530,회천1동,9121,1835,37.85685395514809,127.07498363277178
41630,31260540,회천2동,44208,6883,37.8252425135919,127.04741826066272
41630,31260550,회천3동,24934,4173,37.82584364446725,127.07040623784727
41630,31260561,옥정1동,37436,4178,37.83696744766179,127.10089648245588
41630,31260571,옥정2동,55583,4135,37.81782158424782,127.08806405457115
41650,31270110,소흘읍,40108,9174,37.794294928482344,127.14905782776823
41650,31270310,군내면,9864,2163,37.87732810122536,127.22956012625154
41650,31270320,내촌면,4718,1358,37.797621176720575,127.235373796343
41650,31270330,가산면,9950,2023,37.833888670483816,127.20106254795225
41650,31270340,신북면,11394,3199,37.94489922050605,127.17122979364386
41650,31270350,창수면,1986,913,38.02291467513397,127.17698074343176
41650,31270360,영중면,4490,1766,38.0026677574852,127.25195648851643
41650,31270370,일동면,8368,3128,37.96428731773378,127.32430189211883
41650,31270380,이동면,5166,1746,38.051908924813866,127.38536700965152
41650,31270390,영북면,6600,2527,38.073815864138595,127.2848686065252
41650,31270400,관인면,2225,1153,38.12914394726151,127.22514636306697
41650,31270410,화현면,2725,858,37.89805478112792,127.28527775204674
41650,31270510,포천동,17553,4175,37.894276770617616,127.1820037133443
41650,31270520,선단동,16316,3060,37.86138215187877,127.14684091194012
41670,31280110,가남읍,15057,4049,37.209186206902956,127.58017947372845
41670,31280310,점동면,4573,1814,37.19113752040441,127.68392818062861
41670,31280330,흥천면,5092,1921,37.34536729244431,127.53340457212747
41670,31280340,금사면,2662,1204,37.396516331942905,127.49766759434175
41670,31280350,산북면,2551,969,37.409255116335785,127.44205287779458
41670,31280360,대신면,6619,2749,37.37759458652282,127.60249352255882
41670,31280370,북내면,4741,1882,37.3562768264614,127.6891565279744
41670,31280380,강천면,4532,1849,37.2884659197782,127.72645505342281
41670,31280390,세종대왕면,5713,2256,37.29411064764511,127.57784881202281
41670,31280510,여흥동,20104,4751,37.2558954455463,127.65043541539664
41670,31280520,중앙동,25509,4092,37.27445320428869,127.6181092869942
41670,31280530,오학동,17456,2997,37.316500797338605,127.6490499787982
41800,31550110,연천읍,7522,2251,38.100276869599384,127.11468637733161
41800,31550120,전곡읍,17547,4531,37.99442538230087,127.03718551113496
41800,31550310,군남면,2965,1270,38.07490236407573,127.03789874414086
41800,31550320,청산면,4396,1539,38.01078570476381,127.10208679301769
41800,31550330,백학면,2592,1017,38.02919707198165,126.90005809114454
41800,31550340,미산면,1622,741,38.03629753607365,126.97695693912534
41800,31550350,왕징면,942,518,38.09709111258372,126.94322591591367
41800,31550360,신서면,2410,1182,38.19877005706921,127.10586855035784
41800,31550370,중면,156,53,38.166579399773134,127.00594462770219
41800,31550380,장남면,713,330,37.99403483155101,126.8513257447971
41820,31570110,가평읍,21076,5654,37.82882561176636,127.48752056765387
41820,31570310,설악면,10226,3370,37.65333177473969,127.49913939274053
41820,31570320,청평면,13145,4542,37.72975653265814,127.42932423287584
41820,31570330,상면,5363,2139,37.790761434589704,127.33776971909357
41820,31570350,북면,3480,1525,37.94452675755656,127.49412963277047
41820,31570360,조종면,9237,2601,37.867104741757245,127.37175518514864
41830,31580110,양평읍,37777,8196,37.49355554105906,127.51407018887431
41830,31580310,강상면,9956,2806,37.46106969017022,127.46769208659775
41830,31580320,강하면,4642,1987,37.468089670907894,127.4117620673353
41830,31580330,양서면,14026,4569,37.54127821887988,127.38026318625376
41830,31580340,옥천면,7920,2659,37.55178114818651,127.48651708864438
41830,31580350,서종면,9279,2943,37.60932205113602,127.40634260424984
41830,31580360,단월면,3892,1655,37.5828231772431,127.63582452781287
41830,31580370,청운면,3898,1892,37.54821039188616,127.7522061971569
41830,31580380,양동면,4495,1975,37.442815690738016,127.7422210434487
41830,31580390,지평면,7009,2859,37.44868239605296,127.651431156107
41830,31580400,용문면,18858,5883,37.51974012582693,127.58828836246268
41830,31580410,개군면,5052,1917,37.43989445369068,127.54949875387359
43110,33041310,낭성면,1958,957,36.62999148152542,127.59715306165519
43110,33041320,미원면,4334,2120,36.653183883011884,127.67691976690473
43110,33041330,가덕면,3488,1489,36.56203560272104,127.56205659313346
43110,33041340,남일면,6830,2031,36.57503593476322,127.5205909129398
43110,33041350,문의면,3211,1491,36.490967438175396,127.51074093946156
43110,33041510,중앙동,6261,1583,36.64244306992776,127.49389661120034
43110,33041520,성안동,6269,2170,36.63105964463254,127.48937497571548
43110,33041530,탑·대성동,10969,2840,36.63176348693378,127.49786616791475
43110,33041540,영운동,9631,2676,36.61915335632863,127.50014909877949
43110,33041550,금천동,28114,5356,36.62641903290424,127.50587356247702
43110,33041560,용담·명암·산성동,12133,1763,36.65135519886063,127.52658022546665
43110,33041570,용암1동,55403,7321,36.62716912507126,127.52330558513889
43110,33041580,용암2동,42681,4813,36.61492987643623,127.5308871005381
43110,33042310,남이면,9537,2630,36.5665258197952,127.42856081635365
43110,33042320,현도면,3268,1553,36.48922970536591,127.43441766493696
43110,33042510,사직1동,3887,1104,36.63996855918122,127.47701497358163
43110,33042520,사직2동,11217,2267,36.632462327222505,127.47540854360162
43110,33042530,사창동,16765,3026,36.63451744035114,127.46301252408499
43110,33042540,모충동,17737,3717,36.62506088002203,127.48129889236034
43110,33042550,산남동,24291,3007,36.60849982231629,127.46894185286484
43110,33042560,분평동,27745,4828,36.59688554663449,127.48701820066641
43110,33042570,수곡1동,12775,3518,36.61703699453097,127.48567197153723
43110,33042580,수곡2동,14415,3703,36.61884024351174,127.47377120343047
43110,33042590,성화·개신·죽림동,45224,6808,36.615013041766794,127.45206660347566
43110,33043110,오송읍,38394,4221,36.62932807124842,127.31958852964232
43110,33043310,강내면,12147,2197,36.599255198615694,127.3603604150361
43110,33043320,옥산면,16990,2815,36.68734288166429,127.35694688678386
43110,33043510,운천·신봉동,13667,3422,36.652447868363616,127.47096906617668
43110,33043520,복대1동,50392,4662,36.63758146501631,127.43487398284378
43110,33043530,복대2동,16804,3446,36.6299165686944,127.44619360112532
43110,33043540,가경동,51740,7341,36.620302641967754,127.43426027613022
43110,33043550,봉명1동,14840,1987,36.64043613207368,127.46031202661875
43110,33043560,봉명2·송정동,23796,3266,36.648577590257894,127.45061091515792
43110,33043570,강서1동,29708,4431,36.62306093441101,127.39962526173586
43110,33043580,강서2동,16296,1232,36.66671913806546,127.42965328988093
43110,33044110,내수읍,19179,4220,36.702906455045216,127.54732337323547
43110,33044120,오창읍,67857,6600,36.73369647444778,127.4218423256622
43110,33044310,북이면,4518,1815,36.74623908221931,127.54763848731444
43110,33044510,오근장동,16949,2461,36.69234789999134,127.47930508386982
43110,33044520,우암동,12060,3199,36.65040898671374,127.48911191885635
43110,33044530,내덕1동,8064,2693,36.65879826933017,127.48142353853056
43110,33044540,내덕2동,16919,2763,36.65787101968785,127.49486136033605
43110,33044550,율량·사천동,46072,7144,36.66629197169053,127.49740736446402
43130,33020110,주덕읍,6356,2114,36.98620825879756,127.7831493260755
43130,33020310,살미면,1782,944,36.91273008720384,127.99572381493988
43130,33020320,수안보면,2631,1272,36.84423036240081,128.0263244137612
43130,33020340,신니면,2969,1394,36.99883163638842,127.71035213270696
43130,33020350,노은면,2090,1090,37.052130507164826,127.75047325313759
43130,33020360,앙성면,3584,1799,37.12223422597947,127.75482125101273
43130,33020380,금가면,3586,972,37.031505705448794,127.89545352085513
43130,33020390,동량면,3349,1687,37.01514545194567,128.02067448019383
43130,33020400,산척면,2069,1027,37.08374691730327,128.00481812403586
43130,33020410,엄정면,2793,1421,37.118309300893166,127.9253515654529
43130,33020420,소태면,1760,903,37.12224940811247,127.85379728957066
43130,33020430,대소원면,12554,1885,36.949516608201456,127.85231185718126
43130,33020440,중앙탑면,14398,1603,37.03709102565998,127.85112633283923
43130,33020510,성내·충인동,2336,918,36.97137412864273,127.93351040347261
43130,33020530,교현·안림동,21148,5208,36.976127403015816,127.98043531422616
43130,33020540,교현2동,6288,2131,36.9794236150942,127.92924274900079
43130,33020550,용산동,13178,2488,36.96086976037348,127.9453040390013
43130,33020560,지현동,4573,1468,36.963581646790985,127.93200159418294
43130,33020570,문화동,8665,3168,36.96923133361893,127.92317712824752
43130,33020580,호암·직동,21249,2640,36.947049837346945,127.94979040331224
43130,33020600,달천동,8012,1342,36.94374362023273,127.9002729106439
43130,33020610,봉방동,9038,2250,36.975855498230636,127.90464498236655
43130,33020620,칠금·금릉동,13047,2622,36.990135378435674,127.91416458787339
43130,33020630,연수동,33317,6993,36.99052052482011,127.94450117136049
43130,33020640,목행·용탄동,6467,1144,37.00867290318258,127.94622417584847
43150,33030110,봉양읍,6438,2776,37.148434509674885,128.1152540549797
43150,33030310,금성면,1747,875,37.06340837385941,128.18438446141545
43150,33030320,청풍면,1210,569,37.00931994611937,128.1445867108869
43150,33030330,수산면,1844,950,36.94877640337968,128.20854241784113
43150,33030340,덕산면,1978,936,36.875516764743914,128.16474420655848
43150,33030350,한수면,627,291,36.902973697304716,128.08733727216483
43150,33030360,백운면,3085,1584,37.18055790178723,127.99578570800563
43150,33030370,송학면,4549,1983,37.20221080396575,128.24435953657124
43150,33030510,교동,16957,3192,37.14747139066832,128.22753087788533
43150,33030560,용두동,21396,3392,37.156960844186216,128.18022226410417
43150,33030590,청전동,15083,4904,37.150427106855204,128.20931679265473
43150,33030600,화산동,14333,3170,37.11016952843815,128.20128445675553
43150,33030700,남현동,4544,1675,37.132961417904525,128.21823709848488
43150,33030710,영서동,9697,2639,37.126981752516556,128.17834471841215
43150,33030720,신백동,10138,2480,37.12057134367565,128.26300084577844
43150,33030730,의림지동,9661,2004,37.17276016272847,128.21659860389127
43150,33030740,중앙동,5283,1929,37.139539681717665,128.2091119711993
43720,33520110,보은읍,14117,4301,36.49915531929076,127.72315429654486
43720,33520310,속리산면,1640,809,36.52463749872868,127.83396133796907
43720,33520320,장안면,1471,534,36.47735444927516,127.80009085552958
43720,33520330,마로면,2003,1122,36.41714457178073,127.83793989580089
43720,33520340,탄부면,1561,880,36.437090704204266,127.77845309774975
43720,33520350,삼승면,2223,970,36.41736622518728,127.73497877583189
43720,33520360,수한면,1852,1008,36.45955857354879,127.66851073812894
43720,33520370,회남면,671,373,36.433547267713436,127.57402688085888
43720,33520380,회인면,1618,851,36.500291281505255,127.60256755188328
43720,33520390,내북면,1739,896,36.553930249261896,127.65817622701977
43720,33520400,산외면,1632,793,36.57151758606683,127.74719161757699
43730,33530110,옥천읍,28357,7307,36.30150573806839,127.5837561416402
43730,33530310,동이면,3148,1420,36.295194931800815,127.64596761838749
43730,33530320,안남면,1265,674,36.35478520502548,127.68114363729752
43730,33530330,안내면,1823,994,36.399522771754675,127.6494168407707
43730,33530340,청성면,2208,1246,36.32471834649623,127.73320738249015
43730,33530350,청산면,2779,1486,36.34531357489093,127.8155729433556
43730,33530360,이원면,3787,1776,36.2280547685609,127.63213639010773
43730,33530370,군서면,2043,1031,36.27230946167299,127.52572760191708
43730,33530380,군북면,2794,1283,36.35670929507993,127.5599856820703
43740,33540110,영동읍,20264,5356,36.17751084800923,127.8106497897161
43740,33540310,용산면,3281,1344,36.262925132942954,127.80481789973521
43740,33540320,황간면,3775,1662,36.2360166545149,127.89679888079388
43740,33540330,추풍령면,2033,993,36.22891455690935,127.99768635190796
43740,33540340,매곡면,1665,855,36.166534177164834,127.95305421103697
43740,33540350,상촌면,2043,1114,36.099962401489044,127.89513734642193
43740,33540360,양강면,2799,1259,36.12290313716003,127.76116729698929
43740,33540370,용화면,879,446,36.04732279506272,127.7767225450493
43740,33540380,학산면,2432,1284,36.08721555806152,127.68681393992374
43740,33540390,양산면,1630,863,36.14705224311281,127.64268537021837
43740,33540400,심천면,2750,1448,36.21540611454866,127.70950202071748
43745,33590140,증평읍,35406,7289,36.76686225257309,127.60394013207542
43745,33590310,도안면,1765,755,36.82762908485811,127.60604432407749
43750,33550110,진천읍,28997,6047,36.84783036940389,127.41408476837454
43750,33550120,덕산읍,30609,2861,36.89801147263826,127.50743684492491
43750,33550320,초평면,2750,1286,36.82916395215292,127.53172299136324
43750,33550330,문백면,3493,1382,36.79993321632226,127.45102199610021
43750,33550340,백곡면,1893,1006,36.89974790949175,127.35114784409497
43750,33550350,이월면,7531,2217,36.91911579265331,127.43306214981877
43750,33550360,광혜원면,11264,1968,36.97664550039302,127.42367454324598
43760,33560110,괴산읍,10271,2480,36.82712770104296,127.80514909471407
43760,33560310,감물면,1850,918,36.83885186481802,127.88282419052956
43760,33560320,장연면,1782,870,36.83523879810119,127.93449563557186
43760,33560330,연풍면,2092,1063,36.76685934111245,128.0030702921705
43760,33560340,칠성면,3099,1277,36.75335271250323,127.88257377512274
43760,33560350,문광면,1985,973,36.771832899061764,127.77366396082613
43760,33560360,청천면,5041,2446,36.67359936994845,127.81550168658451
43760,33560370,청안면,3188,1551,36.74918019957785,127.68219632863422
43760,33560380,사리면,2481,1153,36.81558078703839,127.68146632457476
43760,33560390,소수면,2020,992,36.8492829399372,127.72699011284308
43760,33560400,불정면,2442,1300,36.893171076302096,127.82366951189887
43770,33570110,음성읍,14307,4827,36.941690867550975,127.6544068394933
43770,33570120,금왕읍,19363,4326,36.98824152967114,127.57357596623059
43770,33570310,소이면,2514,1449,36.91260393141047,127.75196778589444
43770,33570320,원남면,2796,1454,36.881428885790854,127.64775995420327
43770,33570330,맹동면,11826,2058,36.918817301188625,127.55816082510232
43770,33570340,대소면,17912,3068,36.9611029604665,127.49150799911857
43770,33570350,삼성면,7583,2125,37.01919005034837,127.49378204995283
43770,33570360,생극면,4691,1718,37.035853128920245,127.6122248161187
43770,33570370,감곡면,10244,2943,37.09677092643637,127.66265680761835
43800,33580110,단양읍,10158,2847,36.960916137753856,128.39119349330952
43800,33580120,매포읍,4949,1760,37.04618061007965,128.3017219971728
43800,33580310,단성면,1575,740,36.8977322560518,128.29010513763674
43800,33580320,대강면,2315,1168,36.868307324619614,128.37985817182454
43800,33580330,가곡면,1918,920,37.0146253714601,128.4314380449623
43800,33580340,영춘면,3080,1411,37.06830318235701,128.50009279908897
43800,33580350,어상천면,1894,896,37.09727407124161,128.34670721173757
43800,33580360,적성면,1462,748,36.99504220253016,128.27583723146043
44130,34011110,목천읍,22098,4889,36.788450810903846,127.21256620599343
44130,34011310,풍세면,9483,1817,36.73769028536493,127.12233147888554
44130,34011320,광덕면,4045,1596,36.67663679780431,127.0926710428433
44130,34011330,북면,4209,1487,36.83507046604773,127.27181671840962
44130,34011340,성남면,3374,1167,36.73215699327915,127.23656769306021
44130,34011350,수신면,2736,830,36.7252090152881,127.28580528955833
44130,34011360,병천면,6321,1837,36.7953833745412,127.31294501631325
44130,34011370,동면,2185,899,36.78106512378176,127.36716148969623
44130,34011510,중앙동,4952,1756,36.80313710029991,127.14956915932152
44130,34011520,문성동,8202,1162,36.81248193320866,127.15245274124777
44130,34011530,원성1동,7708,2192,36.814580970608056,127.18262722035948
44130,34011540,원성2동,8699,2602,36.80254458016072,127.15870504105992
44130,34011550,봉명동,16285,3175,36.80956304783411,127.13407236935417
44130,34011560,일봉동,20784,3383,36.79297658153805,127.1412156900161
44130,34011570,신방동,40814,4596,36.778184948435886,127.12804172444591
44130,34011580,청룡동,55861,7639,36.77980600298734,127.1612757887867
44130,34011590,신안동,47842,5795,36.83364063908362,127.18045922313335
44130,34012110,성환읍,25932,6154,36.93212735078411,127.12836411340896
44130,34012120,성거읍,21754,3648,36.873846579242226,127.19515828229638
44130,34012130,직산읍,20901,3574,36.885350021274306,127.13790477485458
44130,34012310,입장면,9457,2559,36.91045298517836,127.22579438109315
44130,34012510,성정1동,16724,3324,36.813419693488854,127.14200518131777
44130,34012520,성정2동,25460,3263,36.82406324383314,127.14019055225825
44130,34012530,쌍용1동,12181,2465,36.80143524093215,127.13021046485737
44130,34012540,쌍용2동,34042,4146,36.79424094117239,127.11845436422605
44130,34012550,쌍용3동,16350,2898,36.80792362782496,127.12249771216268
44130,34012580,백석동,37079,3235,36.82743549208723,127.11631308662335
44130,34012600,부성1동,49940,4126,36.849586710638995,127.14912906309777
44130,34012610,부성2동,60463,3216,36.84347363525581,127.12212930506746
44130,34012620,불당1동,29576,1850,36.805094992192544,127.10909939859872
44130,34012630,불당2동,34463,1197,36.81271901550309,127.10329780907152
44150,34020110,유구읍,6456,2988,36.596509633413305,126.968385952857
44150,34020310,이인면,2798,1427,36.37471177704682,127.06964095982521
44150,34020320,탄천면,2728,1358,36.32620267979255,127.02943058463636
44150,34020330,계룡면,4839,2312,36.3683585689557,127.15783953930634
44150,34020340,반포면,3601,1414,36.38400310662075,127.23871884882558
44150,34020360,의당면,4186,1419,36.544228751635124,127.15938686471304
44150,34020370,정안면,4641,2119,36.59934334506225,127.09814744237352
44150,34020380,우성면,4846,2297,36.47470862829566,127.05817508640465
44150,34020390,사곡면,2499,1250,36.538855192537,127.03368895238768
44150,34020400,신풍면,2995,1432,36.50606109073667,126.94587333958681
44150,34020510,중학동,4347,1329,36.450411501239124,127.12214830258077
44150,34020550,금학동,5410,1383,36.424163965567544,127.1010168427744
44150,34020560,옥룡동,6808,2466,36.43691372959747,127.16028606973511
44150,34020570,신관동,22034,3784,36.47865101277068,127.12515492644968
44150,34020580,웅진동,7142,2275,36.459059983631356,127.11223413418438
44150,34020590,월송동,15956,2471,36.4711978515492,127.17209801648087
44180,34030110,웅천읍,5424,2597,36.240066243877955,126.58633910366258
44180,34030310,주포면,2642,702,36.41045721004189,126.57982857185795
44180,34030320,주교면,4837,1872,36.38105284494223,126.55528684990935
44180,34030330,오천면,4688,1808,36.37617442966383,126.42575500036946
44180,34030340,천북면,3419,1515,36.48405411180471,126.5277635284573
44180,34030350,청소면,2304,1245,36.450965982071295,126.60636241722591
44180,34030360,청라면,3362,1739,36.4033991356935,126.6596558508503
44180,34030370,남포면,4667,2214,36.29643214870071,126.57857790371722
44180,34030380,주산면,2046,1231,36.20290803292177,126.62055587860277
44180,34030390,미산면,1542,862,36.243056075478265,126.68258100782764
44180,34030400,성주면,1854,871,36.32940092925478,126.66074228935919
44180,34030510,대천1동,12518,3231,36.36422065655168,126.60653444413747
44180,34030520,대천2동,5980,1652,36.35580640118844,126.57591649094498
44180,34030530,대천3동,15043,2591,36.35641116238384,126.62244138974206
44180,34030540,대천4동,17122,3156,36.33500703860931,126.61334024060251
44180,34030560,대천5동,6332,2174,36.32734022830766,126.5472591163757
44200,34040110,염치읍,5292,1868,36.8217650564167,126.98223005683825
44200,34040120,배방읍,83802,8720,36.754092540599245,127.06837334469209
44200,34040310,송악면,3491,1457,36.7034996092703,126.99418310794148
44200,34040330,탕정면,44905,2006,36.80913566159017,127.0684274731046
44200,34040340,음봉면,22901,3086,36.85809037877819,127.04782665925592
44200,34040350,둔포면,29060,3607,36.91092371799262,127.03905154568629
44200,34040360,영인면,5503,2151,36.88513074892177,126.96259623308744
44200,34040370,인주면,6108,1849,36.860040222005125,126.88511714414732
44200,34040380,선장면,2857,1372,36.79321674545215,126.86916864447474
44200,34040390,도고면,4100,2013,36.74080241117728,126.90406065469817
44200,34040400,신창면,32138,4505,36.79074651783172,126.93385625761289
44200,34040510,온양1동,9066,1835,36.78890189069695,127.00056835102367
44200,34040520,온양2동,10720,2795,36.77835460225976,127.0039852277984
44200,34040530,온양3동,35202,5179,36.78752919364542,127.02175099647202
44200,34040540,온양4동,16518,3258,36.78236853623473,126.97813215001769
44200,34040550,온양5동,19506,3047,36.75350092707199,126.98281619574236
44200,34040560,온양6동,23845,4176,36.75854851209174,127.01703237900452
44210,34050110,대산읍,12368,2803,36.96595767485691,126.42001172041189
44210,34050310,인지면,6706,2119,36.74862723501029,126.41752244198231
44210,34050320,부석면,4788,2562,36.680346993759024,126.39603905088464
44210,34050330,팔봉면,2939,1625,36.81846653250338,126.36653019428438
44210,34050340,지곡면,8601,2236,36.87612554434604,126.42967244713039
44210,34050350,성연면,16611,1519,36.83405739457536,126.46050611866012
44210,34050360,음암면,9218,3017,36.79631075541527,126.51620792848821
44210,34050370,운산면,4655,2333,36.77809106774179,126.59286535822328
44210,34050380,해미면,8995,2729,36.71385338960727,126.53990703660419
44210,34050390,고북면,5589,2110,36.66640035639365,126.51171898020992
44210,34050510,부춘동,17750,3243,36.792983635683406,126.43468032597778
44210,34050520,동문1동,17431,3359,36.79188036351983,126.47111060895257
44210,34050530,동문2동,8149,1995,36.78009357895584,126.46115277229713
44210,34050540,수석동,17203,2865,36.768814927689824,126.48340518592477
44210,34050550,석남동,33441,4097,36.74336420014138,126.46273870460435
44230,34060110,강경읍,7389,2980,36.152664092594684,127.01833028002387
44230,34060120,연무읍,12380,4170,36.109987781743705,127.10308678069211
44230,34060310,성동면,4099,1734,36.19954642696192,127.02768765230064
44230,34060320,광석면,3719,1677,36.24188467129766,127.08334748339698
44230,34060330,노성면,2623,1199,36.28815963172756,127.10628323461192
44230,34060340,상월면,3411,1589,36.292041940014656,127.16423046479245
44230,34060350,부적면,3313,1546,36.206095642951404,127.14435951789251
44230,34060360,연산면,5668,2591,36.229587666025814,127.1990121530653
44230,34060370,벌곡면,2174,1156,36.188606058957625,127.28698940498951
44230,34060380,양촌면,5938,2140,36.138562169309836,127.23387382148704
44230,34060390,가야곡면,2938,1516,36.140482819188364,127.16879362661643
44230,34060400,은진면,5165,1596,36.16374831311621,127.11159670111229
44230,34060410,채운면,1850,972,36.16092288164695,127.0545116192607
44230,34060510,취암동,33480,6078,36.196393225487924,127.10372297164868
44230,34060520,부창동,14382,3647,36.19160941779841,127.07719150179685
44250,34070310,두마면,14169,1776,36.253064601713604,127.26003951538006
44250,34070330,엄사면,16713,3524,36.27679414781506,127.22133953799862
44250,34070340,신도안면,7528,110,36.321037695022575,127.22942139940584
44250,34070510,금암동,8130,1597,36.27262860089761,127.25157051529227
44270,34080110,합덕읍,9245,3189,36.79308607511764,126.77438131288145
44270,34080120,송악읍,29753,5217,36.9268613680223,126.73926058481888
44270,34080310,고대면,5521,2393,36.94270225985806,126.5772368423791
44270,34080320,석문면,7765,2574,37.0083500758772,126.54040576274186
44270,34080330,대호지면,2031,1157,36.9142150855935,126.51465330698049
44270,34080340,정미면,4262,1513,36.85924922169077,126.56549378470508
44270,34080350,면천면,3526,1490,36.81488107076153,126.66030517313514
44270,34080360,순성면,4929,2126,36.844923687467336,126.70823413722607
44270,34080370,우강면,5115,2136,36.829601218951,126.80796887702387
44270,34080380,신평면,14724,3519,36.88499068314923,126.78662809142901
44270,34080390,송산면,11346,2336,36.955995177974096,126.67641995872128
44270,34080510,당진1동,36790,3662,36.8927432267533,126.64541203402372
44270,34080520,당진2동,21697,3488,36.86146732273698,126.6247696665317
44270,34080530,당진3동,15227,2085,36.90548938130353,126.65284253644428
44710,34510110,금산읍,21004,6273,36.09593704449465,127.47203806601709
44710,34510310,금성면,2953,1389,36.13627770388432,127.46591525557302
44710,34510320,제원면,2481,1270,36.12915182104647,127.56539263261485
44710,34510330,부리면,2088,1235,36.0593523888314,127.5788724693775
44710,34510340,군북면,2250,1106,36.18158028959192,127.54243793850634
44710,34510350,남일면,2693,1209,36.028960958918525,127.50803571763778
44710,34510360,남이면,1835,890,36.049571505327606,127.42983178798627
44710,34510370,진산면,2767,1391,36.14078830797684,127.37516066690311
44710,34510380,복수면,2793,1256,36.200829115367895,127.3971714162229
44710,34510390,추부면,8751,1994,36.20457771042478,127.49164211965373
44760,34530110,부여읍,17701,5824,36.28624536685282,126.94779643326542
44760,34530310,규암면,11929,3164,36.285283207505195,126.87576841908317
44760,34530320,은산면,3384,1648,36.32814915038195,126.81720613660228
44760,34530330,외산면,2125,1232,36.321964780873635,126.7212138954541
44760,34530340,내산면,1373,762,36.279865363062186,126.76267420424728
44760,34530350,구룡면,2152,1050,36.25304008262806,126.81694771862189
44760,34530360,홍산면,2623,1311,36.22988650078408,126.76133469271637
44760,34530370,옥산면,1320,771,36.19920015730685,126.72979411576556
44760,34530380,남면,1638,940,36.21286769584923,126.80683610467257
44760,34530390,충화면,1008,599,36.17335374868348,126.82617200051538
44760,34530400,양화면,1497,936,36.11774363036372,126.85543006144938
44760,34530410,임천면,2610,1444,36.17324446558213,126.8905210455466
44760,34530420,장암면,2534,1326,36.22587842926981,126.90123934557626
44760,34530430,세도면,2784,1386,36.180820904308675,126.95759681057525
44760,34530440,석성면,2828,1104,36.236740485204585,126.9951468486288
44760,34530450,초촌면,2043,1009,36.27049172599261,127.02402318694732
44770,34540110,장항읍,10963,3482,36.019717791847036,126.68564988633184
44770,34540120,서천읍,12354,3869,36.08544328475868,126.7015356345073
44770,34540310,마서면,4464,2329,36.04909582557968,126.69146636185393
44770,34540320,화양면,1990,1212,36.051364805448785,126.78638757966
44770,34540330,기산면,1372,811,36.07890148252903,126.75971499811848
44770,34540340,한산면,2193,1233,36.087307341965044,126.82615604735498
44770,34540350,마산면,1278,743,36.1367147197249,126.7902911920877
44770,34540360,시초면,1085,639,36.11766350282706,126.75339019476179
44770,34540370,문산면,1133,701,36.151195993860675,126.73841463030527
44770,34540380,판교면,1793,1063,36.15441926644443,126.68016251331022
44770,34540390,종천면,2150,1255,36.110659372015306,126.66062808875516
44770,34540400,비인면,2695,1379,36.14146919668318,126.61300768218457
44770,34540410,서면,4734,1571,36.16269033036855,126.55041448399595
44790,34550110,청양읍,10422,2916,36.448814839172414,126.79018638952743
44790,34550310,운곡면,2063,1015,36.52748413574776,126.8539833367784
44790,34550320,대치면,2067,963,36.44718208626053,126.85969309822728
44790,34550330,정산면,3259,1283,36.42361163445194,126.93713916811362
44790,34550340,목면,1378,632,36.4134675632111,126.99409675838851
44790,34550350,청남면,1829,869,36.34909179267811,126.94835861993202
44790,34550360,장평면,2158,1122,36.36544137747192,126.88415583701277
44790,34550370,남양면,2478,1310,36.39141881023295,126.77159715418368
44790,34550380,화성면,1973,998,36.4429730193596,126.71557991639995
44790,34550390,비봉면,2031,973,36.49873135317263,126.78180384472047
44800,34560110,홍성읍,36676,8773,36.59303219399171,126.66274344667406
44800,34560120,광천읍,7422,3443,36.50865355074853,126.63857225033722
44800,34560130,홍북읍,32174,3541,36.64140183091244,126.68541520026871
44800,34560320,금마면,3190,1493,36.60810032701432,126.73050838332239
44800,34560330,홍동면,3138,1440,36.556710276352575,126.7046799689275
44800,34560340,장곡면,2671,1416,36.50244071707819,126.70849460659002
44800,34560350,은하면,2222,1253,36.53062265280052,126.58794142191775
44800,34560360,결성면,2066,1087,36.55015812772031,126.54801072508819
44800,34560370,서부면,2765,1435,36.57419292465468,126.49298487218431
44800,34560380,갈산면,3543,1701,36.6185286965908,126.54789090883807
44800,34560390,구항면,3331,1496,36.57306371528648,126.61883603156672
44810,34570110,예산읍,30370,9047,36.70372500550148,126.85503192542558
44810,34570120,삽교읍,16208,3495,36.691234731623716,126.71472196264186
44810,34570310,대술면,2273,1158,36.6666751818109,126.91793150733777
44810,34570320,신양면,2711,1475,36.602554613911515,126.87972580742279
44810,34570330,광시면,2745,1448,36.56381970612695,126.7936106424094
44810,34570340,대흥면,1593,892,36.633050763105075,126.82126997466828
44810,34570350,응봉면,2366,1015,36.645790220044624,126.7747339814234
44810,34570360,덕산면,6248,2574,36.677889082857256,126.62688468459717
44810,34570370,봉산면,2269,1096,36.74439795248214,126.66762375253909
44810,34570380,고덕면,4757,1985,36.75586057283449,126.72383181575721
44810,34570390,신암면,3250,1585,36.744650378940264,126.80596130405704
44810,34570400,오가면,3983,1796,36.692667614546906,126.79084011189315
44825,34580110,태안읍,28315,7955,36.75368328654672,126.31252315948852
44825,34580120,안면읍,7669,3287,36.519032190773984,126.3561336711065
44825,34580310,고남면,2280,1070,36.434343676300884,126.39615474571602
44825,34580320,남면,4966,1850,36.650543763541016,126.30806387521584
44825,34580330,근흥면,5814,2538,36.71372057090266,126.19192077096213
44825,34580340,소원면,5053,2608,36.777954243746166,126.17896504428734
44825,34580350,원북면,3985,2001,36.83996938334255,126.23371896408722
44825,34580360,이원면,2051,1130,36.888731290678784,126.28407277361784
46110,36010510,용당1동,9059,3254,34.80676445491079,126.39295060666986
46110,36010520,용당2동,4381,1712,34.80041548681764,126.40020521228955
46110,36010530,연동,3776,1486,34.79756542642159,126.39307462369028
46110,36010550,산정동,8616,1905,34.806916332842704,126.38335649758362
46110,36010560,연산동,9969,1181,34.819288844125175,126.38278269049061
46110,36010570,원산동,11495,2385,34.809119776181916,126.3780459756921
46110,36010580,대성동,4571,1016,34.799695502123534,126.38290649817768
46110,36010600,목원동,6040,2424,34.79298971098686,126.38135796147287
46110,36010620,동명동,4671,1792,34.789940685828086,126.39456205316722
46110,36010630,삼학동,5581,1579,34.791574258213366,126.40201811360193
46110,36010640,만호동,2334,1126,34.78532300183057,126.39552149457188
46110,36010650,유달동,5668,1286,34.779538913467384,126.34022905423633
46110,36010670,죽교동,2875,922,34.79964207258533,126.37081983046383
46110,36010680,북항동,8421,1955,34.805641349000794,126.36949878709774
46110,36010690,용해동,15484,2786,34.81674913442806,126.40054338439376
46110,36010700,이로동,10176,2193,34.7971574443091,126.41226832993726
46110,36010710,상동,21869,4666,34.81893261519221,126.41486121861661
46110,36010720,하당동,14609,1932,34.80929789572015,126.42031554529963
46110,36010730,신흥동,15852,2592,34.799694409069325,126.42515262441594
46110,36010740,삼향동,4785,1395,34.832755710913545,126.41515025990464
46110,36010750,옥암동,10359,1466,34.81467261916544,126.43636429263958
46110,36010760,부흥동,7918,1372,34.79889944988653,126.44546575557585
46110,36010770,부주동,21382,2030,34.80787017892694,126.44764966276527
46130,36020110,돌산읍,13109,4770,34.64590227575396,127.76225571450024
46130,36020310,소라면,20880,3934,34.78832262116835,127.60432632614226
46130,36020320,율촌면,5551,2397,34.850146958401005,127.58241599197939
46130,36020330,화양면,5906,2521,34.690902051538316,127.59633651032266
46130,36020340,남면,2701,1314,34.50958495456554,127.76311238523716
46130,36020350,화정면,2021,1051,34.59825169851751,127.61723754713152
46130,36020360,삼산면,1913,738,34.15896587961621,127.31748988381887
46130,36020510,동문동,3800,1516,34.741882554362434,127.74338110334973
46130,36020520,한려동,2529,1013,34.74471745363428,127.75099744948994
46130,36020530,중앙동,3659,1479,34.7396377324278,127.73694954931395
46130,36020540,충무동,3445,1646,34.75043370680175,127.72985079723601
46130,36020550,광림동,5229,2023,34.756414760828065,127.72107064782067
46130,36020560,서강동,3666,1388,34.74167794794106,127.72148489476434
46130,36020570,대교동,4800,1955,34.73557786500546,127.72313397989032
46130,36020580,국동,10699,3163,34.731712104877445,127.71447243879166
46130,36020590,월호동,7386,2044,34.72070249740113,127.71053267994034
46130,36020600,여서동,15883,4189,34.74741788831116,127.70676183727261
46130,36020610,문수동,19191,4158,34.75551017507905,127.69891194111358
46130,36020620,미평동,12492,2723,34.77392089644891,127.70967231320313
46130,36020630,둔덕동,9360,1868,34.77751775815197,127.69864167141961
46130,36020640,만덕동,10079,2396,34.77919738562957,127.73897026544196
46130,36020650,쌍봉동,30881,4784,34.750580668280854,127.65305015505652
46130,36020660,시전동,42845,4515,34.75180770978847,127.67900539450298
46130,36020670,여천동,19154,3832,34.77504506447018,127.65488542052177
46130,36020680,주삼동,7684,1263,34.79107741022438,127.66559451532557
46130,36020690,삼일동,1975,719,34.826784758587266,127.71076648759939
46130,36020700,묘도동,978,458,34.883344013572625,127.72078488744408
46150,36030110,승주읍,2253,1135,35.017597852881494,127.36211233516357
46150,36030310,주암면,2785,1425,35.06900695326106,127.24633730134018
46150,36030320,송광면,1342,694,34.98880420993018,127.2471553937664
46150,36030330,외서면,711,398,34.916092843573885,127.27234458501013
46150,36030340,낙안면,2952,1457,34.921259166073824,127.34618829290773
46150,36030350,별량면,5108,2592,34.86963597187476,127.42943652738728
46150,36030360,상사면,2905,1320,34.937261900454786,127.41885210655265
46150,36030370,해룡면,55156,4831,34.90582440122337,127.54846864979261
46150,36030380,서면,14972,3228,35.027870642336865,127.49351975932224
46150,36030390,황전면,2455,1380,35.11598794280323,127.4591523827251
46150,36030400,월등면,1627,817,35.08580439818794,127.39006616163981
46150,36030510,향동,3074,1261,34.973283449579334,127.44024891312249
46150,36030540,매곡동,8919,1601,34.96302356509626,127.47964506388837
46150,36030550,삼산동,29124,5121,34.98304046557912,127.47007515696694
46150,36030560,조곡동,7301,1762,34.95583560279776,127.49687681220153
46150,36030570,덕연동,39586,6644,34.94271068607213,127.51686437190297
46150,36030580,풍덕동,6849,2296,34.934981845814214,127.50450020823457
46150,36030590,남제동,7404,2483,34.94118033880571,127.48119840646925
46150,36030600,저전동,2508,971,34.94852953400397,127.47686353482455
46150,36030610,장천동,1791,639,34.949711900180375,127.4888404160408
46150,36030620,중앙동,2469,878,34.956382650000016,127.48736657378642
46150,36030630,도사동,18011,3507,34.90485448500998,127.49572571453355
46150,36030660,왕조1동,39828,5181,34.968660112841796,127.52975995894528
46150,36030670,왕조2동,17200,1788,34.95570836614984,127.53268804788642
46170,36040110,남평읍,11507,3312,35.02854697561423,126.86260854066317
46170,36040310,세지면,2157,1112,34.92718734425568,126.73288218174794
46170,36040320,왕곡면,2619,1297,34.96020184987122,126.67026113215337
46170,36040330,반남면,1205,626,34.913665377445405,126.65508584509423
46170,36040340,공산면,1914,960,34.94994996818402,126.60101226353444
46170,36040350,동강면,2090,1094,34.92759091751773,126.55309868219689
46170,36040360,다시면,3418,1517,35.01582908700115,126.64038118950181
46170,36040370,문평면,1666,874,35.067939130662786,126.63093002892566
46170,36040380,노안면,4437,2106,35.083317744768785,126.71682412044673
46170,36040390,금천면,6538,1852,35.02331533696023,126.7615933998281
46170,36040400,산포면,2798,1180,35.03005494659099,126.80839659808305
46170,36040410,다도면,1657,845,34.93438066138623,126.83626216053514
46170,36040420,봉황면,3454,1728,34.94471793800526,126.78258488574757
46170,36040510,송월동,8133,1450,35.01657677286804,126.72164330172595
46170,36040520,영강동,2715,782,35.009727505754576,126.69470720076653
46170,36040540,금남동,4228,1545,35.03411535653849,126.70460369842048
46170,36040550,성북동,10592,1908,35.05074105642285,126.7230850852689
46170,36040580,영산동,2750,1236,34.99184029336457,126.7367876311928
46170,36040600,이창동,3892,1312,34.98556655394021,126.6876513474181
46170,36040610,빛가람동,38885,2419,35.01843664182452,126.78910538055162
46230,36060110,광양읍,48249,8993,34.956847613387616,127.60348233646585
46230,36060310,봉강면,1959,796,35.048811970351224,127.56551026459148
46230,36060320,옥룡면,2688,1181,35.05409100584238,127.614291755327
46230,36060330,옥곡면,4645,1284,34.998065888189686,127.67811244009766
46230,36060340,진상면,2460,1178,35.053956151254795,127.68445430095238
46230,36060350,진월면,2440,1198,35.00537794462531,127.75432224471105
46230,36060360,다압면,1584,741,35.11898112682433,127.66436786214824
46230,36060510,골약동,11606,769,34.92956219901111,127.65711329699339
46230,36060530,중마동,57168,4885,34.94521143157927,127.69998182527195
46230,36060540,광영동,10394,1859,34.96124552486115,127.71712157433208
46230,36060550,태인동,1512,528,34.945642074143585,127.7553304484717
46230,36060560,금호동,9987,1723,34.918117936516715,127.74631954762118
46710,36510110,담양읍,15211,4093,35.32108200877865,126.98271449929379
46710,36510310,봉산면,2451,1024,35.269094950513995,126.95595164575013
46710,36510320,고서면,2744,1180,35.21996706579788,126.97400505209998
46710,36510340,창평면,3779,1487,35.231248198320145,127.01498828624045
46710,36510350,대덕면,1793,706,35.23117835232466,127.05866690476036
46710,36510360,무정면,2340,966,35.28647372718429,127.04796981356235
46710,36510370,금성면,2489,1112,35.34466110816596,127.03765282605617
46710,36510380,용면,1745,761,35.406746975037784,127.00535296646164
46710,36510390,월산면,2201,916,35.35880691644339,126.93109404521255
46710,36510400,수북면,4643,1621,35.30325489431902,126.92348675939016
46710,36510410,대전면,4068,1482,35.284594395087005,126.88771621132561
46710,36510420,가사문학면,1160,543,35.15907323562192,127.03989412102084
46720,36520110,곡성읍,7530,2486,35.280035341370045,127.27116315140134
46720,36520310,오곡면,1597,773,35.23383901450309,127.32148412838369
46720,36520320,삼기면,1580,845,35.21301071143788,127.22656448486319
46720,36520330,석곡면,2190,1055,35.15452824829479,127.23885992230213
46720,36520340,목사동면,1245,657,35.10741226785733,127.30200842393813
46720,36520350,죽곡면,1791,897,35.161857067850406,127.33950865679984
46720,36520360,고달면,1071,552,35.27780292822443,127.3628258323872
46720,36520370,옥과면,4426,1243,35.29577328965018,127.14157199710512
46720,36520380,입면,2122,834,35.29702367830015,127.21089908644605
46720,36520390,겸면,1626,784,35.25326347264749,127.17715396588771
46720,36520400,오산면,1387,639,35.2316551132287,127.12525929714718
46730,36530110,구례읍,10434,3366,35.203154229465895,127.42594974383586
46730,36530310,문척면,1234,514,35.166509334481695,127.49887971669845
46730,36530320,간전면,1384,626,35.152573868007494,127.56749706756199
46730,36530330,토지면,2407,1076,35.23992630114925,127.56219227036284
46730,36530340,마산면,2347,980,35.243251045724136,127.49942647289731
46730,36530350,광의면,2134,1054,35.269945766715956,127.46784334451785
46730,36530360,용방면,1338,623,35.24798224655507,127.42364605221071
46730,36530370,산동면,2747,1238,35.3197449070897,127.46783451185088
46770,36550110,고흥읍,12361,3423,34.60570200760912,127.26547488931854
46770,36550120,도양읍,10383,4013,34.52994748108529,127.15245882653912
46770,36550310,풍양면,2909,1624,34.557440831469975,127.24032825794146
46770,36550320,도덕면,2709,1427,34.583724916029944,127.18685981545292
46770,36550330,금산면,3891,2108,34.45968284865131,127.16861296338541
46770,36550340,도화면,3874,1895,34.49846463645619,127.32110875142375
46770,36550350,포두면,4432,2406,34.56558504347277,127.35789793284819
46770,36550360,봉래면,1828,936,34.4469003110225,127.49262233939027
46770,36550370,동일면,1459,706,34.509566635459755,127.4663898852507
46770,36550380,점암면,2485,1406,34.643560339477894,127.40035979304659
46770,36550390,영남면,1216,681,34.60451198029565,127.4559106449316
46770,36550400,과역면,2949,1588,34.68696529167151,127.38502336564282
46770,36550410,남양면,2135,1143,34.74148758608678,127.35893687867137
46770,36550420,동강면,2848,1388,34.79535212030603,127.33571316137979
46770,36550430,대서면,2011,1130,34.76232086532911,127.28127941066298
46770,36550440,두원면,2698,1624,34.658449691063,127.27372485062618
46780,36560110,보성읍,8271,2489,34.75102446199294,127.06967716845303
46780,36560120,벌교읍,10805,4881,34.846268164615864,127.32148443905368
46780,36560310,노동면,1031,564,34.81092324693332,127.0536891724644
46780,36560320,미력면,1290,649,34.80857194326846,127.10646664815773
46780,36560330,겸백면,1006,555,34.825662716600206,127.15849814044617
46780,36560340,율어면,1064,538,34.8659456960926,127.20215100108857
46780,36560350,복내면,1536,800,34.89893734914499,127.12284495398944
46780,36560360,문덕면,841,413,34.93831393108215,127.18466153466223
46780,36560370,조성면,3444,1724,34.8030567214952,127.23915075562758
46780,36560380,득량면,3680,1719,34.751278654668305,127.16823926141873
46780,36560390,회천면,3045,1336,34.69215431947461,127.0948026087808
46780,36560400,웅치면,1031,578,34.70689776560791,127.02154294631973
46790,36570111,화순읍,39532,8852,35.06215269837176,126.96333691291574
46790,36570310,한천면,1269,627,34.970333271727235,127.03317082902018
46790,36570320,춘양면,1784,942,34.94142767989468,126.94960219363978
46790,36570330,청풍면,924,485,34.876098486424546,126.95378060848209
46790,36570340,이양면,1678,847,34.89101855307901,127.03006349067323
46790,36570350,능주면,2968,1174,35.00508072707061,126.95655040003051
46790,36570360,도곡면,2788,1178,35.00694710425785,126.91051683851245
46790,36570370,도암면,1254,655,34.912465788179844,126.88961895583341
46790,36570380,이서면,862,419,35.106588692553494,127.0689246873557
46790,36570400,동복면,1461,728,35.078277882294195,127.14743114273675
46790,36570420,동면,2945,1251,35.041118673928004,127.04339671629339
46790,36570430,백아면,1383,714,35.1625875302526,127.14029115792835
46790,36570440,사평면,1889,904,35.002092418170044,127.12467491655642
46800,36580110,장흥읍,14327,3853,34.679743928654155,126.90498489295277
46800,36580120,관산읍,4451,2081,34.552224170141706,126.93983146492515
46800,36580130,대덕읍,3033,1386,34.49325438841207,126.88185963373195
46800,36580310,용산면,2085,1030,34.613402398182004,126.92644119991813
46800,36580320,안양면,2631,1193,34.65533450897681,126.98997660321267
46800,36580330,장동면,1089,617,34.74644383831158,126.97862605985657
46800,36580340,장평면,2008,947,34.807889883760424,126.96296236673383
46800,36580350,유치면,892,427,34.79604272993007,126.86050002239988
46800,36580360,부산면,1427,751,34.732579090242545,126.9093557144577
46800,36580370,회진면,2508,1194,34.476948096246566,126.93735555222585
46810,36590110,강진읍,12963,3783,34.63014544373639,126.74103625377825
46810,36590310,군동면,4398,1553,34.64457159669942,126.82336213409367
46810,36590320,칠량면,2048,1042,34.57435733581633,126.83063895670767
46810,36590330,대구면,986,528,34.514228012658144,126.81787594156634
46810,36590340,마량면,1681,697,34.47304715297186,126.83063726389355
46810,36590350,도암면,2270,1218,34.56502941641361,126.72269693102632
46810,36590360,신전면,1607,790,34.49681095692848,126.71760669562357
46810,36590370,성전면,2575,1245,34.70898239963512,126.71207624867014
46810,36590380,작천면,1681,842,34.70921657944497,126.77049355007361
46810,36590390,병영면,1419,714,34.71057299232786,126.82541477420745
46810,36590400,옴천면,562,274,34.75786813186994,126.78707960755037
46820,36600110,해남읍,23220,5234,34.55803232683321,126.56616852670639
46820,36600310,삼산면,2579,1228,34.51176145080437,126.60409745385057
46820,36600320,화산면,2974,1376,34.4827483364578,126.49442899802885
46820,36600330,현산면,2601,1352,34.453770839598086,126.56951419610624
46820,36600340,송지면,5837,2291,34.36797350868374,126.53454482953609
46820,36600350,북평면,2423,1225,34.388845665708445,126.61037045341591
46820,36600360,북일면,1831,985,34.46163298903821,126.67857174385094
46820,36600370,옥천면,2801,1383,34.56282508858745,126.65535782837877
46820,36600380,계곡면,1948,1057,34.654429216586834,126.63697250001037
46820,36600390,마산면,2286,1180,34.63074899679922,126.54635147725782
46820,36600400,황산면,4266,2030,34.57407217651729,126.44444141947568
46820,36600410,산이면,3341,1448,34.659291820331674,126.42869828799041
46820,36600420,문내면,3624,1641,34.607798976303386,126.3293207403336
46820,36600430,화원면,3388,1342,34.687850398860256,126.30710327206057
46830,36610110,영암읍,6322,2267,34.79112364232136,126.72492790975687
46830,36610120,삼호읍,26979,3207,34.74345463956949,126.4633728232813
46830,36610310,덕진면,1444,893,34.83005282529909,126.70185154012401
46830,36610320,금정면,1524,944,34.853059807697626,126.78180951262942
46830,36610330,신북면,2824,1522,34.89233091904689,126.68991057316177
46830,36610340,시종면,2599,1483,34.86936584390617,126.59209133633028
46830,36610350,도포면,1667,903,34.84515995433888,126.64164464868496
46830,36610360,군서면,2552,1359,34.77966392320842,126.63751694507609
46830,36610370,서호면,1457,917,34.772653020210754,126.57480121631379
46830,36610380,학산면,2360,1183,34.73162444992178,126.59929139566381
46830,36610390,미암면,1663,964,34.694768494846244,126.55971439276337
46840,36620110,무안읍,11884,2727,34.99246978425139,126.47130026059429
46840,36620120,일로읍,19802,2825,34.83371964878646,126.5087459514627
46840,36620130,삼향읍,37431,4391,34.846443611793326,126.44671493648377
46840,36620320,몽탄면,2511,1292,34.92334537025213,126.50019377529404
46840,36620330,청계면,8372,2334,34.930497009640256,126.42927787678045
46840,36620340,현경면,4146,1939,35.03802646925406,126.41191280326613
46840,36620350,망운면,1776,842,34.99981088329942,126.3806717541843
46840,36620360,해제면,4230,2110,35.10223546158948,126.29110046920192
46840,36620370,운남면,2537,1133,34.95181950236881,126.33815569753193
46860,36630110,함평읍,7947,2574,35.06798572965615,126.4886748744604
46860,36630310,손불면,3046,1416,35.14140468949535,126.43190530961017
46860,36630320,신광면,1672,807,35.16276276514638,126.48781190977802
46860,36630330,학교면,3850,1757,35.02078513328079,126.56166544393353
46860,36630340,엄다면,1824,841,35.01343417905659,126.51405667463003
46860,36630350,대동면,2814,1227,35.100034830032044,126.53953238927517
46860,36630360,나산면,2579,1214,35.12191933067488,126.60459283608895
46860,36630370,해보면,2812,1158,35.16996109371388,126.57596548757151
46860,36630380,월야면,3467,1414,35.19110472992353,126.62642545409591
46870,36640110,영광읍,22967,5231,35.294785433511585,126.50570318690954
46870,36640120,백수읍,4227,1939,35.30209122327686,126.4019797527923
46870,36640130,홍농읍,6689,1556,35.40184235249327,126.44485540212474
46870,36640310,대마면,1592,661,35.29960085853681,126.59166887513138
46870,36640320,묘량면,1701,773,35.243725845440025,126.55944233333798
46870,36640330,불갑면,1408,575,35.208938538523,126.51215431416442
46870,36640340,군서면,2274,940,35.26400664426931,126.46969743084568
46870,36640350,군남면,2141,1178,35.224118416611894,126.43894604388346
46870,36640360,염산면,3618,1776,35.217330651919426,126.36469218454414
46870,36640370,법성면,5028,1888,35.35352350994993,126.47125445924235
46870,36640380,낙월면,453,160,35.299910315516364,126.08564030472982
46880,36650110,장성읍,13465,4030,35.32653105569812,126.81588028153473
46880,36650310,진원면,3494,1234,35.26868548591591,126.84100253027324
46880,36650320,남면,3482,1268,35.24346766962442,126.79867423609761
46880,36650330,동화면,1966,720,35.264541837936456,126.71903452574409
46880,36650340,삼서면,2838,1107,35.23258323540823,126.64366253037375
46880,36650350,삼계면,5522,1429,35.28559963225284,126.66484322867112
46880,36650360,황룡면,3957,1323,35.30783442201115,126.73158662212114
46880,36650370,서삼면,1479,577,35.34979105250743,126.7514188116383
46880,36650380,북일면,1281,600,35.386478549273164,126.77733723096993
46880,36650390,북이면,2613,1251,35.43175108190072,126.79574407265292
46880,36650400,북하면,1929,914,35.407126824681875,126.86901137315051
46890,36660110,완도읍,16005,4483,34.32834842646893,126.71604510842477
46890,36660120,금일읍,3685,1389,34.341468693006334,127.05954359114783
46890,36660130,노화읍,4795,1673,34.20349595051625,126.5646449805658
46890,36660310,군외면,2931,1508,34.36429450160917,126.66511706954417
46890,36660320,신지면,3195,1375,34.330650655915946,126.83968239608558
46890,36660330,고금면,4083,1925,34.40369152245348,126.80751868987436
46890,36660340,약산면,2084,1053,34.38139747068534,126.90531344089524
46890,36660350,청산면,2136,1009,34.16305775229515,126.87652622002345
46890,36660360,소안면,2502,1056,34.163904506016664,126.64670109030568
46890,36660370,금당면,892,389,34.43460793174711,127.0540066063571
46890,36660380,보길면,2594,895,34.152083377803194,126.54725209646723
46890,36660390,생일면,728,327,34.315473091539616,126.98606498019143
46900,36670110,진도읍,9543,2562,34.4905279805695,126.23992775758306
46900,36670310,군내면,2713,1197,34.535426459625576,126.28283180226926
46900,36670320,고군면,3714,1364,34.486773585770976,126.34381883896415
46900,36670330,의신면,3944,1578,34.432019690542774,126.29186439260688
46900,36670340,임회면,3258,1460,34.39452837806857,126.20565026817022
46900,36670350,지산면,2745,1469,34.43968771473752,126.1570148560528
46900,36670360,조도면,2562,1115,34.31416094228033,126.0243078713649
46910,36680110,지도읍,4772,1962,35.0602156297328,126.21016712736024
46910,36680120,압해읍,5944,2461,34.88310928074422,126.30080140085921
46910,36680310,증도면,1721,710,34.98555988318391,126.15672124131413
46910,36680320,임자면,3138,1125,35.09254664423022,126.07982636244616
46910,36680330,자은면,2363,986,34.88772305644819,126.04498112102286
46910,36680340,비금면,3518,1450,34.760315985185365,125.94738247018354
46910,36680350,도초면,2515,1007,34.67679467843189,125.93614785981984
46910,36680360,흑산면,3480,1072,34.52807997649334,125.32685814973154
46910,36680370,하의면,1513,670,34.60961480760001,126.01983389225772
46910,36680380,신의면,1423,487,34.578379037464614,126.07432656239752
46910,36680390,장산면,1538,663,34.63990864346604,126.15595600073927
46910,36680400,안좌면,3292,1297,34.732318166012135,126.1277307654543
46910,36680410,팔금면,967,517,34.785483816109426,126.1399202034894
46910,36680420,암태면,1988,884,34.8415725179799,126.10887918632214
47110,37011110,구룡포읍,7429,3075,35.9853768965294,129.53575669508902
47110,37011120,연일읍,27687,5515,36.00418450286572,129.31651195869367
47110,37011130,오천읍,56881,8446,35.91864744082763,129.39652596038815
47110,37011310,대송면,3271,1363,35.944783092396214,129.3528427239647
47110,37011320,동해면,9130,2864,35.99777658219245,129.4868729078642
47110,37011330,장기면,3891,1977,35.9022598103222,129.47685922786553
47110,37011350,호미곶면,1825,865,36.05307761502311,129.55538714331504
47110,37011550,송도동,11299,4653,36.03485888829756,129.37674547728975
47110,37011560,청림동,4668,1479,35.99542549994328,129.41592883761794
47110,37011570,제철동,2387,559,36.00207261875859,129.38805543812094
47110,37011580,효곡동,30876,3697,36.01994078706633,129.32430781290128
47110,37011590,대이동,23580,3104,36.025550580334624,129.33539067177554
47110,37011600,상대동,22953,6806,36.01211208338517,129.3576567320551
47110,37011610,해도동,15991,5843,36.019604089087125,129.37111638434033
47110,37012110,흥해읍,53906,9488,36.10761710408464,129.344464130556
47110,37012310,신광면,2682,1416,36.147023010086656,129.25488782547728
47110,37012320,청하면,4433,1975,36.19217412875191,129.32440575111136
47110,37012330,송라면,2615,1365,36.24476688022913,129.32112282536133
47110,37012340,기계면,4600,2354,36.08744632362323,129.17832049348604
47110,37012350,죽장면,2627,1428,36.21493201607829,129.140788118455
47110,37012360,기북면,1243,677,36.15138761596171,129.18352125743303
47110,37012580,양학동,16133,3235,36.032679318586936,129.34386207696343
47110,37012610,용흥동,19849,5655,36.04171434193774,129.34978283987195
47110,37012630,우창동,31251,5616,36.062562375218484,129.3571704028667
47110,37012640,두호동,20962,4474,36.063810972994546,129.38042204812572
47110,37012650,장량동,68080,9375,36.08342438027447,129.38295806953343
47110,37012660,환여동,8600,1860,36.072999331646535,129.4032374705336
47110,37012670,중앙동,13968,4995,36.04683880059235,129.3680879047804
47110,37012680,죽도동,18763,6155,36.02606759008791,129.3594969615181
47130,37020110,감포읍,5412,2171,35.806093885538445,129.47879418151663
47130,37020120,안강읍,20783,7453,35.98141119192017,129.18422330145242
47130,37020130,건천읍,9159,3743,35.831736782670454,129.1032657728092
47130,37020140,외동읍,24899,5767,35.71212160234395,129.31333188249207
47130,37020320,양남면,5698,2099,35.70400356041345,129.41818434264798
47130,37020330,내남면,4095,2089,35.747595010800154,129.17476407613455
47130,37020340,산내면,2801,1662,35.74909653080538,129.03736141772953
47130,37020350,서면,2773,1432,35.89672882443156,129.0654774049515
47130,37020360,현곡면,20401,3781,35.89678333005404,129.1699323428448
47130,37020370,강동면,5968,2365,35.995414139474036,129.27222643905412
47130,37020380,천북면,5383,1755,35.9043241058568,129.27675665949533
47130,37020390,문무대왕면,3568,1480,35.798445831509945,129.4141362019419
47130,37020510,중부동,4990,1876,35.843923815671715,129.2087764428608
47130,37020550,성건동,21163,4728,35.85716607255081,129.19329358701899
47130,37020580,월성동,4872,1904,35.81040695164196,129.2464442886535
47130,37020590,선도동,13942,3085,35.837557602869445,129.1650115293878
47130,37020620,용강동,24040,3625,35.871778604479715,129.2323277146626
47130,37020630,황성동,25224,3990,35.86892967137812,129.21543194770223
47130,37020640,동천동,19992,4617,35.85087410322946,129.2372210207935
47130,37020660,불국동,9242,3017,35.782115784304004,129.29814109169516
47130,37020670,보덕동,1534,586,35.84649080511789,129.31844554554442
47130,37020680,황오동,5406,2298,35.844799805987165,129.21936879876856
47130,37020690,황남동,3424,1727,35.80853049699622,129.1984880590432
47150,37030110,아포읍,7481,2474,36.15546061687834,128.24975893682918
47150,37030310,농소면,2833,1176,36.078667373318616,128.18407019455555
47150,37030320,남면,2898,1332,36.09539276176379,128.24024759199966
47150,37030330,개령면,2120,1027,36.17360153968877,128.18149412228732
47150,37030340,감문면,3103,1633,36.221449161586904,128.1719295212499
47150,37030350,어모면,4188,1765,36.20308635758085,128.0953774924491
47150,37030360,봉산면,2733,1232,36.17048293384447,128.0307430637534
47150,37030370,대항면,3064,1350,36.10055431866364,128.0079433931372
47150,37030380,감천면,1648,764,36.0609318013755,128.13996263658353
47150,37030390,조마면,1954,924,36.00972866703842,128.11827512322714
47150,37030400,구성면,2479,1406,36.04239617639312,128.03084103396964
47150,37030410,지례면,1399,735,35.96512666702642,128.04663992275988
47150,37030420,부항면,1102,607,36.00055892571184,127.93571589447215
47150,37030430,대덕면,1973,930,35.91516243340246,127.94954639924406
47150,37030440,증산면,913,485,35.879015234574005,128.0303103226193
47150,37030550,양금동,3384,1646,36.09721848106477,128.10842903654833
47150,37030560,대신동,25745,4228,36.14539511376063,128.1089094894943
47150,37030580,대곡동,20134,4865,36.11543534562496,128.08197189418954
47150,37030590,지좌동,10554,2200,36.1165482495879,128.14432702377982
47150,37030600,자산동,6024,2602,36.12402321209663,128.12422464117117
47150,37030610,평화남산동,6955,2711,36.12163550095858,128.11264788712737
47150,37030620,율곡동,22759,1337,36.12456069231247,128.18650737482002
47170,37040110,풍산읍,6865,2760,36.59399483868706,128.58523402779073
47170,37040310,와룡면,3546,1810,36.63040450692647,128.79267273557957
47170,37040320,북후면,2698,1365,36.678371606390044,128.67583897479014
47170,37040330,서후면,3973,1584,36.62824718420259,128.65634127312276
47170,37040340,풍천면,6967,1782,36.52572859884129,128.51586095662466
47170,37040350,일직면,2383,1252,36.464464783146006,128.6377958479098
47170,37040360,남후면,1816,1132,36.528622476564806,128.62555396742727
47170,37040370,남선면,1861,862,36.50783336073641,128.75331877764722
47170,37040380,임하면,2640,1348,36.510488934265254,128.84685507917666
47170,37040390,길안면,2442,1330,36.413066648115034,128.91559649328318
47170,37040400,임동면,1524,831,36.57896017705974,128.94005460214092
47170,37040410,예안면,1582,845,36.68423157615575,128.91255574081228
47170,37040420,도산면,1408,747,36.74802946378052,128.84670223928484
47170,37040430,녹전면,1532,867,36.750281143626594,128.76855202125765
47170,37040510,중구동,5254,1537,36.57293536995926,128.74973555619928
47170,37040520,명륜동,4454,1425,36.582865102894104,128.73880443290102
47170,37040540,용상동,25814,4751,36.561572837493955,128.78657715545896
47170,37040560,태화동,11915,3422,36.56069789706943,128.70875235286064
47170,37040580,평화동,5777,1940,36.571663629790585,128.71216685175835
47170,37040590,안기동,5744,1717,36.59408413000345,128.71337653286656
47170,37040600,옥동,19692,3684,36.55893540066986,128.69181573607992
47170,37040610,송하동,14958,2677,36.58030226848664,128.6893077443582
47170,37040620,서구동,8161,2652,36.56484536838092,128.72251668219906
47170,37040630,강남동,10157,1483,36.54361543762835,128.7176671810654
47190,37050110,선산읍,13256,4158,36.24249440900887,128.2927724960841
47190,37050120,고아읍,38313,5988,36.184204914654394,128.32845800262987
47190,37050130,산동읍,31390,1318,36.1792899375411,128.45410993847804
47190,37050310,무을면,1662,882,36.26746527783203,128.18855398960943
47190,37050320,옥성면,1503,790,36.30353947819668,128.26114129231607
47190,37050330,도개면,1986,943,36.304366708928654,128.35353046369767
47190,37050340,해평면,3370,1555,36.22131488415629,128.39062086711536
47190,37050360,장천면,2752,1172,36.148086631001384,128.5139393159552
47190,37050510,송정동,22680,3951,36.118570651561456,128.3465776925961
47190,37050550,도량동,26313,4563,36.14200991301819,128.32759627521796
47190,37050560,지산동,1826,664,36.13647426950305,128.35567252281103
47190,37050570,선주원남동,37431,4830,36.12460998233376,128.30459253436635
47190,37050590,형곡1동,12327,2167,36.11459976663562,128.33252794723688
47190,37050600,형곡2동,15020,2530,36.10354599140485,128.3343871942433
47190,37050610,신평1동,4720,743,36.119876839125666,128.3617725989296
47190,37050620,신평2동,2936,522,36.12580557471095,128.366157952749
47190,37050660,광평동,4108,649,36.10927927755784,128.35737008878974
47190,37050670,상모사곡동,29656,2617,36.09207023509364,128.34840921934185
47190,37050690,임오동,17423,1464,36.07521498532925,128.3652710358806
47190,37050700,인동동,46211,4436,36.09879275876748,128.44593187360402
47190,37050710,진미동,17106,1186,36.10185514661596,128.40994763948416
47190,37050720,양포동,46062,2478,36.13398674022902,128.42070666279866
47190,37050730,비산동,12740,999,36.11924459031266,128.38058546182873
47190,37050740,공단동,4600,341,36.096398730978734,128.38075093244683
47190,37050750,원평동,9432,1798,36.127807188012625,128.34041136627903
47210,37060110,풍기읍,11168,3851,36.901987748263515,128.48897466610006
47210,37060310,이산면,2049,945,36.817700488874344,128.6904348785103
47210,37060320,평은면,1273,710,36.74207129618791,128.7000764421431
47210,37060330,문수면,1894,928,36.74862183292109,128.624219795434
47210,37060340,장수면,1977,994,36.7797380522432,128.56839283886512
47210,37060350,안정면,2867,1556,36.84282307781563,128.55684029428406
47210,37060360,봉현면,2314,1117,36.827156843771625,128.49687757973945
47210,37060370,순흥면,1769,952,36.93335340546646,128.5494236776463
47210,37060380,단산면,1575,892,36.9683366327655,128.59477779975833
47210,37060390,부석면,2645,1409,36.99029604022516,128.65562668593824
47210,37060510,상망동,7038,2054,36.8546727736551,128.6379749340897
47210,37060530,하망동,5505,1724,36.8231861653086,128.63693512521698
47210,37060550,영주1동,3363,1356,36.82926539535302,128.62107760528332
47210,37060580,영주2동,4337,1842,36.82085884726695,128.61789663938762
47210,37060590,휴천1동,6173,1460,36.81283362187295,128.64885898519418
47210,37060600,휴천2동,10047,3084,36.80719452857799,128.61943128134524
47210,37060610,휴천3동,7124,2161,36.795973390415355,128.63657776676482
47210,37060620,가흥1동,15114,1988,36.802664974817056,128.60487100329271
47210,37060630,가흥2동,10636,2544,36.84057022950401,128.60002078287798
47230,37070110,금호읍,10343,4007,35.921715885631805,128.8992973453205
47230,37070310,청통면,3925,1771,35.994786069981245,128.81492928698202
47230,37070320,신녕면,3871,1701,36.054944058954746,128.75879829252594
47230,37070330,화산면,2840,1502,36.03956181534234,128.85507399166366
47230,37070340,화북면,2032,1061,36.13092971530358,128.94361177606828
47230,37070350,화남면,2890,1482,36.08096819203904,128.8963278592364
47230,37070360,자양면,1177,570,36.1019773927382,129.04049719416005
47230,37070370,임고면,3936,2011,36.04311536708663,129.0349943260198
47230,37070380,고경면,5944,2196,35.983168089103124,129.0616851473615
47230,37070390,북안면,4124,2152,35.90061432973437,129.00399279023165
47230,37070400,대창면,3158,1351,35.86413148754181,128.91914440338508
47230,37070510,동부동,26659,5782,35.98666625672824,128.95493247638967
47230,37070520,중앙동,9000,2260,36.00879683196434,128.93009607704104
47230,37070530,서부동,4501,1809,35.973438442001786,128.90410496388682
47230,37070540,완산동,9586,2063,35.9621486574803,128.95259322645984
47230,37070550,남부동,4157,1260,35.928248716736,128.95342374597118
47250,37080110,함창읍,5973,2514,36.54960212927979,128.19778625627637
47250,37080320,중동면,1235,652,36.430634737560105,128.2863350971712
47250,37080330,낙동면,3665,2077,36.363840676920184,128.23697278026995
47250,37080340,청리면,2306,1245,36.32855568699173,128.13485871161012
47250,37080350,공성면,3598,1855,36.28802110488727,128.07457205495905
47250,37080360,외남면,1425,752,36.359202945444686,128.0823818378376
47250,37080370,내서면,1791,947,36.41370556724452,128.05022342371305
47250,37080380,모동면,2733,1029,36.29873369037604,127.96787425694342
47250,37080390,모서면,2506,1082,36.33476112951816,127.92848882761923
47250,37080400,화동면,2117,842,36.393679807566365,127.95686411142083
47250,37080410,화서면,2541,1128,36.453006434846365,127.9510361805273
47250,37080420,화북면,1396,647,36.57996517230763,127.88339888080657
47250,37080430,외서면,2246,1139,36.48284365725585,128.06807319425633
47250,37080440,은척면,1405,829,36.53696356226969,128.04733366116196
47250,37080450,공검면,1897,1135,36.51733368447732,128.13423142670106
47250,37080460,이안면,1821,1003,36.57438197032567,128.12105102710547
47250,37080470,화남면,791,367,36.45153540000304,127.90447380166556
47250,37080480,사벌국면,3523,1830,36.483232666661,128.22134956727828
47250,37080520,남원동,10994,2932,36.41595635385203,128.1261272582615
47250,37080530,북문동,9179,2188,36.44883520948222,128.1574730254351
47250,37080540,계림동,8688,2058,36.43939921743866,128.18341828394762
47250,37080550,동문동,7508,2252,36.42452557722763,128.21153340059007
47250,37080560,동성동,3055,1176,36.39246470694167,128.18249858020033
47250,37080570,신흥동,9456,1979,36.36797789500941,128.1585812872426
47280,37090110,문경읍,6668,2916,36.76968562591345,128.1275841391648
47280,37090120,가은읍,3783,1864,36.65992337247342,128.01080212695058
47280,37090310,영순면,2257,1082,36.56561386471165,128.25134549536307
47280,37090320,산양면,2823,1405,36.62261327351691,128.25896013792985
47280,37090330,호계면,2331,968,36.66557305771063,128.2009296969648
47280,37090340,산북면,2492,1246,36.71384495093037,128.25347237593056
47280,37090350,동로면,1962,868,36.783038189766785,128.29639587787858
47280,37090360,마성면,3404,1717,36.68615901555592,128.1161816262203
47280,37090370,농암면,2391,1224,36.58289095848919,127.98018128858835
47280,37090570,점촌1동,5345,1869,36.59852579463304,128.19579285288657
47280,37090580,점촌2동,6595,2431,36.58495901542236,128.20692011159133
47280,37090590,점촌3동,8468,2527,36.62002368909567,128.1980781697346
47280,37090600,점촌4동,2963,1228,36.62449055677664,128.15403301841346
47280,37090610,점촌5동,15777,2750,36.59011248594446,128.18568227447375
47290,37100110,하양읍,35235,5750,35.9136777076749,128.78740530286987
47290,37100120,진량읍,38973,6227,35.87062796118126,128.83480537036593
47290,37100130,압량읍,20293,3461,35.84501914851434,128.77887527219113
47290,37100310,와촌면,4835,2227,35.95679897484844,128.79718215502433
47290,37100320,자인면,5957,2147,35.82207655885701,128.82433193796268
47290,37100330,용성면,2657,1472,35.79998557925072,128.9012746975093
47290,37100340,남산면,3162,1583,35.77152625355676,128.82239488636546
47290,37100360,남천면,2536,1246,35.75573534754966,128.73802623536997
47290,37100510,중앙동,5286,1705,35.82288753006089,128.73970114390858
47290,37100520,동부동,37188,6531,35.80233762176434,128.76945191013846
47290,37100530,서부1동,28619,7002,35.814154364406114,128.72459059232557
47290,37100540,남부동,16702,4182,35.8037449205542,128.7429914088908
47290,37100550,북부동,21465,2864,35.83680307074523,128.75244180457867
47290,37100560,중방동,9771,2665,35.829429445978526,128.73534453372568
47290,37100570,서부2동,33718,6029,35.8317856445899,128.72250816711343
47730,37520110,의성읍,12474,4461,36.348983807223476,128.69988502009355
47730,37520310,단촌면,1829,997,36.42778551118922,128.6984011216143
47730,37520320,점곡면,1531,897,36.41170419405279,128.767345018602
47730,37520330,옥산면,1665,866,36.36264254144801,128.83210277516108
47730,37520340,사곡면,1526,825,36.29808509543672,128.7950945682609
47730,37520350,춘산면,1463,756,36.240584819550264,128.81776947749836
47730,37520360,가음면,1437,754,36.220823256958155,128.74781903296156
47730,37520370,금성면,4016,2171,36.25972481845663,128.6849538443664
47730,37520380,봉양면,3919,1794,36.304695324619175,128.6097599164527
47730,37520390,비안면,2450,1296,36.33826639876253,128.51656912361187
47730,37520400,구천면,1641,898,36.332210717251705,128.42268601130525
47730,37520410,단밀면,1557,798,36.36485277338921,128.35397572603432
47730,37520420,단북면,1596,838,36.39539601463412,128.3968005223171
47730,37520430,안계면,4336,1837,36.39380605176268,128.46169756862685
47730,37520440,다인면,3589,1905,36.45984746076017,128.3701877312151
47730,37520450,신평면,792,432,36.47012171431382,128.5128356788636
47730,37520460,안평면,2028,1140,36.38631444579207,128.5856788206112
47730,37520470,안사면,841,454,36.45705455491513,128.4554245466401
47750,37530110,청송읍,4960,1793,36.42301960210984,129.0983842184213
47750,37530320,부남면,2380,1197,36.29586666658549,129.1314038602907
47750,37530330,현동면,2034,921,36.25550679491015,129.02979523267112
47750,37530340,현서면,2271,1128,36.22824898401714,128.92896044754437
47750,37530350,안덕면,2428,1297,36.319130503257384,128.98484437007633
47750,37530360,파천면,1628,869,36.45303442634423,129.0279163668412
47750,37530370,진보면,6182,2316,36.524335902232885,129.062325978206
47750,37530380,주왕산면,1833,847,36.362216474435,129.16546291447332
47760,37540110,영양읍,6617,2325,36.652520158289335,129.17184702211082
47760,37540310,입암면,1969,986,36.59945717972958,129.059587830674
47760,37540320,청기면,1577,854,36.71608750636881,129.04197757785275
47760,37540330,일월면,1644,804,36.76077957802518,129.12684383274947
47760,37540340,수비면,1613,726,36.78731375875323,129.2219589323586
47760,37540350,석보면,1908,907,36.555317616605834,129.17243905154143
47770,37550110,영덕읍,10091,3285,36.43703484422469,129.38169052895998
47770,37550310,강구면,5666,2441,36.38150134719051,129.36804822101737
47770,37550320,남정면,2235,1134,36.31367401975754,129.3358937728925
47770,37550330,달산면,978,600,36.37427043033482,129.2724978629203
47770,37550340,지품면,1806,1056,36.458839862689246,129.24773444914302
47770,37550350,축산면,2525,1195,36.495379998249525,129.38254606726812
47770,37550360,영해면,5891,2484,36.53101818051692,129.3353655116015
47770,37550370,병곡면,2555,1350,36.60796139438843,129.3855670210969
47770,37550380,창수면,1462,908,36.60267717593098,129.29627515290136
47820,37560110,화양읍,8086,2874,35.66604224274083,128.71628321256364
47820,37560120,청도읍,10974,4389,35.62805768304976,128.7565537227894
47820,37560310,각남면,2098,1093,35.61718369467898,128.65589054406786
47820,37560320,풍각면,4112,1774,35.63785995973751,128.57759141003822
47820,37560330,각북면,2320,1188,35.69890151660029,128.5819080452394
47820,37560340,이서면,4609,2020,35.68894564800051,128.6621485767378
47820,37560350,운문면,1777,961,35.71117336802222,128.9752953550977
47820,37560360,금천면,3079,1694,35.70244314637853,128.8975665429186
47820,37560370,매전면,3527,1973,35.664353969867435,128.83029358372534
47830,37570120,대가야읍,9083,2956,35.729192551093824,128.25681009677638
47830,37570310,덕곡면,1332,742,35.78255894144319,128.2038804726166
47830,37570320,운수면,1642,902,35.783220886338604,128.29637346772736
47830,37570330,성산면,2519,1053,35.756295724106636,128.35633536816832
47830,37570340,다산면,8945,2474,35.82167456783501,128.41927366567927
47830,37570350,개진면,1956,848,35.715901524515175,128.36461376538517
47830,37570360,우곡면,1450,794,35.66091122240171,128.34728251140544
47830,37570370,쌍림면,3135,1623,35.68015764474568,128.23180944264948
47840,37580110,성주읍,13907,3799,35.91798150957489,128.2805657043548
47840,37580310,선남면,6193,2327,35.903721510663196,128.35091357588337
47840,37580320,용암면,3321,1473,35.845284673638915,128.3148313958198
47840,37580330,수륜면,2929,1450,35.82806010446424,128.20241541316886
47840,37580340,가천면,1878,984,35.86651227439386,128.12803720215067
47840,37580351,금수강산면,1098,592,35.92426727155039,128.12413661966676
47840,37580360,대가면,2122,1059,35.90232359983416,128.2157644583807
47840,37580370,벽진면,2767,1332,35.97385848758027,128.19837101311302
47840,37580380,초전면,4027,1726,36.00714271765728,128.24816367234868
47840,37580390,월항면,3210,1300,35.97522287072405,128.30688082792003
47850,37590110,왜관읍,31327,6832,35.97730944170513,128.42406623930418
47850,37590120,북삼읍,22277,3278,36.06022068454565,128.33086404143415
47850,37590130,석적읍,29687,2330,36.051578837607266,128.43398029900015
47850,37590310,지천면,3981,1754,35.96162413722191,128.4873735939459
47850,37590320,동명면,5075,2524,36.009564754351366,128.56318112652338
47850,37590330,가산면,3368,1395,36.070123551862444,128.54285704080584
47850,37590360,약목면,8580,2679,36.02806567529704,128.36512202151275
47850,37590370,기산면,3088,1032,35.982739370152615,128.3568153370821
47900,37600110,예천읍,14398,5156,36.656661051070074,128.4534575773611
47900,37600121,호명읍,20638,2203,36.60675018994362,128.47528524799918
47900,37600310,용문면,2021,1138,36.70636243047608,128.39441247344232
47900,37600340,감천면,2359,1380,36.73282258969132,128.51629487847381
47900,37600350,보문면,1495,841,36.67723381255212,128.55209442542963
47900,37600370,유천면,2417,1105,36.65302036858013,128.365985772989
47900,37600380,용궁면,2186,1247,36.60535019584877,128.30472856913786
47900,37600390,개포면,1467,910,36.609526923193975,128.3687363270893
47900,37600400,지보면,2482,1453,36.553253110908614,128.38982535466772
47900,37600410,풍양면,2786,1601,36.51318288304729,128.30341108565074
47900,37600420,효자면,1113,560,36.79381957908738,128.42221371370744
47900,37600430,은풍면,1246,670,36.74511357645569,128.44227255110218
47920,37610110,봉화읍,9286,3253,36.889991815930784,128.70732946102967
47920,37610310,물야면,2751,1430,36.97326980904067,128.73335721806734
47920,37610320,봉성면,1855,949,36.91761777179207,128.8093302044363
47920,37610330,법전면,1868,964,36.90987644638476,128.91823441419436
47920,37610340,춘양면,4200,1888,37.00362149934244,128.85338822487924
47920,37610350,소천면,1967,975,36.94732066066266,129.02671588170023
47920,37610360,석포면,1841,554,37.05067046292878,129.056859138695
47920,37610370,재산면,1420,651,36.82182353030061,129.0005895360052
47920,37610380,명호면,2059,989,36.83922926384481,128.88815552419607
47920,37610390,상운면,1590,925,36.8347989428572,128.7749923151328
47930,37620110,울진읍,13010,3023,37.001059621329176,129.34615726590786
47930,37620120,평해읍,2534,1235,36.72980753493721,129.43710212869053
47930,37620310,북면,7097,1593,37.074421793253,129.3085774423407
47930,37620330,근남면,2613,1072,36.94597851034415,129.3604072036797
47930,37620350,기성면,2347,1189,36.80468245089786,129.40801435139997
47930,37620360,온정면,1554,856,36.71749444585724,129.34267751005567
47930,37620370,죽변면,6408,1891,37.05386911760727,129.39482245006118
47930,37620380,후포면,7437,2486,36.67937250994122,129.42756296095075
47930,37620390,금강송면,1083,557,36.94650458410125,129.20758936643782
47930,37620400,매화면,2042,1053,36.863159594999374,129.35245692271081
47940,37630110,울릉읍,6358,1715,37.49160676830223,130.89972917267687
47940,37630310,서면,1388,576,37.490221360895724,130.83346962068842
47940,37630320,북면,1353,451,37.524145796066904,130.8667842811015
48120,38111110,동읍,17918,4777,35.308350378770506,128.6696038669284
48120,38111310,북면,42046,6294,35.330833293217445,128.60604657535745
48120,38111320,대산면,6903,2477,35.342759414436365,128.71055792212326
48120,38111510,의창동,47692,7892,35.264867909780165,128.61209804489854
48120,38111520,팔룡동,25823,3437,35.23838509232563,128.62291117477548
48120,38111530,명곡동,38438,7106,35.25523232362787,128.6452947430424
48120,38111540,봉림동,31730,6261,35.248190285242266,128.68710444913486
48120,38112510,반송동,38224,5785,35.24014682129193,128.66785831781846
48120,38112520,중앙동,39235,4575,35.224252740560694,128.6617691453821
48120,38112530,상남동,25706,3155,35.218218047111506,128.68714910713805
48120,38112540,사파동,43586,5668,35.22030884934745,128.71118100229899
48120,38112550,가음정동,36567,4424,35.20823865440083,128.69421191468206
48120,38112560,성주동,26116,2623,35.184442622703585,128.715885463537
48120,38112570,웅남동,8670,1481,35.19158205550382,128.63359854825137
48120,38112580,용지동,25747,3787,35.231176844725816,128.68590645674158
48120,38113310,구산면,3929,1821,35.09612116337165,128.5775044139077
48120,38113320,진동면,11571,3074,35.13368206221347,128.50846554563861
48120,38113330,진북면,3447,1368,35.14939721962299,128.45997410096368
48120,38113340,진전면,3642,1901,35.13116504866418,128.40294404967742
48120,38113510,현동,13954,2845,35.15404710046902,128.55342675432703
48120,38113520,가포동,4786,696,35.162031781323584,128.57453916180296
48120,38113530,월영동,42404,7087,35.17711765241926,128.5583414226673
48120,38113540,문화동,10754,3108,35.18653095676556,128.5578079265733
48120,38113570,완월동,8164,2605,35.19822273322348,128.5499867575536
48120,38113580,자산동,8771,2892,35.2046134271624,128.56059337558196
48120,38113640,합포동,6311,1845,35.211269899312896,128.5811207584506
48120,38113650,산호동,11314,3196,35.216969841575654,128.5842974778542
48120,38113660,반월중앙동,12874,3822,35.1929881511667,128.5634316886983
48120,38113670,오동동,17724,5675,35.20370025818442,128.57469321736443
48120,38113680,교방동,18409,4222,35.21085820660381,128.55557100015864
48120,38114110,내서읍,59864,10750,35.230452683725154,128.51333470387968
48120,38114510,회원1동,9294,3540,35.2202552360963,128.5738224678326
48120,38114520,회원2동,9261,2539,35.21973391631633,128.5535419030748
48120,38114550,회성동,5213,2068,35.235086767231074,128.5473886544962
48120,38114560,양덕1동,10130,2900,35.23257019566245,128.58828001849477
48120,38114570,양덕2동,31646,5453,35.225832956065986,128.58435824840342
48120,38114580,합성1동,8444,2152,35.251386498112325,128.57479244976508
48120,38114590,합성2동,8427,2227,35.23960351281447,128.59368120870593
48120,38114600,구암1동,7972,2526,35.25746762692481,128.58840534048554
48120,38114610,구암2동,8812,2253,35.248894901729315,128.59774240584704
48120,38114620,봉암동,4000,979,35.223686252904805,128.60478055049643
48120,38114630,석전동,15591,4289,35.23213649445944,128.5715512000039
48120,38115540,여좌동,7612,2837,35.168296013107486,128.66437566193093
48120,38115550,태백동,3488,1421,35.15599238215448,128.67412509673247
48120,38115560,경화동,10165,2435,35.160329569451775,128.68255038966203
48120,38115570,병암동,6718,1730,35.1600168684907,128.69138663239585
48120,38115580,석동,16686,2542,35.16106891222775,128.7020685698743
48120,38115590,이동,8216,2403,35.15042399816279,128.69749512252295
48120,38115600,자은동,19728,3285,35.15235350203302,128.72246976290805
48120,38115610,덕산동,8998,1885,35.14270251660883,128.70578288787698
48120,38115620,풍호동,24015,3558,35.12372346576893,128.70778211057336
48120,38115630,웅천동,13834,1933,35.10249395784036,128.74615462180057
48120,38115640,웅동1동,8493,1808,35.13649445004604,128.77797503493582
48120,38115650,웅동2동,45341,4993,35.100535392694184,128.81298822710824
48120,38115660,충무동,15455,3626,35.147092890147206,128.64636328997673
48170,38030110,문산읍,7866,2497,35.157113998417444,128.1815103204294
48170,38030310,내동면,3873,976,35.143657664151,128.0409222805311
48170,38030320,정촌면,8940,1461,35.127303668746116,128.11376388361873
48170,38030330,금곡면,2077,1035,35.104268094594694,128.1880832558754
48170,38030340,진성면,1892,825,35.17488094367429,128.23010145463198
48170,38030350,일반성면,2314,911,35.15649276633685,128.28490075984865
48170,38030360,이반성면,1470,778,35.164991265149524,128.33465308915822
48170,38030370,사봉면,1637,740,35.199570551422326,128.2782009748885
48170,38030380,지수면,1295,603,35.23564689944613,128.26352998850032
48170,38030390,대곡면,3033,1523,35.2631187943923,128.17602685654214
48170,38030400,금산면,19125,3456,35.20949355083606,128.1582460087032
48170,38030410,집현면,4168,1450,35.253310260118276,128.08704014779292
48170,38030420,미천면,1499,862,35.307389388181505,128.11175515167054
48170,38030430,명석면,3558,1550,35.25485316373127,128.0210572523164
48170,38030440,대평면,1023,524,35.20032794764281,127.97951704346305
48170,38030450,수곡면,2089,924,35.203262680830406,127.92994478267659
48170,38030650,상평동,11195,2625,35.173213886484504,128.11460061170897
48170,38030660,초장동,24680,2394,35.21143059046104,128.10029571957506
48170,38030670,평거동,24873,4146,35.17599305584795,128.06028116504797
48170,38030680,신안동,11155,2964,35.184486105190345,128.07023256015776
48170,38030690,이현동,9649,2458,35.19821458588013,128.05411175382451
48170,38030700,판문동,19469,3040,35.17840306489548,128.02943994586718
48170,38030710,가호동,39355,3799,35.15652842856513,128.11174821804033
48170,38030720,천전동,27888,7154,35.175558177449176,128.08576877436448
48170,38030730,성북동,9190,2674,35.19215785740288,128.07666069440907
48170,38030740,중앙동,9643,3943,35.19584865774806,128.09040390856765
48170,38030750,상봉동,12685,3857,35.2034581888396,128.07272244271903
48170,38030760,충무공동,32469,1838,35.17567127626456,128.1409939621462
48170,38030770,상대동,18163,4591,35.18335440410744,128.1118760111189
48170,38030780,하대동,22512,4630,35.19169939090181,128.11633829619697
48220,38050110,산양읍,4378,1711,34.79402116006084,128.392478216626
48220,38050310,용남면,11643,2509,34.88682527666536,128.45209279519756
48220,38050320,도산면,3098,1376,34.90613156884596,128.35537817814597
48220,38050330,광도면,30353,4070,34.92210993423011,128.40805179410322
48220,38050340,욕지면,1987,722,34.64694296691178,128.2587815018128
48220,38050350,한산면,1904,955,34.7519683730181,128.50095365420196
48220,38050360,사량면,1380,676,34.830286948174454,128.2111605802699
48220,38050520,명정동,2409,1073,34.85330531795766,128.40610932543945
48220,38050530,중앙동,3301,1310,34.84598257937201,128.42314796085438
48220,38050540,정량동,7997,2464,34.84640025201754,128.4359000493779
48220,38050550,북신동,9588,3044,34.854538931888655,128.4238987999729
48220,38050560,무전동,12903,2527,34.86075293892015,128.42854927775204
48220,38050620,도천동,8606,2563,34.84448997182748,128.39290877223584
48220,38050630,미수동,9972,2465,34.824423025135346,128.40200098589258
48220,38050640,봉평동,8963,2769,34.82411998552284,128.4219121590636
48240,38060110,사천읍,17188,3388,35.092063225541544,128.1180906098714
48240,38060310,정동면,13154,2072,35.05117244156865,128.1361012342954
48240,38060320,사남면,17907,2283,35.02731396554218,128.10620772639246
48240,38060330,용현면,6885,1966,35.01971968328979,128.06828979977107
48240,38060340,축동면,1810,806,35.10634777442183,128.0592623741465
48240,38060350,곤양면,3084,1430,35.07242644490452,127.98491921360016
48240,38060360,곤명면,2586,1254,35.120637574319005,127.9458916597483
48240,38060370,서포면,3175,1543,35.010883503171215,127.96701815155576
48240,38060510,동서동,5731,2602,34.93575575098454,128.0560355042208
48240,38060520,선구동,4759,1678,34.948176076925094,128.07646884807133
48240,38060530,동서금동,6059,1785,34.930030327380656,128.07975614171505
48240,38060550,벌용동,14322,3579,34.96272361751271,128.1002750324241
48240,38060570,향촌동,7032,1827,34.943659720229746,128.1090884174996
48240,38060590,남양동,4812,1857,34.97949324930311,128.07506121797798
48250,38070110,진영읍,56586,8626,35.29457424143162,128.73941899107876
48250,38070320,주촌면,20838,1772,35.24308380390179,128.822107110103
48250,38070330,진례면,7862,2011,35.242477411111835,128.7580793944214
48250,38070340,한림면,8914,2498,35.31235980355474,128.80789001022706
48250,38070350,생림면,4397,1504,35.34318619473469,128.85143029703616
48250,38070360,상동면,3924,1092,35.31785731643126,128.91844231385144
48250,38070370,대동면,4641,2257,35.2601248630042,128.96813913904379
48250,38070510,동상동,9479,1998,35.24170456689765,128.88746702074454
48250,38070520,회현동,8561,2282,35.230169164755,128.87768464682222
48250,38070530,부원동,9543,2123,35.22381180600179,128.88885482069992
48250,38070540,내외동,68542,10079,35.23684202299821,128.8609063174955
48250,38070550,북부동,78663,10023,35.26558294110735,128.86957375413806
48250,38070560,칠산서부동,8757,2454,35.20229945529567,128.8582481171611
48250,38070580,활천동,38265,7228,35.23436853798812,128.90019008364752
48250,38070590,삼안동,35542,5974,35.25447939203033,128.90924363721408
48250,38070600,불암동,6427,1340,35.22709917942908,128.9232112424977
48250,38070610,장유1동,55755,6691,35.20411882950403,128.81128603699727
48250,38070620,장유2동,35695,4557,35.189073901912636,128.77288221826313
48250,38070630,장유3동,69284,5816,35.16991081723037,128.8215957862778
48270,38080110,삼랑진읍,6955,2823,35.426124513812105,128.84125584047476
48270,38080120,하남읍,6715,2799,35.37946284725227,128.7404954862058
48270,38080310,부북면,5503,2409,35.52228897169071,128.71500178239688
48270,38080320,상동면,3041,1556,35.557338628871896,128.78518916383268
48270,38080330,산외면,3084,1338,35.52267734794871,128.82061944333378
48270,38080340,산내면,3317,1736,35.591855284566584,128.92477671840535
48270,38080350,단장면,4304,2067,35.50548227822367,128.91068056588597
48270,38080360,상남면,7662,2907,35.421025839590435,128.76399760779515
48270,38080370,초동면,3271,1659,35.4181135339734,128.68389359813494
48270,38080380,무안면,4582,2291,35.485998933407636,128.64284390564856
48270,38080390,청도면,1770,936,35.55907447927372,128.63241701303622
48270,38080510,내일동,2463,1113,35.486059822593255,128.79219969746873
48270,38080520,내이동,17084,3507,35.49831730704219,128.74164435529275
48270,38080530,교동,5408,1424,35.50813763959017,128.76323571954845
48270,38080540,삼문동,18416,3959,35.48330260372893,128.75263112908885
48270,38080550,가곡동,7117,2479,35.47459670975929,128.78129506127235
48310,38090310,일운면,7304,2023,34.820372249395724,128.6953163521599
48310,38090320,동부면,2721,1181,34.79780393808382,128.61420902665608
48310,38090330,남부면,1364,676,34.73731683770405,128.61459989142116
48310,38090340,거제면,6772,2594,34.85043684753315,128.5736602657768
48310,38090350,둔덕면,2588,1152,34.856876981754176,128.51279893017463
48310,38090360,사등면,11604,2707,34.90505232342236,128.52938666970212
48310,38090370,연초면,8465,1933,34.927096699203446,128.65227957766433
48310,38090380,하청면,4007,1706,34.96808139762565,128.63500517595855
48310,38090390,장목면,3800,1694,34.98258784303024,128.69563815005327
48310,38090530,능포동,8394,2098,34.88080093265246,128.73464871255095
48310,38090540,아주동,26901,1519,34.868022906369575,128.69178109580392
48310,38090550,옥포1동,7361,1199,34.88789070928282,128.68666068959612
48310,38090560,옥포2동,23362,3826,34.90794638928015,128.69853612395113
48310,38090570,장평동,24527,2030,34.89394200553372,128.59846758735515
48310,38090580,고현동,34894,4761,34.884261326681624,128.62283559597398
48310,38090590,상문동,32171,2220,34.85092523331692,128.6478524081616
48310,38090600,수양동,20910,1737,34.884806970892086,128.65612217273497
48310,38090610,장승포동,5825,1220,34.8624198546088,128.7264423070369
48330,38100120,물금읍,115138,14141,35.315531902001226,129.00046052342861
48330,38100310,동면,52502,7024,35.32083172061429,129.0722551704296
48330,38100320,원동면,2877,1458,35.4201754018733,128.96126677820683
48330,38100330,상북면,13493,4037,35.42463343551973,129.04467990335618
48330,38100340,하북면,7617,2889,35.46211450247494,129.0847716507138
48330,38100520,삼성동,21676,3812,35.36540890821576,129.06774522201215
48330,38100530,강서동,9050,1642,35.384775943806254,129.01108230672847
48330,38100540,서창동,28384,5152,35.408655889360524,129.18621828872028
48330,38100550,소주동,20901,4506,35.41266412675868,129.1453381859191
48330,38100560,평산동,27745,7028,35.3830571948608,129.1278767247652
48330,38100570,덕계동,19752,3683,35.37046681933107,129.17248892822596
48330,38100580,중앙동,11108,3356,35.34274113329667,129.06438831949808
48330,38100590,양주동,29288,5380,35.33484371885668,129.02843298891125
48720,38510110,의령읍,9079,2378,35.30348891977263,128.26308540091745
48720,38510310,가례면,1626,852,35.35557007456752,128.22714129168497
48720,38510320,칠곡면,1225,585,35.34974872779121,128.1848732040429
48720,38510330,대의면,997,495,35.367786715541655,128.14303315556705
48720,38510340,화정면,1466,677,35.28436566514279,128.21644880949134
48720,38510350,용덕면,1392,662,35.35710404177946,128.27898429860633
48720,38510360,정곡면,1254,650,35.376682534663324,128.3350107589209
48720,38510370,지정면,1714,927,35.39230701103393,128.38937441601124
48720,38510380,낙서면,702,396,35.484531541043324,128.38990611094243
48720,38510390,부림면,2638,1264,35.477660195500505,128.33196239098243
48720,38510400,봉수면,982,488,35.476515986924376,128.26636159856218
48720,38510410,궁류면,1014,659,35.43310522831752,128.23150720171557
48720,38510420,유곡면,1061,621,35.42278850171239,128.29610862798376
48730,38520110,가야읍,16051,4308,35.27347695647803,128.39523897039157
48730,38520120,칠원읍,17650,3905,35.29490413619727,128.5279634592449
48730,38520310,함안면,2191,1078,35.230370655526855,128.42437674944017
48730,38520320,군북면,6427,2245,35.258057008435166,128.33338591101548
48730,38520330,법수면,2873,1223,35.32699275686483,128.35097289864208
48730,38520340,대산면,3045,1754,35.3478363827187,128.43631921789728
48730,38520350,칠서면,5481,1565,35.35071645816671,128.49550733120677
48730,38520360,칠북면,1865,922,35.35494617625917,128.5391650955892
48730,38520380,산인면,2472,1108,35.276491040040995,128.45359830202906
48730,38520390,여항면,786,457,35.19498943018755,128.44486123750664
48740,38530110,창녕읍,15428,4329,35.52418929466217,128.51973088043232
48740,38530120,남지읍,11395,3726,35.42887622924991,128.43289183981452
48740,38530310,고암면,1701,933,35.570760189207576,128.5352419557568
48740,38530320,성산면,1426,744,35.62336968019986,128.52061214784158
48740,38530330,대합면,3720,1636,35.59495040554409,128.44548890417963
48740,38530340,이방면,2112,1051,35.56873360054984,128.3825555014469
48740,38530350,유어면,1500,864,35.51766864614925,128.42107994087038
48740,38530360,대지면,2249,915,35.54250187438205,128.45897037026927
48740,38530370,계성면,2287,1024,35.47653174867661,128.5147196082719
48740,38530380,영산면,5209,1919,35.447703434228735,128.52540735198784
48740,38530390,장마면,1747,851,35.46847328682878,128.47006348702863
48740,38530400,도천면,2510,1056,35.42416308687628,128.53365366694143
48740,38530410,길곡면,1397,677,35.40298693002993,128.56598247656748
48740,38530420,부곡면,3404,1662,35.416873779836386,128.6170710840687
48820,38540110,고성읍,22641,6094,34.97726699931563,128.31558968299197
48820,38540310,삼산면,1910,867,34.9446766351027,128.27157543811342
48820,38540320,하일면,1744,869,34.93637664772368,128.19166719790368
48820,38540330,하이면,2472,1053,34.93789773387312,128.1425149047597
48820,38540340,상리면,1460,779,34.99719640926458,128.20001026923615
48820,38540350,대가면,1502,849,35.02742160269996,128.27668787097343
48820,38540360,영현면,788,487,35.04772542534618,128.21890883334515
48820,38540370,영오면,1318,622,35.10368526590136,128.23073448664564
48820,38540380,개천면,1024,533,35.09676362212985,128.2863766384884
48820,38540390,구만면,939,512,35.09309300793768,128.33809196720915
48820,38540400,회화면,3301,1338,35.07500468852364,128.38727281082586
48820,38540410,마암면,1622,844,35.04541861987484,128.33453778341138
48820,38540420,동해면,3102,1382,35.0247470773058,128.44451964101617
48820,38540430,거류면,4183,1618,34.9844140325305,128.38260850009794
48840,38550110,남해읍,12213,3466,34.83174428921282,127.89088223889294
48840,38550310,이동면,3543,1726,34.788155243662345,127.95320178924166
48840,38550320,상주면,1616,699,34.733138094692755,127.97929235167035
48840,38550330,삼동면,3723,1779,34.79531062584765,128.01996496655843
48840,38550340,미조면,2248,834,34.72963763314011,128.03649100624463
48840,38550350,남면,3179,1584,34.76262780059262,127.878565185567
48840,38550360,서면,2285,1287,34.838256990179715,127.84268759576354
48840,38550370,고현면,3149,1613,34.88934807129805,127.87211180133947
48840,38550380,설천면,2599,1420,34.918627768619274,127.89974279959502
48840,38550390,창선면,5278,2638,34.86855980113849,128.01668948773045
48850,38560110,하동읍,9174,2871,35.08589908714294,127.73756651749508
48850,38560310,화개면,2745,1109,35.25392193076531,127.64765093802417
48850,38560320,악양면,3187,1450,35.17108634391133,127.71017603311708
48850,38560330,적량면,1872,885,35.105443354523025,127.76605680885426
48850,38560340,횡천면,1818,937,35.12076051778401,127.81582180222964
48850,38560350,고전면,1973,1028,35.02724367343497,127.81540707853692
48850,38560360,금남면,3169,1492,34.97817489677322,127.85514252721983
48850,38560370,금성면,2607,976,34.963271317390884,127.79804287876493
48850,38560380,진교면,5526,2036,35.033590456553156,127.8938662521709
48850,38560390,양보면,1563,857,35.06913397031652,127.84662632392283
48850,38560400,북천면,1552,770,35.119918824701394,127.87102755104998
48850,38560410,청암면,1273,602,35.196340292551376,127.75739927261489
48850,38560420,옥종면,4306,1804,35.194259836830554,127.8613449899079
48860,38570110,산청읍,6588,2228,35.40744715096633,127.90046636260699
48860,38570310,차황면,1275,669,35.47197705002422,127.94440863514735
48860,38570320,오부면,972,509,35.49107294169142,127.89221603343195
48860,38570330,생초면,1834,1000,35.50921559560528,127.84805899348082
48860,38570340,금서면,3056,1480,35.41926925991068,127.813157542526
48860,38570350,삼장면,1642,795,35.339632215212234,127.80844712291157
48860,38570360,시천면,3870,1512,35.2767080997086,127.77672786069547
48860,38570370,단성면,5535,2509,35.29461188717538,127.9160446086521
48860,38570380,신안면,5456,1854,35.34286091127634,127.97867174144855
48860,38570390,생비량면,1182,619,35.350546313146296,128.05591858076014
48860,38570400,신등면,1850,969,35.40629126153604,128.0018504555373
48870,38580110,함양읍,17103,4861,35.49996125711771,127.70357150486453
48870,38580310,마천면,1891,913,35.37402385609454,127.67957562576368
48870,38580320,휴천면,1424,743,35.4453998073977,127.73471005506089
48870,38580330,유림면,1574,852,35.48562243982904,127.78300362320675
48870,38580340,수동면,2301,1023,35.55824670450963,127.81132707786173
48870,38580350,지곡면,1939,955,35.57804928084049,127.76006440358391
48870,38580360,안의면,4150,2070,35.656539116302,127.80395094889295
48870,38580370,서하면,1303,657,35.63203308573051,127.71745056241099
48870,38580380,서상면,1763,840,35.693424117175944,127.6793870153405
48870,38580390,백전면,1480,731,35.56761224260383,127.63362475400768
48870,38580400,병곡면,1203,570,35.556287200352244,127.6882818147005
48880,38590110,거창읍,39992,9088,35.69761627999377,127.90921768424646
48880,38590310,주상면,1417,769,35.766334584001434,127.91536788044166
48880,38590320,웅양면,1738,895,35.83227070354818,127.92434667167029
48880,38590330,고제면,1323,664,35.84868500602529,127.86261213001511
48880,38590340,북상면,1465,737,35.789628853830244,127.76692000458924
48880,38590350,위천면,1836,865,35.748203369565395,127.82378768732583
48880,38590360,마리면,1889,986,35.69979685351837,127.84704700088187
48880,38590370,남상면,2317,1083,35.620477366073565,127.91707030384183
48880,38590380,남하면,1344,745,35.6738039456686,127.97409344113777
48880,38590390,신원면,1572,876,35.56519372947115,127.92795691471474
48880,38590400,가조면,3420,1776,35.7053275928768,128.0291999508217
48880,38590410,가북면,1276,699,35.79427948243445,128.00788376363155
48890,38600110,합천읍,10690,2910,35.60774942606556,128.13949206236867
48890,38600310,봉산면,1297,706,35.60952336253196,128.0357191375775
48890,38600320,묘산면,1389,781,35.66195787656423,128.11070219933896
48890,38600330,가야면,3792,1791,35.76000865256056,128.09868352215125
48890,38600340,야로면,2261,1157,35.71713069127762,128.1692319337291
48890,38600350,율곡면,2110,1059,35.59501618046108,128.20810985202735
48890,38600360,초계면,2155,1042,35.54061377734149,128.2461585918209
48890,38600370,쌍책면,1144,672,35.60895738768739,128.26963752967382
48890,38600380,덕곡면,770,428,35.63159031584635,128.32424178184428
48890,38600390,청덕면,1489,777,35.559566096107275,128.3307301725982
48890,38600400,적중면,1314,731,35.53970924299847,128.28537931355947
48890,38600410,대양면,1779,765,35.51108007695963,128.18710873069597
48890,38600420,쌍백면,1572,927,35.4548242285528,128.1546241510878
48890,38600430,삼가면,2936,1569,35.41338197021805,128.11192143667816
48890,38600440,가회면,1614,848,35.459749903581105,128.03214613137376
48890,38600450,대병면,1795,928,35.527263646963284,128.00937556443662
48890,38600460,용주면,2117,1118,35.53949764493969,128.1000338456801
50110,39010110,한림읍,21854,5012,33.376672447870476,126.28435192293031
50110,39010120,애월읍,37332,7264,33.41124742537518,126.39378420859862
50110,39010130,구좌읍,14631,4112,33.4983599460728,126.79577346938176
50110,39010140,조천읍,25061,5356,33.47228726610432,126.66743818340443
50110,39010310,한경면,9295,2706,33.3225387478198,126.22269833710693
50110,39010320,추자면,1845,597,33.956842885264024,126.32595998060391
50110,39010330,우도면,1510,438,33.50569541895715,126.95584269063941
50110,39010510,일도1동,2100,663,33.51307900123667,126.52738884924158
50110,39010520,일도2동,30394,6308,33.506505604448726,126.54101440634754
50110,39010530,이도1동,7548,1678,33.50546584735376,126.52757972409773
50110,39010540,이도2동,46663,7186,33.49138952774995,126.53269322530454
50110,39010550,삼도1동,12493,2909,33.5027687701391,126.51945927724913
50110,39010560,삼도2동,7999,1904,33.512699986025126,126.52119334411977
50110,39010570,용담1동,6333,1648,33.50861207316591,126.51477826918136
50110,39010580,용담2동,13460,3269,33.50932418626895,126.499146382575
50110,39010590,건입동,8631,2209,33.51645610219325,126.54296281277762
50110,39010600,화북동,22934,3906,33.508530475612936,126.56415678771562
50110,39010610,삼양동,25557,3294,33.51419809608152,126.59165734854747
50110,39010620,봉개동,5075,1010,33.45574923519681,126.61076856827174
50110,39010630,아라동,43200,4985,33.43534505597572,126.55833714575343
50110,39010640,오라동,15826,2035,33.43150075734046,126.51828335498033
50110,39010650,연동,43157,6089,33.45777328246694,126.49526438845831
50110,39010660,노형동,55775,6628,33.432117602844116,126.47594208821211
50110,39010670,외도동,21985,2640,33.482861055555496,126.44013499764638
50110,39010680,이호동,4416,830,33.494745796497185,126.45849542608651
50110,39010690,도두동,3276,575,33.50213398155934,126.47792794710699
50130,39020110,대정읍,22595,4869,33.254827380759714,126.24706978999696
50130,39020120,남원읍,17836,5176,33.32787175633515,126.66638683896322
50130,39020130,성산읍,15570,4276,33.41809050947837,126.86582727761689
50130,39020310,안덕면,12458,2877,33.29203951047775,126.347474159618
50130,39020320,표선면,12498,3193,33.37426688191296,126.76898958345416
50130,39020510,송산동,4149,1112,33.24392440981422,126.59261900193626
50130,39020520,정방동,2174,599,33.24647099915829,126.56566093665789
50130,39020530,중앙동,3038,984,33.250718893202105,126.5646169033419
50130,39020540,천지동,3367,894,33.24538682531099,126.55369698714316
50130,39020550,효돈동,5265,1474,33.26083003664463,126.61188497754209
50130,39020560,영천동,5314,1685,33.31023633316482,126.5720806489464
50130,39020570,동홍동,22564,4038,33.29573242013309,126.5517768186483
50130,39020580,서홍동,10870,1807,33.29107987871553,126.53985164277533
50130,39020590,대륜동,14805,2982,33.27264982436116,126.52299348385088
50130,39020600,대천동,13521,2436,33.28764182405044,126.4921407050389
50130,39020610,중문동,12127,2293,33.29896066279485,126.45272961550506
50130,39020620,예래동,3869,1037,33.280185231997805,126.40314729487291
51110,32010110,신북읍,7182,2726,37.96008756727466,127.75362012243316
51110,32010310,동면,19293,3850,37.889110317239705,127.84465785002166
51110,32010320,동산면,1484,655,37.772923072425215,127.78242249922177
51110,32010330,신동면,2429,977,37.80911362321242,127.70553794235086
51110,32010340,동내면,16129,3473,37.83706056652368,127.78435654514517
51110,32010350,남면,972,531,37.73842545108877,127.59787179623473
51110,32010360,남산면,3445,1396,37.77925287677517,127.62136795823768
51110,32010370,서면,3574,1722,37.898176743586944,127.6435275414789
51110,32010380,사북면,2182,1054,38.01045025037484,127.64366333003056
51110,32010390,북산면,897,492,37.96934880200857,127.90928141028272
51110,32010520,교동,4291,905,37.88245621985832,127.73677654786043
51110,32010530,조운동,2504,922,37.878043602138355,127.73158031405003
51110,32010540,약사명동,5187,1047,37.875325669608074,127.72463174969657
51110,32010570,근화동,8703,1720,37.888107475530305,127.70815115612965
51110,32010580,소양동,8435,1907,37.883712380456394,127.72669057271135
51110,32010600,후평1동,13473,2945,37.88837714037674,127.74497196194879
51110,32010610,후평2동,13515,2553,37.876011323604146,127.74838635091815
51110,32010620,후평3동,18710,4152,37.876135552432345,127.75595273498519
51110,32010630,효자1동,3948,1015,37.871631913306835,127.7282881684495
51110,32010640,효자2동,17674,2910,37.868821837682844,127.73939965097208
51110,32010650,효자3동,5032,1043,37.87630456290105,127.74138105300085
51110,32010660,석사동,32843,6071,37.858415888443844,127.75079464370243
51110,32010670,퇴계동,44957,8018,37.85395134946261,127.73153397598534
51110,32010680,강남동,24574,4687,37.857184030024314,127.69847333035317
51110,32010710,신사우동,24635,4600,37.917869881599785,127.7299245573345
51130,32020110,문막읍,18823,4219,37.29141860167564,127.81641346545501
51130,32020310,소초면,7833,2708,37.40690793636659,128.0174418661154
51130,32020320,호저면,3214,1375,37.42899813462534,127.91106409180018
51130,32020330,지정면,31772,2889,37.38109707216062,127.83294481504203
51130,32020340,부론면,2128,1079,37.20537363825076,127.7888788761189
51130,32020350,귀래면,2006,985,37.19569452417135,127.88074629579673
51130,32020360,흥업면,14733,2312,37.28586256315586,127.89674002993273
51130,32020370,판부면,6970,1526,37.28125286293845,127.98963873640308
51130,32020380,신림면,3359,1540,37.24945301779872,128.1071011271801
51130,32020510,중앙동,2314,1101,37.36092224449477,127.9475109967435
51130,32020520,원인동,3718,1072,37.34443756412873,127.94856479294371
51130,32020530,개운동,11717,3239,37.33826191459519,127.95598806022983
51130,32020540,명륜1동,7594,2248,37.33911689353176,127.94697754843163
51130,32020550,명륜2동,17732,3542,37.33036322967178,127.94084059672419
51130,32020560,단구동,41495,6592,37.32381040688179,127.95521213738053
51130,32020570,일산동,8295,2275,37.348214513764326,127.94311079302977
51130,32020580,학성동,4170,1558,37.35509170977208,127.94021235794159
51130,32020600,단계동,26905,4864,37.352535862857266,127.92769348585657
51130,32020610,우산동,15278,2620,37.37857929822306,127.93074203761712
51130,32020620,태장1동,12309,2430,37.36448025492417,127.96335530892455
51130,32020630,태장2동,23160,5074,37.38893356870024,127.95146471890473
51130,32020640,봉산동,7200,2531,37.3561416400364,127.97822290560923
51130,32020660,행구동,8484,1828,37.342683882419855,128.0090172920635
51130,32020670,무실동,35418,4720,37.32803408623389,127.92129803253346
51130,32020680,반곡관설동,45536,4586,37.315683026310865,127.98850383931236
51150,32030110,주문진읍,15145,5698,37.88671906368399,128.76247746697257
51150,32030310,성산면,3318,1352,37.73150359072647,128.80307574485306
51150,32030320,왕산면,1370,678,37.60304426433039,128.79806912803863
51150,32030330,구정면,4063,1544,37.69849774519261,128.8850414187011
51150,32030340,강동면,3820,1631,37.67936967226007,128.96882986804894
51150,32030350,옥계면,3126,1392,37.59239769371171,128.98164580973383
51150,32030360,사천면,5373,1699,37.79995750017764,128.80668082818653
51150,32030370,연곡면,6201,2237,37.82813089991376,128.6946465812192
51150,32030510,홍제동,14988,3180,37.75105723743388,128.87078411821173
51150,32030520,중앙동,4397,1727,37.752873439502935,128.8945744763029
51150,32030540,옥천동,3128,1243,37.75854722906725,128.90158540785055
51150,32030550,교1동,23862,5184,37.7646857517987,128.88316589902942
51150,32030560,교2동,6908,2056,37.77111867721519,128.89467440033644
51150,32030570,포남1동,10306,3083,37.766106116370906,128.90890167654916
51150,32030580,포남2동,11267,3276,37.77810046218297,128.90748448805337
51150,32030590,초당동,4332,1047,37.79028893314316,128.9156242842327
51150,32030600,송정동,9154,1890,37.77625400070785,128.9310018143377
51150,32030610,내곡동,21730,3375,37.73775151851824,128.87546485836089
51150,32030620,강남동,15925,5186,37.73229220209571,128.91643831373645
51150,32030650,성덕동,25862,5085,37.756701224723116,128.93301427940474
51150,32030670,경포동,13456,1716,37.788913452544485,128.87319134939716
51170,32040510,천곡동,29477,6328,37.523460076295805,129.09899054492186
51170,32040520,송정동,3403,1168,37.49870423326935,129.12570716340588
51170,32040530,북삼동,20542,3466,37.490534354191034,129.0868499908203
51170,32040540,부곡동,4657,1755,37.53635873426577,129.08119200705832
51170,32040550,동호동,4722,1462,37.547893932970794,129.089274326626
51170,32040570,발한동,2971,1328,37.546326352127416,129.10806695280513
51170,32040590,묵호동,2908,1217,37.56475516395992,129.11306849368677
51170,32040600,북평동,13253,2765,37.471851683224465,129.11679324937788
51170,32040630,망상동,3265,1382,37.57076485710823,129.07653972892086
51170,32040650,삼화동,2478,1020,37.492004026019416,129.01691939596466
51190,32050510,황지동,7338,1776,37.170080482391505,128.99577609489964
51190,32050520,황연동,3774,1466,37.16794866585147,129.0249575226554
51190,32050530,삼수동,4987,1685,37.24907987739585,128.96408706416096
51190,32050540,상장동,11411,2481,37.155334214052694,128.96716851592544
51190,32050550,구문소동,2161,1028,37.09327579616051,129.04290067813375
51190,32050560,장성동,3177,1216,37.094595449802,128.98205312894163
51190,32050580,철암동,1733,838,37.125171176220725,129.05876486668257
51190,32050620,문곡소도동,3355,1310,37.1164607915326,128.9356806432969
51210,32060510,영랑동,4371,1421,38.214322183109495,128.56070331986876
51210,32060520,동명동,5209,1214,38.211242443422606,128.59195682662127
51210,32060540,금호동,5400,1810,38.20925304235527,128.58160868142548
51210,32060560,교동,8739,2423,38.203857967301964,128.5809370206987
51210,32060570,노학동,20284,4870,38.19155324750701,128.53371872672687
51210,32060580,조양동,28981,5168,38.18452300809453,128.58014397504024
51210,32060590,청호동,4943,1384,38.19358296918152,128.59901830071084
51210,32060600,대포동,3006,1163,38.16397585801734,128.50094266272782
51230,32070110,도계읍,8827,2972,37.23064986113125,129.07202095136296
51230,32070120,원덕읍,4487,2023,37.182641939436316,129.27810701444554
51230,32070310,근덕면,4799,2300,37.3186753332728,129.23714589357843
51230,32070320,하장면,1214,533,37.35522820809,128.92907796185665
51230,32070330,노곡면,629,346,37.29361640084339,129.1593935493955
51230,32070340,미로면,1594,816,37.4050392403739,129.06691803276152
51230,32070350,가곡면,615,316,37.124019278969904,129.16858425803622
51230,32070360,신기면,611,298,37.33025198175563,129.0594280644169
51230,32070510,남양동,6233,2499,37.410728656198536,129.16449773197945
51230,32070520,성내동,6970,2248,37.43907029436443,129.12642484399655
51230,32070530,교동,16463,2189,37.458054164559904,129.16128902196434
51230,32070540,정라동,9293,2168,37.43979921674787,129.1818686506107
51720,32510110,홍천읍,33289,7814,37.66427370213656,127.87402615262978
51720,32510310,화촌면,4239,2124,37.768657264976106,127.98234168880387
51720,32510320,두촌면,2379,1183,37.871161168914064,128.0319263146841
51720,32510330,내촌면,2352,1166,37.81196786064816,128.11256700469784
51720,32510340,서석면,3657,1503,37.71381376486269,128.21153555898962
51720,32510360,남면,5581,2057,37.61442696699118,127.785582080904
51720,32510370,서면,3923,1646,37.6672463571164,127.63507144591657
51720,32510380,북방면,4060,1841,37.73190216810986,127.81296224581212
51720,32510390,내면,3293,1193,37.79473283149488,128.40832880172113
51720,32510400,영귀미면,3944,1883,37.663456783576805,127.99300745533483
51730,32520110,횡성읍,20452,5650,37.49063666015013,127.99586838909639
51730,32520310,우천면,4501,1846,37.474486846822685,128.09515271903186
51730,32520320,안흥면,3281,1310,37.423627678670194,128.18243802929908
51730,32520330,둔내면,6199,2247,37.523557191468264,128.23504872411115
51730,32520340,갑천면,2395,1200,37.56880669174132,128.09015073653393
51730,32520350,청일면,2324,1199,37.607213247496155,128.17244625463024
51730,32520360,공근면,3290,1637,37.569763487299205,127.96001966312915
51730,32520370,서원면,1930,981,37.491201326847396,127.84766560738146
51730,32520380,강림면,1740,879,37.34941859742261,128.10744064877917
51750,32530110,영월읍,19970,5452,37.201997522470094,128.51085065248674
51750,32530120,상동읍,1032,458,37.116675724811145,128.8195254506377
51750,32530330,북면,1966,895,37.272192017085096,128.43299485597186
51750,32530340,남면,2115,1003,37.165604337376095,128.38425998461216
51750,32530360,주천면,3762,1791,37.28092268524423,128.2825022764262
51750,32530380,김삿갓면,1777,755,37.10337485169361,128.63532343695852
51750,32530390,한반도면,2682,1180,37.22586859081843,128.34228517387695
51750,32530400,무릉도원면,2039,972,37.333850274828144,128.22062115704622
51750,32530410,산솔면,1379,659,37.17032958955039,128.69327269265696
51760,32540110,평창읍,8294,2756,37.371669177521454,128.39139570663178
51760,32540310,미탄면,1522,670,37.33979048145851,128.51833810393484
51760,32540320,방림면,2510,1132,37.4521978472065,128.32641310123824
51760,32540330,대화면,5005,2003,37.4980668499019,128.4473474554967
51760,32540340,봉평면,5770,1819,37.61227591784548,128.34672635123454
51760,32540350,용평면,3047,1148,37.63105560921614,128.45248823530483
51760,32540360,진부면,8490,3007,37.63259282670349,128.5631322225973
51760,32540370,대관령면,5758,1632,37.68788223405335,128.6752946735235
51770,32550110,정선읍,9763,2881,37.38040744623877,128.62283999881936
51770,32550120,고한읍,3993,1157,37.19224463449349,128.87065587813584
51770,32550130,사북읍,4150,1219,37.23389303337274,128.8230040182507
51770,32550140,신동읍,3290,1279,37.237845691443994,128.64800956981105
51770,32550320,남면,3135,1115,37.280235462307814,128.72919868529252
51770,32550340,북평면,2427,1020,37.478644793235404,128.63480646786647
51770,32550350,임계면,3374,1523,37.47341379614026,128.87349300461426
51770,32550360,화암면,1492,632,37.32931706190482,128.80783107166093
51770,32550370,여량면,1891,864,37.49182392724919,128.72957503939136
51780,32560110,철원읍,4679,1359,38.26586100672029,127.17149097805498
51780,32560120,김화읍,3288,898,38.26858781864553,127.41001432775208
51780,32560130,갈말읍,11120,3014,38.19730419975926,127.32930728869239
51780,32560140,동송읍,13914,3960,38.24184264366478,127.24973798903218
51780,32560210,근북면,83,52,38.313422534447724,127.40161328521624
51780,32560260,근동면,0,0,38.30366549831688,127.54021828879304
51780,32560270,원동면,0,0,38.309826084384625,127.75169172087296
51780,32560280,원남면,0,0,38.29402419091437,127.64466816940877
51780,32560290,임남면,0,0,38.29895303611744,127.85238644582856
51780,32560310,서면,5136,1505,38.17778635887753,127.42146490153318
51780,32560320,근남면,2277,698,38.22094900228003,127.50261899768843
51790,32570110,화천읍,8094,1891,38.18546216218316,127.78253242912525
51790,32570310,간동면,2600,1037,38.06363476207724,127.81826655357473
51790,32570320,하남면,2843,920,38.081610135671625,127.65403083936528
51790,32570330,상서면,3589,1034,38.194534018874954,127.61589864502596
51790,32570340,사내면,5796,1499,38.07337514828602,127.50826095088924
51800,32580110,양구읍,12806,2693,38.11420785106891,127.95286241328687
51800,32580320,동면,1899,685,38.23682174094469,128.05518057895938
51800,32580330,방산면,1148,447,38.2380443423374,127.93045666240165
51800,32580340,해안면,1434,439,38.28426920860448,128.12575035187947
51800,32580350,국토정중앙면,3334,1224,38.08327001904734,128.0499511600278
51810,32590110,인제읍,10618,2302,38.06598220197077,128.24820064020216
51810,32590310,남면,4090,1087,37.97503950874471,128.10665801476395
51810,32590320,북면,7436,2046,38.16616513977728,128.3152274165416
51810,32590330,기린면,4900,1309,37.964281561335945,128.38922101321052
51810,32590340,서화면,2515,616,38.276872292759705,128.22353212501687
51810,32590350,상남면,1976,633,37.883943208572646,128.26677633079066
51820,32600110,간성읍,6906,1825,38.33285525643708,128.3918825593576
51820,32600120,거진읍,5244,2417,38.430705761647346,128.4083981881989
51820,32600260,수동면,0,0,38.43863473102115,128.30769744099587
51820,32600310,현내면,2086,1020,38.52493790213095,128.37913151398408
51820,32600320,죽왕면,3173,1299,38.3236792651452,128.48956181955057
51820,32600330,토성면,9590,2561,38.24960883434563,128.49294076894023
51830,32610110,양양읍,12311,3389,38.09167630932576,128.60107214320462
51830,32610310,서면,2590,1121,38.010906528089095,128.525073727812
51830,32610320,손양면,2333,908,38.0476296132905,128.6527092743412
51830,32610330,현북면,2654,1135,37.950443927935765,128.6462825041544
51830,32610340,현남면,3001,1370,37.939114851251965,128.7387604442258
51830,32610350,강현면,4600,1781,38.12930505732072,128.560812933656
52110,35011600,동서학동,6157,2089,35.79505765015327,127.18293857456158
52110,35011610,서서학동,7727,2686,35.7933226511138,127.15257432912006
52110,35011620,중화산1동,13451,3126,35.81403559263718,127.13058844096778
52110,35011630,중화산2동,18281,2496,35.81967789999458,127.12001768044833
52110,35011640,평화1동,11515,4045,35.795387093618324,127.1414253551612
52110,35011650,평화2동,41723,8514,35.772918875584864,127.12692861417152
52110,35011660,서신동,37455,5700,35.83233373448195,127.11586147585567
52110,35011670,삼천1동,11302,2690,35.80028873504663,127.12584341268072
52110,35011680,삼천2동,11825,3148,35.795508176961015,127.12292646065144
52110,35011690,삼천3동,20716,4914,35.77150737543449,127.08478602608946
52110,35011700,효자1동,12230,3117,35.80495154745693,127.13229637031883
52110,35011710,효자2동,9459,2684,35.80806081241071,127.11927948121239
52110,35011720,효자3동,13358,3333,35.80589645929616,127.11332867171716
52110,35011740,중앙동,9583,2406,35.820593012495834,127.14049094668124
52110,35011750,풍남동,3502,1534,35.81448070358458,127.15688615143115
52110,35011760,노송동,10224,3520,35.82311424202079,127.15537479892349
52110,35011770,완산동,4606,1554,35.80918518427794,127.14054601879651
52110,35011780,효자4동,42088,4217,35.81022759908141,127.08896029437994
52110,35011790,효자5동,35157,2677,35.8261874698344,127.09726585612573
52110,35012540,인후1동,16689,3907,35.83800045569732,127.15593147344009
52110,35012550,인후2동,10112,3069,35.84100696281717,127.14778132552131
52110,35012560,인후3동,29109,4516,35.82935773596726,127.16333655997893
52110,35012570,덕진동,24530,3208,35.84738214728223,127.12603870207641
52110,35012600,팔복동,7154,2022,35.854748501744524,127.09775354293703
52110,35012610,우아1동,11497,2420,35.850156112406566,127.16003355047847
52110,35012620,우아2동,13659,3061,35.828955317172245,127.19301343348594
52110,35012630,호성동,17894,3849,35.876045635280484,127.14705172879496
52110,35012650,송천1동,62563,5808,35.86628092481878,127.13125399448582
52110,35012660,송천2동,25487,4409,35.88261906597612,127.11344043368675
52110,35012670,조촌동,11932,2970,35.87924641353322,127.03880532966335
52110,35012690,진북동,11794,4209,35.82797783308471,127.13404325856347
52110,35012700,혁신동,35582,2247,35.8374138676293,127.07123819924539
52110,35012710,여의동,15396,3012,35.866443174323194,127.07357751393248
52110,35012721,금암동,21895,4335,35.84005840547859,127.13708556944906
52130,35020110,옥구읍,2814,1421,35.90572493880009,126.69098769649025
52130,35020310,옥산면,4134,941,35.9409252849426,126.74024239031962
52130,35020320,회현면,2746,1021,35.90214994823217,126.76006719604851
52130,35020330,임피면,3692,1127,35.972277368965315,126.85964030258579
52130,35020340,서수면,2346,1169,36.00046666439354,126.87920695970806
52130,35020350,대야면,4001,2028,35.936458368895494,126.8310565569986
52130,35020360,개정면,2499,1138,35.960585808042026,126.78608525261787
52130,35020370,성산면,2518,1045,36.00049786859261,126.79059847215808
52130,35020380,나포면,1926,1028,36.02850926625003,126.83327724687481
52130,35020390,옥도면,3238,776,35.87472436060552,126.39397241237971
52130,35020400,옥서면,2330,1058,35.91175260710166,126.63177452264185
52130,35020510,해신동,1998,858,35.98941003812107,126.68659853621347
52130,35020530,월명동,4185,1746,35.98579628274598,126.71068898388589
52130,35020550,신풍동,5995,2372,35.97675446631748,126.70246947756547
52130,35020560,삼학동,4763,2167,35.97835399905371,126.71008420466137
52130,35020600,중앙동,3736,1264,35.98468920437279,126.72131476326555
52130,35020640,흥남동,10942,2915,35.97637220130974,126.71774542284616
52130,35020650,조촌동,26941,4789,35.972474892965906,126.73940182946801
52130,35020660,경암동,7189,2337,35.98043312916715,126.73130995400506
52130,35020670,구암동,10176,1987,35.99229466567413,126.75645522158152
52130,35020680,개정동,2660,901,35.965008724598164,126.75630514329399
52130,35020690,수송동,52088,6379,35.96009864122565,126.71735662639965
52130,35020700,나운1동,12638,3298,35.96889687121633,126.69577785331995
52130,35020710,나운2동,20192,4864,35.96554253264041,126.70450092587467
52130,35020720,소룡동,19837,3318,35.95071219898221,126.5786724133885
52130,35020730,미성동,10544,2393,35.952598087545745,126.64351721585541
52130,35020740,나운3동,31920,5118,35.946960026633846,126.68527326172685
52140,35030110,함열읍,6367,2576,36.061408117206156,126.96438814779225
52140,35030310,오산면,6504,2303,35.93742309801421,126.89967374143585
52140,35030320,황등면,6318,2478,36.01720963845303,126.93822026514906
52140,35030330,함라면,1889,879,36.0400713465174,126.9050985639385
52140,35030340,웅포면,1306,728,36.09319605565643,126.89155646618511
52140,35030350,성당면,1593,791,36.095967822417926,126.92966136102925
52140,35030360,용안면,2349,1194,36.12216737171325,126.95539102638043
52140,35030370,낭산면,2627,1158,36.06042162434548,127.02088582742033
52140,35030380,망성면,2894,1357,36.11835480321883,127.0262071734177
52140,35030390,여산면,2936,1178,36.05128325302643,127.09120428598935
52140,35030400,금마면,4982,1647,36.00720472267721,127.04172853930676
52140,35030410,왕궁면,5034,1871,35.973271619551866,127.08395128094904
52140,35030420,춘포면,4275,1604,35.92674778664296,127.02347312318864
52140,35030430,삼기면,2490,1036,36.0204017840379,126.99356066388764
52140,35030440,용동면,1418,746,36.10644369414848,126.99553933660582
52140,35030510,중앙동,2803,1194,35.93960389849631,126.94929114822126
52140,35030530,평화동,4117,1247,35.924567503168355,126.9309526294837
52140,35030550,인화동,5758,2049,35.926786353025314,126.95109152484623
52140,35030570,동산동,19926,5099,35.9169560814514,126.97346901945735
52140,35030580,마동,13394,2505,35.940132086952325,126.96442545023075
52140,35030590,남중동,9774,3786,35.94944136963506,126.9565959529115
52140,35030610,모현동,35573,7290,35.95343092158467,126.94193338007399
52140,35030620,송학동,9430,1622,35.939588473669964,126.93358496409579
52140,35030650,신동,23128,3877,35.97310139746005,126.94268977530773
52140,35030660,영등1동,20336,4326,35.95201467444004,126.97143741496605
52140,35030690,팔봉동,6540,1399,35.96020081114655,127.0123252323487
52140,35030700,삼성동,29393,4378,35.97893644093339,126.98547003410327
52140,35030710,영등2동,12631,1597,35.96452418285144,126.97331238930158
52140,35030720,어양동,22218,2889,35.95770523295081,126.98331931187792
52180,35040110,신태인읍,4845,2069,35.70142114523784,126.87170987695153
52180,35040310,북면,4101,1414,35.596364823117135,126.90621991048309
52180,35040320,입암면,2464,1231,35.50329486129408,126.79866594552468
52180,35040330,소성면,1918,918,35.55986885976478,126.7808786632886
52180,35040340,고부면,2538,1236,35.606018472668545,126.75806883359954
52180,35040350,영원면,1506,820,35.651238960957556,126.7682468108761
52180,35040360,덕천면,1575,700,35.629947318801456,126.82755444838668
52180,35040370,이평면,1778,940,35.6666793820013,126.82920466451024
52180,35040380,정우면,2173,1077,35.64678516873485,126.88601386053185
52180,35040390,태인면,3160,1500,35.65694012674312,126.93665147335298
52180,35040400,감곡면,2558,1328,35.716481955385156,126.92826156057949
52180,35040410,옹동면,1444,733,35.64929779219514,126.98644118224786
52180,35040420,칠보면,1964,971,35.579381620932544,126.96472352759241
52180,35040430,산내면,1115,575,35.551280822693926,127.04959710390106
52180,35040440,산외면,1807,913,35.62596831664784,127.05441720325378
52180,35040510,수성동,16513,3027,35.586525036965405,126.86143369382293
52180,35040520,장명동,2797,953,35.570858782016735,126.88223137962304
52180,35040530,내장상동,20538,4558,35.52001939736008,126.90253024170302
52180,35040540,시기동,3102,1200,35.564445600821976,126.85338893958289
52180,35040570,연지동,5603,1622,35.572360934680944,126.84342033993126
52180,35040580,농소동,3601,1272,35.59719117501479,126.83079153620757
52180,35040590,상교동,4265,1634,35.519199442059346,126.84582686111165
52180,35040600,초산동,10762,1954,35.55545986793404,126.85402351362968
52190,35050110,운봉읍,3614,1572,35.43053144396726,127.53543122214231
52190,35050310,주천면,2343,979,35.38069088810778,127.45423341997528
52190,35050320,수지면,1010,494,35.33373051374499,127.37528625407737
52190,35050330,송동면,1743,816,35.35717436369449,127.34377741364388
52190,35050340,주생면,1632,811,35.38488789958919,127.30387858123476
52190,35050350,금지면,2051,1055,35.34005587702337,127.28098262329792
52190,35050360,대강면,1430,814,35.363248018120956,127.23064564111156
52190,35050370,대산면,1544,723,35.42537615691445,127.31535317147346
52190,35050380,사매면,1459,699,35.47827540298758,127.3518889569474
52190,35050390,덕과면,859,451,35.52505354327555,127.36987493830874
52190,35050400,보절면,1280,674,35.51575590761846,127.41657069513126
52190,35050410,산동면,1563,804,35.496670626107054,127.47276011718671
52190,35050420,이백면,2058,917,35.4310601259519,127.45961732954281
52190,35050430,인월면,2684,1096,35.46507449309624,127.61292636505478
52190,35050440,아영면,1818,818,35.510784247703604,127.59356943033809
52190,35050450,산내면,1949,689,35.3790207400361,127.59268313603665
52190,35050510,동충동,2937,979,35.41145245754045,127.3826671500433
52190,35050520,죽항동,2969,1001,35.407333259937424,127.38438919848184
52190,35050540,노암동,5993,1370,35.394771315615195,127.38952611812098
52190,35050550,금동,6015,1639,35.39934854761641,127.36830923705098
52190,35050560,왕정동,5388,1403,35.412440318920105,127.3569043506591
52190,35050570,향교동,6915,2330,35.43995058316493,127.37483319833987
52190,35050590,도통동,16393,2697,35.44258899204541,127.41007041229376
52210,35060110,만경읍,2718,1156,35.868689726373034,126.82320586287922
52210,35060310,죽산면,2130,1166,35.774254600181635,126.80801629040664
52210,35060320,백산면,3256,1051,35.845807566352896,126.88739903732281
52210,35060330,용지면,3354,1549,35.84469653079727,126.9710090340082
52210,35060340,백구면,3715,1544,35.88774925898816,126.96331996355997
52210,35060350,부량면,1181,609,35.73876365972866,126.84448720297878
52210,35060360,공덕면,2398,1062,35.886104373095556,126.904564499701
52210,35060370,청하면,1569,805,35.88749185111402,126.85075158718885
52210,35060380,성덕면,1568,835,35.81831042657683,126.81074286180764
52210,35060390,진봉면,2217,1273,35.85268070766155,126.74227796096022
52210,35060400,금구면,4764,1905,35.78087425751096,127.01788073280275
52210,35060410,봉남면,2031,1003,35.742710411862,126.95692843340457
52210,35060420,황산면,1836,854,35.78874488277033,126.96039158693041
52210,35060430,금산면,4181,1896,35.714971609664005,127.02955426407914
52210,35060440,광활면,1208,578,35.824413244727616,126.73522432300693
52210,35060510,요촌동,11161,3239,35.818250386371275,126.89023384249225
52210,35060520,신풍동,12957,3372,35.774206737973,126.91717457619899
52210,35060540,검산동,12493,2565,35.81301848590726,126.92343082299811
52210,35060580,교월동,5898,2072,35.78537124805388,126.86382697761792
52710,35510110,삼례읍,23454,4407,35.91297242380287,127.08542131940969
52710,35510120,봉동읍,24881,4451,35.950175213209874,127.13772557475815
52710,35510130,용진읍,10094,2765,35.89698241541593,127.18081129112223
52710,35510320,상관면,4293,1351,35.76076121042553,127.22981804573739
52710,35510330,이서면,14580,2573,35.82572704979671,127.03202840014497
52710,35510340,소양면,5344,2420,35.85777765566989,127.25570223457385
52710,35510350,구이면,4935,2047,35.706513154127876,127.11956480066122
52710,35510360,고산면,4039,1639,35.97141598819399,127.23240060297378
52710,35510370,비봉면,1715,808,36.01140384486255,127.15768888571976
52710,35510380,운주면,1765,890,36.07217642265628,127.31502222882783
52710,35510390,화산면,2392,1029,36.050590629523505,127.19891825670028
52710,35510400,동상면,935,414,35.93918013504604,127.30301093340215
52710,35510410,경천면,851,448,36.03949859089563,127.27713219974217
52720,35520110,진안읍,9681,3179,35.776774409761565,127.44390606165405
52720,35520310,용담면,822,430,35.95097659205864,127.48996523332745
52720,35520320,안천면,1039,478,35.90209817363042,127.54704007043023
52720,35520330,동향면,1375,633,35.83662304230362,127.57367460331089
52720,35520340,상전면,776,354,35.84790527678422,127.49721658416142
52720,35520350,백운면,1904,856,35.681141042190525,127.42801649200867
52720,35520360,성수면,1709,799,35.72123676416439,127.31883514282796
52720,35520370,마령면,1755,822,35.746374351832245,127.36126968517709
52720,35520380,부귀면,2624,1011,35.8387361406816,127.35984109470745
52720,35520390,정천면,997,411,35.89048503115932,127.43817204526752
52720,35520400,주천면,1478,752,35.96724346249687,127.40027144736776
52730,35530110,무주읍,9308,2619,36.01152959361193,127.65594686261052
52730,35530310,무풍면,2445,975,35.9322918444303,127.84741564213681
52730,35530320,설천면,3653,1378,35.95432750604373,127.78309540663179
52730,35530330,적상면,2411,1264,35.9348572048701,127.67288097915751
52730,35530340,안성면,3942,1822,35.847139377649924,127.67896979103467
52730,35530350,부남면,1273,697,35.96888837084998,127.5697803372348
52740,35540110,장수읍,7041,2197,35.62365205677551,127.51150286496484
52740,35540310,산서면,1868,911,35.582270908635074,127.40937422744412
52740,35540320,번암면,2102,1073,35.55546626984368,127.54488336645511
52740,35540330,장계면,4171,1473,35.72625081209013,127.61817798355132
52740,35540340,천천면,2007,1021,35.733165616509815,127.5214531630933
52740,35540350,계남면,1978,862,35.686985078035526,127.5798918130354
52740,35540360,계북면,1497,706,35.78977976272794,127.63083141299781
52750,35550110,임실읍,7421,1929,35.59243958171425,127.26670388104267
52750,35550310,청웅면,1206,631,35.565342759797005,127.20794156238507
52750,35550320,운암면,1485,640,35.61243128995861,127.15162104326099
52750,35550330,신평면,1406,714,35.64746418935577,127.23234635039836
52750,35550340,성수면,1436,739,35.627110689682524,127.36010060317908
52750,35550350,오수면,3364,1554,35.541408494061514,127.31866052079711
52750,35550360,신덕면,1194,576,35.691114899765374,127.18006771726667
52750,35550370,삼계면,1415,824,35.50779893754825,127.26634127065681
52750,35550380,관촌면,3029,1288,35.69529590085636,127.28231643844144
52750,35550390,강진면,1364,643,35.546609160241836,127.14355600422
52750,35550400,덕치면,1104,532,35.49949396891366,127.17077491331801
52750,35550410,지사면,1153,544,35.579024493523264,127.35370500503127
52770,35560110,순창읍,10758,2562,35.37043677682314,127.1334239343318
52770,35560310,인계면,1455,643,35.42289901346424,127.1590137764656
52770,35560320,동계면,1782,861,35.45646446977605,127.24933544442472
52770,35560330,적성면,1208,580,35.423943325628386,127.20836285597478
52770,35560340,유등면,971,496,35.374363771764614,127.18844265888981
52770,35560350,풍산면,1671,811,35.3329145864497,127.14249776490682
52770,35560360,금과면,1643,767,35.33351829427314,127.08422149725892
52770,35560370,팔덕면,1327,610,35.39423178111632,127.08499258773654
52770,35560380,복흥면,2038,859,35.4452697034211,126.93615307311062
52770,35560390,쌍치면,1854,853,35.50525495370541,126.99204574415512
52770,35560400,구림면,2116,1083,35.462849317249145,127.08720232487128
52790,35570110,고창읍,20426,5539,35.432094241804336,126.70390119960186
52790,35570310,고수면,2219,1065,35.39007850933088,126.68147153912753
52790,35570320,아산면,2353,1128,35.46728641934241,126.61142011304524
52790,35570330,무장면,3014,1300,35.41202932732022,126.57460834046539
52790,35570340,공음면,2429,1130,35.38325876365343,126.52667209595452
52790,35570350,상하면,2166,1018,35.4445552679918,126.4785032464058
52790,35570360,해리면,2409,1318,35.4750442581446,126.51183351843518
52790,35570370,성송면,1603,855,35.36516056144439,126.63574948375239
52790,35570380,대산면,2948,1427,35.33939731903405,126.57317981029853
52790,35570390,심원면,2212,992,35.512977893503276,126.54590122211093
52790,35570400,흥덕면,2935,1309,35.53735152144331,126.69937061034507
52790,35570410,성내면,1855,928,35.535457259022046,126.74475688016142
52790,35570420,신림면,1901,975,35.476900742455314,126.72216685706748
52790,35570430,부안면,2512,1238,35.52808464279862,126.6417180237848
52800,35580110,부안읍,20492,5347,35.708654756245586,126.7449129568729
52800,35580310,주산면,1667,898,35.66511534937233,126.7091004411391
52800,35580320,동진면,2402,1234,35.761247126957514,126.74799852453738
52800,35580330,행안면,2149,971,35.72287154806753,126.70589693250972
52800,35580340,계화면,2834,1481,35.77877849677103,126.65383796189428
52800,35580350,보안면,2256,1172,35.620455215710905,126.66527539491304
52800,35580360,변산면,4227,1533,35.643875409004615,126.53423824344301
52800,35580370,진서면,2135,975,35.60457970877562,126.57154888057848
52800,35580380,백산면,2259,1200,35.70190225023857,126.79268753212293
52800,35580390,상서면,1981,984,35.668994187049584,126.64567028796408
52800,35580400,하서면,2250,1181,35.71472098398904,126.62129724111182
52800,35580410,줄포면,2372,1092,35.59254876865156,126.69435289721689
52800,35580420,위도면,1042,504,35.60431404971164,126.26274587032907
