region_code,region_name,province_name,year,population,senior_population,youth_population
11110,종로구,서울특별시,2014,156993,24376,37262
11110,종로구,서울특별시,2015,154986,24752,36732
11110,종로구,서울특별시,2016,152737,24950,35990
11110,종로구,서울특별시,2017,154770,26030,36453
11110,종로구,서울특별시,2018,153065,26572,35905
11110,종로구,서울특별시,2019,151290,27318,35536
11110,종로구,서울특별시,2020,149384,28311,34982
11110,종로구,서울특별시,2021,144683,27609,34407
11110,종로구,서울특별시,2022,141379,27704,34081
11110,종로구,서울특별시,2023,139417,28500,33634
11110,종로구,서울특별시,2024,138336,29574,33388
11110,종로구,서울특별시,2025,137048,30664,32817
11140,중구,서울특별시,2014,128065,19740,30554
11140,중구,서울특별시,2015,125733,20081,29686
11140,중구,서울특별시,2016,125249,20388,29385
11140,중구,서울특별시,2017,125709,21148,29264
11140,중구,서울특별시,2018,125725,21750,29504
11140,중구,서울특별시,2019,126171,22974,29878
11140,중구,서울특별시,2020,125240,24174,29676
11140,중구,서울특별시,2021,122499,24037,29571
11140,중구,서울특별시,2022,120437,24660,29233
11140,중구,서울특별시,2023,121312,25525,29938
11140,중구,서울특별시,2024,120544,26408,29508
11140,중구,서울특별시,2025,117805,27157,28314
11170,용산구,서울특별시,2014,235951,34571,55745
11170,용산구,서울특별시,2015,233342,35352,53984
11170,용산구,서울특별시,2016,230241,35547,52717
11170,용산구,서울특별시,2017,229161,36488,52757
11170,용산구,서울특별시,2018,228999,37212,53281
11170,용산구,서울특별시,2019,228670,38346,53734
11170,용산구,서울특별시,2020,230040,39779,54588
11170,용산구,서울특별시,2021,222953,38552,54234
11170,용산구,서울특별시,2022,218650,38478,54220
11170,용산구,서울특별시,2023,213151,39239,52517
11170,용산구,서울특별시,2024,203854,38894,49798
11170,용산구,서울특별시,2025,201894,39913,48844
11200,성동구,서울특별시,2014,296086,36564,73936
11200,성동구,서울특별시,2015,297003,38025,73233
11200,성동구,서울특별시,2016,299259,39140,73061
11200,성동구,서울특별시,2017,304808,41152,74331
11200,성동구,서울특별시,2018,308221,42629,75417
11200,성동구,서울특별시,2019,300889,43796,73608
11200,성동구,서울특별시,2020,293556,45435,71488
11200,성동구,서울특별시,2021,285990,46201,69105
11200,성동구,서울특별시,2022,281000,47530,67888
11200,성동구,서울특별시,2023,277361,49260,67276
11200,성동구,서울특별시,2024,273669,51030,65937
11200,성동구,서울특별시,2025,274606,53232,65767
11215,광진구,서울특별시,2014,363354,38808,99914
11215,광진구,서울특별시,2015,360369,40205,97884
11215,광진구,서울특별시,2016,357215,41292,96043
11215,광진구,서울특별시,2017,357703,43790,95923
11215,광진구,서울특별시,2018,355559,45432,95243
11215,광진구,서울특별시,2019,351350,47681,95399
11215,광진구,서울특별시,2020,346682,50311,95342
11215,광진구,서울특별시,2021,339996,51450,93916
11215,광진구,서울특별시,2022,337416,53737,93951
11215,광진구,서울특별시,2023,335554,56461,93180
11215,광진구,서울특별시,2024,331963,59334,91609
11215,광진구,서울특별시,2025,331167,62317,90900
11230,동대문구,서울특별시,2014,363687,50756,90146
11230,동대문구,서울특별시,2015,360153,52331,88064
11230,동대문구,서울특별시,2016,355069,53301,85463
11230,동대문구,서울특별시,2017,350647,55547,83445
11230,동대문구,서울특별시,2018,348052,56991,82639
11230,동대문구,서울특별시,2019,346194,59170,83341
11230,동대문구,서울특별시,2020,342837,61612,84070
11230,동대문구,서울특별시,2021,337400,62009,84044
11230,동대문구,서울특별시,2022,336644,64255,84776
11230,동대문구,서울특별시,2023,341149,66790,86602
11230,동대문구,서울특별시,2024,338735,69314,85925
11230,동대문구,서울특별시,2025,346241,72487,87736
11260,중랑구,서울특별시,2014,418836,51919,102006
11260,중랑구,서울특별시,2015,413909,54021,98094
11260,중랑구,서울특별시,2016,411005,55842,95697
11260,중랑구,서울특별시,2017,408226,59189,93206
11260,중랑구,서울특별시,2018,403209,61748,91015
11260,중랑구,서울특별시,2019,397015,65065,88936
11260,중랑구,서울특별시,2020,394702,69341,88376
11260,중랑구,서울특별시,2021,387350,71560,86573
11260,중랑구,서울특별시,2022,385318,74790,86326
11260,중랑구,서울특별시,2023,382155,78791,84582
11260,중랑구,서울특별시,2024,379274,83299,82503
11260,중랑구,서울특별시,2025,376916,87928,80595
11290,성북구,서울특별시,2014,466706,61929,110012
11290,성북구,서울특별시,2015,459275,63132,106044
11290,성북구,서울특별시,2016,450355,63878,101974
11290,성북구,서울특별시,2017,444055,66121,98919
11290,성북구,서울특별시,2018,435868,67646,96884
11290,성북구,서울특별시,2019,442650,70699,100369
11290,성북구,서울특별시,2020,437153,73613,100103
11290,성북구,서울특별시,2021,430528,74545,98535
11290,성북구,서울특별시,2022,430397,77293,99375
11290,성북구,서울특별시,2023,425602,80232,98543
11290,성북구,서울특별시,2024,421560,83353,97024
11290,성북구,서울특별시,2025,422559,87297,97274
11305,강북구,서울특별시,2014,335025,50755,74604
11305,강북구,서울특별시,2015,330873,52503,72104
11305,강북구,서울특별시,2016,327195,53964,69876
11305,강북구,서울특별시,2017,324479,56437,68587
11305,강북구,서울특별시,2018,319164,58103,66909
11305,강북구,서울특별시,2019,313954,60474,65767
11305,강북구,서울특별시,2020,308055,63313,64403
11305,강북구,서울특별시,2021,299182,64218,62187
11305,강북구,서울특별시,2022,293660,66170,61433
11305,강북구,서울특별시,2023,288113,68473,59564
11305,강북구,서울특별시,2024,283597,71227,57690
11305,강북구,서울특별시,2025,278928,74210,55768
11320,도봉구,서울특별시,2014,353709,46438,80122
11320,도봉구,서울특별시,2015,351242,48553,77753
11320,도봉구,서울특별시,2016,348220,50466,75393
11320,도봉구,서울특별시,2017,344166,53445,72953
11320,도봉구,서울특별시,2018,339413,55926,70606
11320,도봉구,서울특별시,2019,333362,58664,68753
11320,도봉구,서울특별시,2020,325257,62009,65960
11320,도봉구,서울특별시,2021,317366,64114,63684
11320,도봉구,서울특별시,2022,311694,66942,61968
11320,도봉구,서울특별시,2023,306948,70374,60114
11320,도봉구,서울특별시,2024,303228,74149,58162
11320,도봉구,서울특별시,2025,299899,78244,55991
11350,노원구,서울특별시,2014,582552,66411,130304
11350,노원구,서울특별시,2015,574583,68843,126292
11350,노원구,서울특별시,2016,567581,70819,123533
11350,노원구,서울특별시,2017,554403,74178,118793
11350,노원구,서울특별시,2018,543752,77032,115675
11350,노원구,서울특별시,2019,532905,80854,112993
11350,노원구,서울특별시,2020,523037,85420,109948
11350,노원구,서울특별시,2021,510956,88271,106290
11350,노원구,서울특별시,2022,503734,91946,105558
11350,노원구,서울특별시,2023,498213,96309,104128
11350,노원구,서울특별시,2024,491247,100467,101565
11350,노원구,서울특별시,2025,483541,104661,98886
11380,은평구,서울특별시,2014,498644,66864,113259
11380,은평구,서울특별시,2015,497920,69610,111053
11380,은평구,서울특별시,2016,491476,71304,106847
11380,은평구,서울특별시,2017,486794,74400,104144
11380,은평구,서울특별시,2018,483197,77263,102988
11380,은평구,서울특별시,2019,480032,80567,103355
11380,은평구,서울특별시,2020,479835,85010,104212
11380,은평구,서울특별시,2021,473307,87038,102946
11380,은평구,서울특별시,2022,466746,89422,101823
11380,은평구,서울특별시,2023,466770,93565,101856
11380,은평구,서울특별시,2024,460919,97788,99710
11380,은평구,서울특별시,2025,455137,102219,96837
11410,서대문구,서울특별시,2014,310376,44982,75890
11410,서대문구,서울특별시,2015,312141,46417,75496
11410,서대문구,서울특별시,2016,314194,47303,75002
11410,서대문구,서울특별시,2017,312800,48898,73880
11410,서대문구,서울특별시,2018,310313,50045,73243
11410,서대문구,서울특별시,2019,309397,51645,73737
11410,서대문구,서울특별시,2020,312173,53756,75471
11410,서대문구,서울특별시,2021,304819,53822,74073
11410,서대문구,서울특별시,2022,306337,55502,74932
11410,서대문구,서울특별시,2023,306231,57588,75219
11410,서대문구,서울특별시,2024,302853,59685,73524
11410,서대문구,서울특별시,2025,300147,61941,72116
11440,마포구,서울특별시,2014,385439,47096,101165
11440,마포구,서울특별시,2015,387643,48348,101086
11440,마포구,서울특별시,2016,379892,48060,97686
11440,마포구,서울특별시,2017,374915,49356,95452
11440,마포구,서울특별시,2018,375077,50544,95928
11440,마포구,서울특별시,2019,374035,52104,96894
11440,마포구,서울특별시,2020,371890,54002,97454
11440,마포구,서울특별시,2021,368905,54231,97014
11440,마포구,서울특별시,2022,364638,55533,96881
11440,마포구,서울특별시,2023,363697,57504,96843
11440,마포구,서울특별시,2024,361417,59612,95795
11440,마포구,서울특별시,2025,357616,61725,93667
11470,양천구,서울특별시,2014,486221,48068,108688
11470,양천구,서울특별시,2015,484532,50282,106984
11470,양천구,서울특별시,2016,477739,51957,103289
11470,양천구,서울특별시,2017,471154,55136,99381
11470,양천구,서울특별시,2018,464185,57941,96085
11470,양천구,서울특별시,2019,458165,61147,93984
11470,양천구,서울특별시,2020,454251,65541,91554
11470,양천구,서울특별시,2021,447302,68483,88865
11470,양천구,서울특별시,2022,440881,72235,86885
11470,양천구,서울특별시,2023,436028,76126,84725
11470,양천구,서울특별시,2024,430976,80174,81693
11470,양천구,서울특별시,2025,425088,84351,78416
11500,강서구,서울특별시,2014,585160,64117,147548
11500,강서구,서울특별시,2015,589074,67792,146289
11500,강서구,서울특별시,2016,595485,70889,145765
11500,강서구,서울특별시,2017,601691,75845,146470
11500,강서구,서울특별시,2018,596949,79445,143827
11500,강서구,서울특별시,2019,591796,83839,143654
11500,강서구,서울특별시,2020,580185,88733,141956
11500,강서구,서울특별시,2021,574315,92336,141580
11500,강서구,서울특별시,2022,569166,96880,140835
11500,강서구,서울특별시,2023,563058,101808,137537
11500,강서구,서울특별시,2024,556171,107246,133372
11500,강서구,서울특별시,2025,549711,112966,129856
11530,구로구,서울특별시,2014,425831,50615,103238
11530,구로구,서울특별시,2015,422092,53146,99650
11530,구로구,서울특별시,2016,417551,55159,96025
11530,구로구,서울특별시,2017,410742,58213,91608
11530,구로구,서울특별시,2018,404497,61105,89144
11530,구로구,서울특별시,2019,406664,64932,90080
11530,구로구,서울특별시,2020,404408,69201,89748
11530,구로구,서울특별시,2021,396754,71445,88001
11530,구로구,서울특별시,2022,395315,74491,88401
11530,구로구,서울특별시,2023,392405,78377,86662
11530,구로구,서울특별시,2024,388169,82027,83959
11530,구로구,서울특별시,2025,383829,85949,82117
11545,금천구,서울특별시,2014,238463,29243,58576
11545,금천구,서울특별시,2015,236284,30745,57061
11545,금천구,서울특별시,2016,235386,31976,55980
11545,금천구,서울특별시,2017,235154,33842,55635
11545,금천구,서울특별시,2018,233917,35354,55694
11545,금천구,서울특별시,2019,232810,37196,56463
11545,금천구,서울특별시,2020,231733,39314,57613
11545,금천구,서울특별시,2021,230811,40442,59102
11545,금천구,서울특별시,2022,229642,42226,59632
11545,금천구,서울특별시,2023,227481,44531,58895
11545,금천구,서울특별시,2024,225159,47037,57955
11545,금천구,서울특별시,2025,223290,49561,56971
11560,영등포구,서울특별시,2014,382352,49184,96494
11560,영등포구,서울특별시,2015,378504,50839,94600
11560,영등포구,서울특별시,2016,370613,51186,91927
11560,영등포구,서울특별시,2017,368550,53299,91043
11560,영등포구,서울특별시,2018,367778,54906,92121
11560,영등포구,서울특별시,2019,367678,56957,93779
11560,영등포구,서울특별시,2020,379480,60663,98036
11560,영등포구,서울특별시,2021,376837,61295,98399
11560,영등포구,서울특별시,2022,375675,63349,98837
11560,영등포구,서울특별시,2023,374794,65843,99554
11560,영등포구,서울특별시,2024,373773,68568,99258
11560,영등포구,서울특별시,2025,371362,71314,97522
11590,동작구,서울특별시,2014,407470,52147,109129
11590,동작구,서울특별시,2015,400641,53425,104939
11590,동작구,서울특별시,2016,400997,55052,103715
11590,동작구,서울특별시,2017,396217,57071,101341
11590,동작구,서울특별시,2018,396203,59265,101401
11590,동작구,서울특별시,2019,395963,61994,102744
11590,동작구,서울특별시,2020,391220,64928,102004
11590,동작구,서울특별시,2021,385483,66320,100402
11590,동작구,서울특별시,2022,380596,67872,100332
11590,동작구,서울특별시,2023,378769,70089,100495
11590,동작구,서울특별시,2024,375799,72783,99619
11590,동작구,서울특별시,2025,371924,75541,98188
11620,관악구,서울특별시,2014,513186,62251,157205
11620,관악구,서울특별시,2015,509663,64677,154898
11620,관악구,서울특별시,2016,506851,66659,153935
11620,관악구,서울특별시,2017,503297,69729,153780
11620,관악구,서울특별시,2018,501957,71888,157390
11620,관악구,서울특별시,2019,500094,74787,160619
11620,관악구,서울특별시,2020,495060,78430,162269
11620,관악구,서울특별시,2021,485699,79371,162092
11620,관악구,서울특별시,2022,486752,81848,167463
11620,관악구,서울특별시,2023,481956,84762,166337
11620,관악구,서울특별시,2024,477812,88138,164789
11620,관악구,서울특별시,2025,477605,92078,164439
11650,서초구,서울특별시,2014,449678,47346,106437
11650,서초구,서울특별시,2015,446764,49171,102916
11650,서초구,서울특별시,2016,447192,50906,100356
11650,서초구,서울특별시,2017,441102,53119,96795
11650,서초구,서울특별시,2018,433951,54663,93437
11650,서초구,서울특별시,2019,430826,57036,92564
11650,서초구,서울특별시,2020,425126,60072,89342
11650,서초구,서울특별시,2021,412279,60574,84956
11650,서초구,서울특별시,2022,404325,62228,82608
11650,서초구,서울특별시,2023,407664,65541,83415
11650,서초구,서울특별시,2024,408376,68606,82433
11650,서초구,서울특별시,2025,414428,72156,82024
11680,강남구,서울특별시,2014,578114,57291,148523
11680,강남구,서울특별시,2015,576495,60191,143407
11680,강남구,서울특별시,2016,567115,61822,136779
11680,강남구,서울특별시,2017,556164,64946,130535
11680,강남구,서울특별시,2018,542364,66957,124013
11680,강남구,서울특별시,2019,545169,70896,123889
11680,강남구,서울특별시,2020,539231,74959,119469
11680,강남구,서울특별시,2021,533042,78078,114731
11680,강남구,서울특별시,2022,529102,81564,112630
11680,강남구,서울특별시,2023,544873,86434,114620
11680,강남구,서울특별시,2024,557345,91291,114753
11680,강남구,서울특별시,2025,556330,95349,111344
11710,송파구,서울특별시,2014,664738,64891,165238
11710,송파구,서울특별시,2015,660302,68147,160571
11710,송파구,서울특별시,2016,657831,70918,157182
11710,송파구,서울특별시,2017,664496,76442,156483
11710,송파구,서울특별시,2018,666635,81211,156337
11710,송파구,서울특별시,2019,675961,87182,158741
11710,송파구,서울특별시,2020,667960,93309,154424
11710,송파구,서울특별시,2021,658338,97503,149202
11710,송파구,서울특별시,2022,658801,103361,147472
11710,송파구,서울특별시,2023,654166,108643,145432
11710,송파구,서울특별시,2024,650110,113957,142485
11710,송파구,서울특별시,2025,643350,118935,138007
11740,강동구,서울특별시,2014,476597,50167,116078
11740,강동구,서울특별시,2015,458658,51848,108150
11740,강동구,서울특별시,2016,444168,53121,102045
11740,강동구,서울특별시,2017,436223,56080,97360
11740,강동구,서울특별시,2018,427573,58669,93493
11740,강동구,서울특별시,2019,436067,63341,95326
11740,강동구,서울특별시,2020,459970,69903,99711
11740,강동구,서울특별시,2021,462664,73943,99018
11740,강동구,서울특별시,2022,460067,78191,96867
11740,강동구,서울특별시,2023,459167,82815,95529
11740,강동구,서울특별시,2024,476942,89687,97949
11740,강동구,서울특별시,2025,499127,97907,100280
26110,중구,부산광역시,2014,46737,9154,9474
26110,중구,부산광역시,2015,45816,9470,9093
26110,중구,부산광역시,2016,45208,9700,8885
26110,중구,부산광역시,2017,44218,10082,8539
26110,중구,부산광역시,2018,42795,10380,8161
26110,중구,부산광역시,2019,41910,10744,8090
26110,중구,부산광역시,2020,41523,11315,8192
26110,중구,부산광역시,2021,40524,11206,8544
26110,중구,부산광역시,2022,39689,11468,8509
26110,중구,부산광역시,2023,38619,11866,8158
26110,중구,부산광역시,2024,37537,12167,7807
26110,중구,부산광역시,2025,36518,12471,7327
26140,서구,부산광역시,2014,118115,22902,23567
26140,서구,부산광역시,2015,115963,23517,22605
26140,서구,부산광역시,2016,112973,23906,21461
26140,서구,부산광역시,2017,110039,24462,20520
26140,서구,부산광역시,2018,110534,25205,20390
26140,서구,부산광역시,2019,108229,26069,19850
26140,서구,부산광역시,2020,108135,27346,19686
26140,서구,부산광역시,2021,105164,27529,18960
26140,서구,부산광역시,2022,105192,28432,18794
26140,서구,부산광역시,2023,104089,29273,18583
26140,서구,부산광역시,2024,103188,30420,17692
26140,서구,부산광역시,2025,101892,31668,16996
26170,동구,부산광역시,2014,94565,19493,18364
26170,동구,부산광역시,2015,92069,19945,17504
26170,동구,부산광역시,2016,89826,20334,16419
26170,동구,부산광역시,2017,88868,21076,16052
26170,동구,부산광역시,2018,86912,21407,15602
26170,동구,부산광역시,2019,88165,22257,15981
26170,동구,부산광역시,2020,88901,23381,16315
26170,동구,부산광역시,2021,87679,23760,16160
26170,동구,부산광역시,2022,86462,24354,15859
26170,동구,부산광역시,2023,87792,25093,15918
26170,동구,부산광역시,2024,85911,25661,15236
26170,동구,부산광역시,2025,83851,26104,14448
26200,영도구,부산광역시,2014,132102,25637,25136
26200,영도구,부산광역시,2015,129385,26419,23776
26200,영도구,부산광역시,2016,126362,27192,22410
26200,영도구,부산광역시,2017,123521,28293,21155
26200,영도구,부산광역시,2018,120109,29072,19846
26200,영도구,부산광역시,2019,116711,30116,18733
26200,영도구,부산광역시,2020,113342,31483,17693
26200,영도구,부산광역시,2021,110638,31981,17105
26200,영도구,부산광역시,2022,108156,32778,16276
26200,영도구,부산광역시,2023,106548,33675,15518
26200,영도구,부산광역시,2024,103737,34671,14530
26200,영도구,부산광역시,2025,101580,35615,14131
26230,부산진구,부산광역시,2014,387378,56777,90189
26230,부산진구,부산광역시,2015,381572,58579,86920
26230,부산진구,부산광역시,2016,376526,60541,83999
26230,부산진구,부산광역시,2017,371703,62942,81850
26230,부산진구,부산광역시,2018,362357,64599,78208
26230,부산진구,부산광역시,2019,357880,67133,77606
26230,부산진구,부산광역시,2020,359886,70896,79572
26230,부산진구,부산광역시,2021,353159,72339,78124
26230,부산진구,부산광역시,2022,355917,75685,79131
26230,부산진구,부산광역시,2023,359508,79321,79880
26230,부산진구,부산광역시,2024,359281,82839,79084
26230,부산진구,부산광역시,2025,365378,87363,79333
26260,동래구,부산광역시,2014,275971,37045,58802
26260,동래구,부산광역시,2015,272837,38437,56507
26260,동래구,부산광역시,2016,272745,40349,54922
26260,동래구,부산광역시,2017,270727,42697,52739
26260,동래구,부산광역시,2018,266515,44255,51132
26260,동래구,부산광역시,2019,271247,46863,51648
26260,동래구,부산광역시,2020,270745,49927,50211
26260,동래구,부산광역시,2021,266866,51829,48443
26260,동래구,부산광역시,2022,273226,54881,48625
26260,동래구,부산광역시,2023,270815,57512,46445
26260,동래구,부산광역시,2024,274370,60935,45558
26260,동래구,부산광역시,2025,273277,64095,44251
26290,남구,부산광역시,2014,286989,42392,61130
26290,남구,부산광역시,2015,283101,44110,58469
26290,남구,부산광역시,2016,278779,45778,55851
26290,남구,부산광역시,2017,273854,47964,53661
26290,남구,부산광역시,2018,279917,50151,54049
26290,남구,부산광역시,2019,274480,51717,53086
26290,남구,부산광역시,2020,267731,53898,51350
26290,남구,부산광역시,2021,262069,55386,49790
26290,남구,부산광역시,2022,256333,56961,48725
26290,남구,부산광역시,2023,254185,58953,48370
26290,남구,부산광역시,2024,254498,61542,48374
26290,남구,부산광역시,2025,250668,63975,46732
26320,북구,부산광역시,2014,306974,34057,69121
26320,북구,부산광역시,2015,310484,36451,69417
26320,북구,부산광역시,2016,310202,38522,68109
26320,북구,부산광역시,2017,302924,41000,64750
26320,북구,부산광역시,2018,296952,43125,61677
26320,북구,부산광역시,2019,291132,45908,59349
26320,북구,부산광역시,2020,283952,49304,56468
26320,북구,부산광역시,2021,283211,52506,54909
26320,북구,부산광역시,2022,278857,55768,52773
26320,북구,부산광역시,2023,273596,59154,49662
26320,북구,부산광역시,2024,267692,62708,46575
26320,북구,부산광역시,2025,262862,66932,43901
26350,해운대구,부산광역시,2014,423531,51970,86848
26350,해운대구,부산광역시,2015,422818,54547,85397
26350,해운대구,부산광역시,2016,419853,56854,82627
26350,해운대구,부산광역시,2017,412039,59949,78992
26350,해운대구,부산광역시,2018,409347,62825,77522
26350,해운대구,부산광역시,2019,406102,66218,76239
26350,해운대구,부산광역시,2020,402169,70306,74117
26350,해운대구,부산광역시,2021,396438,73306,71590
26350,해운대구,부산광역시,2022,386785,76256,67956
26350,해운대구,부산광역시,2023,380448,79666,64750
26350,해운대구,부산광역시,2024,376404,83543,62209
26350,해운대구,부산광역시,2025,372604,87737,60071
26380,사하구,부산광역시,2014,343371,42209,76256
26380,사하구,부산광역시,2015,337781,44389,72604
26380,사하구,부산광역시,2016,334603,46778,69857
26380,사하구,부산광역시,2017,333301,50261,68129
26380,사하구,부산광역시,2018,327791,52805,65600
26380,사하구,부산광역시,2019,321004,55964,63084
26380,사하구,부산광역시,2020,311757,59570,59546
26380,사하구,부산광역시,2021,306003,62278,57584
26380,사하구,부산광역시,2022,301987,65745,55755
26380,사하구,부산광역시,2023,297831,69050,53373
26380,사하구,부산광역시,2024,292491,72601,50494
26380,사하구,부산광역시,2025,286222,76444,47877
26410,금정구,부산광역시,2014,249856,36090,56108
26410,금정구,부산광역시,2015,246026,37649,54203
26410,금정구,부산광역시,2016,244624,39482,52819
26410,금정구,부산광역시,2017,244469,42011,51943
26410,금정구,부산광역시,2018,242956,44382,50721
26410,금정구,부산광역시,2019,239062,46642,49489
26410,금정구,부산광역시,2020,232666,48920,47593
26410,금정구,부산광역시,2021,228049,50401,46137
26410,금정구,부산광역시,2022,221256,52128,44203
26410,금정구,부산광역시,2023,215590,54066,41897
26410,금정구,부산광역시,2024,209932,56243,40099
26410,금정구,부산광역시,2025,206588,58583,38737
26440,강서구,부산광역시,2014,79619,10593,16962
26440,강서구,부산광역시,2015,94608,11429,20384
26440,강서구,부산광역시,2016,108909,12348,22671
26440,강서구,부산광역시,2017,117382,13205,23289
26440,강서구,부산광역시,2018,122957,14090,22934
26440,강서구,부산광역시,2019,129566,15183,23166
26440,강서구,부산광역시,2020,137957,16633,24189
26440,강서구,부산광역시,2021,142918,17845,24527
26440,강서구,부산광역시,2022,143207,18996,23590
26440,강서구,부산광역시,2023,142396,20180,22295
26440,강서구,부산광역시,2024,142789,21360,21508
26440,강서구,부산광역시,2025,150299,22908,22127
26470,연제구,부산광역시,2014,208012,29397,44175
26470,연제구,부산광역시,2015,210718,31042,43546
26470,연제구,부산광역시,2016,207268,31832,41971
26470,연제구,부산광역시,2017,206742,33600,41484
26470,연제구,부산광역시,2018,207840,35526,41146
26470,연제구,부산광역시,2019,209395,37891,41044
26470,연제구,부산광역시,2020,209157,40515,40667
26470,연제구,부산광역시,2021,207144,42313,39276
26470,연제구,부산광역시,2022,203536,44099,37880
26470,연제구,부산광역시,2023,205766,46217,38322
26470,연제구,부산광역시,2024,212589,48982,38691
26470,연제구,부산광역시,2025,211727,51244,37949
26500,수영구,부산광역시,2014,178480,28266,39623
26500,수영구,부산광역시,2015,179795,29695,39577
26500,수영구,부산광역시,2016,179324,30831,38715
26500,수영구,부산광역시,2017,179996,32621,38329
26500,수영구,부산광역시,2018,176246,33784,37249
26500,수영구,부산광역시,2019,176148,35661,37149
26500,수영구,부산광역시,2020,176894,37610,37537
26500,수영구,부산광역시,2021,175095,38971,37094
26500,수영구,부산광역시,2022,174806,40697,37195
26500,수영구,부산광역시,2023,174518,42528,36625
26500,수영구,부산광역시,2024,171918,44086,35149
26500,수영구,부산광역시,2025,169112,45673,33595
26530,사상구,부산광역시,2014,242953,27712,56679
26530,사상구,부산광역시,2015,237711,29182,54060
26530,사상구,부산광역시,2016,232800,30561,51374
26530,사상구,부산광역시,2017,229219,32715,49263
26530,사상구,부산광역시,2018,223361,34306,46747
26530,사상구,부산광역시,2019,218094,36409,44822
26530,사상구,부산광역시,2020,212586,38865,42980
26530,사상구,부산광역시,2021,208298,40878,41771
26530,사상구,부산광역시,2022,203789,42960,40325
26530,사상구,부산광역시,2023,202932,45700,40014
26530,사상구,부산광역시,2024,198635,48490,37786
26530,사상구,부산광역시,2025,194124,51544,35499
26710,기장군,부산광역시,2014,144748,18422,28706
26710,기장군,부산광역시,2015,153093,19769,28920
26710,기장군,부산광역시,2016,158527,21056,28600
26710,기장군,부산광역시,2017,161651,22649,27764
26710,기장군,부산광역시,2018,164864,24049,27253
26710,기장군,부산광역시,2019,164716,25348,26664
26710,기장군,부산광역시,2020,174545,27742,28608
26710,기장군,부산광역시,2021,177125,29357,28694
26710,기장군,부산광역시,2022,178614,31204,28565
26710,기장군,부산광역시,2023,178729,32945,28114
26710,기장군,부산광역시,2024,175626,34328,26876
26710,기장군,부산광역시,2025,174898,36479,25959
27110,중구,대구광역시,2014,78812,14745,17600
27110,중구,대구광역시,2015,80928,15200,18155
27110,중구,대구광역시,2016,79712,15343,17668
27110,중구,대구광역시,2017,78986,15531,17252
27110,중구,대구광역시,2018,79401,15566,17903
27110,중구,대구광역시,2019,77421,15597,17498
27110,중구,대구광역시,2020,76547,15928,17718
27110,중구,대구광역시,2021,74791,15696,17179
27110,중구,대구광역시,2022,80199,16107,18803
27110,중구,대구광역시,2023,89064,17113,21163
27110,중구,대구광역시,2024,97711,17988,23358
27110,중구,대구광역시,2025,101007,18570,24022
27140,동구,대구광역시,2014,347975,51318,73125
27140,동구,대구광역시,2015,349728,53511,71481
27140,동구,대구광역시,2016,351352,55767,70089
27140,동구,대구광역시,2017,349379,58893,68181
27140,동구,대구광역시,2018,351291,61656,68058
27140,동구,대구광역시,2019,345469,64014,66205
27140,동구,대구광역시,2020,341920,67439,65015
27140,동구,대구광역시,2021,341436,70449,64351
27140,동구,대구광역시,2022,339530,73354,63084
27140,동구,대구광역시,2023,342813,76756,62986
27140,동구,대구광역시,2024,342339,80902,61909
27140,동구,대구광역시,2025,339281,84594,59804
27170,서구,대구광역시,2014,210770,30708,46218
27170,서구,대구광역시,2015,206028,31863,44220
27170,서구,대구광역시,2016,199507,33038,41411
27170,서구,대구광역시,2017,191992,34758,38454
27170,서구,대구광역시,2018,184372,35821,35933
27170,서구,대구광역시,2019,175277,36752,33251
27170,서구,대구광역시,2020,170700,38587,31594
27170,서구,대구광역시,2021,164528,39578,29688
27170,서구,대구광역시,2022,159827,40897,28070
27170,서구,대구광역시,2023,164088,42936,28643
27170,서구,대구광역시,2024,163135,45225,27395
27170,서구,대구광역시,2025,163956,47318,26636
27200,남구,대구광역시,2014,163492,28433,36091
27200,남구,대구광역시,2015,160852,29326,34543
27200,남구,대구광역시,2016,156433,29974,32696
27200,남구,대구광역시,2017,152845,31132,31188
27200,남구,대구광역시,2018,150501,32158,30376
27200,남구,대구광역시,2019,148113,32987,29964
27200,남구,대구광역시,2020,146632,34187,30058
27200,남구,대구광역시,2021,143175,34614,29290
27200,남구,대구광역시,2022,141519,35590,29265
27200,남구,대구광역시,2023,139187,36561,28283
27200,남구,대구광역시,2024,136263,37735,26929
27200,남구,대구광역시,2025,135542,38922,26248
27230,북구,대구광역시,2014,444375,47172,95395
27230,북구,대구광역시,2015,443119,49129,94086
27230,북구,대구광역시,2016,440383,51156,92671
27230,북구,대구광역시,2017,441375,54257,92276
27230,북구,대구광역시,2018,439489,56894,91342
27230,북구,대구광역시,2019,437710,60120,91129
27230,북구,대구광역시,2020,440263,64054,92567
27230,북구,대구광역시,2021,437008,67236,91138
27230,북구,대구광역시,2022,430912,70487,90145
27230,북구,대구광역시,2023,419624,73675,86082
27230,북구,대구광역시,2024,413010,78162,82797
27230,북구,대구광역시,2025,409854,82817,80791
27260,수성구,대구광역시,2014,456505,52823,90609
27260,수성구,대구광역시,2015,451786,54596,88840
27260,수성구,대구광역시,2016,447011,56431,87276
27260,수성구,대구광역시,2017,439211,58905,84793
27260,수성구,대구광역시,2018,432759,61089,82703
27260,수성구,대구광역시,2019,428614,63474,81706
27260,수성구,대구광역시,2020,424314,66564,80021
27260,수성구,대구광역시,2021,417097,69185,77198
27260,수성구,대구광역시,2022,411553,72078,74887
27260,수성구,대구광역시,2023,407331,75007,72431
27260,수성구,대구광역시,2024,409107,79184,70486
27260,수성구,대구광역시,2025,409222,83221,68719
27290,달서구,대구광역시,2014,606433,57576,137216
27290,달서구,대구광역시,2015,602641,60271,134647
27290,달서구,대구광역시,2016,591891,62977,129865
27290,달서구,대구광역시,2017,578068,67033,124107
27290,달서구,대구광역시,2018,573413,70983,121761
27290,달서구,대구광역시,2019,568887,75775,120295
27290,달서구,대구광역시,2020,558631,80646,117111
27290,달서구,대구광역시,2021,544926,84772,111572
27290,달서구,대구광역시,2022,536989,89178,108326
27290,달서구,대구광역시,2023,527781,93762,103954
27290,달서구,대구광역시,2024,522021,100449,99913
27290,달서구,대구광역시,2025,517059,107067,96623
27710,달성군,대구광역시,2014,184902,20762,38170
27710,달성군,대구광역시,2015,192747,22226,39542
27710,달성군,대구광역시,2016,218268,24215,45558
27710,달성군,대구광역시,2017,243375,26950,50863
27710,달성군,대구광역시,2018,250543,28767,50820
27710,달성군,대구광역시,2019,256540,30558,50878
27710,달성군,대구광역시,2020,259339,33089,49565
27710,달성군,대구광역시,2021,262451,35530,48610
27710,달성군,대구광역시,2022,263162,38007,47279
27710,달성군,대구광역시,2023,262084,40217,45474
27710,달성군,대구광역시,2024,257580,42982,42481
27710,달성군,대구광역시,2025,254659,45904,40148
27720,군위군,대구광역시,2014,24170,8382,3085
27720,군위군,대구광역시,2015,24126,8511,2939
27720,군위군,대구광역시,2016,24171,8670,2865
27720,군위군,대구광역시,2017,24215,8898,2798
27720,군위군,대구광역시,2018,23919,8983,2663
27720,군위군,대구광역시,2019,23843,9176,2590
27720,군위군,대구광역시,2020,23256,9461,2264
27720,군위군,대구광역시,2021,22945,9719,2054
27720,군위군,대구광역시,2022,23340,10065,2011
27720,군위군,대구광역시,2023,22988,10311,1823
27720,군위군,대구광역시,2024,22463,10629,1611
27720,군위군,대구광역시,2025,22452,10992,1583
28110,중구,인천광역시,2014,111929,14878,22360
28110,중구,인천광역시,2015,114493,15410,22455
28110,중구,인천광역시,2016,115249,15737,22124
28110,중구,인천광역시,2017,117999,16643,22953
28110,중구,인천광역시,2018,122499,17482,24916
28110,중구,인천광역시,2019,135135,19076,29214
28110,중구,인천광역시,2020,139729,20531,30263
28110,중구,인천광역시,2021,143633,21735,30986
28110,중구,인천광역시,2022,152931,23366,33166
28110,중구,인천광역시,2023,158958,24912,35077
28110,중구,인천광역시,2024,167113,26621,36817
28110,중구,인천광역시,2025,176467,28899,38761
28140,동구,인천광역시,2014,73978,12108,14747
28140,동구,인천광역시,2015,72571,12465,13693
28140,동구,인천광역시,2016,71014,12639,12957
28140,동구,인천광역시,2017,69487,13168,12184
28140,동구,인천광역시,2018,66233,13254,11202
28140,동구,인천광역시,2019,64427,13751,10696
28140,동구,인천광역시,2020,62542,14453,10092
28140,동구,인천광역시,2021,61486,14670,10011
28140,동구,인천광역시,2022,58999,14703,9569
28140,동구,인천광역시,2023,59482,15240,9933
28140,동구,인천광역시,2024,58296,15804,9566
28140,동구,인천광역시,2025,56477,16293,8953
28177,미추홀구,인천광역시,2014,408305,53231,94943
28177,미추홀구,인천광역시,2015,404893,55214,91914
28177,미추홀구,인천광역시,2016,417103,57437,93345
28177,미추홀구,인천광역시,2017,419267,60758,92379
28177,미추홀구,인천광역시,2018,416542,62833,90714
28177,미추홀구,인천광역시,2019,408862,65642,88310
28177,미추홀구,인천광역시,2020,404343,69074,87173
28177,미추홀구,인천광역시,2021,407464,72320,87976
28177,미추홀구,인천광역시,2022,406004,75765,86616
28177,미추홀구,인천광역시,2023,405995,79880,84689
28177,미추홀구,인천광역시,2024,412274,84471,84452
28177,미추홀구,인천광역시,2025,417578,89661,83822
28185,연수구,인천광역시,2014,310703,24357,72247
28185,연수구,인천광역시,2015,319052,25593,72700
28185,연수구,인천광역시,2016,328627,26893,74049
28185,연수구,인천광역시,2017,335142,28922,73934
28185,연수구,인천광역시,2018,346359,31227,74826
28185,연수구,인천광역시,2019,366550,34346,79926
28185,연수구,인천광역시,2020,387450,38190,82826
28185,연수구,인천광역시,2021,389644,41021,80656
28185,연수구,인천광역시,2022,385796,44014,77930
28185,연수구,인천광역시,2023,392416,47731,77974
28185,연수구,인천광역시,2024,400213,52160,77952
28185,연수구,인천광역시,2025,409437,57266,77935
28200,남동구,인천광역시,2014,514656,47905,120305
28200,남동구,인천광역시,2015,531395,51768,121717
28200,남동구,인천광역시,2016,530982,53961,118135
28200,남동구,인천광역시,2017,536578,58429,116539
28200,남동구,인천광역시,2018,537161,62248,114564
28200,남동구,인천광역시,2019,532704,66423,112239
28200,남동구,인천광역시,2020,525354,71468,109325
28200,남동구,인천광역시,2021,518272,75633,106662
28200,남동구,인천광역시,2022,506181,80000,102530
28200,남동구,인천광역시,2023,492415,85478,96942
28200,남동구,인천광역시,2024,486225,91471,94138
28200,남동구,인천광역시,2025,480147,98130,91619
28237,부평구,인천광역시,2014,556992,56601,135011
28237,부평구,인천광역시,2015,555844,59354,132956
28237,부평구,인천광역시,2016,549716,60940,129094
28237,부평구,인천광역시,2017,539941,63959,123928
28237,부평구,인천광역시,2018,524640,66424,117717
28237,부평구,인천광역시,2019,511577,69549,113266
28237,부평구,인천광역시,2020,494962,73424,107633
28237,부평구,인천광역시,2021,486765,76493,105050
28237,부평구,인천광역시,2022,489118,81584,105892
28237,부평구,인천광역시,2023,494138,87260,105431
28237,부평구,인천광역시,2024,493200,93125,102446
28237,부평구,인천광역시,2025,490442,99616,98930
28245,계양구,인천광역시,2014,339538,27490,84033
28245,계양구,인천광역시,2015,334332,28611,81425
28245,계양구,인천광역시,2016,330284,29762,79095
28245,계양구,인천광역시,2017,323784,31729,75947
28245,계양구,인천광역시,2018,312680,33119,71852
28245,계양구,인천광역시,2019,303471,35043,68660
28245,계양구,인천광역시,2020,296750,37947,65855
28245,계양구,인천광역시,2021,295696,40840,64669
28245,계양구,인천광역시,2022,288856,43724,62072
28245,계양구,인천광역시,2023,280266,47042,58400
28245,계양구,인천광역시,2024,280227,51136,57020
28245,계양구,인천광역시,2025,277721,55951,54754
28260,서구,인천광역시,2014,498686,38343,113770
28260,서구,인천광역시,2015,504606,40711,112947
28260,서구,인천광역시,2016,510733,42719,112025
28260,서구,인천광역시,2017,516017,46129,110936
28260,서구,인천광역시,2018,538596,49975,115509
28260,서구,인천광역시,2019,544556,53691,116117
28260,서구,인천광역시,2020,542040,58087,113833
28260,서구,인천광역시,2021,555380,63203,114860
28260,서구,인천광역시,2022,589013,69831,120956
28260,서구,인천광역시,2023,624358,77384,126887
28260,서구,인천광역시,2024,634064,84811,125941
28260,서구,인천광역시,2025,654358,93707,127052
28710,강화군,인천광역시,2014,67118,18736,9598
28710,강화군,인천광역시,2015,67667,19308,9405
28710,강화군,인천광역시,2016,68010,19600,9187
28710,강화군,인천광역시,2017,68754,20451,9112
28710,강화군,인천광역시,2018,68896,21148,8729
28710,강화군,인천광역시,2019,69178,21902,8588
28710,강화군,인천광역시,2020,69203,22824,8218
28710,강화군,인천광역시,2021,69693,23751,8054
28710,강화군,인천광역시,2022,69803,24763,7830
28710,강화군,인천광역시,2023,69005,25691,7395
28710,강화군,인천광역시,2024,69402,27022,7249
28710,강화군,인천광역시,2025,69698,28402,7074
28720,옹진군,인천광역시,2014,20703,4302,4217
28720,옹진군,인천광역시,2015,20962,4471,4201
28720,옹진군,인천광역시,2016,21351,4567,4243
28720,옹진군,인천광역시,2017,21573,4836,4234
28720,옹진군,인천광역시,2018,21036,4965,4048
28720,옹진군,인천광역시,2019,20566,5125,3913
28720,옹진군,인천광역시,2020,20455,5485,3787
28720,옹진군,인천광역시,2021,20342,5765,3667
28720,옹진군,인천광역시,2022,20613,6100,3741
28720,옹진군,인천광역시,2023,20377,6439,3591
28720,옹진군,인천광역시,2024,19996,6748,3386
28720,옹진군,인천광역시,2025,19636,7087,3200
29110,동구,광주광역시,2014,100786,18919,22381
29110,동구,광주광역시,2015,98784,19340,21338
29110,동구,광주광역시,2016,95791,19413,20227
29110,동구,광주광역시,2017,95448,20047,19929
29110,동구,광주광역시,2018,94475,20337,19543
29110,동구,광주광역시,2019,98585,21138,20860
29110,동구,광주광역시,2020,102897,22196,22152
29110,동구,광주광역시,2021,103470,22646,22287
29110,동구,광주광역시,2022,105909,23419,22992
29110,동구,광주광역시,2023,107176,24239,23291
29110,동구,광주광역시,2024,106203,25071,22657
29110,동구,광주광역시,2025,104888,25878,21979
29140,서구,광주광역시,2014,310317,32286,70868
29140,서구,광주광역시,2015,305028,33555,68686
29140,서구,광주광역시,2016,309579,35214,69710
29140,서구,광주광역시,2017,306957,36991,68437
29140,서구,광주광역시,2018,304172,38468,67373
29140,서구,광주광역시,2019,300975,40246,67048
29140,서구,광주광역시,2020,296576,42471,66095
29140,서구,광주광역시,2021,291231,43949,64700
29140,서구,광주광역시,2022,287401,45985,63454
29140,서구,광주광역시,2023,283991,48395,61980
29140,서구,광주광역시,2024,279050,50571,59507
29140,서구,광주광역시,2025,275063,53606,57497
29155,남구,광주광역시,2014,219815,29591,48472
29155,남구,광주광역시,2015,221318,30921,47501
29155,남구,광주광역시,2016,219729,32184,45871
29155,남구,광주광역시,2017,218454,33727,44331
29155,남구,광주광역시,2018,216369,34677,43078
29155,남구,광주광역시,2019,218060,36162,43068
29155,남구,광주광역시,2020,214579,37715,41298
29155,남구,광주광역시,2021,215575,39103,41123
29155,남구,광주광역시,2022,212379,40740,39901
29155,남구,광주광역시,2023,209646,42485,38248
29155,남구,광주광역시,2024,207597,44551,36706
29155,남구,광주광역시,2025,207596,46872,35940
29170,북구,광주광역시,2014,447685,49182,105760
29170,북구,광주광역시,2015,446316,51519,103451
29170,북구,광주광역시,2016,441066,53694,100183
29170,북구,광주광역시,2017,438780,56532,97297
29170,북구,광주광역시,2018,439773,58793,96326
29170,북구,광주광역시,2019,433533,61446,94526
29170,북구,광주광역시,2020,430431,64829,93097
29170,북구,광주광역시,2021,427114,67575,91773
29170,북구,광주광역시,2022,424707,70834,89902
29170,북구,광주광역시,2023,421683,74406,86998
29170,북구,광주광역시,2024,423961,79388,85927
29170,북구,광주광역시,2025,416862,84137,81879
29200,광산구,광주광역시,2014,397281,29844,86316
29200,광산구,광주광역시,2015,400753,31054,86235
29200,광산구,광주광역시,2016,403049,32067,86410
29200,광산구,광주광역시,2017,404131,33565,85647
29200,광산구,광주광역시,2018,404547,34911,85501
29200,광산구,광주광역시,2019,405315,36487,86648
29200,광산구,광주광역시,2020,405579,38455,87711
29200,광산구,광주광역시,2021,404221,40018,87321
29200,광산구,광주광역시,2022,400654,41992,86640
29200,광산구,광주광역시,2023,396741,44353,85439
29200,광산구,광주광역시,2024,391611,47399,83696
29200,광산구,광주광역시,2025,387604,50766,82058
30110,동구,대전광역시,2014,245493,33663,54262
30110,동구,대전광역시,2015,239579,35002,51120
30110,동구,대전광역시,2016,234959,35763,49162
30110,동구,대전광역시,2017,230516,37240,47040
30110,동구,대전광역시,2018,229071,38664,46157
30110,동구,대전광역시,2019,226771,40621,45607
30110,동구,대전광역시,2020,223021,42533,44290
30110,동구,대전광역시,2021,222222,44157,44483
30110,동구,대전광역시,2022,219751,45895,44042
30110,동구,대전광역시,2023,217628,47641,43828
30110,동구,대전광역시,2024,218513,50056,43934
30110,동구,대전광역시,2025,218664,52714,44314
30140,중구,대전광역시,2014,261165,36214,55061
30140,중구,대전광역시,2015,256186,37485,52641
30140,중구,대전광역시,2016,252490,38468,50726
30140,중구,대전광역시,2017,248933,40354,49267
30140,중구,대전광역시,2018,244421,41625,47821
30140,중구,대전광역시,2019,240473,43648,46813
30140,중구,대전광역시,2020,235550,45701,45692
30140,중구,대전광역시,2021,230341,47147,44580
30140,중구,대전광역시,2022,227108,48714,43860
30140,중구,대전광역시,2023,223256,50631,42173
30140,중구,대전광역시,2024,225008,52849,41612
30140,중구,대전광역시,2025,225645,55091,41498
30170,서구,대전광역시,2014,496132,44745,119398
30170,서구,대전광역시,2015,490859,46988,116936
30170,서구,대전광역시,2016,491011,49080,115992
30170,서구,대전광역시,2017,487448,51821,113855
30170,서구,대전광역시,2018,484663,54225,112455
30170,서구,대전광역시,2019,481222,57201,111968
30170,서구,대전광역시,2020,477880,61027,111216
30170,서구,대전광역시,2021,473365,64348,109945
30170,서구,대전광역시,2022,470374,67924,108836
30170,서구,대전광역시,2023,464634,71534,107421
30170,서구,대전광역시,2024,457951,75614,104458
30170,서구,대전광역시,2025,463351,80949,104415
30200,유성구,대전광역시,2014,327461,22618,77573
30200,유성구,대전광역시,2015,335312,24154,79934
30200,유성구,대전광역시,2016,343222,25474,81884
30200,유성구,대전광역시,2017,348428,27420,82466
30200,유성구,대전광역시,2018,349790,29219,82338
30200,유성구,대전광역시,2019,349373,31182,82655
30200,유성구,대전광역시,2020,351047,33654,83344
30200,유성구,대전광역시,2021,351277,36061,83026
30200,유성구,대전광역시,2022,356093,38846,84231
30200,유성구,대전광역시,2023,366845,41897,86961
30200,유성구,대전광역시,2024,369468,45571,87501
30200,유성구,대전광역시,2025,367534,49193,87106
30230,대덕구,대전광역시,2014,201558,21089,45123
30230,대덕구,대전광역시,2015,196839,21899,43332
30230,대덕구,대전광역시,2016,192688,22783,41571
30230,대덕구,대전광역시,2017,186902,23832,39666
30230,대덕구,대전광역시,2018,181991,24797,38062
30230,대덕구,대전광역시,2019,177031,26039,36617
30230,대덕구,대전광역시,2020,176384,27869,36266
30230,대덕구,대전광역시,2021,175046,29494,35913
30230,대덕구,대전광역시,2022,172746,31284,34776
30230,대덕구,대전광역시,2023,169853,33053,33442
30230,대덕구,대전광역시,2024,168217,35155,32561
30230,대덕구,대전광역시,2025,165535,37459,31162
31110,중구,울산광역시,2014,238825,23136,53692
31110,중구,울산광역시,2015,244481,24621,54233
31110,중구,울산광역시,2016,242536,26082,52465
31110,중구,울산광역시,2017,238652,27853,49899
31110,중구,울산광역시,2018,231973,29405,46423
31110,중구,울산광역시,2019,223581,31023,43457
31110,중구,울산광역시,2020,217595,33231,40914
31110,중구,울산광역시,2021,212883,35062,38835
31110,중구,울산광역시,2022,208132,37123,36697
31110,중구,울산광역시,2023,208668,39470,36175
31110,중구,울산광역시,2024,207000,42004,34982
31110,중구,울산광역시,2025,204169,44478,33597
31140,남구,울산광역시,2014,347759,26415,81907
31140,남구,울산광역시,2015,343598,27956,79823
31140,남구,울산광역시,2016,340714,29400,78278
31140,남구,울산광역시,2017,335439,31629,75444
31140,남구,울산광역시,2018,330732,33804,73533
31140,남구,울산광역시,2019,323819,36318,71260
31140,남구,울산광역시,2020,320064,39173,69528
31140,남구,울산광역시,2021,313819,41430,66804
31140,남구,울산광역시,2022,310638,44319,64995
31140,남구,울산광역시,2023,307232,47347,62864
31140,남구,울산광역시,2024,304885,50834,61057
31140,남구,울산광역시,2025,304128,54612,59841
31170,동구,울산광역시,2014,176668,12496,45690
31170,동구,울산광역시,2015,174963,13382,43515
31170,동구,울산광역시,2016,174514,14370,41290
31170,동구,울산광역시,2017,169605,15672,37208
31170,동구,울산광역시,2018,164642,16783,33556
31170,동구,울산광역시,2019,159656,18189,30829
31170,동구,울산광역시,2020,156806,19955,28736
31170,동구,울산광역시,2021,154096,21417,27040
31170,동구,울산광역시,2022,151711,23123,25846
31170,동구,울산광역시,2023,152287,25291,25382
31170,동구,울산광역시,2024,150836,27409,24608
31170,동구,울산광역시,2025,149257,29586,23929
31200,북구,울산광역시,2014,188733,11517,42625
31200,북구,울산광역시,2015,191063,12218,42830
31200,북구,울산광역시,2016,195285,12985,43050
31200,북구,울산광역시,2017,200718,14053,43426
31200,북구,울산광역시,2018,206434,14984,43819
31200,북구,울산광역시,2019,217796,16449,45952
31200,북구,울산광역시,2020,219014,18025,45008
31200,북구,울산광역시,2021,218735,19728,43087
31200,북구,울산광역시,2022,218670,21490,41676
31200,북구,울산광역시,2023,216477,23347,40245
31200,북구,울산광역시,2024,216522,25461,39377
31200,북구,울산광역시,2025,215220,27983,38323
31710,울주군,울산광역시,2014,214392,23686,42469
31710,울주군,울산광역시,2015,219429,25028,43134
31710,울주군,울산광역시,2016,219255,25931,41967
31710,울주군,울산광역시,2017,220718,27426,41520
31710,울주군,울산광역시,2018,221842,28943,41240
31710,울주군,울산광역시,2019,223167,30586,41285
31710,울주군,울산광역시,2020,222538,32983,40497
31710,울주군,울산광역시,2021,222059,35324,39761
31710,울주군,울산광역시,2022,221512,37757,38905
31710,울주군,울산광역시,2023,218997,40254,37226
31710,울주군,울산광역시,2024,218806,42994,36558
31710,울주군,울산광역시,2025,219174,46241,36049
36110,세종특별자치시,세종특별자치시,2014,156125,19777,32443
36110,세종특별자치시,세종특별자치시,2015,210884,22399,43486
36110,세종특별자치시,세종특별자치시,2016,243048,24197,49021
36110,세종특별자치시,세종특별자치시,2017,280100,26851,54876
36110,세종특별자치시,세종특별자치시,2018,314126,29178,61008
36110,세종특별자치시,세종특별자치시,2019,340575,31949,65495
36110,세종특별자치시,세종특별자치시,2020,355831,34881,66807
36110,세종특별자치시,세종특별자치시,2021,371895,37463,69086
36110,세종특별자치시,세종특별자치시,2022,383591,40219,70030
36110,세종특별자치시,세종특별자치시,2023,386525,42560,69076
36110,세종특별자치시,세종특별자치시,2024,390685,45301,68533
36110,세종특별자치시,세종특별자치시,2025,391965,48115,67976
41110,수원시,경기도,2014,1174228,94472,295733
41110,수원시,경기도,2015,1184624,99750,295026
41110,수원시,경기도,2016,1194041,103992,293501
41110,수원시,경기도,2017,1202628,111667,292553
41110,수원시,경기도,2018,1201166,117256,289918
41110,수원시,경기도,2019,1194465,123647,288446
41110,수원시,경기도,2020,1186078,131936,285379
41110,수원시,경기도,2021,1183714,139075,285508
41110,수원시,경기도,2022,1190964,147122,287519
41110,수원시,경기도,2023,1197257,157336,287443
41110,수원시,경기도,2024,1193005,168322,283195
41110,수원시,경기도,2025,1186515,180792,276778
41130,성남시,경기도,2014,974608,101943,232251
41130,성남시,경기도,2015,971424,106386,227958
41130,성남시,경기도,2016,974580,109744,224658
41130,성남시,경기도,2017,967510,115526,218630
41130,성남시,경기도,2018,954347,120100,212598
41130,성남시,경기도,2019,942724,125807,209550
41130,성남시,경기도,2020,940064,133221,207862
41130,성남시,경기도,2021,930948,138091,203463
41130,성남시,경기도,2022,922518,144800,198790
41130,성남시,경기도,2023,919747,152855,195214
41130,성남시,경기도,2024,913009,161299,190224
41130,성남시,경기도,2025,905794,170787,184268
41150,의정부시,경기도,2014,431112,50891,92742
41150,의정부시,경기도,2015,433937,53282,92646
41150,의정부시,경기도,2016,438457,55396,92922
41150,의정부시,경기도,2017,441584,58509,92418
41150,의정부시,경기도,2018,447026,61413,93259
41150,의정부시,경기도,2019,451868,65272,94567
41150,의정부시,경기도,2020,461710,70369,97132
41150,의정부시,경기도,2021,463661,73525,97773
41150,의정부시,경기도,2022,463724,77555,97231
41150,의정부시,경기도,2023,464213,82104,95567
41150,의정부시,경기도,2024,461271,87072,92011
41150,의정부시,경기도,2025,461572,92992,89999
41170,안양시,경기도,2014,600809,57295,143846
41170,안양시,경기도,2015,597789,59809,141241
41170,안양시,경기도,2016,597414,61675,139395
41170,안양시,경기도,2017,587764,64655,134633
41170,안양시,경기도,2018,576831,67680,130130
41170,안양시,경기도,2019,567044,71643,127241
41170,안양시,경기도,2020,550027,75581,120950
41170,안양시,경기도,2021,547178,79282,119316
41170,안양시,경기도,2022,548228,84390,117806
41170,안양시,경기도,2023,544660,90026,114041
41170,안양시,경기도,2024,556492,97448,115013
41170,안양시,경기도,2025,563279,105050,114461
41190,부천시,경기도,2014,855586,78455,210176
41190,부천시,경기도,2015,848987,82410,205040
41190,부천시,경기도,2016,851380,86218,201624
41190,부천시,경기도,2017,850329,92537,196899
41190,부천시,경기도,2018,843768,97670,190744
41190,부천시,경기도,2019,829996,104089,185577
41190,부천시,경기도,2020,818383,111952,180692
41190,부천시,경기도,2021,806067,118668,175135
41190,부천시,경기도,2022,790128,125752,167754
41190,부천시,경기도,2023,779968,134331,161333
41190,부천시,경기도,2024,769918,144277,154472
41190,부천시,경기도,2025,758796,155075,147496
41210,광명시,경기도,2014,348560,33980,79211
41210,광명시,경기도,2015,344978,35511,75851
41210,광명시,경기도,2016,339484,36549,72447
41210,광명시,경기도,2017,332790,38321,69512
41210,광명시,경기도,2018,326841,39869,67436
41210,광명시,경기도,2019,316552,41397,65098
41210,광명시,경기도,2020,298599,41683,60429
41210,광명시,경기도,2021,292893,43045,58688
41210,광명시,경기도,2022,287945,45128,56820
41210,광명시,경기도,2023,280197,46870,54683
41210,광명시,경기도,2024,278167,49660,53653
41210,광명시,경기도,2025,293947,54496,57711
41220,평택시,경기도,2014,449555,49568,97901
41220,평택시,경기도,2015,460532,51536,99626
41220,평택시,경기도,2016,470832,53090,100542
41220,평택시,경기도,2017,481530,55926,101911
41220,평택시,경기도,2018,495642,58483,104812
41220,평택시,경기도,2019,513027,61910,109667
41220,평택시,경기도,2020,537307,66486,116296
41220,평택시,경기도,2021,564288,70123,124922
41220,평택시,경기도,2022,578529,73372,128622
41220,평택시,경기도,2023,591022,77785,130763
41220,평택시,경기도,2024,598556,82782,130372
41220,평택시,경기도,2025,610402,89235,130567
41250,동두천시,경기도,2014,97595,14989,19133
41250,동두천시,경기도,2015,97974,15626,18762
41250,동두천시,경기도,2016,98277,16172,18470
41250,동두천시,경기도,2017,97071,16961,17685
41250,동두천시,경기도,2018,96226,17695,17277
41250,동두천시,경기도,2019,94768,18344,16968
41250,동두천시,경기도,2020,94353,19397,16842
41250,동두천시,경기도,2021,93592,19926,16678
41250,동두천시,경기도,2022,91546,20464,16071
41250,동두천시,경기도,2023,88626,21372,15018
41250,동두천시,경기도,2024,86838,22464,14290
41250,동두천시,경기도,2025,86438,23606,13827
41270,안산시,경기도,2014,707876,53780,171716
41270,안산시,경기도,2015,697885,55613,168149
41270,안산시,경기도,2016,689859,57150,165506
41270,안산시,경기도,2017,677710,60087,161114
41270,안산시,경기도,2018,660343,62654,156498
41270,안산시,경기도,2019,650918,66438,155340
41270,안산시,경기도,2020,654915,71620,156940
41270,안산시,경기도,2021,652726,76366,156654
41270,안산시,경기도,2022,641660,81511,152336
41270,안산시,경기도,2023,629308,87389,146212
41270,안산시,경기도,2024,620579,94262,140640
41270,안산시,경기도,2025,612508,102510,135030
41280,고양시,경기도,2014,1006154,104096,218823
41280,고양시,경기도,2015,1027546,110050,223761
41280,고양시,경기도,2016,1039684,114092,225252
41280,고양시,경기도,2017,1041983,120333,223726
41280,고양시,경기도,2018,1044189,126572,221794
41280,고양시,경기도,2019,1066351,135272,228288
41280,고양시,경기도,2020,1079216,145710,229487
41280,고양시,경기도,2021,1079353,154134,226936
41280,고양시,경기도,2022,1076535,163080,223765
41280,고양시,경기도,2023,1074907,173057,219512
41280,고양시,경기도,2024,1070120,184451,213375
41280,고양시,경기도,2025,1060081,197285,205528
41290,과천시,경기도,2014,70156,7727,15396
41290,과천시,경기도,2015,68946,7929,15267
41290,과천시,경기도,2016,63778,7735,13860
41290,과천시,경기도,2017,57527,7474,12140
41290,과천시,경기도,2018,58142,7762,12317
41290,과천시,경기도,2019,58289,8084,12521
41290,과천시,경기도,2020,63231,8994,13673
41290,과천시,경기도,2021,73345,10358,15694
41290,과천시,경기도,2022,78137,11140,16160
41290,과천시,경기도,2023,81000,11771,16090
41290,과천시,경기도,2024,85512,12816,16509
41290,과천시,경기도,2025,79908,12737,14547
41310,구리시,경기도,2014,186820,18528,41475
41310,구리시,경기도,2015,186721,19368,41003
41310,구리시,경기도,2016,193763,20623,42281
41310,구리시,경기도,2017,200042,22362,43036
41310,구리시,경기도,2018,203553,23800,43200
41310,구리시,경기도,2019,199265,25159,41943
41310,구리시,경기도,2020,197454,26962,41205
41310,구리시,경기도,2021,191948,27820,39599
41310,구리시,경기도,2022,188701,29173,38272
41310,구리시,경기도,2023,187093,31009,37225
41310,구리시,경기도,2024,186882,33143,36945
41310,구리시,경기도,2025,186090,35576,36627
41360,남양주시,경기도,2014,636256,67875,126693
41360,남양주시,경기도,2015,653454,72414,127600
41360,남양주시,경기도,2016,662154,75986,126166
41360,남양주시,경기도,2017,665321,81688,123628
41360,남양주시,경기도,2018,681828,86681,123906
41360,남양주시,경기도,2019,701830,93007,127937
41360,남양주시,경기도,2020,713321,100537,129753
41360,남양주시,경기도,2021,733798,108285,133007
41360,남양주시,경기도,2022,737353,115165,132681
41360,남양주시,경기도,2023,732265,121931,130413
41360,남양주시,경기도,2024,732482,129635,129306
41360,남양주시,경기도,2025,729754,137932,127514
41370,오산시,경기도,2014,208565,14714,50415
41370,오산시,경기도,2015,206828,15364,48375
41370,오산시,경기도,2016,208656,16015,47468
41370,오산시,경기도,2017,213437,17373,47007
41370,오산시,경기도,2018,220070,18589,48255
41370,오산시,경기도,2019,226379,20257,50088
41370,오산시,경기도,2020,229725,22060,50573
41370,오산시,경기도,2021,229983,23589,50350
41370,오산시,경기도,2022,229849,25237,49644
41370,오산시,경기도,2023,229656,26964,48592
41370,오산시,경기도,2024,242065,29606,50896
41370,오산시,경기도,2025,249410,32351,51919
41390,시흥시,경기도,2014,394639,28835,88692
41390,시흥시,경기도,2015,398256,30190,88513
41390,시흥시,경기도,2016,402888,31650,88477
41390,시흥시,경기도,2017,419664,34511,91784
41390,시흥시,경기도,2018,448687,37552,98019
41390,시흥시,경기도,2019,473682,41403,103902
41390,시흥시,경기도,2020,500895,46782,109449
41390,시흥시,경기도,2021,512030,50915,109636
41390,시흥시,경기도,2022,512912,54756,108149
41390,시흥시,경기도,2023,519715,59745,107381
41390,시흥시,경기도,2024,518132,65152,103812
41390,시흥시,경기도,2025,515032,70964,100311
41410,군포시,경기도,2014,288408,26326,68402
41410,군포시,경기도,2015,287519,27501,66930
41410,군포시,경기도,2016,284890,28530,64582
41410,군포시,경기도,2017,281205,30278,62390
41410,군포시,경기도,2018,276916,31712,60593
41410,군포시,경기도,2019,275852,33726,60514
41410,군포시,경기도,2020,273791,36416,59676
41410,군포시,경기도,2021,268535,38296,58253
41410,군포시,경기도,2022,266213,40752,57418
41410,군포시,경기도,2023,261229,43569,55033
41410,군포시,경기도,2024,255931,46533,53029
41410,군포시,경기도,2025,251367,49830,51049
41430,의왕시,경기도,2014,158482,15556,36510
41430,의왕시,경기도,2015,157740,16338,35605
41430,의왕시,경기도,2016,156763,16912,35045
41430,의왕시,경기도,2017,155767,18198,34107
41430,의왕시,경기도,2018,153932,19146,33200
41430,의왕시,경기도,2019,161153,20823,35133
41430,의왕시,경기도,2020,163795,22280,36277
41430,의왕시,경기도,2021,163356,23644,35707
41430,의왕시,경기도,2022,160221,24954,33982
41430,의왕시,경기도,2023,158870,26477,33140
41430,의왕시,경기도,2024,154488,27980,31177
41430,의왕시,경기도,2025,160370,30859,31720
41450,하남시,경기도,2014,148896,17346,31933
41450,하남시,경기도,2015,166713,19325,34789
41450,하남시,경기도,2016,211101,23306,43647
41450,하남시,경기도,2017,232487,26820,46432
41450,하남시,경기도,2018,254415,30309,49912
41450,하남시,경기도,2019,272455,33597,54336
41450,하남시,경기도,2020,293452,37573,60689
41450,하남시,경기도,2021,320087,41540,65116
41450,하남시,경기도,2022,326059,44618,64227
41450,하남시,경기도,2023,329861,47583,63606
41450,하남시,경기도,2024,329120,50742,61837
41450,하남시,경기도,2025,327939,54355,60079
41460,용인시,경기도,2014,961026,98344,193903
41460,용인시,경기도,2015,975746,104118,192941
41460,용인시,경기도,2016,991126,108968,194902
41460,용인시,경기도,2017,1004081,116882,194481
41460,용인시,경기도,2018,1035126,125066,200048
41460,용인시,경기도,2019,1059609,133817,208319
41460,용인시,경기도,2020,1074176,143096,212496
41460,용인시,경기도,2021,1077508,150263,212508
41460,용인시,경기도,2022,1074971,157226,211076
41460,용인시,경기도,2023,1075566,165767,209640
41460,용인시,경기도,2024,1085864,175717,210771
41460,용인시,경기도,2025,1091186,186012,209729
41480,파주시,경기도,2014,411348,48009,89077
41480,파주시,경기도,2015,423321,50440,89723
41480,파주시,경기도,2016,430781,51980,89130
41480,파주시,경기도,2017,437848,54881,89494
41480,파주시,경기도,2018,451848,57889,91133
41480,파주시,경기도,2019,454040,60663,90743
41480,파주시,경기도,2020,465617,64915,91575
41480,파주시,경기도,2021,483245,69084,95744
41480,파주시,경기도,2022,495315,73543,97005
41480,파주시,경기도,2023,497753,78257,94744
41480,파주시,경기도,2024,511308,83569,94969
41480,파주시,경기도,2025,526005,90515,96106
41500,이천시,경기도,2014,205014,23870,44548
41500,이천시,경기도,2015,204935,24629,43613
41500,이천시,경기도,2016,210359,25380,44611
41500,이천시,경기도,2017,213142,26935,44696
41500,이천시,경기도,2018,214206,27988,45012
41500,이천시,경기도,2019,215834,29245,45916
41500,이천시,경기도,2020,218388,31134,47146
41500,이천시,경기도,2021,223177,33034,48861
41500,이천시,경기도,2022,222721,34750,48262
41500,이천시,경기도,2023,222098,36905,47195
41500,이천시,경기도,2024,222443,39307,46284
41500,이천시,경기도,2025,222967,41904,45747
41550,안성시,경기도,2014,181896,24990,37059
41550,안성시,경기도,2015,180199,25846,35380
41550,안성시,경기도,2016,182896,26606,35171
41550,안성시,경기도,2017,182786,28134,34253
41550,안성시,경기도,2018,183579,29319,34075
41550,안성시,경기도,2019,183405,30729,33674
41550,안성시,경기도,2020,187012,32844,34855
41550,안성시,경기도,2021,189534,34629,35641
41550,안성시,경기도,2022,188842,36284,35077
41550,안성시,경기도,2023,189034,38191,34727
41550,안성시,경기도,2024,193949,40838,35656
41550,안성시,경기도,2025,196592,43559,35995
41570,김포시,경기도,2014,340310,35706,69238
41570,김포시,경기도,2015,349990,38039,68313
41570,김포시,경기도,2016,363443,40505,68360
41570,김포시,경기도,2017,392092,44611,72294
41570,김포시,경기도,2018,423170,48532,77683
41570,김포시,경기도,2019,437221,52278,79652
41570,김포시,경기도,2020,473970,58124,86863
41570,김포시,경기도,2021,486508,62780,88089
41570,김포시,경기도,2022,484267,66858,85491
41570,김포시,경기도,2023,486172,71702,84103
41570,김포시,경기도,2024,486853,76654,82829
41570,김포시,경기도,2025,484792,81813,81004
41590,화성시,경기도,2014,540862,45860,112234
41590,화성시,경기도,2015,596525,49417,123343
41590,화성시,경기도,2016,640890,52875,131035
41590,화성시,경기도,2017,691086,58053,141011
41590,화성시,경기도,2018,758722,63520,156223
41590,화성시,경기도,2019,815396,69434,169379
41590,화성시,경기도,2020,855248,76180,178765
41590,화성시,경기도,2021,887015,82470,185990
41590,화성시,경기도,2022,910814,89334,190028
41590,화성시,경기도,2023,944342,97343,196619
41590,화성시,경기도,2024,968821,105701,199553
41590,화성시,경기도,2025,989969,115180,201900
41610,광주시,경기도,2014,298858,30441,65017
41610,광주시,경기도,2015,312579,32816,66459
41610,광주시,경기도,2016,327723,35203,68166
41610,광주시,경기도,2017,345947,39203,70419
41610,광주시,경기도,2018,363782,42843,72202
41610,광주시,경기도,2019,372654,46344,72791
41610,광주시,경기도,2020,382054,51079,73200
41610,광주시,경기도,2021,387289,55328,72916
41610,광주시,경기도,2022,391462,59448,72174
41610,광주시,경기도,2023,391377,64032,70056
41610,광주시,경기도,2024,397605,69176,69479
41610,광주시,경기도,2025,397346,74755,67594
41630,양주시,경기도,2014,202072,24607,38749
41630,양주시,경기도,2015,205184,25998,38467
41630,양주시,경기도,2016,205513,26708,37546
41630,양주시,경기도,2017,212146,29098,38414
41630,양주시,경기도,2018,216951,31121,39293
41630,양주시,경기도,2019,222314,33412,40676
41630,양주시,경기도,2020,230359,36245,42234
41630,양주시,경기도,2021,236368,39036,42973
41630,양주시,경기도,2022,243432,41886,43997
41630,양주시,경기도,2023,268026,46170,49129
41630,양주시,경기도,2024,289005,50616,53860
41630,양주시,경기도,2025,296224,54887,54402
41650,포천시,경기도,2014,155798,23279,29755
41650,포천시,경기도,2015,155192,23892,29568
41650,포천시,경기도,2016,154763,24292,29010
41650,포천시,경기도,2017,152925,25451,28225
41650,포천시,경기도,2018,150676,26306,27357
41650,포천시,경기도,2019,148379,27615,26742
41650,포천시,경기도,2020,147274,29314,26454
41650,포천시,경기도,2021,148939,31080,26993
41650,포천시,경기도,2022,146701,32863,26133
41650,포천시,경기도,2023,143323,34863,24585
41650,포천시,경기도,2024,141463,37242,23495
41650,포천시,경기도,2025,140452,39718,22755
41670,여주시,경기도,2014,110386,18674,20617
41670,여주시,경기도,2015,111033,19233,20133
41670,여주시,경기도,2016,111563,19778,19795
41670,여주시,경기도,2017,111984,21083,19299
41670,여주시,경기도,2018,111525,21959,18871
41670,여주시,경기도,2019,111083,23068,18484
41670,여주시,경기도,2020,111897,24475,18403
41670,여주시,경기도,2021,112150,25854,18138
41670,여주시,경기도,2022,113150,27269,18030
41670,여주시,경기도,2023,114412,28895,17906
41670,여주시,경기도,2024,114610,30535,17466
41670,여주시,경기도,2025,114002,32337,16818
41800,연천군,경기도,2014,45363,9887,8509
41800,연천군,경기도,2015,45725,10030,8851
41800,연천군,경기도,2016,45907,10162,8934
41800,연천군,경기도,2017,45431,10423,8589
41800,연천군,경기도,2018,44633,10611,8184
41800,연천군,경기도,2019,43824,10990,8005
41800,연천군,경기도,2020,43516,11490,7914
41800,연천군,경기도,2021,42721,11814,7611
41800,연천군,경기도,2022,42062,12319,7299
41800,연천군,경기도,2023,41584,12882,7095
41800,연천군,경기도,2024,40866,13432,6704
41800,연천군,경기도,2025,42340,14293,6939
41820,가평군,경기도,2014,61213,12874,10112
41820,가평군,경기도,2015,62008,13350,10040
41820,가평군,경기도,2016,62448,13569,9991
41820,가평군,경기도,2017,62973,14271,9965
41820,가평군,경기도,2018,62918,14802,9788
41820,가평군,경기도,2019,62415,15423,9578
41820,가평군,경기도,2020,62377,16324,9525
41820,가평군,경기도,2021,62264,17035,9266
41820,가평군,경기도,2022,62150,17841,9115
41820,가평군,경기도,2023,62302,18713,8985
41820,가평군,경기도,2024,62527,19831,8953
41820,가평군,경기도,2025,62125,20986,8578
41830,양평군,경기도,2014,105379,21528,17065
41830,양평군,경기도,2015,108316,22672,17115
41830,양평군,경기도,2016,111367,23614,17138
41830,양평군,경기도,2017,115105,25584,17290
41830,양평군,경기도,2018,116095,26902,16798
41830,양평군,경기도,2019,116874,28448,16302
41830,양평군,경기도,2020,118810,30536,16281
41830,양평군,경기도,2021,121230,32375,16272
41830,양평군,경기도,2022,122323,34217,16023
41830,양평군,경기도,2023,125238,36824,16118
41830,양평군,경기도,2024,126804,39341,15761
41830,양평군,경기도,2025,126933,41803,15259
43110,청주시,충청북도,2014,831521,86048,192979
43110,청주시,충청북도,2015,831912,88656,191450
43110,청주시,충청북도,2016,835197,91553,189560
43110,청주시,충청북도,2017,835590,96483,186133
43110,청주시,충청북도,2018,837749,100841,184787
43110,청주시,충청북도,2019,839566,106373,184267
43110,청주시,충청북도,2020,844993,113322,184413
43110,청주시,충청북도,2021,848482,119867,183840
43110,청주시,충청북도,2022,849573,127054,182723
43110,청주시,충청북도,2023,852189,134501,181413
43110,청주시,충청북도,2024,854537,142688,178778
43110,청주시,충청북도,2025,856152,151061,176704
43130,충주시,충청북도,2014,208527,33312,40295
43130,충주시,충청북도,2015,207913,33948,39354
43130,충주시,충청북도,2016,208350,34790,38686
43130,충주시,충청북도,2017,208316,36703,37800
43130,충주시,충청북도,2018,210504,38138,37939
43130,충주시,충청북도,2019,210737,39811,37693
43130,충주시,충청북도,2020,210186,41852,37156
43130,충주시,충청북도,2021,209358,43795,36241
43130,충주시,충청북도,2022,208277,45952,35350
43130,충주시,충청북도,2023,207778,48022,34976
43130,충주시,충청북도,2024,207241,50480,34372
43130,충주시,충청북도,2025,206540,53128,33591
43150,제천시,충청북도,2014,136805,23048,25196
43150,제천시,충청북도,2015,136138,23594,24750
43150,제천시,충청북도,2016,136517,24131,24811
43150,제천시,충청북도,2017,136432,25691,24351
43150,제천시,충청북도,2018,135386,26619,23350
43150,제천시,충청북도,2019,134617,27790,22958
43150,제천시,충청북도,2020,133018,29256,21907
43150,제천시,충청북도,2021,131591,30632,21125
43150,제천시,충청북도,2022,130988,32145,21290
43150,제천시,충청북도,2023,130194,33722,21319
43150,제천시,충청북도,2024,128569,35347,20431
43150,제천시,충청북도,2025,128003,37074,20150
43720,보은군,충청북도,2014,34240,10020,4776
43720,보은군,충청북도,2015,34296,10124,4684
43720,보은군,충청북도,2016,34221,10187,4505
43720,보은군,충청북도,2017,34053,10461,4392
43720,보은군,충청북도,2018,33680,10648,4162
43720,보은군,충청북도,2019,32949,10909,3883
43720,보은군,충청북도,2020,32412,11217,3585
43720,보은군,충청북도,2021,31878,11506,3367
43720,보은군,충청북도,2022,31455,11795,3157
43720,보은군,충청북도,2023,31010,12177,2988
43720,보은군,충청북도,2024,30527,12537,2856
43720,보은군,충청북도,2025,30529,12944,2820
43730,옥천군,충청북도,2014,52469,12550,8140
43730,옥천군,충청북도,2015,52404,12932,7990
43730,옥천군,충청북도,2016,52267,13255,7657
43730,옥천군,충청북도,2017,51766,13720,7233
43730,옥천군,충청북도,2018,51465,14123,7019
43730,옥천군,충청북도,2019,51023,14557,6818
43730,옥천군,충청북도,2020,50527,15080,6509
43730,옥천군,충청북도,2021,50093,15581,6076
43730,옥천군,충청북도,2022,49520,16265,5796
43730,옥천군,충청북도,2023,48891,16665,5680
43730,옥천군,충청북도,2024,48204,17216,5410
43730,옥천군,충청북도,2025,49601,18171,5667
43740,영동군,충청북도,2014,50803,13360,8238
43740,영동군,충청북도,2015,50693,13621,8213
43740,영동군,충청북도,2016,50552,13750,7891
43740,영동군,충청북도,2017,50240,14111,7653
43740,영동군,충청북도,2018,49715,14373,7504
43740,영동군,충청북도,2019,48738,14601,7115
43740,영동군,충청북도,2020,47475,15082,6343
43740,영동군,충청북도,2021,45773,15295,5492
43740,영동군,충청북도,2022,44956,15767,5163
43740,영동군,충청북도,2023,44195,16161,4890
43740,영동군,충청북도,2024,43551,16625,4653
43740,영동군,충청북도,2025,43032,17202,4573
43745,증평군,충청북도,2014,34771,4952,7325
43745,증평군,충청북도,2015,36671,5150,7667
43745,증평군,충청북도,2016,37308,5323,7616
43745,증평군,충청북도,2017,37783,5626,7635
43745,증평군,충청북도,2018,37317,5846,7302
43745,증평군,충청북도,2019,37392,6143,7251
43745,증평군,충청북도,2020,36807,6416,7031
43745,증평군,충청북도,2021,36426,6782,6725
43745,증평군,충청북도,2022,37262,7264,6920
43745,증평군,충청북도,2023,37484,7694,6877
43745,증평군,충청북도,2024,37171,8044,6604
43745,증평군,충청북도,2025,36680,8457,6313
43750,진천군,충청북도,2014,65174,10648,12115
43750,진천군,충청북도,2015,67981,10988,12432
43750,진천군,충청북도,2016,69950,11306,12552
43750,진천군,충청북도,2017,73677,11889,13224
43750,진천군,충청북도,2018,78218,12395,14109
43750,진천군,충청북도,2019,81084,13002,14686
43750,진천군,충청북도,2020,83718,13762,15035
43750,진천군,충청북도,2021,85176,14427,15122
43750,진천군,충청북도,2022,86147,15286,15174
43750,진천군,충청북도,2023,86254,15933,14798
43750,진천군,충청북도,2024,86537,16767,14201
43750,진천군,충청북도,2025,86580,17782,13749
43760,괴산군,충청북도,2014,38351,11171,5251
43760,괴산군,충청북도,2015,38787,11454,5179
43760,괴산군,충청북도,2016,38973,11592,5066
43760,괴산군,충청북도,2017,39054,11898,5275
43760,괴산군,충청북도,2018,39133,12103,5152
43760,괴산군,충청북도,2019,39163,12527,5095
43760,괴산군,충청북도,2020,39393,13157,4819
43760,괴산군,충청북도,2021,38122,13562,4046
43760,괴산군,충청북도,2022,37055,13947,3585
43760,괴산군,충청북도,2023,36590,14476,3348
43760,괴산군,충청북도,2024,36252,15024,3244
43760,괴산군,충청북도,2025,38293,15948,3671
43770,음성군,충청북도,2014,95324,16083,17084
43770,음성군,충청북도,2015,96396,16517,17222
43770,음성군,충청북도,2016,97787,16906,17132
43770,음성군,충청북도,2017,97306,17685,16401
43770,음성군,충청북도,2018,95830,18303,15884
43770,음성군,충청북도,2019,94982,19067,15587
43770,음성군,충청북도,2020,93153,19978,14704
43770,음성군,충청북도,2021,92197,20783,14196
43770,음성군,충청북도,2022,92058,21808,13810
43770,음성군,충청북도,2023,91183,22823,13423
43770,음성군,충청북도,2024,91236,23968,13387
43770,음성군,충청북도,2025,94280,25363,14036
43800,단양군,충청북도,2014,30948,7708,4456
43800,단양군,충청북도,2015,30761,7829,4275
43800,단양군,충청북도,2016,30503,7897,4061
43800,단양군,충청북도,2017,30215,8167,3932
43800,단양군,충청북도,2018,30255,8374,3862
43800,단양군,충청북도,2019,29756,8645,3650
43800,단양군,충청북도,2020,29155,9026,3363
43800,단양군,충청북도,2021,28331,9286,3060
43800,단양군,충청북도,2022,27767,9656,2870
43800,단양군,충청북도,2023,27701,10063,2789
43800,단양군,충청북도,2024,27352,10491,2653
43800,단양군,충청북도,2025,26812,10870,2500
44130,천안시,충청남도,2014,598346,52610,148117
44130,천안시,충청남도,2015,605776,54835,148265
44130,천안시,충청남도,2016,617955,57001,149154
44130,천안시,충청남도,2017,631531,60562,149913
44130,천안시,충청남도,2018,646075,63526,151409
44130,천안시,충청남도,2019,652258,67177,152659
44130,천안시,충청남도,2020,658808,72151,153405
44130,천안시,충청남도,2021,658486,76090,150602
44130,천안시,충청남도,2022,657559,80766,147892
44130,천안시,충청남도,2023,655959,85875,145421
44130,천안시,충청남도,2024,659920,92478,144166
44130,천안시,충청남도,2025,664322,100362,143494
44150,공주시,충청남도,2014,113621,23092,20984
44150,공주시,충청남도,2015,111261,23779,20100
44150,공주시,충청남도,2016,109931,24213,19432
44150,공주시,충청남도,2017,108432,25008,18755
44150,공주시,충청남도,2018,107581,25546,18252
44150,공주시,충청남도,2019,106474,26448,17836
44150,공주시,충청남도,2020,104545,27675,16591
44150,공주시,충청남도,2021,103145,28478,16054
44150,공주시,충청남도,2022,102571,29452,16055
44150,공주시,충청남도,2023,102104,30500,16105
44150,공주시,충청남도,2024,101285,31722,15978
44150,공주시,충청남도,2025,99979,33038,15544
44180,보령시,충청남도,2014,104321,21817,17585
44180,보령시,충청남도,2015,104754,22460,17465
44180,보령시,충청남도,2016,103873,22968,16771
44180,보령시,충청남도,2017,103198,23622,16280
44180,보령시,충청남도,2018,101990,24116,15644
44180,보령시,충청남도,2019,101114,24988,15268
44180,보령시,충청남도,2020,100229,26211,14599
44180,보령시,충청남도,2021,98408,26851,13859
44180,보령시,충청남도,2022,97157,27741,13287
44180,보령시,충청남도,2023,95772,28525,12671
44180,보령시,충청남도,2024,93780,29461,11877
44180,보령시,충청남도,2025,92117,30604,11508
44200,아산시,충청남도,2014,293954,32581,67902
44200,아산시,충청남도,2015,297737,33862,65832
44200,아산시,충청남도,2016,302929,35067,63821
44200,아산시,충청남도,2017,311453,36969,63358
44200,아산시,충청남도,2018,312822,38206,61914
44200,아산시,충청남도,2019,314395,40045,61026
44200,아산시,충청남도,2020,316129,42355,60224
44200,아산시,충청남도,2021,324580,44602,61842
44200,아산시,충청남도,2022,334539,47012,63351
44200,아산시,충청남도,2023,345796,49677,65573
44200,아산시,충청남도,2024,355014,52923,67163
44200,아산시,충청남도,2025,359378,56533,66767
44210,서산시,충청남도,2014,167611,26187,32446
44210,서산시,충청남도,2015,170099,27148,32506
44210,서산시,충청남도,2016,170788,28030,31996
44210,서산시,충청남도,2017,171678,29012,31507
44210,서산시,충청남도,2018,174162,29878,31658
44210,서산시,충청남도,2019,174690,31101,31464
44210,서산시,충청남도,2020,175591,32436,31233
44210,서산시,충청남도,2021,176645,33834,30675
44210,서산시,충청남도,2022,176413,35323,30024
44210,서산시,충청남도,2023,176011,36822,29375
44210,서산시,충청남도,2024,174445,38611,28002
44210,서산시,충청남도,2025,172438,40659,26807
44230,논산시,충청남도,2014,124784,26997,21753
44230,논산시,충청남도,2015,124232,27608,21359
44230,논산시,충청남도,2016,123213,28057,20530
44230,논산시,충청남도,2017,122240,28630,19766
44230,논산시,충청남도,2018,120230,29161,18808
44230,논산시,충청남도,2019,118842,30106,18321
44230,논산시,충청남도,2020,116675,31095,17505
44230,논산시,충청남도,2021,114483,31783,16612
44230,논산시,충청남도,2022,112617,32616,15996
44230,논산시,충청남도,2023,110423,33458,15223
44230,논산시,충청남도,2024,108529,34591,14427
44230,논산시,충청남도,2025,106777,35802,13966
44250,계룡시,충청남도,2014,40552,3446,7427
44250,계룡시,충청남도,2015,41730,3595,7595
44250,계룡시,충청남도,2016,42634,3847,7649
44250,계룡시,충청남도,2017,43967,4175,7755
44250,계룡시,충청남도,2018,43731,4446,7567
44250,계룡시,충청남도,2019,42971,4764,7470
44250,계룡시,충청남도,2020,42822,5141,7291
44250,계룡시,충청남도,2021,43331,5506,7324
44250,계룡시,충청남도,2022,44475,5974,7553
44250,계룡시,충청남도,2023,46667,6552,8058
44250,계룡시,충청남도,2024,46540,7006,7846
44250,계룡시,충청남도,2025,45846,7523,7532
44270,당진시,충청남도,2014,162844,25975,33291
44270,당진시,충청남도,2015,165122,26853,32970
44270,당진시,충청남도,2016,166630,27445,32187
44270,당진시,충청남도,2017,167439,28386,31073
44270,당진시,충청남도,2018,167770,28986,29853
44270,당진시,충청남도,2019,167042,29933,28754
44270,당진시,충청남도,2020,166249,31331,27508
44270,당진시,충청남도,2021,167092,32517,26672
44270,당진시,충청남도,2022,168253,33915,26031
44270,당진시,충청남도,2023,170302,35271,25790
44270,당진시,충청남도,2024,171931,36886,25623
44270,당진시,충청남도,2025,172564,38796,25162
44710,금산군,충청남도,2014,55166,14019,8350
44710,금산군,충청남도,2015,54879,14327,8011
44710,금산군,충청남도,2016,54612,14606,7616
44710,금산군,충청남도,2017,53894,14982,7129
44710,금산군,충청남도,2018,53222,15181,6807
44710,금산군,충청남도,2019,52257,15613,6526
44710,금산군,충청남도,2020,51413,16075,6068
44710,금산군,충청남도,2021,50477,16507,5551
44710,금산군,충청남도,2022,50092,17077,5343
44710,금산군,충청남도,2023,50093,17579,5228
44710,금산군,충청남도,2024,49615,18012,5170
44710,금산군,충청남도,2025,48898,18707,4921
44760,부여군,충청남도,2014,71754,20078,10505
44760,부여군,충청남도,2015,71143,20530,10249
44760,부여군,충청남도,2016,70187,20772,9916
44760,부여군,충청남도,2017,69086,21209,9486
44760,부여군,충청남도,2018,68078,21508,9064
44760,부여군,충청남도,2019,66740,22051,8556
44760,부여군,충청남도,2020,65354,22683,7935
44760,부여군,충청남도,2021,63774,23199,7403
44760,부여군,충청남도,2022,62343,23657,6939
44760,부여군,충청남도,2023,61046,24032,6486
44760,부여군,충청남도,2024,59550,24506,6073
44760,부여군,충청남도,2025,58377,25139,5794
44770,서천군,충청남도,2014,57713,17192,8143
44770,서천군,충청남도,2015,56910,17453,7737
44770,서천군,충청남도,2016,56012,17584,7380
44770,서천군,충청남도,2017,55175,17931,6975
44770,서천군,충청남도,2018,53922,18048,6509
44770,서천군,충청남도,2019,52805,18417,6236
44770,서천군,충청남도,2020,51866,18988,5821
44770,서천군,충청남도,2021,50745,19315,5401
44770,서천군,충청남도,2022,49964,19592,5176
44770,서천군,충청남도,2023,49116,19942,4960
44770,서천군,충청남도,2024,48204,20288,4756
44770,서천군,충청남도,2025,47225,20700,4559
44790,청양군,충청남도,2014,32248,9976,4512
44790,청양군,충청남도,2015,32485,10179,4535
44790,청양군,충청남도,2016,32753,10329,4702
44790,청양군,충청남도,2017,32837,10458,4818
44790,청양군,충청남도,2018,32296,10516,4677
44790,청양군,충청남도,2019,31717,10762,4382
44790,청양군,충청남도,2020,30948,11059,4015
44790,청양군,충청남도,2021,30440,11292,3714
44790,청양군,충청남도,2022,30266,11506,3680
44790,청양군,충청남도,2023,30168,11795,3666
44790,청양군,충청남도,2024,29658,12082,3504
44790,청양군,충청남도,2025,29986,12593,3422
44800,홍성군,충청남도,2014,91866,20006,15553
44800,홍성군,충청남도,2015,94553,20625,15680
44800,홍성군,충청남도,2016,99971,21315,16691
44800,홍성군,충청남도,2017,101570,21895,16676
44800,홍성군,충청남도,2018,101082,22363,16203
44800,홍성군,충청남도,2019,100423,22991,15896
44800,홍성군,충청남도,2020,100102,24005,15317
44800,홍성군,충청남도,2021,99324,24603,14653
44800,홍성군,충청남도,2022,98068,25234,14303
44800,홍성군,충청남도,2023,97524,25994,14128
44800,홍성군,충청남도,2024,99198,27077,14427
44800,홍성군,충청남도,2025,100557,28348,14476
44810,예산군,충청남도,2014,84919,21036,13552
44810,예산군,충청남도,2015,83484,21607,12884
44810,예산군,충청남도,2016,81339,22006,12019
44810,예산군,충청남도,2017,80338,22601,11506
44810,예산군,충청남도,2018,80083,23067,11309
44810,예산군,충청남도,2019,79238,23711,10879
44810,예산군,충청남도,2020,78084,24627,10309
44810,예산군,충청남도,2021,76801,25262,9774
44810,예산군,충청남도,2022,77385,26059,9547
44810,예산군,충청남도,2023,78354,26776,9618
44810,예산군,충청남도,2024,78772,27566,9487
44810,예산군,충청남도,2025,78815,28513,9296
44825,태안군,충청남도,2014,62574,15795,9502
44825,태안군,충청남도,2015,63484,16353,9525
44825,태안군,충청남도,2016,63900,16868,9384
44825,태안군,충청남도,2017,63932,17506,9165
44825,태안군,충청남도,2018,63238,17967,8586
44825,태안군,충청남도,2019,62743,18567,8279
44825,태안군,충청남도,2020,62214,19356,7720
44825,태안군,충청남도,2021,61526,20140,7194
44825,태안군,충청남도,2022,61335,20971,6933
44825,태안군,충청남도,2023,60784,21736,6674
44825,태안군,충청남도,2024,60133,22439,6468
44825,태안군,충청남도,2025,59474,23377,6262
46110,목포시,전라남도,2014,239109,30179,49152
46110,목포시,전라남도,2015,238382,31203,47937
46110,목포시,전라남도,2016,237739,32445,46633
46110,목포시,전라남도,2017,234379,33834,44679
46110,목포시,전라남도,2018,232327,34821,43485
46110,목포시,전라남도,2019,229861,36087,42396
46110,목포시,전라남도,2020,224044,37827,40270
46110,목포시,전라남도,2021,218589,39063,38532
46110,목포시,전라남도,2022,216939,40805,37963
46110,목포시,전라남도,2023,214156,42446,37006
46110,목포시,전라남도,2024,209890,44454,35475
46110,목포시,전라남도,2025,202003,46318,33382
46130,여수시,전라남도,2014,290900,43225,57827
46130,여수시,전라남도,2015,290168,44997,57147
46130,여수시,전라남도,2016,288988,46632,55782
46130,여수시,전라남도,2017,286382,48569,53719
46130,여수시,전라남도,2018,283300,49609,52166
46130,여수시,전라남도,2019,282786,51995,52074
46130,여수시,전라남도,2020,280242,54587,50454
46130,여수시,전라남도,2021,276762,56362,48891
46130,여수시,전라남도,2022,274765,58798,48168
46130,여수시,전라남도,2023,271696,61135,46793
46130,여수시,전라남도,2024,267816,63857,44822
46130,여수시,전라남도,2025,263284,66882,42450
46150,순천시,전라남도,2014,277188,35594,57384
46150,순천시,전라남도,2015,278765,36795,57310
46150,순천시,전라남도,2016,278548,37961,56862
46150,순천시,전라남도,2017,279331,39498,56283
46150,순천시,전라남도,2018,279389,40542,55657
46150,순천시,전라남도,2019,279598,42273,55361
46150,순천시,전라남도,2020,282189,44445,55824
46150,순천시,전라남도,2021,281436,46062,54978
46150,순천시,전라남도,2022,278737,48061,53467
46150,순천시,전라남도,2023,278137,50517,52798
46150,순천시,전라남도,2024,276329,53410,51309
46150,순천시,전라남도,2025,275492,56914,50299
46170,나주시,전라남도,2014,90669,22355,15620
46170,나주시,전라남도,2015,98182,22957,17533
46170,나주시,전라남도,2016,104376,23489,18608
46170,나주시,전라남도,2017,110110,24178,19734
46170,나주시,전라남도,2018,113839,24658,20134
46170,나주시,전라남도,2019,114664,25257,20017
46170,나주시,전라남도,2020,115613,25986,19968
46170,나주시,전라남도,2021,116726,26740,19824
46170,나주시,전라남도,2022,116456,27488,19306
46170,나주시,전라남도,2023,117377,28254,19393
46170,나주시,전라남도,2024,116654,29155,18576
46170,나주시,전라남도,2025,117076,30188,18383
46230,광양시,전라남도,2014,152097,15657,32394
46230,광양시,전라남도,2015,153587,16369,32656
46230,광양시,전라남도,2016,155580,17026,33247
46230,광양시,전라남도,2017,155857,17712,32941
46230,광양시,전라남도,2018,156564,18319,32720
46230,광양시,전라남도,2019,156750,19300,32709
46230,광양시,전라남도,2020,151769,20188,30227
46230,광양시,전라남도,2021,150531,20994,29221
46230,광양시,전라남도,2022,152168,22331,29381
46230,광양시,전라남도,2023,152666,23650,28943
46230,광양시,전라남도,2024,154692,25136,28987
46230,광양시,전라남도,2025,155259,27036,28304
46710,담양군,전라남도,2014,47177,12946,7640
46710,담양군,전라남도,2015,47009,13208,7504
46710,담양군,전라남도,2016,47229,13329,7537
46710,담양군,전라남도,2017,47285,13623,7364
46710,담양군,전라남도,2018,46917,13816,7168
46710,담양군,전라남도,2019,46535,13960,7324
46710,담양군,전라남도,2020,46280,14436,6894
46710,담양군,전라남도,2021,46180,14662,6501
46710,담양군,전라남도,2022,45792,15058,6122
46710,담양군,전라남도,2023,45373,15373,5839
46710,담양군,전라남도,2024,44623,15890,5390
46710,담양군,전라남도,2025,44177,16542,5137
46720,곡성군,전라남도,2014,30732,9782,4417
46720,곡성군,전라남도,2015,30672,9862,4400
46720,곡성군,전라남도,2016,30400,9912,4249
46720,곡성군,전라남도,2017,30131,10035,4200
46720,곡성군,전라남도,2018,29624,10028,4012
46720,곡성군,전라남도,2019,28887,10084,3761
46720,곡성군,전라남도,2020,28039,10185,3386
46720,곡성군,전라남도,2021,27535,10233,3188
46720,곡성군,전라남도,2022,27060,10368,3068
46720,곡성군,전라남도,2023,26905,10576,2992
46720,곡성군,전라남도,2024,26566,10765,2883
46720,곡성군,전라남도,2025,27287,11230,2999
46730,구례군,전라남도,2014,27170,7997,3774
46730,구례군,전라남도,2015,27308,8119,3729
46730,구례군,전라남도,2016,27412,8250,3673
46730,구례군,전라남도,2017,27525,8447,3583
46730,구례군,전라남도,2018,27117,8510,3446
46730,구례군,전라남도,2019,26563,8676,3305
46730,구례군,전라남도,2020,25719,8882,2933
46730,구례군,전라남도,2021,25235,8968,2743
46730,구례군,전라남도,2022,24655,9069,2519
46730,구례군,전라남도,2023,24314,9246,2372
46730,구례군,전라남도,2024,24025,9477,2342
46730,구례군,전라남도,2025,23803,9828,2311
46770,고흥군,전라남도,2014,69641,24848,8402
46770,고흥군,전라남도,2015,68601,25102,8040
46770,고흥군,전라남도,2016,67656,25364,7642
46770,고흥군,전라남도,2017,66736,25496,7397
46770,고흥군,전라남도,2018,65777,25568,7138
46770,고흥군,전라남도,2019,64913,25806,6787
46770,고흥군,전라남도,2020,63922,26298,6211
46770,고흥군,전라남도,2021,62762,26507,5803
46770,고흥군,전라남도,2022,61880,26717,5508
46770,고흥군,전라남도,2023,61113,27061,5341
46770,고흥군,전라남도,2024,60190,27498,5132
46770,고흥군,전라남도,2025,59455,28091,4944
46780,보성군,전라남도,2014,45882,15084,6249
46780,보성군,전라남도,2015,45349,15182,6044
46780,보성군,전라남도,2016,44469,15269,5726
46780,보성군,전라남도,2017,43755,15441,5404
46780,보성군,전라남도,2018,42803,15376,5164
46780,보성군,전라남도,2019,41420,15429,4796
46780,보성군,전라남도,2020,40482,15603,4464
46780,보성군,전라남도,2021,39375,15714,4025
46780,보성군,전라남도,2022,38471,15834,3722
46780,보성군,전라남도,2023,37686,15952,3570
46780,보성군,전라남도,2024,37045,16247,3393
46780,보성군,전라남도,2025,36858,16540,3364
46790,화순군,전라남도,2014,66772,15187,10667
46790,화순군,전라남도,2015,65848,15409,10509
46790,화순군,전라남도,2016,65303,15516,10449
46790,화순군,전라남도,2017,64680,15828,10306
46790,화순군,전라남도,2018,63933,15996,10123
46790,화순군,전라남도,2019,62737,16286,9858
46790,화순군,전라남도,2020,62522,16791,9653
46790,화순군,전라남도,2021,62624,17232,9527
46790,화순군,전라남도,2022,62024,17681,9363
46790,화순군,전라남도,2023,61254,18185,9139
46790,화순군,전라남도,2024,60735,18776,8940
46790,화순군,전라남도,2025,60215,19437,8713
46800,장흥군,전라남도,2014,43190,12506,6670
46800,장흥군,전라남도,2015,43513,12641,6814
46800,장흥군,전라남도,2016,40669,12610,5660
46800,장흥군,전라남도,2017,40136,12682,5519
46800,장흥군,전라남도,2018,39312,12611,5243
46800,장흥군,전라남도,2019,38563,12720,5006
46800,장흥군,전라남도,2020,37800,12928,4704
46800,장흥군,전라남도,2021,36547,13022,4331
46800,장흥군,전라남도,2022,35650,13061,4071
46800,장흥군,전라남도,2023,35046,13264,3870
46800,장흥군,전라남도,2024,34451,13479,3710
46800,장흥군,전라남도,2025,34201,13822,3604
46810,강진군,전라남도,2014,39861,11564,6195
46810,강진군,전라남도,2015,38758,11656,5711
46810,강진군,전라남도,2016,37753,11655,5348
46810,강진군,전라남도,2017,36868,11773,5053
46810,강진군,전라남도,2018,36144,11828,4783
46810,강진군,전라남도,2019,35286,11883,4542
46810,강진군,전라남도,2020,34597,12035,4252
46810,강진군,전라남도,2021,33753,12131,3965
46810,강진군,전라남도,2022,33177,12278,3796
46810,강진군,전라남도,2023,32722,12505,3640
46810,강진군,전라남도,2024,32189,12685,3516
46810,강진군,전라남도,2025,31799,12933,3412
46820,해남군,전라남도,2014,76981,21159,11240
46820,해남군,전라남도,2015,76194,21362,10909
46820,해남군,전라남도,2016,75121,21549,10459
46820,해남군,전라남도,2017,73604,21862,9811
46820,해남군,전라남도,2018,71901,21811,9354
46820,해남군,전라남도,2019,70354,21957,8907
46820,해남군,전라남도,2020,68806,22293,8449
46820,해남군,전라남도,2021,67166,22562,7921
46820,해남군,전라남도,2022,65831,22912,7513
46820,해남군,전라남도,2023,64575,23293,7162
46820,해남군,전라남도,2024,63120,23771,6776
46820,해남군,전라남도,2025,62188,24303,6654
46830,영암군,전라남도,2014,58852,13315,10109
46830,영암군,전라남도,2015,58137,13459,9503
46830,영암군,전라남도,2016,57045,13574,8983
46830,영암군,전라남도,2017,55616,13777,8291
46830,영암군,전라남도,2018,54731,13835,7923
46830,영암군,전라남도,2019,54593,14074,7890
46830,영암군,전라남도,2020,53699,14400,7577
46830,영암군,전라남도,2021,52937,14648,7251
46830,영암군,전라남도,2022,52395,14929,7074
46830,영암군,전라남도,2023,52350,15298,7012
46830,영암군,전라남도,2024,51391,15642,6695
46830,영암군,전라남도,2025,50069,16132,6235
46840,무안군,전라남도,2014,81696,15592,14003
46840,무안군,전라남도,2015,82236,15875,13843
46840,무안군,전라남도,2016,82109,16175,13493
46840,무안군,전라남도,2017,82872,16467,13412
46840,무안군,전라남도,2018,81991,16599,12971
46840,무안군,전라남도,2019,81105,16858,12750
46840,무안군,전라남도,2020,86132,17528,13866
46840,무안군,전라남도,2021,91107,17986,14991
46840,무안군,전라남도,2022,90608,18423,14853
46840,무안군,전라남도,2023,90296,19000,14849
46840,무안군,전라남도,2024,92687,19592,15334
46840,무안군,전라남도,2025,95592,20443,15928
46860,함평군,전라남도,2014,35090,11233,4797
46860,함평군,전라남도,2015,34876,11263,4782
46860,함평군,전라남도,2016,34397,11302,4588
46860,함평군,전라남도,2017,34328,11447,4539
46860,함평군,전라남도,2018,33420,11421,4216
46860,함평군,전라남도,2019,32861,11564,4051
46860,함평군,전라남도,2020,32050,11720,3724
46860,함평군,전라남도,2021,31274,11867,3420
46860,함평군,전라남도,2022,30784,12051,3274
46860,함평군,전라남도,2023,30601,12326,3206
46860,함평군,전라남도,2024,30010,12410,3077
46860,함평군,전라남도,2025,29458,12580,2910
46870,영광군,전라남도,2014,56833,14493,9264
46870,영광군,전라남도,2015,56267,14710,8991
46870,영광군,전라남도,2016,55618,14773,8682
46870,영광군,전라남도,2017,54774,15002,8364
46870,영광군,전라남도,2018,54127,15045,8142
46870,영광군,전라남도,2019,53852,15194,8101
46870,영광군,전라남도,2020,53099,15488,7790
46870,영광군,전라남도,2021,51985,15641,7289
46870,영광군,전라남도,2022,52197,15999,7248
46870,영광군,전라남도,2023,51750,16281,7067
46870,영광군,전라남도,2024,52098,16677,7130
46870,영광군,전라남도,2025,53526,17368,7546
46880,장성군,전라남도,2014,46273,12263,7228
46880,장성군,전라남도,2015,46360,12445,7147
46880,장성군,전라남도,2016,46104,12546,6955
46880,장성군,전라남도,2017,46111,12805,6811
46880,장성군,전라남도,2018,45795,12936,6624
46880,장성군,전라남도,2019,45739,13067,6888
46880,장성군,전라남도,2020,44464,13400,6253
46880,장성군,전라남도,2021,43365,13536,5777
46880,장성군,전라남도,2022,43146,13879,5707
46880,장성군,전라남도,2023,42543,14143,5502
46880,장성군,전라남도,2024,42026,14454,5274
46880,장성군,전라남도,2025,42958,15063,5510
46890,완도군,전라남도,2014,53174,15249,7668
46890,완도군,전라남도,2015,53014,15369,7476
46890,완도군,전라남도,2016,52668,15623,7152
46890,완도군,전라남도,2017,52109,15760,6860
46890,완도군,전라남도,2018,51477,15734,6503
46890,완도군,전라남도,2019,50689,15921,6220
46890,완도군,전라남도,2020,49916,16244,5813
46890,완도군,전라남도,2021,48631,16452,5392
46890,완도군,전라남도,2022,47597,16544,4986
46890,완도군,전라남도,2023,46641,16776,4840
46890,완도군,전라남도,2024,45631,17080,4562
46890,완도군,전라남도,2025,44613,17398,4378
46900,진도군,전라남도,2014,32746,9953,4530
46900,진도군,전라남도,2015,32476,10116,4353
46900,진도군,전라남도,2016,32078,10105,4246
46900,진도군,전라남도,2017,31765,10191,4090
46900,진도군,전라남도,2018,31219,10111,3967
46900,진도군,전라남도,2019,30715,10085,3790
46900,진도군,전라남도,2020,31227,10325,4008
46900,진도군,전라남도,2021,30066,10405,3593
46900,진도군,전라남도,2022,29507,10540,3410
46900,진도군,전라남도,2023,28979,10679,3299
46900,진도군,전라남도,2024,28478,10745,3175
46900,진도군,전라남도,2025,27964,11082,2995
46910,신안군,전라남도,2014,43747,13627,6377
46910,신안군,전라남도,2015,43294,13738,6213
46910,신안군,전라남도,2016,42652,13811,5949
46910,신안군,전라남도,2017,42070,14024,5559
46910,신안군,전라남도,2018,41263,13958,5230
46910,신안군,전라남도,2019,40274,14072,4827
46910,신안군,전라남도,2020,38938,14291,4232
46910,신안군,전라남도,2021,38217,14411,3846
46910,신안군,전라남도,2022,37858,14655,3662
46910,신안군,전라남도,2023,38037,14914,3642
46910,신안군,전라남도,2024,38173,15292,3611
46910,신안군,전라남도,2025,41858,16146,4267
47110,포항시,경상북도,2014,519368,62118,106309
47110,포항시,경상북도,2015,519584,65214,104214
47110,포항시,경상북도,2016,516775,68296,100229
47110,포항시,경상북도,2017,513832,72952,96261
47110,포항시,경상북도,2018,510013,77024,92863
47110,포항시,경상북도,2019,507025,82001,90589
47110,포항시,경상북도,2020,502916,87960,87277
47110,포항시,경상북도,2021,503852,93477,87206
47110,포항시,경상북도,2022,496650,98684,83141
47110,포항시,경상북도,2023,493033,104052,81149
47110,포항시,경상북도,2024,491581,110312,79264
47110,포항시,경상북도,2025,488707,116943,76417
47130,경주시,경상북도,2014,261535,46118,48431
47130,경주시,경상북도,2015,259773,47334,47081
47130,경주시,경상북도,2016,259452,48789,45765
47130,경주시,경상북도,2017,257903,50780,44224
47130,경주시,경상북도,2018,256864,52504,43298
47130,경주시,경상북도,2019,255402,54639,42479
47130,경주시,경상북도,2020,253502,57313,40751
47130,경주시,경상북도,2021,251889,59645,39441
47130,경주시,경상북도,2022,249607,61861,37751
47130,경주시,경상북도,2023,247489,64296,36567
47130,경주시,경상북도,2024,244769,67248,34899
47130,경주시,경상북도,2025,244055,70432,34095
47150,김천시,경상북도,2014,135456,27130,24893
47150,김천시,경상북도,2015,140132,27839,25922
47150,김천시,경상북도,2016,142256,28488,25609
47150,김천시,경상북도,2017,142908,29536,25028
47150,김천시,경상북도,2018,141104,30318,23895
47150,김천시,경상북도,2019,141229,31252,23642
47150,김천시,경상북도,2020,140548,32520,22672
47150,김천시,경상북도,2021,140239,33668,22040
47150,김천시,경상북도,2022,139324,34794,21393
47150,김천시,경상북도,2023,137515,35830,20499
47150,김천시,경상북도,2024,135446,37426,19383
47150,김천시,경상북도,2025,133791,38720,18349
47170,안동시,경상북도,2014,168697,33358,30515
47170,안동시,경상북도,2015,169221,33954,29797
47170,안동시,경상북도,2016,168798,34672,29000
47170,안동시,경상북도,2017,166272,35948,27832
47170,안동시,경상북도,2018,162180,36850,26552
47170,안동시,경상북도,2019,160052,37906,25860
47170,안동시,경상북도,2020,158907,39193,25367
47170,안동시,경상북도,2021,156972,40332,24764
47170,안동시,경상북도,2022,154610,41265,23839
47170,안동시,경상북도,2023,152935,42408,23314
47170,안동시,경상북도,2024,153159,43801,24425
47170,안동시,경상북도,2025,152610,45475,24381
47190,구미시,경상북도,2014,420320,29136,108998
47190,구미시,경상북도,2015,419915,30252,106100
47190,구미시,경상북도,2016,419891,31554,102523
47190,구미시,경상북도,2017,421799,33605,99949
47190,구미시,경상북도,2018,421494,35432,97432
47190,구미시,경상북도,2019,419742,37540,95094
47190,구미시,경상북도,2020,416328,39998,91267
47190,구미시,경상북도,2021,412581,42574,87585
47190,구미시,경상북도,2022,408110,45239,84571
47190,구미시,경상북도,2023,405506,48298,81919
47190,구미시,경상북도,2024,404820,52744,79449
47190,구미시,경상북도,2025,403883,57260,77046
47210,영주시,경상북도,2014,110780,23503,17809
47210,영주시,경상북도,2015,109735,24080,17197
47210,영주시,경상북도,2016,109247,24577,16711
47210,영주시,경상북도,2017,108371,25541,16154
47210,영주시,경상북도,2018,106801,26341,15445
47210,영주시,경상북도,2019,105067,27259,15106
47210,영주시,경상북도,2020,103119,28146,14366
47210,영주시,경상북도,2021,101942,28900,14036
47210,영주시,경상북도,2022,100749,29754,13661
47210,영주시,경상북도,2023,100199,30454,13769
47210,영주시,경상북도,2024,98870,31570,13232
47210,영주시,경상북도,2025,97162,32480,12472
47230,영천시,경상북도,2014,100689,23869,16859
47230,영천시,경상북도,2015,100648,24394,16426
47230,영천시,경상북도,2016,100521,25063,15964
47230,영천시,경상북도,2017,100615,25940,15697
47230,영천시,경상북도,2018,101595,26844,15854
47230,영천시,경상북도,2019,102470,27672,16107
47230,영천시,경상북도,2020,102015,28871,15388
47230,영천시,경상북도,2021,101888,29930,14682
47230,영천시,경상북도,2022,101088,30867,13906
47230,영천시,경상북도,2023,100212,31782,13141
47230,영천시,경상북도,2024,98143,32977,12230
47230,영천시,경상북도,2025,95185,33929,10921
47250,상주시,경상북도,2014,102892,27105,15387
47250,상주시,경상북도,2015,102374,27563,14803
47250,상주시,경상북도,2016,101799,27769,14540
47250,상주시,경상북도,2017,100947,28535,14042
47250,상주시,경상북도,2018,100297,29100,13758
47250,상주시,경상북도,2019,100688,29822,13877
47250,상주시,경상북도,2020,97228,30472,12301
47250,상주시,경상북도,2021,95566,31130,11511
47250,상주시,경상북도,2022,94823,31923,11109
47250,상주시,경상북도,2023,93858,32749,10622
47250,상주시,경상북도,2024,91850,33659,9909
47250,상주시,경상북도,2025,89888,34609,9419
47280,문경시,경상북도,2014,75911,18472,11989
47280,문경시,경상북도,2015,75784,18896,11630
47280,문경시,경상북도,2016,74702,19285,10944
47280,문경시,경상북도,2017,73294,19877,10332
47280,문경시,경상북도,2018,71874,20324,9784
47280,문경시,경상북도,2019,72242,20891,9826
47280,문경시,경상북도,2020,71406,21600,9417
47280,문경시,경상북도,2021,71154,22337,9133
47280,문경시,경상북도,2022,70373,22867,8869
47280,문경시,경상북도,2023,68755,23386,8263
47280,문경시,경상북도,2024,67257,24095,7704
47280,문경시,경상북도,2025,65348,24731,7019
47290,경산시,경상북도,2014,253968,33515,56189
47290,경산시,경상북도,2015,256888,35004,56148
47290,경산시,경상북도,2016,258037,36375,55294
47290,경산시,경상북도,2017,259485,38370,54582
47290,경산시,경상북도,2018,261093,40066,54156
47290,경산시,경상북도,2019,263185,42079,54543
47290,경산시,경상북도,2020,263728,44579,54213
47290,경산시,경상북도,2021,268369,47417,54751
47290,경산시,경상북도,2022,267725,49716,54471
47290,경산시,경상북도,2023,266205,51977,53753
47290,경산시,경상북도,2024,266398,55091,53570
47290,경산시,경상북도,2025,263853,58007,51748
47730,의성군,경상북도,2014,55212,19472,6791
47730,의성군,경상북도,2015,54477,19653,6407
47730,의성군,경상북도,2016,54014,19896,6090
47730,의성군,경상북도,2017,53474,20289,5781
47730,의성군,경상북도,2018,52944,20570,5540
47730,의성군,경상북도,2019,52595,21005,5397
47730,의성군,경상북도,2020,51724,21478,4942
47730,의성군,경상북도,2021,50632,21861,4485
47730,의성군,경상북도,2022,50186,22213,4289
47730,의성군,경상북도,2023,50086,22723,4139
47730,의성군,경상북도,2024,48690,23118,3692
47730,의성군,경상북도,2025,47902,23570,3408
47750,청송군,경상북도,2014,26453,8325,3416
47750,청송군,경상북도,2015,26384,8434,3389
47750,청송군,경상북도,2016,26301,8600,3337
47750,청송군,경상북도,2017,26006,8773,3185
47750,청송군,경상북도,2018,25678,8957,3003
47750,청송군,경상북도,2019,25416,9135,2896
47750,청송군,경상북도,2020,25044,9382,2637
47750,청송군,경상북도,2021,24539,9530,2412
47750,청송군,경상북도,2022,24295,9822,2291
47750,청송군,경상북도,2023,24019,10043,2222
47750,청송군,경상북도,2024,23716,10367,2080
47750,청송군,경상북도,2025,23363,10588,1977
47760,영양군,경상북도,2014,18197,5835,2300
47760,영양군,경상북도,2015,17898,5832,2180
47760,영양군,경상북도,2016,17713,5878,2065
47760,영양군,경상북도,2017,17479,5963,1974
47760,영양군,경상북도,2018,17356,6084,1939
47760,영양군,경상북도,2019,16993,6118,1864
47760,영양군,경상북도,2020,16692,6278,1754
47760,영양군,경상북도,2021,16320,6310,1639
47760,영양군,경상북도,2022,16022,6406,1518
47760,영양군,경상북도,2023,15661,6486,1364
47760,영양군,경상북도,2024,15328,6601,1299
47760,영양군,경상북도,2025,15941,6850,1456
47770,영덕군,경상북도,2014,39586,12639,5063
47770,영덕군,경상북도,2015,39191,12743,4871
47770,영덕군,경상북도,2016,39052,12897,4745
47770,영덕군,경상북도,2017,38529,13141,4528
47770,영덕군,경상북도,2018,38108,13287,4425
47770,영덕군,경상북도,2019,37361,13458,4079
47770,영덕군,경상북도,2020,36313,13750,3675
47770,영덕군,경상북도,2021,35314,13843,3388
47770,영덕군,경상북도,2022,34650,14006,3242
47770,영덕군,경상북도,2023,34055,14211,3113
47770,영덕군,경상북도,2024,33210,14452,2880
47770,영덕군,경상북도,2025,32698,14718,2699
47820,청도군,경상북도,2014,43993,13615,5947
47820,청도군,경상북도,2015,43724,13899,5651
47820,청도군,경상북도,2016,43564,14274,5367
47820,청도군,경상북도,2017,43346,14779,5123
47820,청도군,경상북도,2018,43057,15172,4859
47820,청도군,경상북도,2019,42910,15541,4701
47820,청도군,경상북도,2020,42263,16027,4325
47820,청도군,경상북도,2021,41891,16444,3989
47820,청도군,경상북도,2022,41614,16896,3789
47820,청도군,경상북도,2023,41316,17342,3562
47820,청도군,경상북도,2024,40582,17964,3201
47820,청도군,경상북도,2025,40117,18650,3012
47830,고령군,경상북도,2014,35033,8537,5368
47830,고령군,경상북도,2015,34594,8717,4983
47830,고령군,경상북도,2016,34257,8889,4788
47830,고령군,경상북도,2017,33768,9253,4582
47830,고령군,경상북도,2018,32969,9380,4353
47830,고령군,경상북도,2019,32373,9648,4188
47830,고령군,경상북도,2020,31361,9941,3773
47830,고령군,경상북도,2021,30626,10165,3441
47830,고령군,경상북도,2022,30353,10497,3300
47830,고령군,경상북도,2023,30139,10862,3156
47830,고령군,경상북도,2024,30062,11392,2992
47830,고령군,경상북도,2025,29667,11872,2849
47840,성주군,경상북도,2014,44981,11697,7042
47840,성주군,경상북도,2015,45029,12013,6834
47840,성주군,경상북도,2016,45205,12398,6697
47840,성주군,경상북도,2017,45138,12839,6484
47840,성주군,경상북도,2018,44672,13142,6171
47840,성주군,경상북도,2019,44015,13477,5836
47840,성주군,경상북도,2020,43414,13971,5362
47840,성주군,경상북도,2021,42842,14413,4920
47840,성주군,경상북도,2022,42566,14978,4567
47840,성주군,경상북도,2023,42086,15405,4270
47840,성주군,경상북도,2024,41452,16044,3914
47840,성주군,경상북도,2025,40720,16762,3590
47850,칠곡군,경상북도,2014,122058,14820,28435
47850,칠곡군,경상북도,2015,122829,15200,27678
47850,칠곡군,경상북도,2016,123199,15479,26993
47850,칠곡군,경상북도,2017,120864,16166,24702
47850,칠곡군,경상북도,2018,118828,16692,22891
47850,칠곡군,경상북도,2019,117047,17488,21431
47850,칠곡군,경상북도,2020,114758,18335,19573
47850,칠곡군,경상북도,2021,113822,19201,18508
47850,칠곡군,경상북도,2022,112487,20009,17618
47850,칠곡군,경상북도,2023,110581,20840,16540
47850,칠곡군,경상북도,2024,107383,21825,15167
47850,칠곡군,경상북도,2025,104842,22933,14187
47900,예천군,경상북도,2014,45104,14644,6030
47900,예천군,경상북도,2015,44674,14793,5859
47900,예천군,경상북도,2016,46166,15043,5844
47900,예천군,경상북도,2017,49253,15458,6156
47900,예천군,경상북도,2018,53274,15876,6753
47900,예천군,경상북도,2019,55100,16389,6976
47900,예천군,경상북도,2020,55613,16844,6885
47900,예천군,경상북도,2021,55739,17236,6732
47900,예천군,경상북도,2022,55755,17638,6734
47900,예천군,경상북도,2023,55325,17898,6482
47900,예천군,경상북도,2024,54609,18265,6024
47900,예천군,경상북도,2025,53887,18567,5852
47920,봉화군,경상북도,2014,34023,10425,4288
47920,봉화군,경상북도,2015,33808,10551,4101
47920,봉화군,경상북도,2016,33539,10706,3999
47920,봉화군,경상북도,2017,33259,10946,3788
47920,봉화군,경상북도,2018,32843,11040,3578
47920,봉화군,경상북도,2019,32150,11222,3355
47920,봉화군,경상북도,2020,31494,11567,3093
47920,봉화군,경상북도,2021,30762,11777,2783
47920,봉화군,경상북도,2022,30139,11980,2596
47920,봉화군,경상북도,2023,29603,12232,2435
47920,봉화군,경상북도,2024,28836,12579,2192
47920,봉화군,경상북도,2025,28315,12844,2073
47930,울진군,경상북도,2014,52104,12593,7879
47930,울진군,경상북도,2015,51885,12654,7691
47930,울진군,경상북도,2016,51738,12665,7749
47930,울진군,경상북도,2017,50974,12854,7436
47930,울진군,경상북도,2018,50036,13073,7180
47930,울진군,경상북도,2019,49314,13356,7126
47930,울진군,경상북도,2020,48716,13643,6907
47930,울진군,경상북도,2021,47858,14013,6643
47930,울진군,경상북도,2022,47030,14284,6308
47930,울진군,경상북도,2023,46669,14583,6176
47930,울진군,경상북도,2024,46124,14955,6049
47930,울진군,경상북도,2025,45896,15436,5941
47940,울릉군,경상북도,2014,10264,2044,1807
47940,울릉군,경상북도,2015,10153,2104,1725
47940,울릉군,경상북도,2016,10001,2154,1662
47940,울릉군,경상북도,2017,9975,2238,1570
47940,울릉군,경상북도,2018,9832,2290,1485
47940,울릉군,경상북도,2019,9617,2341,1405
47940,울릉군,경상북도,2020,9077,2386,1259
47940,울릉군,경상북도,2021,8867,2390,1216
47940,울릉군,경상북도,2022,8996,2511,1263
47940,울릉군,경상북도,2023,9077,2629,1250
47940,울릉군,경상북도,2024,9099,2742,1224
47940,울릉군,경상북도,2025,8696,2796,1131
48120,창원시,경상남도,2014,1075168,107030,241181
48120,창원시,경상남도,2015,1070064,111795,235308
48120,창원시,경상남도,2016,1063907,117208,228071
48120,창원시,경상남도,2017,1057032,124875,219528
48120,창원시,경상남도,2018,1053601,131613,213788
48120,창원시,경상남도,2019,1044740,140151,207828
48120,창원시,경상남도,2020,1036738,150905,200747
48120,창원시,경상남도,2021,1032741,160521,195879
48120,창원시,경상남도,2022,1021487,170273,188550
48120,창원시,경상남도,2023,1009038,180319,181221
48120,창원시,경상남도,2024,999858,192030,173988
48120,창원시,경상남도,2025,990898,205456,167794
48170,진주시,경상남도,2014,340241,45998,69789
48170,진주시,경상남도,2015,344426,47815,70041
48170,진주시,경상남도,2016,346739,49318,69911
48170,진주시,경상남도,2017,346681,51488,68881
48170,진주시,경상남도,2018,345987,53260,67791
48170,진주시,경상남도,2019,347334,55899,67986
48170,진주시,경상남도,2020,348096,59032,67923
48170,진주시,경상남도,2021,347097,61615,67256
48170,진주시,경상남도,2022,343782,64338,65423
48170,진주시,경상남도,2023,341074,67312,64196
48170,진주시,경상남도,2024,338785,70225,62840
48170,진주시,경상남도,2025,335939,74083,61241
48220,통영시,경상남도,2014,139439,19560,26510
48220,통영시,경상남도,2015,139168,20146,24962
48220,통영시,경상남도,2016,138160,20895,23484
48220,통영시,경상남도,2017,135833,22054,21622
48220,통영시,경상남도,2018,133720,22844,20433
48220,통영시,경상남도,2019,131404,23895,19269
48220,통영시,경상남도,2020,128293,25137,17906
48220,통영시,경상남도,2021,125383,26428,16516
48220,통영시,경상남도,2022,122681,27521,15617
48220,통영시,경상남도,2023,120551,28780,14777
48220,통영시,경상남도,2024,118481,30233,14188
48220,통영시,경상남도,2025,116667,31979,13745
48240,사천시,경상남도,2014,116485,20427,20850
48240,사천시,경상남도,2015,115452,20899,19999
48240,사천시,경상남도,2016,114912,21502,19264
48240,사천시,경상남도,2017,114252,22118,18545
48240,사천시,경상남도,2018,113888,22641,18046
48240,사천시,경상남도,2019,111925,23428,17473
48240,사천시,경상남도,2020,111105,24604,16859
48240,사천시,경상남도,2021,109953,25437,16153
48240,사천시,경상남도,2022,109369,26332,15825
48240,사천시,경상남도,2023,109030,27114,15801
48240,사천시,경상남도,2024,108504,28071,15479
48240,사천시,경상남도,2025,107935,29286,15385
48250,김해시,경상남도,2014,527240,43802,110279
48250,김해시,경상남도,2015,528865,45896,108554
48250,김해시,경상남도,2016,529422,47975,106662
48250,김해시,경상남도,2017,532132,51219,105729
48250,김해시,경상남도,2018,533672,53753,105265
48250,김해시,경상남도,2019,542455,57532,107264
48250,김해시,경상남도,2020,542338,61857,105546
48250,김해시,경상남도,2021,537673,65524,102352
48250,김해시,경상남도,2022,535129,70208,99688
48250,김해시,경상남도,2023,533659,74830,97191
48250,김해시,경상남도,2024,531676,80326,94256
48250,김해시,경상남도,2025,533035,86871,92903
48270,밀양시,경상남도,2014,107765,24163,17463
48270,밀양시,경상남도,2015,107896,24796,17061
48270,밀양시,경상남도,2016,108354,25611,16661
48270,밀양시,경상남도,2017,107898,26719,15953
48270,밀양시,경상남도,2018,106744,27561,15196
48270,밀양시,경상남도,2019,105552,28549,14640
48270,밀양시,경상남도,2020,104831,29887,14009
48270,밀양시,경상남도,2021,103525,31006,13116
48270,밀양시,경상남도,2022,102945,32434,12615
48270,밀양시,경상남도,2023,102084,33742,12108
48270,밀양시,경상남도,2024,100691,35004,11555
48270,밀양시,경상남도,2025,99252,36256,11110
48310,거제시,경상남도,2014,248287,19366,57230
48310,거제시,경상남도,2015,255828,20073,57934
48310,거제시,경상남도,2016,257183,20932,54779
48310,거제시,경상남도,2017,254073,22240,50320
48310,거제시,경상남도,2018,250516,23456,46337
48310,거제시,경상남도,2019,248276,24892,43875
48310,거제시,경상남도,2020,245754,26869,41035
48310,거제시,경상남도,2021,241216,28842,37636
48310,거제시,경상남도,2022,236662,31230,34729
48310,거제시,경상남도,2023,234038,33622,33189
48310,거제시,경상남도,2024,232972,36274,31837
48310,거제시,경상남도,2025,231178,39048,30881
48330,양산시,경상남도,2014,292376,30225,61114
48330,양산시,경상남도,2015,301291,32386,61719
48330,양산시,경상남도,2016,317037,35131,64107
48330,양산시,경상남도,2017,338535,38921,67222
48330,양산시,경상남도,2018,348639,41664,68209
48330,양산시,경상남도,2019,350759,44631,67024
48330,양산시,경상남도,2020,352229,48495,65341
48330,양산시,경상남도,2021,354726,51977,63648
48330,양산시,경상남도,2022,353792,55667,61022
48330,양산시,경상남도,2023,355122,59643,59432
48330,양산시,경상남도,2024,359531,64107,58768
48330,양산시,경상남도,2025,361155,68929,57466
48720,의령군,경상남도,2014,29209,9407,3929
48720,의령군,경상남도,2015,28544,9451,3695
48720,의령군,경상남도,2016,28111,9450,3516
48720,의령군,경상남도,2017,27849,9630,3415
48720,의령군,경상남도,2018,27667,9584,3381
48720,의령군,경상남도,2019,27168,9689,3233
48720,의령군,경상남도,2020,26800,9921,3046
48720,의령군,경상남도,2021,26322,10114,2719
48720,의령군,경상남도,2022,26061,10312,2531
48720,의령군,경상남도,2023,25475,10479,2366
48720,의령군,경상남도,2024,25150,10654,2262
48720,의령군,경상남도,2025,24636,10951,2096
48730,함안군,경상남도,2014,68741,13354,11533
48730,함안군,경상남도,2015,69156,13749,11190
48730,함안군,경상남도,2016,68937,13964,10785
48730,함안군,경상남도,2017,68207,14443,10321
48730,함안군,경상남도,2018,67025,14825,9668
48730,함안군,경상남도,2019,65700,15354,9206
48730,함안군,경상남도,2020,64182,16086,8500
48730,함안군,경상남도,2021,62547,16739,7734
48730,함안군,경상남도,2022,61456,17378,7238
48730,함안군,경상남도,2023,60203,17961,6839
48730,함안군,경상남도,2024,58842,18566,6398
48730,함안군,경상남도,2025,57558,19303,6006
48740,창녕군,경상남도,2014,63502,16563,9937
48740,창녕군,경상남도,2015,63817,16848,9689
48740,창녕군,경상남도,2016,63982,17149,9476
48740,창녕군,경상남도,2017,64101,17724,9194
48740,창녕군,경상남도,2018,63396,18034,8744
48740,창녕군,경상남도,2019,62331,18426,8227
48740,창녕군,경상남도,2020,61301,19105,7679
48740,창녕군,경상남도,2021,60129,19600,6970
48740,창녕군,경상남도,2022,58372,20157,6210
48740,창녕군,경상남도,2023,57083,20640,5654
48740,창녕군,경상남도,2024,56085,21387,5198
48740,창녕군,경상남도,2025,54900,22059,4871
48820,고성군,경상남도,2014,55916,14092,8701
48820,고성군,경상남도,2015,55284,14222,8249
48820,고성군,경상남도,2016,54703,14462,7788
48820,고성군,경상남도,2017,54060,14842,7249
48820,고성군,경상남도,2018,53243,15158,6755
48820,고성군,경상남도,2019,52276,15577,6348
48820,고성군,경상남도,2020,51361,16095,5894
48820,고성군,경상남도,2021,50478,16543,5424
48820,고성군,경상남도,2022,50448,17031,5346
48820,고성군,경상남도,2023,49468,17491,4967
48820,고성군,경상남도,2024,48005,17847,4501
48820,고성군,경상남도,2025,47099,18481,4172
48840,남해군,경상남도,2014,46638,15577,6033
48840,남해군,경상남도,2015,45865,15584,5703
48840,남해군,경상남도,2016,45129,15692,5365
48840,남해군,경상남도,2017,44642,15837,5297
48840,남해군,경상남도,2018,43990,15910,5056
48840,남해군,경상남도,2019,43622,15987,5094
48840,남해군,경상남도,2020,42958,16258,4784
48840,남해군,경상남도,2021,42266,16448,4452
48840,남해군,경상남도,2022,41579,16712,4151
48840,남해군,경상남도,2023,40780,16889,3936
48840,남해군,경상남도,2024,39832,17045,3568
48840,남해군,경상남도,2025,40770,17729,3720
48850,하동군,경상남도,2014,49223,14172,6811
48850,하동군,경상남도,2015,50259,14407,7137
48850,하동군,경상남도,2016,49622,14514,6968
48850,하동군,경상남도,2017,48831,14721,6710
48850,하동군,경상남도,2018,47533,14849,6171
48850,하동군,경상남도,2019,46574,15120,5761
48850,하동군,경상남도,2020,44785,15490,5137
48850,하동군,경상남도,2021,43449,15781,4498
48850,하동군,경상남도,2022,42465,16129,4129
48850,하동군,경상남도,2023,41606,16518,3822
48850,하동군,경상남도,2024,40765,16817,3538
48850,하동군,경상남도,2025,39974,17369,3324
48860,산청군,경상남도,2014,35849,11294,4599
48860,산청군,경상남도,2015,36071,11542,4476
48860,산청군,경상남도,2016,36098,11638,4441
48860,산청군,경상남도,2017,36340,11916,4455
48860,산청군,경상남도,2018,35952,12091,4257
48860,산청군,경상남도,2019,35417,12444,3966
48860,산청군,경상남도,2020,34857,12833,3665
48860,산청군,경상남도,2021,34360,13175,3390
48860,산청군,경상남도,2022,34028,13518,3159
48860,산청군,경상남도,2023,33752,13847,3034
48860,산청군,경상남도,2024,33259,14142,2836
48860,산청군,경상남도,2025,32745,14674,2626
48870,함양군,경상남도,2014,40584,11989,5398
48870,함양군,경상남도,2015,40339,12163,5261
48870,함양군,경상남도,2016,40241,12274,5128
48870,함양군,경상남도,2017,40175,12558,5031
48870,함양군,경상남도,2018,40044,12620,4980
48870,함양군,경상남도,2019,39637,12836,4880
48870,함양군,경상남도,2020,39080,13227,4563
48870,함양군,경상남도,2021,38310,13494,4233
48870,함양군,경상남도,2022,37708,13769,3966
48870,함양군,경상남도,2023,36945,14001,3712
48870,함양군,경상남도,2024,36131,14215,3416
48870,함양군,경상남도,2025,35472,14598,3266
48880,거창군,경상남도,2014,63137,15214,9926
48880,거창군,경상남도,2015,63232,15359,9834
48880,거창군,경상남도,2016,63308,15591,9708
48880,거창군,경상남도,2017,62763,15981,9398
48880,거창군,경상남도,2018,62455,16214,9213
48880,거창군,경상남도,2019,62179,16603,9312
48880,거창군,경상남도,2020,61502,17026,8824
48880,거창군,경상남도,2021,61073,17545,8453
48880,거창군,경상남도,2022,60387,18035,7966
48880,거창군,경상남도,2023,60047,18536,7782
48880,거창군,경상남도,2024,59588,19182,7433
48880,거창군,경상남도,2025,58980,19792,7124
48890,합천군,경상남도,2014,50457,16784,6609
48890,합천군,경상남도,2015,49145,16888,6123
48890,합천군,경상남도,2016,48026,16972,5697
48890,합천군,경상남도,2017,47000,17174,5401
48890,합천군,경상남도,2018,45916,17088,5088
48890,합천군,경상남도,2019,45204,17244,4906
48890,합천군,경상남도,2020,44006,17431,4451
48890,합천군,경상남도,2021,42935,17590,4036
48890,합천군,경상남도,2022,42142,17757,3791
48890,합천군,경상남도,2023,41203,17922,3537
48890,합천군,경상남도,2024,40225,18205,3308
48890,합천군,경상남도,2025,39190,18573,3057
50110,제주시,제주특별자치도,2014,448834,54534,92124
50110,제주시,제주특별자치도,2015,459876,56914,93367
50110,제주시,제주특별자치도,2016,470665,59159,94286
50110,제주시,제주특별자치도,2017,478700,61653,94393
50110,제주시,제주특별자치도,2018,485946,63813,95162
50110,제주시,제주특별자치도,2019,489405,66690,96077
50110,제주시,제주특별자치도,2020,492466,70720,96354
50110,제주시,제주특별자치도,2021,493096,73797,95214
50110,제주시,제주특별자치도,2022,493389,77364,94184
50110,제주시,제주특별자치도,2023,491654,81115,92246
50110,제주시,제주특별자치도,2024,488348,85251,89916
50110,제주시,제주특별자치도,2025,485182,89843,87612
50130,서귀포시,제주특별자치도,2014,158512,27877,28569
50130,서귀포시,제주특별자치도,2015,164519,28979,29089
50130,서귀포시,제주특별자치도,2016,170932,30030,29852
50130,서귀포시,제주특별자치도,2017,178383,31464,30778
50130,서귀포시,제주특별자치도,2018,181245,32394,30820
50130,서귀포시,제주특별자치도,2019,181584,33707,30032
50130,서귀포시,제주특별자치도,2020,182169,35434,29147
50130,서귀포시,제주특별자치도,2021,183663,36848,28811
50130,서귀포시,제주특별자치도,2022,184770,38404,28196
50130,서귀포시,제주특별자치도,2023,183598,40041,27292
50130,서귀포시,제주특별자치도,2024,182020,41734,26145
50130,서귀포시,제주특별자치도,2025,179610,43708,24922
51110,춘천시,강원특별자치도,2014,275791,40376,56207
51110,춘천시,강원특별자치도,2015,277997,41092,56480
51110,춘천시,강원특별자치도,2016,280707,41699,56751
51110,춘천시,강원특별자치도,2017,280514,43914,56192
51110,춘천시,강원특별자치도,2018,280640,45532,55623
51110,춘천시,강원특별자치도,2019,281291,47645,56161
51110,춘천시,강원특별자치도,2020,282765,50567,56351
51110,춘천시,강원특별자치도,2021,284594,52955,56919
51110,춘천시,강원특별자치도,2022,286664,55802,57647
51110,춘천시,강원특별자치도,2023,286426,58611,57459
51110,춘천시,강원특별자치도,2024,286069,61370,57460
51110,춘천시,강원특별자치도,2025,285234,64332,56024
51130,원주시,강원특별자치도,2014,327292,39862,67381
51130,원주시,강원특별자치도,2015,332995,41104,67965
51130,원주시,강원특별자치도,2016,337979,42246,68550
51130,원주시,강원특별자치도,2017,341337,45246,68665
51130,원주시,강원특별자치도,2018,344070,47200,68484
51130,원주시,강원특별자치도,2019,349215,49983,69681
51130,원주시,강원특별자치도,2020,354376,53390,70314
51130,원주시,강원특별자치도,2021,357757,56771,70109
51130,원주시,강원특별자치도,2022,360807,60755,70156
51130,원주시,강원특별자치도,2023,361503,64487,69167
51130,원주시,강원특별자치도,2024,362164,68912,67759
51130,원주시,강원특별자치도,2025,363194,73482,66485
51150,강릉시,강원특별자치도,2014,215807,36009,40601
51150,강릉시,강원특별자치도,2015,214560,36924,39432
51150,강릉시,강원특별자치도,2016,213846,37679,38569
51150,강릉시,강원특별자치도,2017,213952,39784,38144
51150,강릉시,강원특별자치도,2018,212957,41214,37411
51150,강릉시,강원특별자치도,2019,213442,43113,37831
51150,강릉시,강원특별자치도,2020,213321,45484,37046
51150,강릉시,강원특별자치도,2021,212965,47318,36431
51150,강릉시,강원특별자치도,2022,211381,49575,35819
51150,강릉시,강원특별자치도,2023,209439,51700,34835
51150,강릉시,강원특별자치도,2024,207731,54279,33661
51150,강릉시,강원특별자치도,2025,206237,56933,32711
51170,동해시,강원특별자치도,2014,94562,14456,17074
51170,동해시,강원특별자치도,2015,93895,14891,16455
51170,동해시,강원특별자치도,2016,93297,15124,15926
51170,동해시,강원특별자치도,2017,92851,15881,15608
51170,동해시,강원특별자치도,2018,91272,16526,14757
51170,동해시,강원특별자치도,2019,90522,17338,14365
51170,동해시,강원특별자치도,2020,90593,18293,14191
51170,동해시,강원특별자치도,2021,90081,19039,13974
51170,동해시,강원특별자치도,2022,89426,19983,13708
51170,동해시,강원특별자치도,2023,88625,20861,13331
51170,동해시,강원특별자치도,2024,87675,21889,12965
51170,동해시,강원특별자치도,2025,86333,22909,12631
51190,태백시,강원특별자치도,2014,48258,8716,8067
51190,태백시,강원특별자치도,2015,47501,9010,7648
51190,태백시,강원특별자치도,2016,47070,9266,7328
51190,태백시,강원특별자치도,2017,45888,9626,6729
51190,태백시,강원특별자치도,2018,44858,9940,6316
51190,태백시,강원특별자치도,2019,43866,10324,6028
51190,태백시,강원특별자치도,2020,42719,10760,5636
51190,태백시,강원특별자치도,2021,40844,10802,5222
51190,태백시,강원특별자치도,2022,39428,10964,4820
51190,태백시,강원특별자치도,2023,38702,11300,4696
51190,태백시,강원특별자치도,2024,37936,11801,4406
51190,태백시,강원특별자치도,2025,37088,12135,4254
51210,속초시,강원특별자치도,2014,82432,12261,14917
51210,속초시,강원특별자치도,2015,81992,12487,14609
51210,속초시,강원특별자치도,2016,81793,12752,14423
51210,속초시,강원특별자치도,2017,82273,13464,14315
51210,속초시,강원특별자치도,2018,81682,13952,13896
51210,속초시,강원특별자치도,2019,81786,14816,13995
51210,속초시,강원특별자치도,2020,82665,15874,14023
51210,속초시,강원특별자치도,2021,82791,16673,14053
51210,속초시,강원특별자치도,2022,82806,17551,13931
51210,속초시,강원특별자치도,2023,82054,18496,13401
51210,속초시,강원특별자치도,2024,80933,19453,12599
51210,속초시,강원특별자치도,2025,79636,20484,11939
51230,삼척시,강원특별자치도,2014,72314,14245,14807
51230,삼척시,강원특별자치도,2015,70839,14527,13796
51230,삼척시,강원특별자치도,2016,69599,14610,13040
51230,삼척시,강원특별자치도,2017,68514,15093,12561
51230,삼척시,강원특별자치도,2018,68326,15481,12237
51230,삼척시,강원특별자치도,2019,67228,16004,11616
51230,삼척시,강원특별자치도,2020,65243,16572,10475
51230,삼척시,강원특별자치도,2021,63429,16884,9852
51230,삼척시,강원특별자치도,2022,63455,17460,9978
51230,삼척시,강원특별자치도,2023,62651,18014,9771
51230,삼척시,강원특별자치도,2024,61735,18709,9491
51230,삼척시,강원특별자치도,2025,60518,19458,8992
51720,홍천군,강원특별자치도,2014,70451,14400,12041
51720,홍천군,강원특별자치도,2015,70336,14739,11612
51720,홍천군,강원특별자치도,2016,70076,14933,11189
51720,홍천군,강원특별자치도,2017,70340,15899,10946
51720,홍천군,강원특별자치도,2018,69949,16406,10503
51720,홍천군,강원특별자치도,2019,69150,17173,10156
51720,홍천군,강원특별자치도,2020,69242,18133,10347
51720,홍천군,강원특별자치도,2021,68365,19086,9831
51720,홍천군,강원특별자치도,2022,67977,20163,9491
51720,홍천군,강원특별자치도,2023,67309,21287,9120
51720,홍천군,강원특별자치도,2024,66717,22411,8650
51720,홍천군,강원특별자치도,2025,66109,23551,8139
51730,횡성군,강원특별자치도,2014,45373,10834,6877
51730,횡성군,강원특별자치도,2015,45777,11095,6846
51730,횡성군,강원특별자치도,2016,45991,11323,6730
51730,횡성군,강원특별자치도,2017,46281,12025,6475
51730,횡성군,강원특별자치도,2018,46726,12445,6377
51730,횡성군,강원특별자치도,2019,46575,12989,6111
51730,횡성군,강원특별자치도,2020,46472,13701,5723
51730,횡성군,강원특별자치도,2021,46481,14453,5432
51730,횡성군,강원특별자치도,2022,46532,15222,5173
51730,횡성군,강원특별자치도,2023,46359,16038,4980
51730,횡성군,강원특별자치도,2024,46111,16949,4792
51730,횡성군,강원특별자치도,2025,45627,17841,4541
51750,영월군,강원특별자치도,2014,40191,9602,5984
51750,영월군,강원특별자치도,2015,40216,9782,5938
51750,영월군,강원특별자치도,2016,40073,9915,5824
51750,영월군,강원특별자치도,2017,40067,10374,5639
51750,영월군,강원특별자치도,2018,39730,10669,5519
51750,영월군,강원특별자치도,2019,39127,11024,5234
51750,영월군,강원특별자치도,2020,38662,11498,4959
51750,영월군,강원특별자치도,2021,37904,11735,4651
51750,영월군,강원특별자치도,2022,37728,12211,4450
51750,영월군,강원특별자치도,2023,37332,12705,4274
51750,영월군,강원특별자치도,2024,36721,13164,3970
51750,영월군,강원특별자치도,2025,36054,13728,3767
51760,평창군,강원특별자치도,2014,43660,9530,6528
51760,평창군,강원특별자치도,2015,43500,9694,6310
51760,평창군,강원특별자치도,2016,43318,9837,6113
51760,평창군,강원특별자치도,2017,43092,10399,5885
51760,평창군,강원특별자치도,2018,42610,10675,5563
51760,평창군,강원특별자치도,2019,42106,11200,5367
51760,평창군,강원특별자치도,2020,41681,11831,5134
51760,평창군,강원특별자치도,2021,40996,12293,4822
51760,평창군,강원특별자치도,2022,40990,12896,4758
51760,평창군,강원특별자치도,2023,40659,13501,4648
51760,평창군,강원특별자치도,2024,40396,14167,4481
51760,평창군,강원특별자치도,2025,39831,14871,4207
51770,정선군,강원특별자치도,2014,39425,8709,6228
51770,정선군,강원특별자치도,2015,39197,8872,5882
51770,정선군,강원특별자치도,2016,38718,9008,5524
51770,정선군,강원특별자치도,2017,38173,9329,5191
51770,정선군,강원특별자치도,2018,37700,9508,4941
51770,정선군,강원특별자치도,2019,37271,9837,4775
51770,정선군,강원특별자치도,2020,36870,10317,4482
51770,정선군,강원특별자치도,2021,35675,10423,4114
51770,정선군,강원특별자치도,2022,34931,10846,3813
51770,정선군,강원특별자치도,2023,34202,11250,3537
51770,정선군,강원특별자치도,2024,33515,11691,3349
51770,정선군,강원특별자치도,2025,34879,12562,3661
51780,철원군,강원특별자치도,2014,47590,8899,9478
51780,철원군,강원특별자치도,2015,48799,9060,10822
51780,철원군,강원특별자치도,2016,48013,9112,10269
51780,철원군,강원특별자치도,2017,47185,9264,9897
51780,철원군,강원특별자치도,2018,46413,9464,9496
51780,철원군,강원특별자치도,2019,45584,9830,9058
51780,철원군,강원특별자치도,2020,44699,10171,8571
51780,철원군,강원특별자치도,2021,43340,10318,7991
51780,철원군,강원특별자치도,2022,42256,10657,7523
51780,철원군,강원특별자치도,2023,41448,11093,7245
51780,철원군,강원특별자치도,2024,40497,11487,6764
51780,철원군,강원특별자치도,2025,39979,11931,6683
51790,화천군,강원특별자치도,2014,27143,4791,7430
51790,화천군,강원특별자치도,2015,27020,4821,7464
51790,화천군,강원특별자치도,2016,26264,4806,6865
51790,화천군,강원특별자치도,2017,26022,4946,6548
51790,화천군,강원특별자치도,2018,25084,5064,5864
51790,화천군,강원특별자치도,2019,24917,5319,5714
51790,화천군,강원특별자치도,2020,24857,5609,5649
51790,화천군,강원특별자치도,2021,24195,5727,5309
51790,화천군,강원특별자치도,2022,23388,5909,4800
51790,화천군,강원특별자치도,2023,23007,6136,4582
51790,화천군,강원특별자치도,2024,22922,6380,4382
51790,화천군,강원특별자치도,2025,22371,6658,4267
51800,양구군,강원특별자치도,2014,23888,4051,5666
51800,양구군,강원특별자치도,2015,24089,4082,5806
51800,양구군,강원특별자치도,2016,24010,4108,5721
51800,양구군,강원특별자치도,2017,23835,4259,5483
51800,양구군,강원특별자치도,2018,23408,4324,5189
51800,양구군,강원특별자치도,2019,22764,4493,4811
51800,양구군,강원특별자치도,2020,22278,4702,4647
51800,양구군,강원특별자치도,2021,21748,4893,4308
51800,양구군,강원특별자치도,2022,21383,5072,4038
51800,양구군,강원특별자치도,2023,21056,5278,3830
51800,양구군,강원특별자치도,2024,20621,5488,3587
51800,양구군,강원특별자치도,2025,20410,5726,3470
51810,인제군,강원특별자치도,2014,32475,5537,6817
51810,인제군,강원특별자치도,2015,33255,5573,7519
51810,인제군,강원특별자치도,2016,32720,5602,7056
51810,인제군,강원특별자치도,2017,32582,5859,6860
51810,인제군,강원특별자치도,2018,32136,6014,6549
51810,인제군,강원특별자치도,2019,31672,6194,6343
51810,인제군,강원특별자치도,2020,31694,6530,6241
51810,인제군,강원특별자치도,2021,32165,6899,6460
51810,인제군,강원특별자치도,2022,32206,7269,6378
51810,인제군,강원특별자치도,2023,32020,7627,6270
51810,인제군,강원특별자치도,2024,31535,7993,5949
51810,인제군,강원특별자치도,2025,30863,8381,5633
51820,고성군,강원특별자치도,2014,30269,6888,6613
51820,고성군,강원특별자치도,2015,30060,6996,6301
51820,고성군,강원특별자치도,2016,30114,7151,6072
51820,고성군,강원특별자치도,2017,30029,7300,5879
51820,고성군,강원특별자치도,2018,28144,7416,5073
51820,고성군,강원특별자치도,2019,27260,7659,4529
51820,고성군,강원특별자치도,2020,26757,7945,4160
51820,고성군,강원특별자치도,2021,27249,8236,4008
51820,고성군,강원특별자치도,2022,27274,8517,3940
51820,고성군,강원특별자치도,2023,27305,8773,3870
51820,고성군,강원특별자치도,2024,26999,9123,3700
51820,고성군,강원특별자치도,2025,26845,9487,3584
51830,양양군,강원특별자치도,2014,27521,6764,4188
51830,양양군,강원특별자치도,2015,27479,6922,4071
51830,양양군,강원특별자치도,2016,27218,6981,3939
51830,양양군,강원특별자치도,2017,27207,7314,3755
51830,양양군,강원특별자치도,2018,27347,7556,3664
51830,양양군,강원특별자치도,2019,27726,7945,3673
51830,양양군,강원특별자치도,2020,27946,8314,3686
51830,양양군,강원특별자치도,2021,27913,8671,3507
51830,양양군,강원특별자치도,2022,27866,9022,3374
51830,양양군,강원특별자치도,2023,27710,9398,3292
51830,양양군,강원특별자치도,2024,27489,9704,3116
51830,양양군,강원특별자치도,2025,27292,10020,3008
52110,전주시,전북특별자치도,2014,652877,75226,143164
52110,전주시,전북특별자치도,2015,652282,78948,141892
52110,전주시,전북특별자치도,2016,651744,81555,140178
52110,전주시,전북특별자치도,2017,648964,85157,137851
52110,전주시,전북특별자치도,2018,651091,88563,137075
52110,전주시,전북특별자치도,2019,654394,93161,138071
52110,전주시,전북특별자치도,2020,657432,98562,138407
52110,전주시,전북특별자치도,2021,657269,102985,138233
52110,전주시,전북특별자치도,2022,651495,107357,135493
52110,전주시,전북특별자치도,2023,642727,111617,131611
52110,전주시,전북특별자치도,2024,635651,117495,127631
52110,전주시,전북특별자치도,2025,625437,123734,122892
52130,군산시,전북특별자치도,2014,278098,39555,54886
52130,군산시,전북특별자치도,2015,278398,41317,53576
52130,군산시,전북특별자치도,2016,277551,42810,51707
52130,군산시,전북특별자치도,2017,274997,44580,49322
52130,군산시,전북특별자치도,2018,272645,45913,47557
52130,군산시,전북특별자치도,2019,270131,48059,46494
52130,군산시,전북특별자치도,2020,267859,50700,45503
52130,군산시,전북특별자치도,2021,265304,52714,44219
52130,군산시,전북특별자치도,2022,262467,54997,42806
52130,군산시,전북특별자치도,2023,259980,57042,41724
52130,군산시,전북특별자치도,2024,258047,59458,40611
52130,군산시,전북특별자치도,2025,256291,62540,39651
52140,익산시,전북특별자치도,2014,304117,45251,62454
52140,익산시,전북특별자치도,2015,302061,47026,60814
52140,익산시,전북특별자치도,2016,300479,48531,59509
52140,익산시,전북특별자치도,2017,300187,50357,59748
52140,익산시,전북특별자치도,2018,294062,51541,56936
52140,익산시,전북특별자치도,2019,287771,53525,54736
52140,익산시,전북특별자치도,2020,282276,56167,52362
52140,익산시,전북특별자치도,2021,278113,58099,50844
52140,익산시,전북특별자치도,2022,273697,60045,49406
52140,익산시,전북특별자치도,2023,270036,62046,48128
52140,익산시,전북특별자치도,2024,268001,64800,46753
52140,익산시,전북특별자치도,2025,267066,68281,46053
52180,정읍시,전북특별자치도,2014,117183,27327,18989
52180,정읍시,전북특별자치도,2015,115977,27944,18389
52180,정읍시,전북특별자치도,2016,115173,28228,18047
52180,정읍시,전북특별자치도,2017,113776,28587,17537
52180,정읍시,전북특별자치도,2018,112169,28804,16844
52180,정읍시,전북특별자치도,2019,110541,29490,16323
52180,정읍시,전북특별자치도,2020,108508,30258,15675
52180,정읍시,전북특별자치도,2021,106487,30561,15096
52180,정읍시,전북특별자치도,2022,105081,31356,14637
52180,정읍시,전북특별자치도,2023,103620,31905,14067
52180,정읍시,전북특별자치도,2024,102127,32647,13461
52180,정읍시,전북특별자치도,2025,101123,33658,13149
52190,남원시,전북특별자치도,2014,85643,20003,13357
52190,남원시,전북특별자치도,2015,84856,20468,12952
52190,남원시,전북특별자치도,2016,84188,20711,12689
52190,남원시,전북특별자치도,2017,83281,21167,12364
52190,남원시,전북특별자치도,2018,82554,21444,12043
52190,남원시,전북특별자치도,2019,81441,22050,11615
52190,남원시,전북특별자치도,2020,80662,22694,11312
52190,남원시,전북특별자치도,2021,79431,23223,10829
52190,남원시,전북특별자치도,2022,77948,23691,10232
52190,남원시,전북특별자치도,2023,76781,24126,9769
52190,남원시,전북특별자치도,2024,75647,24831,9340
52190,남원시,전북특별자치도,2025,74272,25624,8966
52210,김제시,전북특별자치도,2014,90108,24040,14135
52210,김제시,전북특별자치도,2015,88721,24524,13510
52210,김제시,전북특별자치도,2016,87782,24850,12872
52210,김제시,전북특별자치도,2017,86926,25155,12368
52210,김제시,전북특별자치도,2018,85331,25257,11851
52210,김제시,전북특별자치도,2019,83895,25650,11374
52210,김제시,전북특별자치도,2020,82450,26322,10790
52210,김제시,전북특별자치도,2021,80913,26783,10368
52210,김제시,전북특별자치도,2022,81455,27495,10643
52210,김제시,전북특별자치도,2023,81430,27950,10675
52210,김제시,전북특별자치도,2024,80635,28533,10286
52210,김제시,전북특별자치도,2025,81676,29522,10566
52710,완주군,전북특별자치도,2014,90377,17430,16199
52710,완주군,전북특별자치도,2015,95303,18326,17140
52710,완주군,전북특별자치도,2016,95480,18813,16507
52710,완주군,전북특별자치도,2017,95975,19377,15830
52710,완주군,전북특별자치도,2018,94444,19780,15033
52710,완주군,전북특별자치도,2019,92220,20438,14185
52710,완주군,전북특별자치도,2020,91609,21410,13764
52710,완주군,전북특별자치도,2021,91142,22195,13394
52710,완주군,전북특별자치도,2022,92422,22950,13779
52710,완주군,전북특별자치도,2023,97827,24192,15329
52710,완주군,전북특별자치도,2024,99279,25240,15658
52710,완주군,전북특별자치도,2025,100444,26818,15712
52720,진안군,전북특별자치도,2014,26474,7996,3594
52720,진안군,전북특별자치도,2015,26203,8110,3401
52720,진안군,전북특별자치도,2016,26069,8133,3337
52720,진안군,전북특별자치도,2017,26271,8309,3252
52720,진안군,전북특별자치도,2018,25963,8435,3121
52720,진안군,전북특별자치도,2019,25697,8613,3079
52720,진안군,전북특별자치도,2020,25394,8898,2887
52720,진안군,전북특별자치도,2021,24987,9053,2670
52720,진안군,전북특별자치도,2022,24550,9260,2515
52720,진안군,전북특별자치도,2023,24465,9433,2483
52720,진안군,전북특별자치도,2024,24161,9725,2415
52720,진안군,전북특별자치도,2025,24249,10131,2446
52730,무주군,전북특별자치도,2014,25390,7245,3553
52730,무주군,전북특별자치도,2015,25220,7441,3410
52730,무주군,전북특별자치도,2016,24949,7527,3204
52730,무주군,전북특별자치도,2017,24809,7701,3112
52730,무주군,전북특별자치도,2018,24589,7715,3026
52730,무주군,전북특별자치도,2019,24303,7891,2925
52730,무주군,전북특별자치도,2020,24036,8075,2770
52730,무주군,전북특별자치도,2021,23748,8153,2625
52730,무주군,전북특별자치도,2022,23489,8393,2477
52730,무주군,전북특별자치도,2023,23251,8554,2428
52730,무주군,전북특별자치도,2024,23032,8755,2406
52730,무주군,전북특별자치도,2025,22787,9032,2379
52740,장수군,전북특별자치도,2014,23335,6700,3282
52740,장수군,전북특별자치도,2015,23277,6832,3154
52740,장수군,전북특별자치도,2016,23628,6974,3204
52740,장수군,전북특별자치도,2017,23003,7111,2976
52740,장수군,전북특별자치도,2018,23221,7198,3030
52740,장수군,전북특별자치도,2019,22441,7304,2750
52740,장수군,전북특별자치도,2020,22085,7557,2565
52740,장수군,전북특별자치도,2021,21695,7716,2333
52740,장수군,전북특별자치도,2022,21336,7852,2175
52740,장수군,전북특별자치도,2023,20983,8030,2034
52740,장수군,전북특별자치도,2024,20663,8243,1939
52740,장수군,전북특별자치도,2025,20922,8529,2040
52750,임실군,전북특별자치도,2014,29966,9353,4491
52750,임실군,전북특별자치도,2015,30271,9529,4510
52750,임실군,전북특별자치도,2016,30197,9552,4451
52750,임실군,전북특별자치도,2017,30162,9669,4268
52750,임실군,전북특별자치도,2018,30072,9770,4254
52750,임실군,전북특별자치도,2019,28902,9830,3823
52750,임실군,전북특별자치도,2020,27314,9952,3227
52750,임실군,전북특별자치도,2021,26730,10105,2938
52750,임실군,전북특별자치도,2022,26508,10270,2835
52750,임실군,전북특별자치도,2023,25956,10357,2713
52750,임실군,전북특별자치도,2024,25577,10617,2560
52750,임실군,전북특별자치도,2025,25259,10944,2407
52770,순창군,전북특별자치도,2014,30368,9160,4448
52770,순창군,전북특별자치도,2015,30248,9184,4297
52770,순창군,전북특별자치도,2016,29949,9193,4064
52770,순창군,전북특별자치도,2017,29698,9286,3891
52770,순창군,전북특별자치도,2018,29209,9279,3673
52770,순창군,전북특별자치도,2019,28382,9312,3443
52770,순창군,전북특별자치도,2020,27810,9455,3205
52770,순창군,전북특별자치도,2021,26855,9481,2893
52770,순창군,전북특별자치도,2022,26727,9647,2878
52770,순창군,전북특별자치도,2023,26764,9779,2987
52770,순창군,전북특별자치도,2024,26822,10126,2994
52770,순창군,전북특별자치도,2025,27714,10644,3166
52790,고창군,전북특별자치도,2014,60090,17381,9023
52790,고창군,전북특별자치도,2015,60046,17656,8941
52790,고창군,전북특별자치도,2016,60597,17857,8956
52790,고창군,전북특별자치도,2017,60472,18147,8781
52790,고창군,전북특별자치도,2018,57041,18076,7520
52790,고창군,전북특별자치도,2019,55504,18370,6975
52790,고창군,전북특별자치도,2020,54529,18782,6495
52790,고창군,전북특별자치도,2021,53386,19042,6071
52790,고창군,전북특별자치도,2022,52338,19364,5652
52790,고창군,전북특별자치도,2023,51750,19839,5389
52790,고창군,전북특별자치도,2024,50982,20222,5142
52790,고창군,전북특별자치도,2025,50396,20636,4999
52800,부안군,전북특별자치도,2014,57534,15959,8614
52800,부안군,전북특별자치도,2015,56848,16219,8303
52800,부안군,전북특별자치도,2016,57005,16469,8282
52800,부안군,전북특별자치도,2017,56086,16679,7912
52800,부안군,전북특별자치도,2018,54441,16635,7315
52800,부안군,전북특별자치도,2019,53295,16983,6912
52800,부안군,전북특별자치도,2020,52140,17371,6491
52800,부안군,전북특별자치도,2021,50795,17509,6003
52800,부안군,전북특별자치도,2022,50094,17942,5698
52800,부안군,전북특별자치도,2023,49187,18258,5459
52800,부안군,전북특별자치도,2024,48066,18571,5100
52800,부안군,전북특별자치도,2025,47220,18882,4837
