hospital_id,hospital_name,region_code,hospital_type,address,opened_on,beds,latitude,longitude,closure_candidate,distance_km
JDQ4MTYyMiM4MSMkMiMkMCMkMDAkNDgxOTYxIzUxIyQxIyQxIyQ3MiQyNjEwMDIjNDEjJDEjJDgjJDgz,(사) 경찰공제회 포항의원,47110,의원,"경상북도 포항시 남구 오천읍 냉천로 656, (오천읍)",2001-06-13,0,35.9422573,129.3928992,False,18.46
JDQ4MTYyMiM4MSMkMiMkMCMkMDAkNDgxOTYxIzMxIyQxIyQ3IyQ4OSQzNjE0ODEjNTEjJDEjJDYjJDgz,(재)한국산업보건연구재단 서울DMC건강의원 포항분원,47110,의원,"경상북도 포항시 남구 오천읍 중원로 71-11, 1동 1층 101호",2015-10-06,0,35.9753328,129.4002373,False,15.56
JDQ4MTYyMiM4MSMkMiMkMCMkMDAkNDgxMTkxIzIxIyQxIyQ5IyQ2MiQzNjEyMjIjNjEjJDEjJDAjJDgz,(주)포스코부속의원,47110,의원,"경상북도 포항시 남구 동해안로6213번길 27, 보건지원센타 (동촌동)",2022-03-08,0,35.9953456,129.3875613,False,13.07
JDQ4MTYyMiM4MSMkMSMkMCMkNzIkMzgxOTYxIzQxIyQxIyQ3IyQ5OSQzNjE0ODEjNjEjJDEjJDAjJDgz,2080치과의원,47110,치과의원,"경상북도 포항시 북구 포스코대로 279, (죽도동)",2003-12-02,0,36.0210324,129.3553095,False,9.12
JDQ4MTYyMiM4MSMkMiMkMCMkMDAkNDgxMTkxIzIxIyQxIyQxIyQ3MiQzNjEyMjIjODEjJDEjJDYjJDgz,21세기연합정형외과의원,47110,의원,"경상북도 포항시 북구 학전로111번길 43, (두호동)",2014-12-23,0,36.0631164,129.3715307,False,6.74
JDQ4MTYyMiM4MSMkMSMkMCMkNzIkMzgxOTYxIzUxIyQyIyQxIyQwMCQ0NjE0ODEjNDEjJDEjJDgjJDgz,21세기치과의원,47110,치과의원,"경상북도 포항시 북구 학전로111번길 43, (두호동)",2005-09-22,0,36.0631164,129.3715307,False,6.74
JDQ4MTYyMiM4MSMkMSMkMCMkMTMkNDgxOTYxIzQxIyQxIyQ3IyQwMyQzNjEyMjIjNjEjJDEjJDAjJDgz,365금손한의원,47110,한의원,"경상북도 포항시 북구 새천년대로 1273, 2층 (장성동)",2025-08-27,0,36.0751306,129.3862405,False,7.47
JDQ4MTYyMiM4MSMkMiMkMCMkMDAkNDgxMTkxIzExIyQxIyQ3IyQ5OSQyNjEwMDIjNDEjJDEjJDQjJDgz,365늘속편한내과의원,47110,의원,"경상북도 포항시 남구 상도남로34번길 15, 2층 (상도동)",2019-04-04,0,36.0067987,129.3447662,False,10.17
JDQ4MTYyMiM4MSMkMiMkMCMkMDAkMzgxMTkxIzExIyQxIyQzIyQ3OSQ0NjEwMDIjNTEjJDEjJDIjJDgz,365드림아이의원,47110,의원,"경상북도 포항시 북구 삼흥로 18, (두호동)",2013-09-09,0,36.063902,129.3803682,False,7.41
JDQ4MTYyMiM4MSMkMSMkMCMkMTMkNDgxOTYxIzIxIyQxIyQ5IyQ4MiQ0NjE0ODEjNzEjJDEjJDgjJDgz,365청담한의원,47110,한의원,"경상북도 포항시 남구 대이로 45, 3층 (대잠동, 이수빌딩)",2013-01-02,0,36.0192664,129.3415648,False,8.77
JDQ4MTYyMiM4MSMkMiMkMCMkMDAkMzgxOTYxIzExIyQxIyQzIyQ5MiQyNjEyMjIjNDEjJDEjJDgjJDgz,ABC김광우소아청소년과의원,47110,의원,"경상북도 포항시 북구 두호로 21, (두호동)",2002-09-25,0,36.0597091,129.3760844,False,7.29
JDQ4MTYyMiM4MSMkMiMkMCMkMDAkNDgxMzUxIzQxIyQxIyQ3IyQ3OSQyNjEwMDIjNTEjJDEjJDIjJDgz,S나비의원,47110,의원,"경상북도 포항시 북구 중흥로 331-1, (죽도동)",2005-12-16,0,36.0317022,129.3648568,False,8.6
JDQ4MTYyMiM4MSMkMSMkMCMkMTMkNDgxMzUxIzMxIyQxIyQ3IyQ2MiQyNjEyMjIjNDEjJDEjJDgjJDgz,가온자리한의원,47110,한의원,"경상북도 포항시 북구 두호로 25, (두호동)",2004-05-27,0,36.0598221,129.3754941,False,7.24
JDQ4MTYyMiM4MSMkMSMkMCMkNzIkMzgxMTkxIzIxIyQxIyQxIyQ5MiQzNjE4MzIjODEjJDEjJDYjJDgz,가지런한이연합치과교정과치과의원,47110,치과의원,"경상북도 포항시 북구 중흥로 206, (죽도동)",2014-03-19,0,36.0219116,129.3578079,False,9.14
JDQ4MTYyMiM4MSMkMSMkMCMkMTMkMzgxNzAyIzMxIyQxIyQ3IyQ3MiQ0NjE0ODEjNDEjJDEjJDgjJDgz,갑자한의원,47110,한의원,"경상북도 포항시 북구 중흥로 341-1, (죽도동)",1992-09-01,0,36.0324497,129.3653872,False,8.56
JDQ4MTYyMiM4MSMkMSMkMCMkNzIkMzgxOTYxIzQxIyQxIyQ3IyQ4OSQ0NjE0ODEjNDEjJDEjJDQjJDgz,강남탑치과의원,47110,치과의원,"경상북도 포항시 남구 오천읍 원동로 22, (4층)",2015-02-16,0,35.9650037,129.4032856,False,16.68
JDQ4MTYyMiM4MSMkMiMkMCMkMDAkMzgxOTYxIzUxIyQxIyQxIyQwMyQ0NjE0ODEjODEjJDEjJDIjJDgz,강석암의원,47110,의원,"경상북도 포항시 북구 흥해읍 흥해로 26-4, (흥해읍)",1993-12-07,15,36.1079307,129.345587,False,3.94
JDQ4MTYyMiM4MSMkMiMkMCMkMDAkMzgxNzAyIzExIyQxIyQzIyQ4OSQ0NjEwMDIjNjEjJDEjJDQjJDgz,강이비인후과의원,47110,의원,"경상북도 포항시 남구 오천읍 정몽주로 643, 3.4층",2000-04-19,0,35.9752785,129.4138628,False,16.26
JDQ4MTYyMiM4MSMkMiMkMCMkMDAkMzgxOTYxIzIxIyQxIyQ5IyQ4MiQzNjEyMjIjNDEjJDEjJDgjJDgz,강한철외과의원,47110,의원,"경상북도 포항시 남구 상공로 119, (대도동)",1989-04-21,1,36.0184269,129.3608283,False,9.62
JDQ4MTYyMiM4MSMkMiMkMCMkMDAkNDgxMTkxIzIxIyQxIyQxIyQ5MiQzNjE0ODEjNzEjJDEjJDgjJDgz,강호준신경외과의원,47110,의원,"경상북도 포항시 북구 새천년대로 1051, 3층 (창포동)",2020-08-06,0,36.0626878,129.3706398,False,6.7
JDQ4MTYyMiM4MSMkMiMkMCMkMDAkNDgxOTYxIzMxIyQxIyQzIyQ2MiQzNjE4MzIjNTEjJDEjJDYjJDgz,경대속좋은내과의원,47110,의원,"경상북도 포항시 북구 신덕로 248, (양덕동)",2015-04-10,0,36.0877454,129.3890318,False,7.48
JDQ4MTYyMiM4MSMkMiMkMCMkMDAkMzgxNzAyIzExIyQxIyQ3IyQxMyQ0NjEwMDIjNDEjJDEjJDQjJDgz,경대연합내과의원,47110,의원,"경상북도 포항시 북구 삼흥로 18, (두호동)",2012-05-18,0,36.063902,129.3803682,False,7.41
JDQ4MTYyMiM4MSMkMiMkMCMkMDAkMzgxMTkxIzExIyQxIyQzIyQ4OSQzNjE4MzIjNTEjJDEjJDYjJDgz,경대연합의원,47110,의원,"경상북도 포항시 북구 기계면 기계로56번길 1, (기계면)",2008-01-07,0,36.0701826,129.2101839,False,8.97
JDQ4MTYyMiM4MSMkMiMkMCMkMDAkNDgxOTYxIzExIyQxIyQ3IyQ2MiQ0NjEwMDIjNjEjJDEjJDAjJDgz,경대연합의원,47110,의원,"경상북도 포항시 남구 동해면 일월로 127, (동해면)",2011-12-01,0,35.9879991,129.4469318,False,17.21
JDQ4MTYyMiM4MSMkMSMkMCMkMTMkMzgxNzAyIzMxIyQxIyQ3IyQ4OSQzNjEwMDIjODEjJDEjJDIjJDgz,경락한의원,47110,한의원,"경상북도 포항시 북구 청하면 수목원로 1425-3, (청하면)",1997-08-14,0,36.1922048,129.3079006,False,11.07
JDQ4MTYyMiM4MSMkMSMkMCMkMTMkNDgxMzUxIzExIyQxIyQzIyQ4OSQ0NjE0ODEjNDEjJDEjJDQjJDgz,경북한의원,47110,한의원,"경상북도 포항시 남구 오천읍 정몽주로 646, 646",1996-12-19,0,35.9756059,129.4141414,False,16.25
JDQ4MTYyMiM4MSMkMSMkMCMkOTkkNTgxMzUxIzExIyQxIyQzIyQ3MiQyNjEwMDIjNDEjJDEjJDgjJDgz,경상북도포항노인전문요양병원,47110,요양병원,"경상북도 포항시 북구 용흥로 36, (용흥동)",2006-05-04,110,36.0348814,129.3549409,True,7.79
JDQ4MTYyMiM4MSMkMSMkMCMkODkkMzgxMzUxIzExIyQxIyQzIyQ3OSQzNjE0ODEjNDEjJDEjJDgjJDgz,경상북도포항의료원,47110,종합병원,"경상북도 포항시 북구 용흥로 36,  (용흥동)",1978-07-27,294,36.0348814,129.3549409,True,7.79
JDQ4MTYyMiM4MSMkMSMkMCMkMTMkMzgxNzAyIzUxIyQxIyQ1IyQxMyQyNjEwMDIjNTEjJDEjJDIjJDgz,경희생생한의원,47110,한의원,"경상북도 포항시 남구 효성로 14, 태인빌딩 2층 (효자동)",2019-10-20,0,36.0063223,129.3352789,False,9.96
JDQ4MTYyMiM4MSMkMiMkMCMkMDAkMzgxOTYxIzUxIyQxIyQxIyQ3OSQzNjEyMjIjNTEjJDEjJDYjJDgz,고내과의원,47110,의원,"경상북도 포항시 북구 중흥로 210, (죽도동)",1992-04-01,0,36.0220675,129.3579264,False,9.13
JDQ4MTYyMiM4MSMkMSMkMCMkOTkkNTgxMzUxIzIxIyQxIyQ1IyQ3MiQzNjE4MzIjNDEjJDEjJDQjJDgz,고려대련요양병원,47110,요양병원,"경상북도 포항시 북구 흥해읍 새마을로 318-12, (흥해읍)",2019-01-08,298,36.046055,129.3307708,True,5.64
JDQ4MTYyMiM4MSMkMSMkMCMkNzIkMzgxMTkxIzExIyQxIyQzIyQ2MiQ0NjEwMDIjNDEjJDEjJDgjJDgz,고른이기쁨의치과의원,47110,치과의원,"경상북도 포항시 북구 장량로 196, (양덕동)",2010-06-21,0,36.0815509,129.4016866,False,8.69
JDQ4MTYyMiM4MSMkMiMkMCMkMDAkMzgxNzAyIzQxIyQyIyQ3IyQwMCQzNjE4MzIjODEjJDEjJDIjJDgz,고운권호준피부과의원,47110,의원,"경상북도 포항시 북구 포스코대로 288, 3층 (죽도동, 미르빌딩)",2003-02-25,0,36.0200007,129.3553258,False,9.22
JDQ4MTYyMiM4MSMkMiMkMCMkMDAkMzgxMTkxIzQxIyQxIyQ3IyQ5OSQ0NjE0ODEjNTEjJDEjJDYjJDgz,고운피부과의원,47110,의원,"경상북도 포항시 북구 불종로 57, (상원동)",1999-02-20,0,36.0384045,129.3661383,False,8.1
JDQ4MTYyMiM4MSMkMSMkMCMkNzIkMzgxMTkxIzUxIyQxIyQxIyQ3MiQzNjEwMDIjNjEjJDEjJDgjJDgz,고은미소치과의원,47110,치과의원,"경상북도 포항시 북구 새천년대로 1273, 401호 (장성동)",2025-11-28,0,36.0751306,129.3862405,False,7.47
JDQ4MTYyMiM4MSMkMiMkMCMkMDAkMzgxNzAyIzMxIyQxIyQzIyQwMyQyNjEyMjIjNDEjJDEjJDgjJDgz,고창대유외과의원,47110,의원,"경상북도 포항시 북구 포스코대로 288, (죽도동)",2002-04-16,4,36.0200007,129.3553258,False,9.22
JDQ4MTYyMiM4MSMkMSMkMCMkMTMkNDgxOTYxIzIxIyQyIyQ1IyQwMCQzNjEyMjIjNTEjJDEjJDIjJDgz,공단한의원,47110,한의원,"경상북도 포항시 남구 철강로 362, 1층 (호동, 포항철강관리공단)",2010-05-01,0,35.9781626,129.3792032,False,14.33
JDQ4MTYyMiM4MSMkMSMkMCMkMTMkNDgxMzUxIzExIyQxIyQ3IyQ4MiQyNjE0ODEjNzEjJDEjJDgjJDgz,곽 한의원,47110,한의원,"경상북도 포항시 남구 포스코대로 138, (대잠동)",2002-04-02,0,36.0255491,129.3406189,False,8.09
JDQ4MTYyMiM4MSMkMiMkMCMkMDAkNDgxOTYxIzExIyQxIyQzIyQ4MiQyNjEwMDIjNzEjJDEjJDgjJDgz,곽의원,47110,의원,"경상북도 포항시 북구 칠성천길 111, (죽도동)",2014-04-28,0,36.0362872,129.3659726,False,8.27
JDQ4MTYyMiM4MSMkMSMkMCMkMTMkMzgxNzAyIzMxIyQxIyQ3IyQ4MiQzNjE4MzIjNDEjJDEjJDgjJDgz,구룡포경희한의원,47110,한의원,"경상북도 포항시 남구 구룡포읍 구룡포길 73, (구룡포읍)",2010-07-21,0,35.9905213,129.5539056,False,25.02
JDQ4MTYyMiM4MSMkMiMkMCMkMDAkNDgxMTkxIzUxIyQxIyQ1IyQ5OSQyNjEyMjIjODEjJDEjJDYjJDgz,구룡포성모연합의원,47110,의원,"경상북도 포항시 남구 구룡포읍 구룡포길 73-5, (구룡포읍)",1999-01-30,0,35.990578,129.5537132,False,25.0
JDQ4MTYyMiM4MSMkMSMkMCMkMTMkNDgxMzUxIzMxIyQxIyQzIyQ2MiQyNjEwMDIjNjEjJDEjJDgjJDgz,구산한의원,47110,한의원,"경상북도 포항시 북구 상대로 50, (죽도동)",2003-11-14,0,36.0165137,129.3525716,False,9.45
JDQ4MTYyMiM4MSMkMSMkMCMkOTIkMzgxNzAyIzIxIyQyIyQxIyQwMCQzNjE0ODEjNDEjJDEjJDQjJDgz,구지보건진료소,47110,보건진료소,"경상북도 포항시 북구 기계면 구지길 47-1, (기계면)",1984-10-28,0,36.1059603,129.1418068,False,14.83
JDQ4MTYyMiM4MSMkMiMkMCMkMDAkNDgxOTYxIzMxIyQxIyQ3IyQ5MiQzNjEwMDIjNjEjJDEjJDQjJDgz,굿모닝연합소아청소년과의원,47110,의원,"경상북도 포항시 북구 양덕로 47, 2층 (양덕동)",2016-01-18,0,36.0828735,129.401695,False,8.67
JDQ4MTYyMiM4MSMkMiMkMCMkMDAkNDgxMzUxIzExIyQxIyQ3IyQwMyQ0NjE0ODEjNDEjJDEjJDQjJDgz,굿모닝유강의원,47110,의원,"경상북도 포항시 남구 연일읍 유강길17번길 9, (연일읍)",2014-11-07,0,36.004425,129.318358,False,9.88
JDQ4MTYyMiM4MSMkMSMkMCMkMTMkNDgxMzUxIzQxIyQxIyQ3IyQ4MiQzNjEyMjIjNjEjJDEjJDAjJDgz,굿모닝한의원,47110,한의원,"경상북도 포항시 북구 대곡로 56, 2층 (두호동)",2005-11-25,0,36.0678989,129.3733578,False,6.65
JDQ4MTYyMiM4MSMkMiMkMCMkMDAkMzgxNzAyIzMxIyQxIyQ3IyQ2MiQzNjE0ODEjNjEjJDEjJDAjJDgz,권영무의원,47110,의원,"경상북도 포항시 북구 새천년대로 1041, (창포동, 쌍용상가)",2002-09-06,0,36.061753,129.3704688,False,6.74
JDQ4MTYyMiM4MSMkMSMkMCMkNzIkMzgxMzUxIzQxIyQxIyQ3IyQ4OSQ0NjEwMDIjNTEjJDEjJDIjJDgz,권진학치과의원,47110,치과의원,"경상북도 포항시 남구 상공로 49, (상도동)",1990-04-24,0,36.0129971,129.3567185,False,9.97
JDQ4MTYyMiM4MSMkMSMkMCMkMTMkNDgxMzUxIzMxIyQxIyQ3IyQ2MiQ0NjE0ODEjNDEjJDEjJDQjJDgz,권한의원,47110,한의원,"경상북도 포항시 북구 양덕로 47, (양덕동)",2009-05-04,0,36.0828735,129.401695,False,8.67
JDQ4MTYyMiM4MSMkMSMkMCMkMTMkNDgxMzUxIzQxIyQxIyQ3IyQ3OSQzNjEyMjIjNDEjJDEjJDgjJDgz,금강한의원,47110,한의원,"경상북도 포항시 남구 연일읍 유강길17번길 25, (연일읍)",2012-12-31,0,36.0037899,129.3165875,False,9.93
JDQ4MTYyMiM4MSMkMSMkMCMkOTIkMzgxOTYxIzExIyQxIyQ3IyQwMyQzNjEyMjIjNjEjJDEjJDQjJDgz,기계면보건지소,47110,보건지소,"경상북도 포항시 북구 기계면 근면길 14, (기계면사무소)",1971-11-05,0,36.072433,129.21025,False,8.9
JDQ4MTYyMiM4MSMkMSMkMCMkNzIkMzgxOTYxIzIxIyQxIyQxIyQ4OSQzNjE0ODEjNjEjJDEjJDQjJDgz,기계수치과의원,47110,치과의원,"경상북도 포항시 북구 기계면 기계로56번길 14, (기계면)",2016-10-07,0,36.0710181,129.21061,False,8.91
JDQ4MTYyMiM4MSMkMSMkMCMkNzIkMzgxOTYxIzExIyQxIyQ3IyQ4OSQzNjEyMjIjNjEjJDEjJDQjJDgz,기계연합치과의원,47110,치과의원,"경상북도 포항시 북구 기계면 기계로 50, (기계면)",2007-01-04,0,36.0698003,129.2111263,False,8.9
JDQ4MTYyMiM4MSMkMiMkMCMkMDAkMzgxMTkxIzIxIyQxIyQ5IyQ2MiQyNjE0ODEjNTEjJDEjJDYjJDgz,기계의원,47110,의원,"경상북도 포항시 북구 기계면 기계로 48, (기계면)",1997-04-09,0,36.069772,129.211407,False,8.88
JDQ4MTYyMiM4MSMkMSMkMCMkMTMkNDgxMzUxIzExIyQxIyQ3IyQ5MiQ0NjE0ODEjNDEjJDEjJDQjJDgz,기계한의원,47110,한의원,"경상북도 포항시 북구 기계면 근면길 20, 1층",2016-08-04,0,36.0719648,129.2096748,False,8.96
JDQ4MTYyMiM4MSMkMSMkMCMkOTIkMzgxOTYxIzExIyQxIyQ3IyQxMyQzNjEwMDIjNjEjJDEjJDAjJDgz,기북면보건지소,47110,보건지소,"경상북도 포항시 북구 기북면 기북로 443, (기북면보건지소)",1987-02-06,0,36.128582,129.16635,False,13.17
JDQ4MTYyMiM4MSMkMiMkMCMkMDAkMzgxNzAyIzIxIyQyIyQxIyQwMCQyNjEyMjIjNjEjJDEjJDQjJDgz,기재만가정의학과의원,47110,의원,"경상북도 포항시 남구 오천읍 정몽주로 687, (오천읍)",2001-03-02,0,35.9789454,129.4123048,False,15.85
JDQ4MTYyMiM4MSMkMSMkMCMkMTMkNDgxOTYxIzExIyQyIyQ3IyQwMCQyNjE4MzIjNjEjJDEjJDQjJDgz,길한의원,47110,한의원,"경상북도 포항시 북구 흥해읍 한동로 30-1, 30",2009-12-16,0,36.1106877,129.3448325,False,4.02
JDQ4MTYyMiM4MSMkMSMkMCMkNzIkMzgxMzUxIzMxIyQyIyQ3IyQwMCQyNjEwMDIjNjEjJDEjJDQjJDgz,김대수치과의원,47110,치과의원,"경상북도 포항시 남구 효자동길7번길 13, (효자동)",1989-04-24,0,36.0077699,129.3285934,False,9.66
JDQ4MTYyMiM4MSMkMiMkMCMkMDAkMzgxMTkxIzIxIyQxIyQ1IyQ3OSQyNjE0ODEjODEjJDEjJDIjJDgz,김석주피부과의원,47110,의원,"경상북도 포항시 북구 중흥로 228, (죽도동)",2003-06-19,0,36.0235082,129.3590183,False,9.05
JDQ4MTYyMiM4MSMkMSMkMCMkNzIkMzgxOTYxIzExIyQxIyQ3IyQxMyQyNjE4MzIjODEjJDEjJDYjJDgz,김성윤치과의원,47110,치과의원,"경상북도 포항시 북구 칠성로 23, (남빈동)",1995-04-28,0,36.036324,129.3645333,False,8.18
JDQ4MTYyMiM4MSMkMSMkMCMkMTMkNDgxMzUxIzIxIyQxIyQ1IyQ5OSQzNjEwMDIjNDEjJDEjJDgjJDgz,김성재한의원,47110,한의원,"경상북도 포항시 남구 상공로 46, (상도동)",2001-01-04,0,36.0125982,129.356915,False,10.01
JDQ4MTYyMiM4MSMkMiMkMCMkMDAkNDgxMTkxIzQxIyQxIyQ3IyQ3MiQ0NjE0ODEjNzEjJDEjJDgjJDgz,김수영안과의원,47110,의원,"경상북도 포항시 남구 효자동길 10, 효곡상가 2층 202호 (효자동)",2024-09-24,0,36.0084926,129.3301277,False,9.61
JDQ4MTYyMiM4MSMkMiMkMCMkMDAkMzgxMTkxIzExIyQxIyQzIyQ4MiQzNjEwMDIjNTEjJDEjJDYjJDgz,김승한성형외과의원,47110,의원,"경상북도 포항시 북구 중흥로 319, 5층 (죽도동)",2007-08-27,0,36.0307494,129.3640819,False,8.64
JDQ4MTYyMiM4MSMkMiMkMCMkMDAkMzgxNzAyIzMxIyQxIyQzIyQwMyQyNjE0ODEjNjEjJDEjJDAjJDgz,김안나정신건강의학과의원,47110,의원,"경상북도 포항시 북구 포스코대로 264-1, (죽도동)",2002-05-02,0,36.0210592,129.3533103,False,9.03
JDQ4MTYyMiM4MSMkMiMkMCMkMDAkNDgxMzUxIzUxIyQxIyQxIyQxMyQyNjE4MzIjNDEjJDEjJDgjJDgz,김앤이유외과의원,47110,의원,"경상북도 포항시 북구 중흥로 296-1, (죽도동)",2008-05-02,2,36.0287382,129.3631442,False,8.77
JDQ4MTYyMiM4MSMkMiMkMCMkMDAkMzgxMTkxIzUxIyQxIyQxIyQ2MiQyNjEyMjIjNjEjJDEjJDQjJDgz,김양식내과의원,47110,의원,"경상북도 포항시 북구 중흥로 338, (죽도동)",1999-05-24,0,36.0319709,129.3656987,False,8.62
JDQ4MTYyMiM4MSMkMSMkMCMkNzIkMzgxMzUxIzMxIyQxIyQ3IyQ2MiQzNjE4MzIjNDEjJDEjJDgjJDgz,김영진치과의원,47110,치과의원,"경상북도 포항시 남구 상공로 46, (상도동)",1991-11-29,0,36.0125982,129.356915,False,10.01
JDQ4MTYyMiM4MSMkMiMkMCMkMDAkMzgxMTkxIzExIyQxIyQ3IyQxMyQyNjEwMDIjODEjJDEjJDYjJDgz,김원근내과의원,47110,의원,"경상북도 포항시 북구 용두산길 42, (두호동)",1995-04-27,0,36.0674567,129.3813912,False,7.33
JDQ4MTYyMiM4MSMkMiMkMCMkMDAkMzgxMTkxIzIxIyQxIyQxIyQ5MiQyNjE4MzIjNzEjJDEjJDgjJDgz,김원태소아청소년과의원,47110,의원,"경상북도 포항시 남구 오천읍 정몽주로 647, 1층",2024-03-22,0,35.9756032,129.4136854,False,16.22
JDQ4MTYyMiM4MSMkMiMkMCMkMDAkMzgxOTYxIzIxIyQxIyQ5IyQ5OSQzNjEyMjIjNTEjJDEjJDIjJDgz,김응천이비인후과의원,47110,의원,"경상북도 포항시 북구 중흥로 345, (죽도동)",1998-10-31,0,36.0326502,129.3654481,False,8.55
JDQ4MTYyMiM4MSMkMiMkMCMkMDAkMzgxNzAyIzMxIyQxIyQ3IyQ3MiQ0NjE0ODEjNjEjJDEjJDAjJDgz,김종연내과의원,47110,의원,"경상북도 포항시 남구 중흥로 82, 2층 (상도동)",2002-10-25,0,36.0124205,129.3501278,False,9.77
JDQ4MTYyMiM4MSMkMiMkMCMkMDAkMzgxOTYxIzMxIyQxIyQzIyQxMyQyNjEwMDIjODEjJDEjJDYjJDgz,김종호신경정신과의원,47110,의원,"경상북도 포항시 북구 양학천로 165-3, (죽도동)",2005-11-11,0,36.0279074,129.3629687,False,8.84
JDQ4MTYyMiM4MSMkMiMkMCMkMDAkMzgxOTYxIzIxIyQxIyQ5IyQ5OSQyNjEwMDIjNDEjJDEjJDgjJDgz,김지홍정형외과의원,47110,의원,"경상북도 포항시 북구 중흥로 242, (죽도동)",1988-10-28,0,36.0244791,129.3597458,False,8.99
JDQ4MTYyMiM4MSMkMiMkMCMkMDAkMzgxOTYxIzExIyQxIyQzIyQ5MiQzNjEyMjIjNTEjJDEjJDYjJDgz,김창규이비인후과의원,47110,의원,"경상북도 포항시 북구 중앙로 228-1, (죽도동)",1984-10-11,0,36.0334186,129.3660437,False,8.52
JDQ4MTYyMiM4MSMkMSMkMCMkMTMkNDgxMzUxIzIxIyQxIyQ5IyQ4MiQzNjEwMDIjNzEjJDEjJDgjJDgz,김학동한의원,47110,한의원,"경상북도 포항시 북구 중흥로255번길 3, 102동 104호 (죽도동, 죽도 신성펠리스 2차)",2009-07-03,0,36.0258721,129.3600718,False,8.88
JDQ4MTYyMiM4MSMkMSMkMCMkMTMkMzgxNzAyIzIxIyQxIyQ5IyQ4MiQzNjE4MzIjODEjJDEjJDIjJDgz,김한의원,47110,한의원,"경상북도 포항시 남구 포스코대로 119, (이동)",2008-10-10,0,36.0258146,129.3389102,False,8.0
JDQ4MTYyMiM4MSMkMiMkMCMkMDAkMzgxMTkxIzUxIyQxIyQxIyQ3OSQzNjEwMDIjNDEjJDEjJDgjJDgz,꿈의의원,47110,의원,"경상북도 포항시 북구 창흥로 13, 2층 (창포동)",1999-04-22,0,36.0620197,129.3689861,False,6.61
JDQ4MTYyMiM4MSMkMiMkMCMkMDAkNDgxMzUxIzIxIyQxIyQ5IyQ4MiQyNjE0ODEjODEjJDEjJDYjJDgz,나들성모의원,47110,의원,"경상북도 포항시 북구 중앙로 394, (대신동)",2004-05-10,0,36.0476202,129.3643263,False,7.25
JDQ4MTYyMiM4MSMkMSMkMCMkMTMkNDgxMzUxIzUxIyQxIyQxIyQxMyQzNjE4MzIjNDEjJDEjJDgjJDgz,낙천당한의원,47110,한의원,"경상북도 포항시 남구 효성로 32, 2층 (효자동, 태화빌딩)",2015-01-14,0,36.0061122,129.3373254,False,10.03
JDQ4MTYyMiM4MSMkMiMkMCMkMDAkNDgxOTYxIzIxIyQxIyQxIyQ3MiQyNjE4MzIjODEjJDEjJDYjJDgz,내눈에 김안과 의원,47110,의원,"경상북도 포항시 북구 대곡로 57-22, 화림빌딩 3층 (두호동)",2012-08-17,0,36.0686299,129.3727702,False,6.57
JDQ4MTYyMiM4MSMkMiMkMCMkMDAkNDgxMTkxIzQxIyQxIyQ3IyQ4OSQyNjE0ODEjNTEjJDEjJDIjJDgz,내집에서 의원,47110,의원,"경상북도 포항시 북구 우창동로158번길 4-1, (창포동)",2024-04-19,0,36.0621641,129.3657769,False,6.35
JDQ4MTYyMiM4MSMkMSMkMCMkOTIkMzgxNzAyIzIxIyQyIyQxIyQwMCQ0NjEwMDIjNDEjJDEjJDgjJDgz,냉수보건진료소,47110,보건진료소,"경상북도 포항시 북구 신광면 비학로438번길 2-14, (신광면)",1984-11-01,0,36.092372,129.2526962,False,4.79
JDQ4MTYyMiM4MSMkMSMkMCMkNzIkMzgxMzUxIzQxIyQxIyQ3IyQ5MiQ0NjE0ODEjODEjJDEjJDIjJDgz,노도균치과의원,47110,치과의원,"경상북도 포항시 북구 두호로 25, (두호동)",1990-07-04,0,36.0598221,129.3754941,False,7.24
JDQ4MTYyMiM4MSMkMiMkMCMkMDAkNDgxMTkxIzIxIyQxIyQ5IyQ5MiQ0NjE0ODEjNTEjJDEjJDIjJDgz,노영철외과의원,47110,의원,"경상북도 포항시 북구 중흥로 256, 2층 (죽도동)",2022-05-23,1,36.0255961,129.3606381,False,8.93
JDQ4MTYyMiM4MSMkMiMkMCMkMDAkMzgxNzAyIzQxIyQxIyQ3IyQ3OSQyNjE4MzIjNTEjJDEjJDYjJDgz,노진우내과의원,47110,의원,"경상북도 포항시 남구 포스코대로 141, (이동)",2003-01-04,0,36.0260173,129.3414135,False,8.07
JDQ4MTYyMiM4MSMkMSMkMCMkNzIkMzgxMzUxIzMxIyQxIyQ3IyQ4MiQyNjEwMDIjNzEjJDEjJDgjJDgz,노치과의원,47110,치과의원,"경상북도 포항시 남구 구룡포읍 구룡포길 67, 67",1989-05-30,0,35.990246,129.5534352,False,24.99
JDQ4MTYyMiM4MSMkMSMkMCMkNzIkMzgxMTkxIzIxIyQyIyQ5IyQwMCQzNjE4MzIjNTEjJDEjJDIjJDgz,늘가까운치과의원,47110,치과의원,"경상북도 포항시 남구 연일읍 유강길10번길 26-4, 2층",2016-09-02,0,36.0052174,129.3222651,False,9.84
JDQ4MTYyMiM4MSMkMSMkMCMkMTMkNDgxOTYxIzIxIyQxIyQ5IyQ3OSQzNjE4MzIjNjEjJDEjJDQjJDgz,늘사랑한의원,47110,한의원,"경상북도 포항시 북구 장량중앙로 55, 2층 204~205호 (양덕동)",2013-07-18,0,36.0902985,129.3881785,False,7.39
JDQ4MTYyMiM4MSMkMiMkMCMkMDAkNDgxMTkxIzExIyQxIyQzIyQxMyQzNjE0ODEjODEjJDEjJDYjJDgz,늘속편한내과의원,47110,의원,"경상북도 포항시 북구 새천년대로 1051, 2층 (창포동)",2019-02-18,0,36.0626878,129.3706398,False,6.7
JDQ4MTYyMiM4MSMkMSMkMCMkNzIkMzgxOTYxIzUxIyQxIyQxIyQxMyQyNjE4MzIjNTEjJDEjJDYjJDgz,늘편한치과의원,47110,치과의원,"경상북도 포항시 남구 오천읍 원동로 3, 4층 404, 405호",2006-11-16,0,35.9634419,129.4027108,False,16.8
JDQ4MTYyMiM4MSMkMiMkMCMkMDAkNDgxMTkxIzMxIyQxIyQ3IyQxMyQzNjE0ODEjNzEjJDEjJDgjJDgz,다리편한외과의원,47110,의원,"경상북도 포항시 남구 포스코대로 138, DMT대잠메디컬타워 8층 801호 (대잠동)",2024-03-18,5,36.0255491,129.3406189,False,8.09
JDQ4MTYyMiM4MSMkMiMkMCMkMDAkMzgxMTkxIzUxIyQxIyQxIyQxMyQ0NjE0ODEjNDEjJDEjJDgjJDgz,다솜의원,47110,의원,"경상북도 포항시 북구 새천년대로 713, 2~4층 (대흥동)",2024-10-28,0,36.0368945,129.3591196,False,7.83
JDQ4MTYyMiM4MSMkMiMkMCMkMDAkMzgxMTkxIzUxIyQyIyQxIyQwMCQyNjE0ODEjNDEjJDEjJDgjJDgz,닥터우의원,47110,의원,"경상북도 포항시 북구 삼흥로233번길 1-16, (장성동)",2009-05-12,0,36.0821794,129.3795767,False,6.71
JDQ4MTYyMiM4MSMkMiMkMCMkMDAkMzgxNzAyIzIxIyQxIyQ1IyQ4MiQyNjE4MzIjNDEjJDEjJDgjJDgz,닥터웰의원,47110,의원,"경상북도 포항시 남구 오천읍 남원로 75, (오천읍)",2017-02-22,0,35.970158,129.4014865,False,16.1
JDQ4MTYyMiM4MSMkMiMkMCMkMDAkNDgxMTkxIzMxIyQxIyQzIyQ3MiQyNjEyMjIjNjEjJDEjJDQjJDgz,닥터존정형외과의원,47110,의원,"경상북도 포항시 북구 삼호로 287, 존메디컬 2,3,4층 (두호동)",2020-06-19,18,36.0634071,129.3817423,False,7.54
JDQ4MTYyMiM4MSMkMiMkMCMkMDAkNDgxOTYxIzMxIyQxIyQ3IyQ3OSQyNjE4MzIjODEjJDEjJDIjJDgz,달소아청소년과의원,47110,의원,"경상북도 포항시 북구 법원로 157, 2층 202, 203호 (양덕동)",2015-09-16,0,36.0890075,129.3872095,False,7.31
JDQ4MTYyMiM4MSMkMiMkMCMkMDAkNDgxOTYxIzMxIyQyIyQzIyQwMCQyNjEyMjIjNjEjJDEjJDQjJDgz,당신내과의원,47110,의원,"경상북도 포항시 북구 장량로 160, 401호 (양덕동)",2015-03-13,0,36.0815093,129.3979461,False,8.35
JDQ4MTYyMiM4MSMkMSMkMCMkMTMkNDgxMzUxIzUxIyQxIyQ1IyQwMyQ0NjEwMDIjNjEjJDEjJDgjJDgz,당신애(愛)한의원,47110,한의원,"경상북도 포항시 북구 천마로 74, (양덕동)",2017-08-08,0,36.0831931,129.3971357,False,8.26
JDQ4MTYyMiM4MSMkMSMkMCMkMTMkMzgxMTkxIzExIyQxIyQzIyQ3MiQzNjE0ODEjNjEjJDEjJDQjJDgz,대구한의대포항한방병원,47110,한방병원,"경상북도 포항시 남구 새천년대로 411,  (대잠동)",1999-02-20,71,36.0133257,129.343315,False,9.44
JDQ4MTYyMiM4MSMkMSMkMCMkMTMkMzgxNzAyIzIxIyQxIyQxIyQ4OSQzNjE4MzIjODEjJDEjJDYjJDgz,대근한의원,47110,한의원,"경상북도 포항시 남구 효자로 70, (대잠동)",2001-09-03,0,36.0108814,129.3349758,False,9.46
JDQ4MTYyMiM4MSMkMSMkMCMkMTMkMzgxNzAyIzIxIyQyIyQxIyQwMCQ0NjE0ODEjNDEjJDEjJDgjJDgz,대동한의원,47110,한의원,"경상북도 포항시 북구 흥해읍 이인로 65, (흥해읍)",1988-03-15,0,36.0730626,129.3342206,False,3.34
JDQ4MTYyMiM4MSMkMSMkMCMkMTMkMzgxNzAyIzMxIyQxIyQ3IyQ4OSQyNjEyMjIjNTEjJDEjJDYjJDgz,대성한의원,47110,한의원,"경상북도 포항시 북구 용당로 67, (대흥동)",1999-09-29,0,36.033964,129.3599587,False,8.13
JDQ4MTYyMiM4MSMkMiMkMCMkMDAkMzgxMTkxIzExIyQxIyQ3IyQ5MiQyNjEyMjIjNTEjJDEjJDIjJDgz,대송의원,47110,의원,"경상북도 포항시 남구 대송면 제내길47번길 2, (대송면)",1995-04-03,0,35.9820027,129.3627673,False,13.32
JDQ4MTYyMiM4MSMkMSMkMCMkMTMkNDgxOTYxIzQxIyQxIyQ3IyQ5OSQyNjE4MzIjNjEjJDEjJDgjJDgz,대해한의원,47110,한의원,"경상북도 포항시 남구 중앙로 58, (해도동)",1989-11-06,0,36.0183165,129.3700511,False,10.08
JDQ4MTYyMiM4MSMkMSMkMCMkNzIkMzgxMTkxIzMxIyQxIyQzIyQwMyQyNjEwMDIjNjEjJDEjJDgjJDgz,더원치과의원,47110,치과의원,"경상북도 포항시 북구 용두산길 35, 2층 202호 (장성동)",2019-06-18,0,36.0669321,129.3810518,False,7.33
JDQ4MTYyMiM4MSMkMiMkMCMkMDAkNDgxMTkxIzIxIyQxIyQxIyQ4OSQyNjEyMjIjNzEjJDEjJDgjJDgz,더조은내과의원,47110,의원,"경상북도 포항시 북구 중흥로 228, (죽도동)",1995-04-27,0,36.0235082,129.3590183,False,9.05
JDQ4MTYyMiM4MSMkMSMkMCMkOTkkNTgxMzUxIzIxIyQxIyQxIyQ5OSQzNjE4MzIjNDEjJDEjJDgjJDgz,더조은요양병원,47110,요양병원,"경상북도 포항시 북구 장량로 98-0, (장성동)",2010-06-08,289,36.0816037,129.390578,True,7.7
JDQ4MTYyMiM4MSMkMSMkMCMkNzIkMzgxMTkxIzIxIyQxIyQ5IyQ4OSQ0NjEwMDIjNjEjJDEjJDAjJDgz,더좋은치과의원,47110,치과의원,"경상북도 포항시 남구 효자동길 6, (효자동)",2016-06-07,0,36.0081989,129.330203,False,9.64
JDQ4MTYyMiM4MSMkMiMkMCMkMDAkNDgxMTkxIzMxIyQxIyQ3IyQxMyQzNjE4MzIjNDEjJDEjJDgjJDgz,더퍼스트의원,47110,의원,"경상북도 포항시 남구 중흥로 96, 4층 (상도동)",2017-04-19,0,36.0134841,129.3510757,False,9.69
JDQ4MTYyMiM4MSMkMiMkMCMkMDAkNDgxOTYxIzMxIyQxIyQ3IyQwMyQyNjE4MzIjNjEjJDEjJDgjJDgz,도담지소아청소년과의원,47110,의원,"경상북도 포항시 북구 새천년대로 580, 2층~5층 (용흥동)",2016-02-16,29,36.0255963,129.3537623,False,8.61
JDQ4MTYyMiM4MSMkMSMkMCMkMTMkNDgxOTYxIzQxIyQxIyQ3IyQ4OSQyNjEwMDIjNTEjJDEjJDIjJDgz,도원한의원,47110,한의원,"경상북도 포항시 남구 오천읍 정몽주로 563, (오천읍)",2006-09-11,0,35.9683865,129.4158064,False,16.99
JDQ4MTYyMiM4MSMkMSMkMCMkMTMkMzgxNzAyIzIxIyQxIyQ1IyQ2MiQ0NjE0ODEjNjEjJDEjJDQjJDgz,동국한의원,47110,한의원,"경상북도 포항시 남구 해동로 106-1, (해도동, 1,2층)",1990-10-26,0,36.0288253,129.3721234,False,9.26
JDQ4MTYyMiM4MSMkMSMkMCMkNzIkMzgxMzUxIzUxIyQxIyQ1IyQxMyQzNjEwMDIjNDEjJDEjJDgjJDgz,동부치과의원,47110,치과의원,"경상북도 포항시 북구 용두산길 39, 3층 (장성동)",1992-12-12,0,36.0672943,129.3809604,False,7.3
JDQ4MTYyMiM4MSMkMiMkMCMkMDAkNDgxMzUxIzMxIyQxIyQ3IyQ5OSQ0NjE0ODEjODEjJDEjJDIjJDgz,동산제통의원,47110,의원,"경상북도 포항시 남구 상공로 35, (상도동)",2008-03-11,0,36.0120227,129.3558569,False,10.03
JDQ4MTYyMiM4MSMkMSMkMCMkMTMkNDgxOTYxIzUxIyQxIyQ1IyQ4OSQzNjEwMDIjODEjJDEjJDIjJDgz,동의온담한의원,47110,한의원,"경상북도 포항시 남구 연일읍 유강길9번길 37, 302호",2022-04-07,0,36.0038366,129.3158109,False,9.92
JDQ4MTYyMiM4MSMkMSMkMCMkMTMkMzgxNzAyIzIxIyQyIyQxIyQwMCQ0NjEwMDIjNDEjJDEjJDQjJDgz,동의한의원,47110,한의원,"경상북도 포항시 북구 삼호로 220-1, (두호동)",1986-01-07,0,36.0579771,129.3779847,False,7.53
JDQ4MTYyMiM4MSMkMSMkMCMkMTMkMzgxNzAyIzIxIyQyIyQxIyQwMCQzNjEyMjIjNjEjJDEjJDQjJDgz,동인당중국한의원,47110,한의원,"경상북도 포항시 남구 중흥로 56, (상도동)",1985-04-01,0,36.010531,129.3487189,False,9.91
JDQ4MTYyMiM4MSMkMSMkMCMkMTMkNDgxMzUxIzMxIyQxIyQzIyQ5MiQzNjE0ODEjNTEjJDEjJDIjJDgz,동인한의원,47110,한의원,"경상북도 포항시 북구 아치로 17, (우현동)",2003-07-25,0,36.0503743,129.3600839,False,6.76
JDQ4MTYyMiM4MSMkMSMkMCMkMTMkMzgxNzAyIzUxIyQxIyQ1IyQ3OSQyNjE4MzIjNTEjJDEjJDYjJDgz,동제한의원,47110,한의원,"경상북도 포항시 북구 중흥로 209, (죽도동)",1997-05-27,0,36.0225905,129.357591,False,9.07
JDQ4MTYyMiM4MSMkMSMkMCMkMTMkNDgxOTYxIzMxIyQxIyQ3IyQ5OSQzNjE4MzIjNTEjJDEjJDIjJDgz,동천당한의원,47110,한의원,"경상북도 포항시 북구 장량중앙로 52, 305호 (양덕동)",2016-12-12,0,36.0899281,129.3874929,False,7.33
JDQ4MTYyMiM4MSMkMSMkMCMkMTMkNDgxMzUxIzExIyQxIyQzIyQ3MiQyNjE0ODEjNTEjJDEjJDYjJDgz,동천한의원,47110,한의원,"경상북도 포항시 남구 오천읍 원동로 36, 201호",2025-04-24,0,35.9662182,129.4032198,False,16.56
JDQ4MTYyMiM4MSMkMSMkMCMkMTMkNDgxMTkxIzExIyQxIyQzIyQ4OSQyNjE0ODEjNjEjJDEjJDQjJDgz,두꺼비365한의원,47110,한의원,"경상북도 포항시 북구 새천년대로 1051, 1층 (창포동)",2020-04-03,0,36.0626878,129.3706398,False,6.7
JDQ4MTYyMiM4MSMkMSMkMCMkMTMkNDgxOTYxIzQxIyQxIyQ3IyQ5MiQyNjEwMDIjNjEjJDEjJDgjJDgz,두래한의원,47110,한의원,"경상북도 포항시 남구 포스코대로 125, 1층 (이동)",2019-09-26,0,36.0260276,129.3393552,False,8.0
JDQ4MTYyMiM4MSMkMSMkMCMkOTIkMzgxNzAyIzIxIyQyIyQxIyQwMCQyNjE0ODEjNzEjJDEjJDgjJDgz,두마보건진료소,47110,보건진료소,"경상북도 포항시 북구 죽장면 면봉산길828번길 6, (죽장면)",1987-10-01,0,36.1695505,129.0246725,False,26.67
JDQ4MTYyMiM4MSMkMiMkMCMkMDAkNDgxOTYxIzIxIyQyIyQ5IyQwMCQyNjE0ODEjNTEjJDEjJDIjJDgz,두호우리연합의원,47110,의원,"경상북도 포항시 북구 두호로 25, (두호동)",2014-04-23,0,36.0598221,129.3754941,False,7.24
JDQ4MTYyMiM4MSMkMSMkMCMkMTMkNDgxMzUxIzIxIyQxIyQ5IyQ5OSQ0NjEwMDIjNDEjJDEjJDgjJDgz,두호한의원,47110,한의원,"경상북도 포항시 북구 두호로 12-1, (두호동)",2013-07-18,0,36.0599288,129.3771618,False,7.36
JDQ4MTYyMiM4MSMkMiMkMCMkMDAkNDgxOTYxIzMxIyQxIyQ3IyQ5OSQyNjE0ODEjODEjJDEjJDIjJDgz,드림연합의원,47110,의원,"경상북도 포항시 북구 흥해읍 도음로 991, (흥해읍)",2015-01-02,0,36.0790752,129.3422131,False,3.59
JDQ4MTYyMiM4MSMkMiMkMCMkMDAkNDgxMTkxIzIxIyQxIyQxIyQ4MiQ0NjE0ODEjNTEjJDEjJDIjJDgz,등가정의학과의원,47110,의원,"경상북도 포항시 북구 삼호로 287, 존메디컬 1층 (두호동)",2020-06-29,0,36.0634071,129.3817423,False,7.54
JDQ4MTYyMiM4MSMkMiMkMCMkMDAkNDgxMTkxIzMxIyQxIyQzIyQ3MiQzNjEwMDIjNDEjJDEjJDQjJDgz,등정형외과의원,47110,의원,"경상북도 포항시 남구 중앙로 102, (해도동)",2016-09-22,0,36.0223354,129.3689818,False,9.66
JDQ4MTYyMiM4MSMkMSMkMCMkNzIkMzgxMTkxIzIxIyQxIyQ1IyQ4OSQyNjE4MzIjODEjJDEjJDYjJDgz,디자인치과의원,47110,치과의원,"경상북도 포항시 남구 포스코대로 123, 3층 (이동)",2014-10-30,0,36.0258966,129.3392047,False,8.0
JDQ4MTYyMiM4MSMkMSMkMCMkNzIkMzgxMTkxIzQxIyQyIyQ3IyQwMCQyNjEyMjIjNDEjJDEjJDgjJDgz,라온치과의원,47110,치과의원,"경상북도 포항시 북구 포스코대로 276, (죽도동)",2017-08-30,0,36.0205938,129.354318,False,9.12
JDQ4MTYyMiM4MSMkMiMkMCMkMDAkNDgxMTkxIzUxIyQxIyQxIyQ3MiQyNjE4MzIjNTEjJDEjJDIjJDgz,라인미의원,47110,의원,"경상북도 포항시 북구 법원로 162, 3층 (양덕동)",2025-04-22,0,36.089134,129.38786,False,7.36
JDQ4MTYyMiM4MSMkMSMkMCMkNzIkMzgxMTkxIzIxIyQxIyQ5IyQ4MiQzNjE0ODEjNDEjJDEjJDQjJDgz,라인치과의원,47110,치과의원,"경상북도 포항시 북구 대곡로 47, (두호동)",2017-02-21,0,36.0671429,129.3731764,False,6.67
JDQ4MTYyMiM4MSMkMiMkMCMkMDAkNDgxOTYxIzIxIyQxIyQ5IyQxMyQ0NjEwMDIjNDEjJDEjJDQjJDgz,라임소아청소년과의원,47110,의원,"경상북도 포항시 남구 오천읍 남원로 86-28, (오천읍)",2014-12-22,0,35.9715954,129.4004541,False,15.92
JDQ4MTYyMiM4MSMkMSMkMCMkNzIkMzgxMTkxIzMxIyQxIyQ3IyQwMyQyNjEyMjIjNDEjJDEjJDgjJDgz,램브란트치과의원,47110,치과의원,"경상북도 포항시 남구 포스코대로 92, (이동)",2012-09-27,0,36.0251081,129.3358587,False,7.98
JDQ4MTYyMiM4MSMkMiMkMCMkMDAkNDgxOTYxIzUxIyQxIyQ1IyQwMyQyNjE4MzIjNjEjJDEjJDQjJDgz,레디원성형외과의원,47110,의원,"경상북도 포항시 북구 포스코대로 310, MP SQUARE 빌딩 5~6층 (죽도동)",2021-12-13,0,36.0190302,129.3575955,False,9.41
JDQ4MTYyMiM4MSMkMSMkMCMkNzIkMzgxMTkxIzMxIyQxIyQ3IyQ3OSQzNjEyMjIjNjEjJDEjJDQjJDgz,로이스치과의원,47110,치과의원,"경상북도 포항시 북구 중흥로 315-1, 델라이츠 1동 2층, 3층 (죽도동)",2019-12-23,0,36.0304838,129.363833,False,8.65
JDQ4MTYyMiM4MSMkMSMkMCMkNzIkMzgxMTkxIzQxIyQxIyQ3IyQ3OSQzNjEwMDIjNTEjJDEjJDYjJDgz,로이스치과의원,47110,치과의원,"경상북도 포항시 남구 오천읍 냉천로236번길 52, 1~2층",2022-10-12,0,35.9735096,129.4030308,False,15.87
JDQ4MTYyMiM4MSMkMiMkMCMkMDAkNDgxMTkxIzIxIyQxIyQ5IyQ2MiQ0NjE0ODEjNDEjJDEjJDgjJDgz,리네의원,47110,의원,"경상북도 포항시 남구 중흥로 73, 2,3층 (상도동)",2022-02-25,0,36.0120626,129.3491593,False,9.77
JDQ4MTYyMiM4MSMkMSMkMCMkNzIkMzgxMTkxIzExIyQxIyQzIyQ2MiQzNjEyMjIjNjEjJDEjJDgjJDgz,리더스치과의원,47110,치과의원,"경상북도 포항시 남구 중흥로 82, 5층 (상도동, 연희빌딩)",2010-06-28,0,36.0124205,129.3501278,False,9.77
JDQ4MTYyMiM4MSMkMSMkMCMkNzIkMzgxMTkxIzExIyQxIyQ3IyQ2MiQyNjEwMDIjNDEjJDEjJDgjJDgz,리앤박치과의원,47110,치과의원,"경상북도 포항시 북구 양덕로44번길 2, 2층 (양덕동)",2012-01-02,0,36.0823726,129.4021621,False,8.72
JDQ4MTYyMiM4MSMkMSMkMCMkOTIkMzgxNzAyIzIxIyQxIyQxIyQ2MiQyNjE0ODEjNjEjJDEjJDAjJDgz,만석보건진료소,47110,보건진료소,"경상북도 포항시 북구 신광면 비학로1242번길 3, (신광면)",1983-10-08,0,36.1599164,129.275642,False,7.96
JDQ4MTYyMiM4MSMkMSMkMCMkMTMkNDgxOTYxIzExIyQxIyQ3IyQ5MiQyNjEwMDIjODEjJDEjJDIjJDgz,만포한의원,47110,한의원,"경상북도 포항시 남구 대이로 109, 5층 504, 505호 (대잠동)",2024-01-29,0,36.024957,129.3407365,False,8.15
JDQ4MTYyMiM4MSMkMiMkMCMkMDAkNDgxOTYxIzMxIyQyIyQzIyQwMCQ0NjEwMDIjNTEjJDEjJDIjJDgz,맑은세상피부과의원,47110,의원,"경상북도 포항시 북구 장량로 160, 501호 (양덕동)",2015-03-20,0,36.0815093,129.3979461,False,8.35
JDQ4MTYyMiM4MSMkMiMkMCMkMDAkMzgxMTkxIzUxIyQxIyQ1IyQ5MiQ0NjEwMDIjNDEjJDEjJDgjJDgz,메디컬닥터스 유웰여성의원,47110,의원,"경상북도 포항시 북구 장량로 160, 메디컬닥터스 9층 (양덕동)",2019-11-04,0,36.0815093,129.3979461,False,8.35
JDQ4MTYyMiM4MSMkMiMkMCMkMDAkNDgxOTYxIzMxIyQyIyQzIyQwMCQ0NjE0ODEjNjEjJDEjJDAjJDgz,메디컬닥터스속시원내과의원,47110,의원,"경상북도 포항시 북구 장량로 160, 301호 (양덕동)",2015-03-20,0,36.0815093,129.3979461,False,8.35
JDQ4MTYyMiM4MSMkMSMkMCMkMTMkNDgxOTYxIzIxIyQyIyQ5IyQwMCQyNjE4MzIjNjEjJDEjJDAjJDgz,명가 한의원,47110,한의원,"경상북도 포항시 남구 오천읍 원동로 51, 3층 (애플빌딩)",2013-11-18,0,35.9675491,129.4024885,False,16.4
JDQ4MTYyMiM4MSMkMiMkMCMkMDAkNDgxMTkxIzMxIyQxIyQ3IyQ5OSQyNjEyMjIjNDEjJDEjJDQjJDgz,명가정의학과의원,47110,의원,"경상북도 포항시 북구 장량중앙로 52, (양덕동)",2014-07-17,0,36.0899281,129.3874929,False,7.33
JDQ4MTYyMiM4MSMkMSMkMCMkNzIkMzgxOTYxIzIxIyQxIyQ5IyQ4MiQzNjEyMjIjNDEjJDEjJDgjJDgz,명성치과의원,47110,치과의원,"경상북도 포항시 남구 중앙로 158, (해도동)",1999-05-17,0,36.0270561,129.3677901,False,9.17
JDQ4MTYyMiM4MSMkMSMkMCMkMTMkMzgxNzAyIzQxIyQxIyQ3IyQxMyQ0NjEwMDIjNjEjJDEjJDQjJDgz,명지한의원,47110,한의원,"경상북도 포항시 남구 구룡포읍 구룡포길 48-2, (구룡포읍)",2000-08-25,0,35.9891406,129.5518306,False,24.92
JDQ4MTYyMiM4MSMkMSMkMCMkNzIkMzgxOTYxIzMxIyQxIyQzIyQxMyQyNjEyMjIjNjEjJDEjJDgjJDgz,명진치과의원,47110,치과의원,"경상북도 포항시 북구 중흥로 319, 901호 (죽도동, 굿모닝메디컬)",2001-01-27,0,36.0307494,129.3640819,False,8.64
JDQ4MTYyMiM4MSMkMSMkMCMkNzIkMzgxMzUxIzQxIyQyIyQ3IyQwMCQzNjEyMjIjNTEjJDEjJDIjJDgz,모규엽치과의원,47110,치과의원,"경상북도 포항시 남구 중앙로 60, (해도동)",1990-04-20,0,36.0186096,129.3699482,False,10.04
JDQ4MTYyMiM4MSMkMiMkMCMkMDAkNDgxOTYxIzMxIyQxIyQzIyQ2MiQyNjEyMjIjNTEjJDEjJDIjJDgz,몸편한재활의학과의원,47110,의원,"경상북도 포항시 북구 장량중앙로 55, 미소빌딩 3층 (양덕동)",2015-03-30,0,36.0902985,129.3881785,False,7.39
JDQ4MTYyMiM4MSMkMiMkMCMkMDAkNDgxMTkxIzMxIyQxIyQzIyQ4MiQyNjEyMjIjNTEjJDEjJDIjJDgz,문덕 좋은의사들 안과의원,47110,의원,"경상북도 포항시 남구 오천읍 남원로 75, 2층",2020-07-21,0,35.970158,129.4014865,False,16.1
JDQ4MTYyMiM4MSMkMSMkMCMkNzIkMzgxOTYxIzUxIyQxIyQ1IyQ5MiQ0NjE0ODEjNjEjJDEjJDgjJDgz,문덕고운치과의원,47110,치과의원,"경상북도 포항시 남구 오천읍 원동로 4, 4",2009-11-23,0,35.963413,129.4032768,False,16.83
JDQ4MTYyMiM4MSMkMiMkMCMkMDAkNDgxMzUxIzUxIyQxIyQxIyQ5MiQyNjE4MzIjNjEjJDEjJDgjJDgz,미라클의원,47110,의원,"경상북도 포항시 북구 삼흥로 18, 4층 (두호동, 센텀메디컬)",2009-10-27,0,36.063902,129.3803682,False,7.41
JDQ4MTYyMiM4MSMkMSMkMCMkNjIkMzgxMzUxIzExIyQxIyQzIyQ3OSQzNjE4MzIjNDEjJDEjJDQjJDgz,미르치과병원,47110,치과병원,"경상북도 포항시 북구 포스코대로 288, (죽도동)",2007-07-02,0,36.0200007,129.3553258,False,9.22
JDQ4MTYyMiM4MSMkMSMkMCMkNzIkMzgxMTkxIzExIyQxIyQ3IyQxMyQyNjE0ODEjNDEjJDEjJDQjJDgz,미소담은치과의원,47110,치과의원,"경상북도 포항시 북구 중앙로 241, (죽도동)",2013-01-22,0,36.0343606,129.3652584,False,8.39
JDQ4MTYyMiM4MSMkMSMkMCMkNzIkMzgxOTYxIzExIyQxIyQ3IyQxMyQyNjEwMDIjNTEjJDEjJDIjJDgz,미소드림치과의원,47110,치과의원,"경상북도 포항시 남구 연일읍 연일중앙로 19, (연일읍)",1995-05-12,0,35.9976453,129.3463406,False,11.17
JDQ4MTYyMiM4MSMkMSMkMCMkMTMkNDgxMzUxIzUxIyQxIyQ1IyQ3OSQzNjEwMDIjNjEjJDEjJDQjJDgz,미소웰한의원,47110,한의원,"경상북도 포항시 북구 중흥로 293, 2~3층 (죽도동)",2007-04-06,9,36.0287546,129.3625689,False,8.74
JDQ4MTYyMiM4MSMkMSMkMCMkNzIkMzgxMTkxIzExIyQxIyQ3IyQ4MiQyNjEyMjIjNjEjJDEjJDAjJDgz,미소인치과의원,47110,치과의원,"경상북도 포항시 북구 대안길 59, (용흥동)",2012-05-02,0,36.0414375,129.350931,False,6.98
JDQ4MTYyMiM4MSMkMSMkMCMkNzIkMzgxOTYxIzExIyQxIyQzIyQ5MiQzNjE4MzIjNDEjJDEjJDgjJDgz,미소치과의원,47110,치과의원,"경상북도 포항시 남구 포스코대로 139, (이동)",1993-09-01,0,36.0260593,129.3412374,False,8.06
JDQ4MTYyMiM4MSMkMiMkMCMkMDAkNDgxMTkxIzIxIyQxIyQ5IyQ4OSQzNjEwMDIjNjEjJDEjJDAjJDgz,미채움의원,47110,의원,"경상북도 포항시 북구 포스코대로 276, 6층 (죽도동)",2021-11-25,0,36.0205938,129.354318,False,9.12
JDQ4MTYyMiM4MSMkMiMkMCMkMDAkMzgxMTkxIzIxIyQxIyQxIyQ5OSQyNjE4MzIjNDEjJDEjJDgjJDgz,민경신마취통증의학과의원,47110,의원,"경상북도 포항시 북구 두호로 26, 3층층 301호 (두호동)",1995-06-22,0,36.0601974,129.3755497,False,7.22
JDQ4MTYyMiM4MSMkMSMkMCMkMTMkNDgxOTYxIzUxIyQxIyQxIyQxMyQzNjEyMjIjODEjJDEjJDIjJDgz,민들레한의원,47110,한의원,"경상북도 포항시 북구 우창동로55번길 19, 2층 204호 (우현동)",2022-12-16,0,36.0558122,129.3626666,False,6.54
JDQ4MTYyMiM4MSMkMiMkMCMkMDAkNDgxMzUxIzExIyQxIyQzIyQ3MiQyNjE0ODEjNjEjJDEjJDgjJDgz,민이비인후과의원,47110,의원,"경상북도 포항시 남구 포스코대로 138, 301호 (대잠동, 대잠메디칼타워)",2004-10-06,3,36.0255491,129.3406189,False,8.09
JDQ4MTYyMiM4MSMkMSMkMCMkMTMkMzgxNzAyIzUxIyQxIyQxIyQ2MiQyNjE4MzIjNjEjJDEjJDgjJDgz,민제한의원,47110,한의원,"경상북도 포항시 남구 포스코대로 323-1, (상도동)",1996-09-10,0,36.018988,129.3595439,False,9.5
JDQ4MTYyMiM4MSMkMiMkMCMkMDAkNDgxMTkxIzMxIyQxIyQzIyQ3MiQzNjEyMjIjODEjJDEjJDIjJDgz,바로그의원,47110,의원,"경상북도 포항시 북구 중흥로 277, 4층 (죽도동)",2023-01-26,0,36.02774,129.3616216,False,8.78
JDQ4MTYyMiM4MSMkMiMkMCMkMDAkNDgxOTYxIzUxIyQxIyQxIyQ4MiQzNjEyMjIjODEjJDEjJDYjJDgz,바로정형외과의원,47110,의원,"경상북도 포항시 북구 침촌마을길 12-9, (장성동, 바로정형외과내과의원)",2017-04-04,29,36.079001,129.3796424,False,6.79
JDQ4MTYyMiM4MSMkMSMkMCMkMTMkNDgxOTYxIzIxIyQxIyQ5IyQ4OSQzNjEwMDIjNjEjJDEjJDgjJDgz,바로한의원,47110,한의원,"경상북도 포항시 남구 오천읍 정몽주로 610-1, 1층",2025-08-29,0,35.9725044,129.4154261,False,16.6
JDQ4MTYyMiM4MSMkMiMkMCMkMDAkNDgxMzUxIzExIyQxIyQ3IyQ4MiQyNjEwMDIjODEjJDEjJDIjJDgz,바른몸의원,47110,의원,"경상북도 포항시 남구 시청로 7, 좋은의사들 6층 601호 (대잠동)",2024-07-31,0,36.0180464,129.3417615,False,8.9
JDQ4MTYyMiM4MSMkMiMkMCMkMDAkNDgxMTkxIzIxIyQxIyQ1IyQ4MiQyNjE0ODEjNTEjJDEjJDYjJDgz,바른연합내과의원,47110,의원,"경상북도 포항시 북구 흥해읍 초곡지구로 60, 3층 302,303호",2021-05-12,0,36.0961202,129.339616,False,3.04
JDQ4MTYyMiM4MSMkMSMkMCMkNzIkMzgxMTkxIzUxIyQxIyQxIyQ3OSQ0NjEwMDIjNTEjJDEjJDIjJDgz,바른윤치과의원,47110,치과의원,"경상북도 포항시 북구 신덕로 248, (양덕동)",2024-07-23,0,36.0877454,129.3890318,False,7.48
JDQ4MTYyMiM4MSMkMSMkMCMkNzIkMzgxMzUxIzIxIyQxIyQxIyQ5OSQzNjEyMjIjNTEjJDEjJDYjJDgz,바른이치과의원,47110,치과의원,"경상북도 포항시 북구 중흥로 341, 3층 (죽도동)",1991-03-04,0,36.032376,129.3653227,False,8.57
JDQ4MTYyMiM4MSMkMSMkMCMkMTMkNDgxOTYxIzIxIyQxIyQxIyQ3OSQyNjE0ODEjNjEjJDEjJDQjJDgz,바른한의원,47110,한의원,"경상북도 포항시 북구 우창동로 40, 203호 (우현동)",2024-10-28,0,36.0554364,129.3631,False,6.59
JDQ4MTYyMiM4MSMkMiMkMCMkMDAkMzgxMTkxIzIxIyQxIyQxIyQ4OSQzNjE4MzIjNjEjJDEjJDgjJDgz,박근식S의원,47110,의원,"경상북도 포항시 북구 삼호로 254, (두호동)",1995-06-26,0,36.0606001,129.3796484,False,7.52
JDQ4MTYyMiM4MSMkMiMkMCMkMDAkMzgxMzUxIzIxIyQxIyQ1IyQ5MiQ0NjEwMDIjNDEjJDEjJDgjJDgz,박비뇨기과의원,47110,의원,"경상북도 포항시 북구 중흥로 341, 2층 일부호 (죽도동)",1971-04-21,0,36.032376,129.3653227,False,8.57
JDQ4MTYyMiM4MSMkMiMkMCMkMDAkMzgxOTYxIzUxIyQyIyQxIyQwMCQ0NjE0ODEjNDEjJDEjJDgjJDgz,박상후이비인후과의원,47110,의원,"경상북도 포항시 북구 중앙로 261, (남빈동)",1992-04-29,0,36.0364327,129.364709,False,8.18
JDQ4MTYyMiM4MSMkMiMkMCMkMDAkMzgxMTkxIzIxIyQxIyQxIyQ5MiQyNjEyMjIjODEjJDEjJDYjJDgz,박영대 정형외과의원,47110,의원,"경상북도 포항시 북구 흥해읍 동해대로 1492, (흥해읍)",2020-01-06,0,36.1052921,129.3440063,False,3.69
JDQ4MTYyMiM4MSMkMSMkMCMkNzIkMzgxMzUxIzIxIyQxIyQ5IyQ4MiQyNjEwMDIjNjEjJDEjJDAjJDgz,박영진치과의원,47110,치과의원,"경상북도 포항시 남구 새천년대로 408, (대잠동)",1986-05-28,0,36.0123855,129.3434936,False,9.54
JDQ4MTYyMiM4MSMkMiMkMCMkMDAkMzgxOTYxIzUxIyQxIyQ1IyQ3OSQzNjE0ODEjNTEjJDEjJDYjJDgz,박응원미모아소아청소년과의원,47110,의원,"경상북도 포항시 남구 오천읍 냉천로 306, 2~4층",1993-02-26,27,35.967443,129.4093104,False,16.74
JDQ4MTYyMiM4MSMkMiMkMCMkMDAkMzgxMzUxIzUxIyQxIyQ1IyQ5OSQyNjEwMDIjODEjJDEjJDIjJDgz,박이비인후과의원,47110,의원,"경상북도 포항시 북구 중앙로 237, (죽도동)",1982-08-30,0,36.0340349,129.3653859,False,8.43
JDQ4MTYyMiM4MSMkMSMkMCMkMTMkNDgxMzUxIzUxIyQxIyQ1IyQ2MiQ0NjEwMDIjNzEjJDEjJDgjJDgz,박준석한의원,47110,한의원,"경상북도 포항시 북구 흥해읍 흥해로 57, (흥해읍)",2007-10-30,0,36.109896,129.3473412,False,4.18
JDQ4MTYyMiM4MSMkMSMkMCMkNzIkMzgxMzUxIzMxIyQxIyQzIyQ3OSQyNjEwMDIjNzEjJDEjJDgjJDgz,박준치과의원,47110,치과의원,"경상북도 포항시 북구 새천년대로 557, (득량동)",1987-05-01,0,36.0242133,129.351814,False,8.66
JDQ4MTYyMiM4MSMkMSMkMCMkNzIkMzgxMzUxIzUxIyQxIyQ1IyQ5OSQyNjE4MzIjNTEjJDEjJDYjJDgz,박진영치과의원,47110,치과의원,"경상북도 포항시 북구 서동로 88, (여천동)",1997-08-29,0,36.0404248,129.3673944,False,8.01
JDQ4MTYyMiM4MSMkMSMkMCMkNzIkMzgxMzUxIzIxIyQxIyQ5IyQ2MiQzNjEwMDIjNTEjJDEjJDIjJDgz,박진우치과의원,47110,치과의원,"경상북도 포항시 북구 중앙로 237, (죽도동)",1989-08-02,0,36.0340349,129.3653859,False,8.43
JDQ4MTYyMiM4MSMkMSMkMCMkNzIkMzgxMTkxIzExIyQxIyQ3IyQ5MiQzNjEwMDIjNjEjJDEjJDgjJDgz,박현욱치과의원,47110,치과의원,"경상북도 포항시 북구 두호로 23, (두호동)",2012-08-01,0,36.0597314,129.3758681,False,7.27
JDQ4MTYyMiM4MSMkMSMkMCMkMTMkNDgxMzUxIzMxIyQxIyQ3IyQ4MiQyNjEwMDIjNzEjJDEjJDgjJDgz,반듯한의원,47110,한의원,"경상북도 포항시 북구 양학로 72, (학잠동)",2013-08-26,0,36.0296553,129.3472354,False,7.93
JDQ4MTYyMiM4MSMkMiMkMCMkMDAkNDgxMzUxIzExIyQxIyQ3IyQ3MiQyNjEyMjIjODEjJDEjJDYjJDgz,밝은눈연합안과의원,47110,의원,"경상북도 포항시 북구 중흥로 319, (죽도동)",2009-04-20,0,36.0307494,129.3640819,False,8.64
JDQ4MTYyMiM4MSMkMSMkMCMkOTIkMzgxNzAyIzIxIyQyIyQxIyQwMCQzNjE4MzIjNjEjJDEjJDAjJDgz,방석보건진료소,47110,보건진료소,"경상북도 포항시 북구 송라면 봉화길 50, (송라면)",1983-10-18,0,36.230682,129.3693516,False,16.36
JDQ4MTYyMiM4MSMkMiMkMCMkMDAkNDgxMzUxIzIxIyQxIyQ5IyQ4OSQzNjE4MzIjNDEjJDEjJDQjJDgz,배순호의원,47110,의원,"경상북도 포항시 남구 효성로 54, 2층 (효자동, 아이원빌딩)",2006-11-01,0,36.0059557,129.3395994,False,10.11
JDQ4MTYyMiM4MSMkMiMkMCMkMDAkMzgxNzAyIzExIyQxIyQ3IyQ5OSQyNjEwMDIjNTEjJDEjJDYjJDgz,배진호내과의원,47110,의원,"경상북도 포항시 남구 중앙로 69, (해도동)",2000-11-15,0,36.0193061,129.3692509,False,9.94
JDQ4MTYyMiM4MSMkMSMkMCMkMTMkNDgxMzUxIzQxIyQxIyQ3IyQ4OSQyNjE4MzIjNTEjJDEjJDYjJDgz,백두한의원,47110,한의원,"경상북도 포항시 북구 대곡로 57-22, 화림빌딩 2층 (두호동)",2005-05-09,0,36.0686299,129.3727702,False,6.57
JDQ4MTYyMiM4MSMkMiMkMCMkMDAkMzgxNzAyIzExIyQxIyQ3IyQwMyQzNjEyMjIjODEjJDEjJDIjJDgz,백세연합내과의원,47110,의원,"경상북도 포항시 북구 중흥로 287, (죽도동)",2006-02-27,0,36.0282728,129.3620592,False,8.76
JDQ4MTYyMiM4MSMkMiMkMCMkMDAkNDgxOTYxIzIxIyQyIyQxIyQwMCQzNjEyMjIjODEjJDEjJDYjJDgz,백연합외과의원,47110,의원,"경상북도 포항시 북구 흥해읍 중성로32번길 27, (흥해읍)",1992-09-14,0,36.1061304,129.3469548,False,3.97
JDQ4MTYyMiM4MSMkMiMkMCMkMDAkNDgxOTYxIzMxIyQyIyQ3IyQwMCQzNjEwMDIjNjEjJDEjJDgjJDgz,범성 정형외과의원,47110,의원,"경상북도 포항시 북구 천마로 54, (양덕동)",2015-12-28,29,36.0813548,129.3972264,False,8.29
JDQ4MTYyMiM4MSMkMSMkMCMkMTMkNDgxOTYxIzIxIyQxIyQ1IyQ4OSQ0NjE0ODEjNjEjJDEjJDAjJDgz,범일한의원,47110,한의원,"경상북도 포항시 북구 불종로 2, (대흥동)",2012-05-01,0,36.0389717,129.3598216,False,7.69
JDQ4MTYyMiM4MSMkMSMkMCMkNzIkMzgxOTYxIzUxIyQxIyQ1IyQ2MiQyNjEyMjIjNjEjJDEjJDQjJDgz,베스트치과의원,47110,치과의원,"경상북도 포항시 남구 오천읍 원동로 47, 4층 (베스트 치과)",2014-03-03,0,35.9673013,129.4025267,False,16.42
JDQ4MTYyMiM4MSMkMiMkMCMkMDAkMzgxOTYxIzMxIyQxIyQzIyQ3OSQyNjEyMjIjNDEjJDEjJDgjJDgz,벧엘의원,47110,의원,"경상북도 포항시 남구 오천읍 원동로 3, (오천읍)",1989-10-05,0,35.9634419,129.4027108,False,16.8
JDQ4MTYyMiM4MSMkMSMkMCMkMTMkNDgxMzUxIzIxIyQxIyQ1IyQ5OSQ0NjE0ODEjNjEjJDEjJDgjJDgz,보람한의원,47110,한의원,"경상북도 포항시 남구 연일읍 연일로159번길 33-2, 33",2001-05-03,0,35.9965674,129.3474981,False,11.32
JDQ4MTYyMiM4MSMkMSMkMCMkMTMkMzgxNzAyIzExIyQxIyQzIyQ4MiQzNjE4MzIjNTEjJDEjJDIjJDgz,보성한의원,47110,한의원,"경상북도 포항시 남구 중앙로 129, (해도동)",1989-06-15,0,36.0246416,129.3678834,False,9.39
JDQ4MTYyMiM4MSMkMiMkMCMkMDAkNDgxMTkxIzIxIyQxIyQxIyQ4MiQyNjE0ODEjNzEjJDEjJDgjJDgz,보아스메디컬의원,47110,의원,"경상북도 포항시 북구 흥해읍 한동로 558, (한동대학교)",2017-03-23,0,36.1036575,129.3881109,False,7.48
JDQ4MTYyMiM4MSMkMSMkMCMkOTkkNTgxMzUxIzIxIyQxIyQ1IyQxMyQzNjE4MzIjODEjJDEjJDYjJDgz,봄요양병원,47110,요양병원,"경상북도 포항시 북구 법원로129번길 12-0, (장성동)",2017-02-07,150,36.087009,129.38508,True,7.13
JDQ4MTYyMiM4MSMkMiMkMCMkMDAkMzgxMTkxIzMxIyQxIyQ3IyQwMyQ0NjE0ODEjNDEjJDEjJDgjJDgz,북부정형외과의원,47110,의원,"경상북도 포항시 북구 삼호로 201-1, (항구동)",1999-09-02,0,36.0565213,129.3766799,False,7.52
JDQ4MTYyMiM4MSMkMiMkMCMkMDAkMzgxOTYxIzIxIyQyIyQ5IyQwMCQzNjEwMDIjNDEjJDEjJDgjJDgz,분도안과의원,47110,의원,"경상북도 포항시 북구 중앙로 282, (상원동)",1989-01-05,2,36.0378827,129.3657957,False,8.12
JDQ4MTYyMiM4MSMkMiMkMCMkMDAkNDgxOTYxIzMxIyQxIyQzIyQ5MiQyNjEyMjIjNjEjJDEjJDAjJDgz,브이투 이경외과의원,47110,의원,"경상북도 포항시 남구 중흥로 76, 1층 (상도동)",2015-06-19,3,36.012003,129.3499407,False,9.8
JDQ4MTYyMiM4MSMkMiMkMCMkMDAkNDgxMTkxIzMxIyQxIyQzIyQ4MiQzNjEyMjIjNjEjJDEjJDQjJDgz,블리비의원,47110,의원,"경상북도 포항시 남구 중흥로 88, CNK메디컬빌딩 8층 (상도동)",2024-04-30,0,36.0129802,129.3507244,False,9.73
JDQ4MTYyMiM4MSMkMSMkMCMkMTMkNDgxOTYxIzMxIyQxIyQ3IyQwMyQyNjE0ODEjODEjJDEjJDYjJDgz,살구나무한의원,47110,한의원,"경상북도 포항시 북구 대안길 57, 상가 2층 1,2,3호 (용흥동)",2017-12-28,0,36.0412264,129.3512716,False,7.02
JDQ4MTYyMiM4MSMkMiMkMCMkMDAkNDgxMzUxIzQxIyQxIyQ3IyQ3OSQzNjEwMDIjNjEjJDEjJDQjJDgz,삼도선린의원,47110,의원,"경상북도 포항시 북구 흥해읍 도음로877번길 8, 204호",2008-08-12,0,36.0793416,129.3303767,False,2.64
JDQ4MTYyMiM4MSMkMiMkMCMkMDAkMzgxNzAyIzUxIyQxIyQxIyQ5OSQzNjE4MzIjNzEjJDEjJDgjJDgz,삼성연합의원,47110,의원,"경상북도 포항시 남구 상공로 153, (대도동, 2층)",2003-07-08,0,36.0209487,129.3628194,False,9.47
JDQ4MTYyMiM4MSMkMiMkMCMkMDAkNDgxMzUxIzMxIyQxIyQzIyQ4MiQ0NjE0ODEjNDEjJDEjJDgjJDgz,삼성의원,47110,의원,"경상북도 포항시 남구 연일읍 연일로 123, 2층 (삼성의원)",2002-05-21,0,35.9994731,129.3449509,False,10.94
JDQ4MTYyMiM4MSMkMiMkMCMkMDAkMzgxNzAyIzMxIyQxIyQzIyQ5OSQzNjEwMDIjNDEjJDEjJDgjJDgz,삼성이비인후과의원,47110,의원,"경상북도 포항시 북구 법원로 165, 2층 (양덕동, 금성빌딩)",2002-03-26,0,36.0896514,129.3874445,False,7.32
JDQ4MTYyMiM4MSMkMSMkMCMkNzIkMzgxOTYxIzQxIyQxIyQ3IyQ4MiQzNjE4MzIjODEjJDEjJDIjJDgz,삼성탑치과의원,47110,치과의원,"경상북도 포항시 북구 중흥로 265, 성원메디칼 B/D 6층 (죽도동)",2004-05-17,0,36.0266118,129.3606487,False,8.84
JDQ4MTYyMiM4MSMkMSMkMCMkMTMkNDgxOTYxIzIxIyQxIyQ5IyQ5OSQzNjEwMDIjNTEjJDEjJDYjJDgz,삼성한의원,47110,한의원,"경상북도 포항시 남구 중앙로 158-1, (해도동)",2013-10-15,23,36.0272847,129.3677318,False,9.15
JDQ4MTYyMiM4MSMkMSMkMCMkOTIkMzgxNzAyIzIxIyQyIyQxIyQwMCQyNjEwMDIjNjEjJDEjJDQjJDgz,상사보건진료소,47110,보건진료소,"경상북도 포항시 북구 죽장면 합사길893번길 5, (죽장면)",1984-10-05,0,36.2498569,129.0920994,False,25.96
JDQ4MTYyMiM4MSMkMSMkMCMkOTIkMzgxNzAyIzIxIyQyIyQxIyQwMCQzNjEyMjIjNjEjJDEjJDgjJDgz,상송보건진료소,47110,보건진료소,"경상북도 포항시 북구 송라면 삼송길90번길 23, (송라면)",1984-10-10,0,36.2105554,129.3428721,False,13.52
JDQ4MTYyMiM4MSMkMSMkMCMkNzIkMzgxOTYxIzExIyQxIyQ3IyQ3OSQ0NjEwMDIjNTEjJDEjJDIjJDgz,상아치과의원,47110,치과의원,"경상북도 포항시 북구 양학로 44, 2층 (학잠동)",2025-09-12,0,36.027467,129.3494399,False,8.24
JDQ4MTYyMiM4MSMkMSMkMCMkOTIkMzgxNzAyIzIxIyQyIyQxIyQwMCQyNjE4MzIjNDEjJDEjJDgjJDgz,상옥보건진료소,47110,보건진료소,"경상북도 포항시 북구 죽장면 수목원로 571, (죽장면)",1982-11-12,0,36.2187728,129.2537013,False,14.79
JDQ4MTYyMiM4MSMkMSMkMCMkOTkkMzgxMzUxIzIxIyQxIyQxIyQwMyQzNjEyMjIjNTEjJDEjJDYjJDgz,상쾌한 항구병원,47110,병원,"경상북도 포항시 북구 중흥로 265,  (죽도동)",2008-07-07,30,36.0266118,129.3606487,True,8.84
JDQ4MTYyMiM4MSMkMSMkMCMkNzIkMzgxOTYxIzQxIyQxIyQ3IyQ5MiQ0NjEwMDIjNDEjJDEjJDgjJDgz,새론치과의원,47110,치과의원,"경상북도 포항시 남구 새천년대로 434, 3, 5층 (대잠동)",2004-08-03,0,36.0144863,129.3450589,False,9.38
JDQ4MTYyMiM4MSMkMiMkMCMkMDAkMzgxNzAyIzIxIyQxIyQxIyQ4OSQyNjEyMjIjNDEjJDEjJDgjJDgz,새소망의원,47110,의원,"경상북도 포항시 북구 청하면 청하로 222-2, (청하면)",2001-02-02,0,36.1989372,129.3405772,False,12.21
JDQ4MTYyMiM4MSMkMiMkMCMkMDAkNDgxMzUxIzMxIyQxIyQzIyQ2MiQzNjEyMjIjNDEjJDEjJDQjJDgz,새이본의원,47110,의원,"경상북도 포항시 남구 포스코대로 55, 2,3층 (이동)",2007-08-23,0,36.0272217,129.3327893,False,7.67
JDQ4MTYyMiM4MSMkMSMkMCMkMTMkMzgxNzAyIzQxIyQxIyQ3IyQ5MiQ0NjEwMDIjNDEjJDEjJDgjJDgz,서문한의원,47110,한의원,"경상북도 포항시 남구 오천읍 정몽주로 677, (오천읍)",2018-08-01,0,35.9782223,129.4125653,False,15.93
JDQ4MTYyMiM4MSMkMiMkMCMkMDAkNDgxMTkxIzExIyQxIyQ3IyQwMyQyNjE4MzIjNDEjJDEjJDQjJDgz,서민재정신건강의학과의원,47110,의원,"경상북도 포항시 남구 중흥로 96, 3층 (상도동)",2019-09-25,0,36.0134841,129.3510757,False,9.69
JDQ4MTYyMiM4MSMkMSMkMCMkNzIkMzgxOTYxIzIxIyQxIyQ1IyQ2MiQzNjE0ODEjNTEjJDEjJDYjJDgz,서병삼치과의원,47110,치과의원,"경상북도 포항시 북구 양학로 67, 3층 (득량동, 정성빌딩)",1999-01-27,0,36.0290857,129.3473238,False,7.99
JDQ4MTYyMiM4MSMkMSMkMCMkMTMkNDgxOTYxIzIxIyQxIyQ5IyQ5MiQzNjE4MzIjNjEjJDEjJDgjJDgz,서영호한의원,47110,한의원,"경상북도 포항시 북구 천마로 75, (양덕동)",2014-06-30,0,36.0832844,129.3965052,False,8.2
JDQ4MTYyMiM4MSMkMSMkMCMkNzIkMzgxMTkxIzIxIyQxIyQ1IyQwMyQzNjE4MzIjNTEjJDEjJDIjJDgz,서울 봄 치과의원,47110,치과의원,"경상북도 포항시 남구 오천읍 남원로 73, 201호",2015-12-23,0,35.9702409,129.4017189,False,16.11
JDQ4MTYyMiM4MSMkMiMkMCMkMDAkNDgxMTkxIzIxIyQxIyQ5IyQ5MiQ0NjEwMDIjNDEjJDEjJDgjJDgz,서울강남비뇨의학과의원,47110,의원,"경상북도 포항시 남구 포스코대로 340, 4~5층 (대도동)",2023-06-09,1,36.0176123,129.3602812,False,9.67
JDQ4MTYyMiM4MSMkMSMkMCMkNzIkMzgxMTkxIzIxIyQxIyQxIyQ3MiQzNjE4MzIjNjEjJDEjJDAjJDgz,서울굿모닝치과의원,47110,치과의원,"경상북도 포항시 북구 천마로 60, 5층 (양덕동)",2013-12-02,0,36.0820174,129.3972396,False,8.28
JDQ4MTYyMiM4MSMkMiMkMCMkMDAkNDgxMzUxIzIxIyQxIyQ5IyQ3MiQzNjE4MzIjODEjJDEjJDYjJDgz,서울내과의원,47110,의원,"경상북도 포항시 북구 중흥로 331-1, (죽도동)",2017-06-13,0,36.0317022,129.3648568,False,8.6
JDQ4MTYyMiM4MSMkMSMkMCMkNzIkMzgxMTkxIzIxIyQyIyQ1IyQwMCQyNjEyMjIjNjEjJDEjJDQjJDgz,서울바른치과의원,47110,치과의원,"경상북도 포항시 북구 중흥로 207, (죽도동)",2015-01-05,0,36.0224196,129.3573505,False,9.07
JDQ4MTYyMiM4MSMkMSMkMCMkNzIkMzgxMTkxIzMxIyQxIyQzIyQ3OSQzNjE4MzIjNzEjJDEjJDgjJDgz,서울부부치과의원,47110,치과의원,"경상북도 포항시 남구 오천읍 남원로 81, 3층 304외2호",2017-11-13,0,35.9702201,129.4007959,False,16.07
JDQ4MTYyMiM4MSMkMiMkMCMkMDAkNDgxMTkxIzIxIyQxIyQxIyQ2MiQzNjEyMjIjNDEjJDEjJDgjJDgz,서울성모의원,47110,의원,"경상북도 포항시 북구 신덕로 248, 5층 (양덕동)",2020-05-11,0,36.0877454,129.3890318,False,7.48
JDQ4MTYyMiM4MSMkMSMkMCMkNzIkMzgxMTkxIzExIyQxIyQ3IyQ5MiQyNjEwMDIjNTEjJDEjJDYjJDgz,서울에스치과의원,47110,치과의원,"경상북도 포항시 남구 대이로 109, 2층 (대잠동)",2012-07-04,0,36.024957,129.3407365,False,8.15
JDQ4MTYyMiM4MSMkMiMkMCMkMDAkMzgxNzAyIzIxIyQxIyQxIyQ5OSQzNjEyMjIjNDEjJDEjJDgjJDgz,서울연합의원,47110,의원,"경상북도 포항시 남구 송림로 27, (송도동)",2001-02-22,0,36.0322285,129.3755641,False,9.18
JDQ4MTYyMiM4MSMkMiMkMCMkMDAkMzgxMTkxIzQxIyQxIyQ3IyQ4MiQyNjEyMjIjNTEjJDEjJDYjJDgz,서울의원,47110,의원,"경상북도 포항시 북구 기계면 기계로 56, 56",2000-01-12,0,36.06995,129.2105,False,8.95
JDQ4MTYyMiM4MSMkMSMkMCMkNzIkMzgxMTkxIzQxIyQxIyQ3IyQxMyQyNjE4MzIjNTEjJDEjJDIjJDgz,서울정석치과의원,47110,치과의원,"경상북도 포항시 남구 지곡로 253, 102동 206호 (지곡동, 에드빌 3차)",2017-09-20,0,36.0289336,129.3240324,False,7.27
JDQ4MTYyMiM4MSMkMiMkMCMkMDAkNDgxMzUxIzMxIyQxIyQzIyQ2MiQ0NjE0ODEjNjEjJDEjJDgjJDgz,서울정신건강의학과의원,47110,의원,"경상북도 포항시 북구 중흥로 228, 4층 (죽도동)",2011-12-22,0,36.0235082,129.3590183,False,9.05
JDQ4MTYyMiM4MSMkMSMkMCMkNzIkMzgxMTkxIzMxIyQxIyQ3IyQ3OSQ0NjEwMDIjNDEjJDEjJDQjJDgz,서울제이플란트치과의원,47110,치과의원,"경상북도 포항시 북구 새천년대로 1051, 4층 (창포동)",2020-01-03,0,36.0626878,129.3706398,False,6.7
JDQ4MTYyMiM4MSMkMiMkMCMkMDAkNDgxMTkxIzIxIyQxIyQxIyQ2MiQzNjE0ODEjNjEjJDEjJDQjJDgz,서인애소아청소년과의원,47110,의원,"경상북도 포항시 북구 두호로 56, 3층 (두호동)",2020-05-06,0,36.060956,129.3724327,False,6.93
JDQ4MTYyMiM4MSMkMSMkMCMkMTMkNDgxMzUxIzIxIyQxIyQ1IyQwMyQyNjEyMjIjNDEjJDEjJDgjJDgz,서한의원,47110,한의원,"경상북도 포항시 남구 오천읍 원동로 3, 3",2001-08-17,0,35.9634419,129.4027108,False,16.8
JDQ4MTYyMiM4MSMkMiMkMCMkMDAkMzgxNzAyIzMxIyQxIyQzIyQ5OSQzNjE4MzIjODEjJDEjJDIjJDgz,성모내과의원,47110,의원,"경상북도 포항시 북구 중흥로 299, (죽도동)",2002-03-25,0,36.0291551,129.362741,False,8.71
JDQ4MTYyMiM4MSMkMiMkMCMkMDAkMzgxNzAyIzQxIyQxIyQ3IyQwMyQ0NjE0ODEjNTEjJDEjJDIjJDgz,성모연합외과의원,47110,의원,"경상북도 포항시 북구 중흥로 237, 2,3층 (죽도동)",2003-04-30,10,36.0246334,129.3590976,False,8.95
JDQ4MTYyMiM4MSMkMiMkMCMkMDAkMzgxMTkxIzIxIyQxIyQ1IyQwMyQzNjEwMDIjNzEjJDEjJDgjJDgz,성모정형외과의원,47110,의원,"경상북도 포항시 남구 송도로 6, (송도동)",1996-12-27,29,36.0336464,129.3717877,False,8.84
JDQ4MTYyMiM4MSMkMSMkMCMkMTMkNDgxMzUxIzIxIyQyIyQ5IyQwMCQyNjEwMDIjNTEjJDEjJDIjJDgz,성모한의원,47110,한의원,"경상북도 포항시 남구 구룡포읍 구룡포길 74, (구룡포읍)",2002-04-02,0,35.9904898,129.5542759,False,25.05
JDQ4MTYyMiM4MSMkMSMkMCMkMTMkNDgxMzUxIzQxIyQxIyQ3IyQ5OSQyNjE4MzIjNDEjJDEjJDgjJDgz,성산한의원,47110,한의원,"경상북도 포항시 북구 중앙로 229-1, (죽도동)",2005-06-18,0,36.0334512,129.3655679,False,8.49
JDQ4MTYyMiM4MSMkMSMkMCMkMTMkMzgxNzAyIzMxIyQxIyQ3IyQ2MiQzNjEwMDIjNDEjJDEjJDQjJDgz,성심원한의원,47110,한의원,"경상북도 포항시 북구 중흥로 300, (죽도동)",2002-12-31,0,36.0290474,129.3634339,False,8.76
JDQ4MTYyMiM4MSMkMSMkMCMkNzIkMzgxMzUxIzIxIyQxIyQ5IyQ3OSQzNjEyMjIjNDEjJDEjJDgjJDgz,성심치과의원,47110,치과의원,"경상북도 포항시 북구 중앙로 229-1, (죽도동)",1985-05-16,0,36.0334512,129.3655679,False,8.49
JDQ4MTYyMiM4MSMkMSMkMCMkOTkkMzgxMzUxIzIxIyQxIyQ1IyQwMyQ0NjE0ODEjNjEjJDEjJDgjJDgz,세명재활의학병원,47110,병원,"경상북도 포항시 남구 상공로 60,  (상도동)",2005-07-01,64,36.0135549,129.357709,True,9.95
JDQ4MTYyMiM4MSMkMSMkMCMkNzIkMzgxOTYxIzMxIyQxIyQzIyQ4OSQ0NjE0ODEjNzEjJDEjJDgjJDgz,세종치과의원,47110,치과의원,"경상북도 포항시 남구 포스코대로 140, 2층 (대잠동)",2001-04-26,0,36.0255374,129.341268,False,8.11
JDQ4MTYyMiM4MSMkMSMkMCMkMTMkMzgxNzAyIzIxIyQyIyQ1IyQwMCQzNjE0ODEjNjEjJDEjJDQjJDgz,세종한의원,47110,한의원,"경상북도 포항시 북구 삼호로 83, (대신동)",1989-05-13,0,36.0479058,129.370418,False,7.64
JDQ4MTYyMiM4MSMkMSMkMCMkMTMkMzgxMTkxIzExIyQxIyQ3IyQ5OSQyNjE0ODEjNzEjJDEjJDgjJDgz,소담한방병원,47110,한방병원,"경상북도 포항시 북구 삼흥로32번길 18-0, (장성동)",2023-08-23,50,36.0655084,129.3812008,False,7.4
JDQ4MTYyMiM4MSMkMSMkMCMkMTMkMzgxNzAyIzQxIyQxIyQ3IyQ2MiQzNjE0ODEjODEjJDEjJDIjJDgz,소리청고려한의원,47110,한의원,"경상북도 포항시 북구 중흥로 288, (죽도동)",2008-11-04,0,36.0280603,129.3626648,False,8.81
JDQ4MTYyMiM4MSMkMiMkMCMkMDAkNDgxMzUxIzIxIyQyIyQ5IyQwMCQyNjEwMDIjNjEjJDEjJDQjJDgz,소망의원,47110,의원,"경상북도 포항시 북구 대신로36번길 12, (대신동)",2006-12-20,0,36.0470688,129.3691211,False,7.61
JDQ4MTYyMiM4MSMkMiMkMCMkMDAkNDgxOTYxIzMxIyQxIyQ3IyQ4OSQ0NjEwMDIjNjEjJDEjJDAjJDgz,속튼튼내과의원,47110,의원,"경상북도 포항시 북구 우창동로55번길 19, 속튼튼내과의원(104,5호) (우현동)",2015-11-09,0,36.0558211,129.3626555,False,6.54
JDQ4MTYyMiM4MSMkMiMkMCMkMDAkNDgxOTYxIzMxIyQxIyQzIyQxMyQyNjEyMjIjODEjJDEjJDYjJDgz,속편한권내과의원,47110,의원,"경상북도 포항시 남구 오천읍 원동로 79, 2층",2015-08-04,0,35.9699944,129.4023106,False,16.16
JDQ4MTYyMiM4MSMkMiMkMCMkMDAkNDgxMzUxIzIxIyQxIyQxIyQxMyQyNjE4MzIjNTEjJDEjJDIjJDgz,속편한내과의원,47110,의원,"경상북도 포항시 북구 중흥로 330, 6층 (죽도동)",2006-03-06,0,36.031411,129.3652968,False,8.65
JDQ4MTYyMiM4MSMkMiMkMCMkMDAkMzgxNzAyIzMxIyQxIyQzIyQ3MiQ0NjE0ODEjODEjJDEjJDIjJDgz,송가정의학과의원,47110,의원,"경상북도 포항시 북구 학전로 24, (항구동)",2002-04-08,0,36.0547742,129.3745508,False,7.46
JDQ4MTYyMiM4MSMkMSMkMCMkNzIkMzgxOTYxIzMxIyQxIyQ3IyQ4MiQ0NjE0ODEjNDEjJDEjJDQjJDgz,송도치과의원,47110,치과의원,"경상북도 포항시 남구 송도로 41, (송도동)",2014-01-08,0,36.0336165,129.3756377,False,9.07
JDQ4MTYyMiM4MSMkMSMkMCMkOTIkMzgxOTYxIzExIyQxIyQzIyQ5OSQyNjEyMjIjNTEjJDEjJDIjJDgz,송라면보건지소,47110,보건지소,"경상북도 포항시 북구 송라면 보경로 56, (송라면)",1986-12-31,0,36.2288341,129.3569449,False,15.81
JDQ4MTYyMiM4MSMkMSMkMCMkMTMkMzgxNzAyIzMxIyQxIyQ3IyQ4MiQzNjEyMjIjNTEjJDEjJDIjJDgz,송림한의원,47110,한의원,"경상북도 포항시 남구 송림로 19, (송도동)",1992-08-10,0,36.0313837,129.3757277,False,9.26
JDQ4MTYyMiM4MSMkMiMkMCMkMDAkMzgxMTkxIzIxIyQxIyQ5IyQ5OSQzNjE0ODEjNDEjJDEjJDgjJDgz,송재경산부인과의원,47110,의원,"경상북도 포항시 북구 중흥로 302, (죽도동)",2004-07-19,0,36.0291754,129.3635345,False,8.75
JDQ4MTYyMiM4MSMkMiMkMCMkMDAkNDgxOTYxIzIxIyQyIyQ5IyQwMCQ0NjE0ODEjODEjJDEjJDIjJDgz,수성S여성의원,47110,의원,"경상북도 포항시 북구 천마로 60, 6층 (양덕동, 서경빌딩)",2014-05-12,0,36.0820174,129.3972396,False,8.28
JDQ4MTYyMiM4MSMkMSMkMCMkMTMkNDgxOTYxIzIxIyQxIyQ1IyQ2MiQyNjE4MzIjNjEjJDEjJDQjJDgz,수예당한의원,47110,한의원,"경상북도 포항시 남구 포스코대로 149, (대잠동)",2007-01-26,0,36.0259241,129.3422821,False,8.11
JDQ4MTYyMiM4MSMkMSMkMCMkNzIkMzgxOTYxIzUxIyQxIyQxIyQ5OSQzNjE0ODEjNDEjJDEjJDgjJDgz,수치과의원,47110,치과의원,"경상북도 포항시 남구 오천읍 장기로 1698, 3층 (예닮빌딩)",2005-06-10,0,35.9664882,129.4161607,False,17.18
JDQ4MTYyMiM4MSMkMSMkMCMkMTMkMzgxMTkxIzExIyQxIyQ3IyQ4OSQzNjE0ODEjNTEjJDEjJDIjJDgz,수한방병원,47110,한방병원,"경상북도 포항시 남구 포스코대로 327-0, 삼광빌딩",2022-07-25,52,36.0187265,129.3596736,False,9.53
JDQ4MTYyMiM4MSMkMSMkMCMkNzIkMzgxMTkxIzIxIyQxIyQxIyQ5MiQyNjEwMDIjNDEjJDEjJDQjJDgz,스마일치과의원,47110,치과의원,"경상북도 포항시 남구 오천읍 정몽주로 667-1, 3층",2005-07-08,0,35.9773645,129.4129201,False,16.03
JDQ4MTYyMiM4MSMkMiMkMCMkMDAkNDgxMzUxIzExIyQyIyQ3IyQwMCQzNjEwMDIjODEjJDEjJDYjJDgz,스마트가정의학과의원,47110,의원,"경상북도 포항시 북구 흥해읍 초곡지구로 69, 스마일빌딩 2층",2022-06-20,0,36.095325,129.340179,False,3.08
JDQ4MTYyMiM4MSMkMSMkMCMkNzIkMzgxMTkxIzMxIyQxIyQzIyQwMyQzNjE0ODEjNDEjJDEjJDgjJDgz,스마트치과의원,47110,치과의원,"경상북도 포항시 남구 대이로 115, 2층 (대잠동)",2017-10-25,0,36.0255396,129.3408575,False,8.1
JDQ4MTYyMiM4MSMkMSMkMCMkNzIkMzgxMTkxIzExIyQyIyQ3IyQwMCQzNjEyMjIjNjEjJDEjJDQjJDgz,스카이플란트치과의원,47110,치과의원,"경상북도 포항시 북구 포스코대로 303, 2층 (죽도동)",2022-11-04,0,36.0201289,129.3575244,False,9.3
JDQ4MTYyMiM4MSMkMSMkMCMkNzIkMzgxOTYxIzMxIyQxIyQzIyQ5OSQ0NjEwMDIjNTEjJDEjJDIjJDgz,승리치과의원,47110,치과의원,"경상북도 포항시 남구 효자동길 8, 에이동 201호 (효자동)",2000-01-05,0,36.0084507,129.3303907,False,9.62
JDQ4MTYyMiM4MSMkMiMkMCMkMDAkNDgxMTkxIzExIyQxIyQzIyQwMyQ0NjE0ODEjNjEjJDEjJDAjJDgz,시원마취통증의학과의원,47110,의원,"경상북도 포항시 북구 중흥로 239, 1,2층 (죽도동)",2019-01-07,0,36.0247015,129.3592602,False,8.95
JDQ4MTYyMiM4MSMkMiMkMCMkMDAkNDgxMTkxIzMxIyQxIyQ3IyQ5MiQ0NjEwMDIjNTEjJDEjJDYjJDgz,시원한신경과의원,47110,의원,"경상북도 포항시 남구 중흥로 88, CNK메디컬빌딩 3층 (상도동)",2024-02-23,0,36.0129802,129.3507244,False,9.73
JDQ4MTYyMiM4MSMkMSMkMCMkOTkkNTgxMzUxIzExIyQxIyQ3IyQwMyQ0NjEwMDIjNjEjJDEjJDQjJDgz,시티요양병원,47110,요양병원,"경상북도 포항시 북구 죽도로 21,  (죽도동)",2010-05-26,195,36.0345584,129.3635495,True,8.28
JDQ4MTYyMiM4MSMkMSMkMCMkOTIkMzgxOTYxIzExIyQxIyQzIyQ5OSQzNjEwMDIjNzEjJDEjJDgjJDgz,신광면보건지소,47110,보건지소,"경상북도 포항시 북구 신광면 토성길37번길 13, (신광면)",1985-12-02,0,36.1301355,129.2629066,False,5.69
JDQ4MTYyMiM4MSMkMSMkMCMkNzIkMzgxMzUxIzIxIyQxIyQ5IyQ3MiQyNjE0ODEjODEjJDEjJDYjJDgz,신동찬치과의원,47110,치과의원,"경상북도 포항시 북구 양학로 72, (학잠동)",1986-04-23,0,36.0296553,129.3472354,False,7.93
JDQ4MTYyMiM4MSMkMiMkMCMkMDAkMzgxMTkxIzIxIyQxIyQ1IyQ4OSQzNjEwMDIjNjEjJDEjJDgjJDgz,신명준외과의원,47110,의원,"경상북도 포항시 남구 연일읍 연일중앙로 19-1, (연일읍)",1996-04-26,0,35.9975513,129.346521,False,11.19
JDQ4MTYyMiM4MSMkMiMkMCMkMDAkMzgxOTYxIzQxIyQyIyQ3IyQwMCQ0NjEwMDIjNTEjJDEjJDYjJDgz,신세계연합의원,47110,의원,"경상북도 포항시 북구 흥해읍 한동로 34, (흥해읍)",1991-09-02,0,36.1106388,129.3451619,False,4.04
JDQ4MTYyMiM4MSMkMiMkMCMkMDAkMzgxMTkxIzMxIyQxIyQzIyQ2MiQyNjE0ODEjNDEjJDEjJDQjJDgz,신세계의원,47110,의원,"경상북도 포항시 북구 용두산길 45, 201호 (장성동, 산호그린5차)",1998-02-05,0,36.0679941,129.3800349,False,7.2
JDQ4MTYyMiM4MSMkMSMkMCMkNzIkMzgxOTYxIzIxIyQxIyQ5IyQ3OSQ0NjEwMDIjNDEjJDEjJDgjJDgz,신세계치과의원,47110,치과의원,"경상북도 포항시 북구 두호로 24, (두호동)",1998-05-01,0,36.0600765,129.3759997,False,7.26
JDQ4MTYyMiM4MSMkMiMkMCMkMDAkNDgxMzUxIzExIyQxIyQ3IyQ5MiQzNjE0ODEjNDEjJDEjJDQjJDgz,신승호정형외과의원,47110,의원,"경상북도 포항시 남구 중앙로 124, (해도동)",2005-05-27,0,36.024238,129.3685061,False,9.46
JDQ4MTYyMiM4MSMkMiMkMCMkMDAkMzgxNzAyIzQxIyQxIyQ3IyQ3OSQyNjE0ODEjODEjJDEjJDYjJDgz,신영호내과의원,47110,의원,"경상북도 포항시 북구 대안길 44, (용흥동, 우방스포츠센터 5층)",2003-01-02,0,36.0411801,129.3528751,False,7.11
JDQ4MTYyMiM4MSMkMiMkMCMkMDAkMzgxNzAyIzUxIyQxIyQ1IyQ5MiQzNjE0ODEjNjEjJDEjJDQjJDgz,신의내과의원,47110,의원,"경상북도 포항시 남구 축항로 74, (송도동)",2016-02-11,0,36.0295526,129.3764675,False,9.45
JDQ4MTYyMiM4MSMkMSMkMCMkMTMkNDgxOTYxIzExIyQyIyQzIyQwMCQzNjE0ODEjNzEjJDEjJDgjJDgz,신한의원,47110,한의원,"경상북도 포항시 남구 상공로 38-1, (상도동)",2002-08-23,0,36.0119849,129.3563778,False,10.05
JDQ4MTYyMiM4MSMkMSMkMCMkMTMkNDgxOTYxIzIxIyQxIyQxIyQ3OSQyNjEyMjIjNDEjJDEjJDgjJDgz,쑥향기한의원,47110,한의원,"경상북도 포항시 남구 연일읍 연일중앙로 17, (연일읍)",2008-12-22,0,35.9975892,129.3458817,False,11.17
JDQ4MTYyMiM4MSMkMiMkMCMkMDAkNDgxOTYxIzMxIyQxIyQzIyQ4MiQyNjE4MzIjNjEjJDEjJDQjJDgz,씨앤미의원,47110,의원,"경상북도 포항시 북구 중앙상가길 52, 1층~2층층 (상원동)",2014-03-05,0,36.0393831,129.3654973,False,7.98
JDQ4MTYyMiM4MSMkMiMkMCMkMDAkMzgxNzAyIzExIyQxIyQ3IyQ5MiQ0NjE0ODEjNzEjJDEjJDgjJDgz,씨엘비뇨기과의원,47110,의원,"경상북도 포항시 북구 중앙로 227, (죽도동)",2001-01-26,0,36.0331977,129.3656968,False,8.52
JDQ4MTYyMiM4MSMkMSMkMCMkNzIkMzgxMTkxIzIxIyQxIyQ1IyQ2MiQyNjEwMDIjNjEjJDEjJDAjJDgz,아로치과의원,47110,치과의원,"경상북도 포항시 북구 칠성로 32, 1-3층 (남빈동)",2015-03-24,0,36.0361967,129.3653957,False,8.24
JDQ4MTYyMiM4MSMkMSMkMCMkNzIkMzgxOTYxIzIxIyQxIyQxIyQ5MiQyNjE4MzIjNDEjJDEjJDgjJDgz,아름다운치과의원,47110,치과의원,"경상북도 포항시 북구 중흥로 209, 3층 (죽도동, 화목빌딩)",2007-04-17,0,36.0225905,129.357591,False,9.07
JDQ4MTYyMiM4MSMkMiMkMCMkMDAkMzgxNzAyIzQxIyQxIyQ3IyQwMyQyNjE0ODEjNzEjJDEjJDgjJDgz,아름다운피부과의원,47110,의원,"경상북도 포항시 북구 죽도로 55, (죽도동)",1996-03-13,0,36.0330171,129.366456,False,8.58
JDQ4MTYyMiM4MSMkMiMkMCMkMDAkNDgxOTYxIzIxIyQxIyQ5IyQwMyQyNjE0ODEjODEjJDEjJDYjJDgz,아산가정의학과의원,47110,의원,"경상북도 포항시 북구 양학로 47-1, (득량동)",2014-10-13,0,36.0275424,129.3487561,False,8.2
JDQ4MTYyMiM4MSMkMSMkMCMkNzIkMzgxOTYxIzQxIyQxIyQ3IyQ4MiQyNjE4MzIjNjEjJDEjJDQjJDgz,아세아치과의원,47110,치과의원,"경상북도 포항시 남구 대이로 175, 5층 (이동, 정원빌딩)",2004-04-23,0,36.0303525,129.3387644,False,7.53
JDQ4MTYyMiM4MSMkMiMkMCMkMDAkNDgxMzUxIzQxIyQxIyQ3IyQwMyQyNjE0ODEjNTEjJDEjJDIjJDgz,아이맘산부인과의원,47110,의원,"경상북도 포항시 남구 중흥로 82, (상도동)",2009-03-02,0,36.0124205,129.3501278,False,9.77
JDQ4MTYyMiM4MSMkMiMkMCMkMDAkNDgxMTkxIzIxIyQxIyQ1IyQ5MiQzNjE0ODEjNTEjJDEjJDYjJDgz,아이맘소아청소년과의원,47110,의원,"경상북도 포항시 북구 흥해읍 초곡지구로58번길 36, 다온빌딩 4층",2021-07-01,0,36.0966636,129.3359972,False,2.73
JDQ4MTYyMiM4MSMkMSMkMCMkMTMkNDgxMzUxIzQxIyQxIyQ3IyQ4MiQzNjEwMDIjNjEjJDEjJDgjJDgz,아이조아한의원,47110,한의원,"경상북도 포항시 북구 천마로 55, (양덕동, 양덕빌딩 4층)",2015-01-26,0,36.0814988,129.3965723,False,8.23
JDQ4MTYyMiM4MSMkMiMkMCMkMDAkMzgxOTYxIzQxIyQxIyQ3IyQ5OSQyNjE0ODEjNTEjJDEjJDIjJDgz,아침별남부.여성의원,47110,의원,"경상북도 포항시 남구 포스코대로 123, 2층 (이동)",2011-08-30,0,36.0258966,129.3392047,False,8.0
JDQ4MTYyMiM4MSMkMSMkMCMkMTMkNDgxOTYxIzMxIyQxIyQzIyQ4OSQzNjEyMjIjNDEjJDEjJDgjJDgz,안순길한의원,47110,한의원,"경상북도 포항시 남구 오천읍 장기로 1693, (오천읍)",2008-06-05,0,35.9661204,129.4161622,False,17.21
JDQ4MTYyMiM4MSMkMSMkMCMkNzIkMzgxMTkxIzQxIyQxIyQ3IyQ4OSQzNjEwMDIjNDEjJDEjJDgjJDgz,안윤성치과의원,47110,치과의원,"경상북도 포항시 북구 흥해읍 흥해로 62, 2층",2023-01-02,0,36.110085,129.3479129,False,4.23
JDQ4MTYyMiM4MSMkMiMkMCMkMDAkMzgxMTkxIzIxIyQxIyQ5IyQwMyQzNjEyMjIjNDEjJDEjJDgjJDgz,안재현의원,47110,의원,"경상북도 포항시 남구 장기면 동해안로 3262-2, (장기면)",1997-09-11,0,35.8782953,129.5170901,False,30.48
JDQ4MTYyMiM4MSMkMSMkMCMkMTMkNDgxOTYxIzIxIyQxIyQ1IyQ5MiQyNjE0ODEjNTEjJDEjJDIjJDgz,안태권한의원,47110,한의원,"경상북도 포항시 북구 학전로 30, (항구동)",2012-12-20,0,36.0554686,129.3745469,False,7.42
JDQ4MTYyMiM4MSMkMSMkMCMkNzIkMzgxMTkxIzMxIyQxIyQ3IyQxMyQzNjE4MzIjODEjJDEjJDYjJDgz,알파키즈치과의원,47110,치과의원,"경상북도 포항시 북구 삼호로 287, 존메티컬 6층 (두호동)",2022-07-25,0,36.0634071,129.3817423,False,7.54
JDQ4MTYyMiM4MSMkMiMkMCMkMDAkNDgxMzUxIzIxIyQxIyQ5IyQxMyQ0NjE0ODEjNjEjJDEjJDgjJDgz,애플소아과의원,47110,의원,"경상북도 포항시 북구 새천년대로 1053, (창포동)",2007-04-13,0,36.0628476,129.3707347,False,6.7
JDQ4MTYyMiM4MSMkMSMkMCMkNzIkMzgxMTkxIzIxIyQxIyQ1IyQ5MiQ0NjE0ODEjNTEjJDEjJDYjJDgz,애플치과의원,47110,치과의원,"경상북도 포항시 북구 법원로 170, 2층 203호 (양덕동, 장량프라자)",2015-10-26,0,36.0898018,129.3880779,False,7.38
JDQ4MTYyMiM4MSMkMSMkMCMkMTMkNDgxOTYxIzIxIyQxIyQxIyQ5MiQzNjEwMDIjNzEjJDEjJDgjJDgz,약전부부한의원,47110,한의원,"경상북도 포항시 남구 동해면 일월로 128, (동해면)",2011-11-07,0,35.9876913,129.4469738,False,17.23
JDQ4MTYyMiM4MSMkMSMkMCMkMTMkNDgxMzUxIzUxIyQxIyQ1IyQ5OSQzNjE0ODEjNDEjJDEjJDgjJDgz,약전한의원(포항점),47110,한의원,"경상북도 포항시 남구 중앙로 103, 1층 (해도동)",2023-12-08,0,36.0222835,129.3683725,False,9.63
JDQ4MTYyMiM4MSMkMSMkMCMkNzIkMzgxMTkxIzExIyQxIyQzIyQwMyQyNjEwMDIjNjEjJDEjJDAjJDgz,양덕드림연합치과의원,47110,치과의원,"경상북도 포항시 북구 양덕로 43, (양덕동)",2010-12-17,0,36.0825494,129.4015299,False,8.66
JDQ4MTYyMiM4MSMkMiMkMCMkMDAkNDgxMzUxIzExIyQxIyQzIyQ2MiQ0NjE0ODEjNjEjJDEjJDAjJDgz,양덕바른안과의원,47110,의원,"경상북도 포항시 북구 천마로 55, 양덕빌딩 2층 (양덕동)",2014-09-29,0,36.0814988,129.3965723,False,8.23
JDQ4MTYyMiM4MSMkMSMkMCMkNzIkMzgxMTkxIzExIyQyIyQ3IyQwMCQyNjEyMjIjNTEjJDEjJDIjJDgz,양덕부부치과의원,47110,치과의원,"경상북도 포항시 북구 천마로 55, 4층 (양덕동, 양덕빌딩)",2011-11-01,0,36.0814988,129.3965723,False,8.23
JDQ4MTYyMiM4MSMkMSMkMCMkMTMkNDgxOTYxIzIxIyQxIyQxIyQ4MiQzNjEyMjIjODEjJDEjJDIjJDgz,양덕열린한의원,47110,한의원,"경상북도 포항시 북구 법원로 175, 명신빌딩 202호 (양덕동)",2015-03-04,0,36.0904195,129.3876493,False,7.34
JDQ4MTYyMiM4MSMkMSMkMCMkNzIkMzgxMTkxIzExIyQxIyQzIyQ5OSQyNjE0ODEjNTEjJDEjJDIjJDgz,양덕오치과의원,47110,치과의원,"경상북도 포항시 북구 장량로 197, 201호 (양덕동, 아이코아빌딩)",2009-09-30,0,36.0821632,129.4021911,False,8.72
JDQ4MTYyMiM4MSMkMiMkMCMkMDAkNDgxOTYxIzIxIyQxIyQxIyQ5MiQyNjEyMjIjNjEjJDEjJDQjJDgz,양덕이비인후과의원,47110,의원,"경상북도 포항시 북구 천마로 74, (양덕동)",2012-10-31,0,36.0831931,129.3971357,False,8.26
JDQ4MTYyMiM4MSMkMSMkMCMkMTMkMzgxNzAyIzUxIyQxIyQxIyQ3OSQ0NjEwMDIjNjEjJDEjJDgjJDgz,양덕한의원,47110,한의원,"경상북도 포항시 북구 장량로 197, (양덕동, 아이코아빌딩 202호)",1994-04-27,0,36.0821632,129.4021911,False,8.72
JDQ4MTYyMiM4MSMkMSMkMCMkMTMkNDgxMzUxIzUxIyQxIyQ1IyQ2MiQzNjEwMDIjNjEjJDEjJDAjJDgz,양포한의원,47110,한의원,"경상북도 포항시 남구 장기면 동해안로 3284, 장기농협하나로마트 양포점 2층",2010-05-20,0,35.8798552,129.5176947,False,30.38
JDQ4MTYyMiM4MSMkMiMkMCMkMDAkNDgxMTkxIzMxIyQxIyQzIyQxMyQzNjEyMjIjNzEjJDEjJDgjJDgz,양학우리내과의원,47110,의원,"경상북도 포항시 북구 양학로 36, 2층 (학잠동)",2023-05-08,0,36.0269868,129.3500326,False,8.31
JDQ4MTYyMiM4MSMkMSMkMCMkMTMkNDgxMzUxIzIxIyQxIyQ5IyQ3MiQzNjEyMjIjODEjJDEjJDIjJDgz,어깨동무한의원,47110,한의원,"경상북도 포항시 남구 효자동길1번길 6, 1층 (효자동)",2016-07-18,0,36.0076272,129.329688,False,9.7
JDQ4MTYyMiM4MSMkMSMkMCMkODkkMzgxMzUxIzExIyQxIyQzIyQ2MiQzNjE4MzIjNjEjJDEjJDQjJDgz,에스포항병원,47110,종합병원,"경상북도 포항시 남구 희망대로 352,  (이동)",2008-10-29,254,36.0348843,129.3314538,True,6.82
JDQ4MTYyMiM4MSMkMiMkMCMkMDAkNDgxOTYxIzIxIyQxIyQ5IyQ2MiQzNjEwMDIjNDEjJDEjJDgjJDgz,엔의원,47110,의원,"경상북도 포항시 북구 신덕로 256, 5층 (양덕동)",2014-05-26,0,36.087968,129.3883507,False,7.42
JDQ4MTYyMiM4MSMkMSMkMCMkNzIkMzgxMTkxIzUxIyQyIyQxIyQwMCQzNjE0ODEjNTEjJDEjJDYjJDgz,엔젤치과의원,47110,치과의원,"경상북도 포항시 북구 포스코대로 295, 1~2층 (죽도동)",1992-09-01,0,36.020263,129.356761,False,9.26
JDQ4MTYyMiM4MSMkMSMkMCMkOTkkMzgxMzUxIzExIyQxIyQ3IyQ2MiQyNjE4MzIjNTEjJDEjJDYjJDgz,여성아이병원,47110,병원,"경상북도 포항시 북구 우창동로22번길 7,  (우현동)",2002-02-25,37,36.054346,129.3619762,True,6.59
JDQ4MTYyMiM4MSMkMSMkMCMkNzIkMzgxMzUxIzQxIyQxIyQ3IyQxMyQzNjE0ODEjNDEjJDEjJDQjJDgz,연세드림치과의원,47110,치과의원,"경상북도 포항시 북구 중흥로 220, (죽도동)",2012-11-21,0,36.0229295,129.3586088,False,9.08
JDQ4MTYyMiM4MSMkMSMkMCMkNzIkMzgxOTYxIzMxIyQxIyQ3IyQ2MiQyNjE4MzIjNjEjJDEjJDAjJDgz,연세드림치과의원,47110,치과의원,"경상북도 포항시 남구 중흥로 73, 7층 701호 (상도동)",2019-08-23,0,36.0120626,129.3491593,False,9.77
JDQ4MTYyMiM4MSMkMSMkMCMkNzIkMzgxMzUxIzUxIyQxIyQ1IyQ3MiQzNjEyMjIjNDEjJDEjJDQjJDgz,연세미치과의원,47110,치과의원,"경상북도 포항시 북구 중흥로 327, 3층 (죽도동, 서우빌딩)",1992-05-30,0,36.0313762,129.3645199,False,8.61
JDQ4MTYyMiM4MSMkMSMkMCMkNzIkMzgxMTkxIzMxIyQxIyQ3IyQ2MiQ0NjEwMDIjODEjJDEjJDYjJDgz,연세신치과의원,47110,치과의원,"경상북도 포항시 북구 두호로 26, 4층 (두호동)",2021-06-02,0,36.0601974,129.3755497,False,7.22
JDQ4MTYyMiM4MSMkMSMkMCMkNzIkMzgxMTkxIzIxIyQxIyQ5IyQ4OSQzNjE0ODEjNTEjJDEjJDYjJDgz,연세이로운치과의원,47110,치과의원,"경상북도 포항시 북구 법원로 157, 301호 (양덕동)",2016-05-23,0,36.0890075,129.3872095,False,7.31
JDQ4MTYyMiM4MSMkMSMkMCMkNzIkMzgxMzUxIzMxIyQxIyQzIyQ4OSQyNjEwMDIjNjEjJDEjJDAjJDgz,연세치과의원,47110,치과의원,"경상북도 포항시 북구 불종로 47-1, (상원동)",1987-05-07,0,36.0385703,129.3648517,False,8.01
JDQ4MTYyMiM4MSMkMSMkMCMkNzIkMzgxMzUxIzIxIyQxIyQ1IyQxMyQ0NjEwMDIjNjEjJDEjJDQjJDgz,연세프라임치과의원,47110,치과의원,"경상북도 포항시 북구 삼호로 239, 2층 (두호동)",2006-11-03,0,36.0597293,129.378406,False,7.47
JDQ4MTYyMiM4MSMkMSMkMCMkNzIkMzgxMzUxIzUxIyQxIyQxIyQwMyQyNjE0ODEjNjEjJDEjJDgjJDgz,연일노치과의원,47110,치과의원,"경상북도 포항시 남구 연일읍 연일로159번길 20, 20",1991-07-30,0,35.9963552,129.3458607,False,11.3
JDQ4MTYyMiM4MSMkMiMkMCMkMDAkMzgxNzAyIzIxIyQxIyQ1IyQ2MiQzNjE0ODEjNjEjJDEjJDQjJDgz,연일마취통증의학과의원,47110,의원,"경상북도 포항시 남구 연일읍 연일중앙로 22, (연일읍)",2004-02-23,0,35.9972396,129.3465073,False,11.22
JDQ4MTYyMiM4MSMkMiMkMCMkMDAkMzgxNzAyIzExIyQxIyQ3IyQ4MiQ0NjEwMDIjODEjJDEjJDIjJDgz,연일제일가정의원,47110,의원,"경상북도 포항시 남구 연일읍 연일로159번길 49, (연일읍)",1999-04-27,0,35.9966779,129.3492113,False,11.36
JDQ4MTYyMiM4MSMkMSMkMCMkNzIkMzgxOTYxIzIxIyQxIyQxIyQxMyQyNjE0ODEjNDEjJDEjJDgjJDgz,연일치과의원,47110,치과의원,"경상북도 포항시 남구 연일읍 철강로25번길 52, 2층",1998-04-02,0,35.9962203,129.3461321,False,11.32
JDQ4MTYyMiM4MSMkMiMkMCMkMDAkNDgxOTYxIzUxIyQxIyQ1IyQ5OSQzNjE0ODEjNDEjJDEjJDQjJDgz,연일푸른내과의원,47110,의원,"경상북도 포항시 남구 연일읍 철강로25번길 49-1, (연일읍)",2017-08-25,0,35.9961469,129.3458086,False,11.32
JDQ4MTYyMiM4MSMkMSMkMCMkMTMkNDgxOTYxIzUxIyQxIyQxIyQ4OSQzNjEyMjIjNDEjJDEjJDQjJDgz,연일한의원,47110,한의원,"경상북도 포항시 남구 연일읍 철강로71번길 29-4, (연일읍)",2020-12-14,0,35.9932078,129.3501549,False,11.75
JDQ4MTYyMiM4MSMkMiMkMCMkMDAkNDgxOTYxIzIxIyQxIyQxIyQ2MiQzNjE0ODEjNDEjJDEjJDQjJDgz,연합소아청소년과의원,47110,의원,"경상북도 포항시 북구 용두산길 46, (두호동)",2001-01-12,0,36.0676986,129.3813935,False,7.32
JDQ4MTYyMiM4MSMkMSMkMCMkMTMkNDgxOTYxIzQxIyQxIyQ3IyQ5MiQyNjE4MzIjNTEjJDEjJDIjJDgz,연합한의원,47110,한의원,"경상북도 포항시 남구 송림로 37, (송도동)",1986-09-30,0,36.033061,129.3753606,False,9.1
JDQ4MTYyMiM4MSMkMiMkMCMkMDAkNDgxMTkxIzExIyQxIyQzIyQ4OSQzNjEwMDIjODEjJDEjJDYjJDgz,열린이비인후과의원,47110,의원,"경상북도 포항시 북구 새천년대로1075번길 1, 2층 (창포동)",2018-05-02,0,36.0645798,129.3711265,False,6.63
JDQ4MTYyMiM4MSMkMSMkMCMkNzIkMzgxMTkxIzMxIyQxIyQ3IyQwMyQyNjEwMDIjNTEjJDEjJDIjJDgz,열린이사랑치과의원,47110,치과의원,"경상북도 포항시 북구 새천년대로1076번길 22, 4층 (두호동)",2001-04-17,0,36.064159,129.3739483,False,6.88
JDQ4MTYyMiM4MSMkMSMkMCMkMTMkMzgxNzAyIzUxIyQxIyQ1IyQ2MiQ0NjEwMDIjNDEjJDEjJDgjJDgz,열린한의원,47110,한의원,"경상북도 포항시 북구 새천년대로 1037, (창포동)",2004-09-13,0,36.061425,129.3703206,False,6.74
JDQ4MTYyMiM4MSMkMiMkMCMkMDAkMzgxMTkxIzUxIyQyIyQxIyQwMCQ0NjEwMDIjNjEjJDEjJDQjJDgz,영남마취통증의학과의원,47110,의원,"경상북도 포항시 북구 죽도로 27, (죽도동)",2001-05-26,0,36.034155,129.3641295,False,8.35
JDQ4MTYyMiM4MSMkMSMkMCMkMTMkMzgxNzAyIzMxIyQxIyQ3IyQ3OSQzNjEyMjIjODEjJDEjJDYjJDgz,영남한의원,47110,한의원,"경상북도 포항시 북구 흥해읍 흥해로 64-1, 64",1991-11-02,0,36.1104888,129.3478117,False,4.24
JDQ4MTYyMiM4MSMkMiMkMCMkMDAkMzgxMTkxIzMxIyQxIyQzIyQ4OSQzNjEwMDIjODEjJDEjJDYjJDgz,영동안과의원,47110,의원,"경상북도 포항시 북구 중흥로 265, 5층 501,502호 (죽도동, 성원메디칼)",1997-12-23,5,36.0266118,129.3606487,False,8.84
JDQ4MTYyMiM4MSMkMiMkMCMkMDAkNDgxMTkxIzExIyQxIyQzIyQwMyQzNjEwMDIjNDEjJDEjJDQjJDgz,영이비인후과의원,47110,의원,"경상북도 포항시 남구 중흥로 96, 3층 (상도동)",2018-12-27,0,36.0134841,129.3510757,False,9.69
JDQ4MTYyMiM4MSMkMSMkMCMkMTMkNDgxOTYxIzIxIyQxIyQxIyQ4OSQyNjE0ODEjNTEjJDEjJDIjJDgz,영일당한의원,47110,한의원,"경상북도 포항시 남구 오천읍 세계길 15, (오천읍)",2011-01-13,0,35.9635492,129.4151427,False,17.39
JDQ4MTYyMiM4MSMkMSMkMCMkMTMkNDgxMzUxIzIxIyQxIyQ5IyQwMyQzNjE4MzIjODEjJDEjJDIjJDgz,예경희한의원,47110,한의원,"경상북도 포항시 남구 중앙로 134, (해도동)",2002-08-20,0,36.0251747,129.3682827,False,9.36
JDQ4MTYyMiM4MSMkMSMkMCMkNzIkMzgxOTYxIzUxIyQxIyQxIyQxMyQzNjEyMjIjODEjJDEjJDIjJDgz,예다함치과의원,47110,치과의원,"경상북도 포항시 남구 동해면 일월로 152, C동 28호 (영남상가2층)",2006-05-10,0,35.9879355,129.4495983,False,17.39
JDQ4MTYyMiM4MSMkMSMkMCMkMTMkNDgxMzUxIzMxIyQxIyQzIyQ4OSQ0NjEwMDIjNDEjJDEjJDQjJDgz,예당한의원,47110,한의원,"경상북도 포항시 북구 용두산길 42, (두호동)",2010-04-01,0,36.0674567,129.3813912,False,7.33
JDQ4MTYyMiM4MSMkMSMkMCMkNzIkMzgxMTkxIzIxIyQyIyQxIyQwMCQzNjEyMjIjNDEjJDEjJDgjJDgz,예사랑치과의원,47110,치과의원,"경상북도 포항시 남구 효성로 18, 3층 (효자동, 포산빌딩)",2013-08-08,0,36.0062999,129.3355957,False,9.97
JDQ4MTYyMiM4MSMkMSMkMCMkNzIkMzgxMTkxIzIxIyQxIyQxIyQ5MiQ0NjEwMDIjNjEjJDEjJDQjJDgz,예스교정과치과의원,47110,치과의원,"경상북도 포항시 북구 중흥로 330, 8층 (죽도동, 한도빌딩)",2011-03-31,0,36.031411,129.3652968,False,8.65
JDQ4MTYyMiM4MSMkMSMkMCMkNzIkMzgxMTkxIzIxIyQyIyQxIyQwMCQyNjE4MzIjNzEjJDEjJDgjJDgz,예스치과의원,47110,치과의원,"경상북도 포항시 북구 중흥로 330, (죽도동, 한도빌딩)",2012-07-30,0,36.031411,129.3652968,False,8.65
JDQ4MTYyMiM4MSMkMSMkMCMkOTkkNTgxMzUxIzIxIyQxIyQxIyQ2MiQ0NjEwMDIjNTEjJDEjJDIjJDgz,오거리사랑요양병원,47110,요양병원,"경상북도 포항시 북구 중앙로 207,  (죽도동)",2013-04-15,150,36.0315299,129.3659401,True,8.68
JDQ4MTYyMiM4MSMkMSMkMCMkNzIkMzgxMzUxIzQxIyQxIyQ3IyQ3MiQyNjE4MzIjNTEjJDEjJDIjJDgz,오거리연세드림치과의원,47110,치과의원,"경상북도 포항시 북구 중흥로 345, 2층 (죽도동)",2008-02-14,0,36.0326502,129.3654481,False,8.55
JDQ4MTYyMiM4MSMkMiMkMCMkMDAkNDgxMTkxIzUxIyQxIyQxIyQ5OSQ0NjE0ODEjNDEjJDEjJDgjJDgz,오늘이비인후과의원,47110,의원,"경상북도 포항시 남구 오천읍 원동로 87, 2층 201, 202호",2025-03-10,0,35.9707566,129.4022501,False,16.08
JDQ4MTYyMiM4MSMkMSMkMCMkNzIkMzgxOTYxIzUxIyQxIyQxIyQxMyQzNjE0ODEjNDEjJDEjJDgjJDgz,오복치과의원,47110,치과의원,"경상북도 포항시 남구 오천읍 세계길 44, 2층",2009-10-14,0,35.9660419,129.4159346,False,17.21
JDQ4MTYyMiM4MSMkMiMkMCMkMDAkNDgxMzUxIzIxIyQyIyQ5IyQwMCQyNjE0ODEjNzEjJDEjJDgjJDgz,오안과의원,47110,의원,"경상북도 포항시 남구 포스코대로 138, (대잠동, DMT대잠메디컬타워 302호)",2006-12-21,0,36.0255491,129.3406189,False,8.09
JDQ4MTYyMiM4MSMkMiMkMCMkMDAkNDgxMTkxIzMxIyQxIyQ3IyQ2MiQzNjE0ODEjNDEjJDEjJDgjJDgz,오천365올바른정형외과마취통증의학과의원,47110,의원,"경상북도 포항시 남구 오천읍 원동로 87, 3층 301, 302, 303호",2012-08-03,0,35.9707566,129.4022501,False,16.08
JDQ4MTYyMiM4MSMkMiMkMCMkMDAkNDgxMTkxIzIxIyQxIyQ5IyQxMyQ0NjEwMDIjNjEjJDEjJDQjJDgz,오천맑은내과의원,47110,의원,"경상북도 포항시 남구 오천읍 남원로 75, 4층",2022-08-08,0,35.970158,129.4014865,False,16.1
JDQ4MTYyMiM4MSMkMiMkMCMkMDAkMzgxNzAyIzIxIyQxIyQ1IyQ3OSQ0NjE0ODEjODEjJDEjJDYjJDgz,오천성모의원,47110,의원,"경상북도 포항시 남구 오천읍 정몽주로 621, (오천읍)",2001-05-07,1,35.9734305,129.4146234,False,16.47
JDQ4MTYyMiM4MSMkMiMkMCMkMDAkNDgxOTYxIzIxIyQxIyQ1IyQ3MiQzNjEyMjIjNDEjJDEjJDQjJDgz,오천속내과의원,47110,의원,"경상북도 포항시 남구 오천읍 원동로 47, (오천읍)",2013-09-02,0,35.9673013,129.4025267,False,16.42
JDQ4MTYyMiM4MSMkMiMkMCMkMDAkNDgxMzUxIzMxIyQxIyQzIyQ4OSQyNjE0ODEjODEjJDEjJDYjJDgz,오천연합마취통증의학과의원,47110,의원,"경상북도 포항시 남구 오천읍 정몽주로 639-1, (오천읍)",2015-07-22,0,35.9752864,129.4138703,False,16.26
JDQ4MTYyMiM4MSMkMSMkMCMkMTMkNDgxOTYxIzIxIyQxIyQ5IyQ2MiQzNjE0ODEjNDEjJDEjJDQjJDgz,오천으뜸한의원,47110,한의원,"경상북도 포항시 남구 오천읍 장기로 1698, 2층 (예닮빌딩)",2005-05-09,0,35.9664834,129.416122,False,17.18
JDQ4MTYyMiM4MSMkMiMkMCMkMDAkMzgxNzAyIzUxIyQxIyQ1IyQ5OSQyNjEwMDIjNjEjJDEjJDAjJDgz,오천제일안과의원,47110,의원,"경상북도 포항시 남구 오천읍 정몽주로 651, (오천읍)",2004-02-17,0,35.9759849,129.41351,False,16.18
JDQ4MTYyMiM4MSMkMiMkMCMkMDAkNDgxOTYxIzUxIyQxIyQxIyQ3OSQzNjE4MzIjNTEjJDEjJDYjJDgz,오천제일연합정형외과의원,47110,의원,"경상북도 포항시 남구 오천읍 원동로 32, 3,4층",2016-11-23,0,35.9657807,129.4031954,False,16.6
JDQ4MTYyMiM4MSMkMiMkMCMkMDAkMzgxNzAyIzExIyQxIyQ3IyQ4MiQ0NjE0ODEjNDEjJDEjJDQjJDgz,오천제일의원,47110,의원,"경상북도 포항시 남구 오천읍 충무로 34, (오천읍)",2001-01-04,0,35.9759951,129.4133239,False,16.17
JDQ4MTYyMiM4MSMkMiMkMCMkMDAkMzgxMTkxIzIxIyQxIyQ1IyQ5MiQyNjE4MzIjNTEjJDEjJDYjJDgz,오천제통신경외과의원,47110,의원,"경상북도 포항시 남구 오천읍 장기로 1687, 1층",2011-06-27,0,35.9657754,129.416578,False,17.26
JDQ4MTYyMiM4MSMkMiMkMCMkMDAkMzgxMTkxIzMxIyQxIyQ3IyQ4MiQzNjE0ODEjNTEjJDEjJDYjJDgz,오천중앙의원,47110,의원,"경상북도 포항시 남구 오천읍 세계길 46, (오천읍)",1998-09-30,0,35.9662012,129.4160257,False,17.2
JDQ4MTYyMiM4MSMkMiMkMCMkMDAkNDgxOTYxIzExIyQxIyQ3IyQ4OSQ0NjEwMDIjNTEjJDEjJDIjJDgz,오투성형외과의원,47110,의원,"경상북도 포항시 북구 중앙로 220, (죽도동, 영진빌딩5층)",2011-03-18,0,36.032533,129.3665444,False,8.62
JDQ4MTYyMiM4MSMkMiMkMCMkMDAkMzgxOTYxIzExIyQxIyQzIyQ4OSQyNjE0ODEjNDEjJDEjJDgjJDgz,오학윤정형외과의원,47110,의원,"경상북도 포항시 북구 포스코대로 245, (죽도동)",1984-02-09,0,36.0226744,129.3521501,False,8.82
JDQ4MTYyMiM4MSMkMSMkMCMkMTMkNDgxMzUxIzMxIyQxIyQ3IyQ4MiQzNjEwMDIjNDEjJDEjJDQjJDgz,오한의원,47110,한의원,"경상북도 포항시 북구 죽도로 25, 2층 (죽도동)",2004-09-22,0,36.0343532,129.3639321,False,8.32
JDQ4MTYyMiM4MSMkMSMkMCMkNzIkMzgxOTYxIzIxIyQxIyQ5IyQ5MiQyNjEwMDIjNzEjJDEjJDgjJDgz,오희영치과의원,47110,치과의원,"경상북도 포항시 남구 중흥로 96, (상도동)",2016-12-09,0,36.0134841,129.3510757,False,9.69
JDQ4MTYyMiM4MSMkMiMkMCMkMDAkNDgxMTkxIzUxIyQxIyQ1IyQ4OSQyNjE4MzIjNDEjJDEjJDQjJDgz,온담정신건강의학과의원,47110,의원,"경상북도 포항시 북구 천마로 55, 3층 (양덕동)",2025-11-10,0,36.0814988,129.3965723,False,8.23
JDQ4MTYyMiM4MSMkMSMkMCMkNzIkMzgxMTkxIzIxIyQxIyQ1IyQ4MiQzNjE4MzIjODEjJDEjJDIjJDgz,올바른치과의원,47110,치과의원,"경상북도 포항시 북구 용두산길 40-1, 2층 (두호동)",2015-05-22,0,36.0673019,129.3813585,False,7.34
JDQ4MTYyMiM4MSMkMiMkMCMkMDAkNDgxMTkxIzUxIyQxIyQ1IyQ4OSQzNjEyMjIjNjEjJDEjJDAjJDgz,왕정신건강의학과의원,47110,의원,"경상북도 포항시 북구 중흥로 232, 402호 (죽도동)",2025-11-21,0,36.023786,129.3592286,False,9.03
JDQ4MTYyMiM4MSMkMSMkMCMkNzIkMzgxMTkxIzExIyQxIyQ3IyQ5MiQzNjE4MzIjNTEjJDEjJDIjJDgz,요하네스치과의원,47110,치과의원,"경상북도 포항시 북구 새천년대로 906, 우현빌딩 (우현동)",2018-11-13,0,36.053002,129.3613716,False,6.65
JDQ4MTYyMiM4MSMkMSMkMCMkNzIkMzgxMTkxIzMxIyQxIyQzIyQ3MiQzNjE0ODEjODEjJDEjJDYjJDgz,우리가족 치과의원,47110,치과의원,"경상북도 포항시 북구 새천년대로1075번길 1, 3,4층 (창포동)",2018-10-23,0,36.0645798,129.3711265,False,6.63
JDQ4MTYyMiM4MSMkMiMkMCMkMDAkNDgxOTYxIzExIyQxIyQzIyQwMyQyNjE0ODEjNTEjJDEjJDYjJDgz,우리눈안과의원,47110,의원,"경상북도 포항시 남구 중흥로 92, 2층 (상도동)",2011-04-26,0,36.0132295,129.3507698,False,9.71
JDQ4MTYyMiM4MSMkMiMkMCMkMDAkMzgxNzAyIzUxIyQxIyQ1IyQxMyQyNjEyMjIjNTEjJDEjJDYjJDgz,우리들연합정형외과의원,47110,의원,"경상북도 포항시 북구 흥해읍 한동로 42, 1층, 지하1층",2004-04-27,0,36.1103638,129.3459744,False,4.09
JDQ4MTYyMiM4MSMkMSMkMCMkNzIkMzgxMTkxIzIxIyQxIyQ5IyQ4MiQyNjE0ODEjNzEjJDEjJDgjJDgz,우리들치과의원,47110,치과의원,"경상북도 포항시 북구 중앙로 270, 1~2층 (남빈동)",2012-04-05,0,36.0368062,129.3654069,False,8.19
JDQ4MTYyMiM4MSMkMSMkMCMkMTMkNDgxMzUxIzIxIyQxIyQ1IyQ3OSQzNjEyMjIjNjEjJDEjJDQjJDgz,우리들한의원,47110,한의원,"경상북도 포항시 북구 양학로 51, (득량동)",2000-09-06,0,36.0278245,129.3484289,False,8.16
JDQ4MTYyMiM4MSMkMiMkMCMkMDAkNDgxMzUxIzUxIyQxIyQxIyQ3MiQyNjE0ODEjNzEjJDEjJDgjJDgz,우리마취통증의학과의원,47110,의원,"경상북도 포항시 북구 중앙로 241, 2층 (죽도동)",2009-07-09,0,36.0343606,129.3652584,False,8.39
JDQ4MTYyMiM4MSMkMSMkMCMkNzIkMzgxMTkxIzIxIyQxIyQ1IyQ3MiQyNjEyMjIjNDEjJDEjJDQjJDgz,우리아이치과의원,47110,치과의원,"경상북도 포항시 남구 대이로 39, (대잠동, 이화빌딩 6층)",2015-05-20,0,36.0188474,129.3418131,False,8.82
JDQ4MTYyMiM4MSMkMSMkMCMkNzIkMzgxMTkxIzExIyQxIyQzIyQ3MiQyNjE0ODEjNjEjJDEjJDAjJDgz,우리연합에스치과의원,47110,치과의원,"경상북도 포항시 남구 오천읍 정몽주로 560, 2층 (우리연합정형외과)",2010-06-24,0,35.9679903,129.4163341,False,17.05
JDQ4MTYyMiM4MSMkMiMkMCMkMDAkMzgxMTkxIzIxIyQxIyQ1IyQ4MiQ0NjE0ODEjNzEjJDEjJDgjJDgz,우리연합의원,47110,의원,"경상북도 포항시 남구 오천읍 정몽주로 560, (오천읍)",2003-03-21,29,35.9679903,129.4163341,False,17.05
JDQ4MTYyMiM4MSMkMiMkMCMkMDAkNDgxMzUxIzQxIyQxIyQ3IyQ3OSQyNjEyMjIjNDEjJDEjJDgjJDgz,우리이비인후과의원,47110,의원,"경상북도 포항시 남구 오천읍 원동로 4, 3층",2008-08-13,0,35.9631417,129.403195,False,16.85
JDQ4MTYyMiM4MSMkMiMkMCMkMDAkNDgxMzUxIzUxIyQyIyQ1IyQwMCQyNjE4MzIjNTEjJDEjJDYjJDgz,우리이비인후과의원,47110,의원,"경상북도 포항시 북구 새천년대로 1126, 2층 (장성동, 예원빌딩)",2010-04-14,0,36.0690666,129.3727116,False,6.54
JDQ4MTYyMiM4MSMkMSMkMCMkMTMkNDgxMzUxIzExIyQxIyQzIyQ3MiQzNjEyMjIjNTEjJDEjJDIjJDgz,우리한의원,47110,한의원,"경상북도 포항시 남구 연일읍 유강길 16, 블랙타워 2층",2022-06-28,0,36.0048854,129.3194726,False,9.84
JDQ4MTYyMiM4MSMkMSMkMCMkOTIkMzgxNzAyIzIxIyQxIyQxIyQ2MiQyNjE4MzIjODEjJDEjJDYjJDgz,우목보건진료소,47110,보건진료소,"경상북도 포항시 북구 흥해읍 죽천길185번길 33, (흥해읍)",1982-10-01,0,36.0978415,129.4269921,False,10.88
JDQ4MTYyMiM4MSMkMSMkMCMkMTMkMzgxNzAyIzUxIyQxIyQ1IyQwMyQyNjEwMDIjNjEjJDEjJDQjJDgz,우석한의원,47110,한의원,"경상북도 포항시 북구 두호로 34, (두호동)",1999-01-14,0,36.0603358,129.3748424,False,7.16
JDQ4MTYyMiM4MSMkMiMkMCMkMDAkNDgxOTYxIzIxIyQxIyQ1IyQ4MiQyNjE0ODEjODEjJDEjJDIjJDgz,원의원,47110,의원,"경상북도 포항시 북구 천마로 74, (양덕동)",2013-10-07,0,36.0831931,129.3971357,False,8.26
JDQ4MTYyMiM4MSMkMiMkMCMkMDAkNDgxMTkxIzQxIyQyIyQ3IyQwMCQzNjE4MzIjNjEjJDEjJDAjJDgz,원이비인후과의원,47110,의원,"경상북도 포항시 북구 흥해읍 초곡지구로58번길 15, 2층",2024-07-23,0,36.0962138,129.3381366,False,2.91
JDQ4MTYyMiM4MSMkMSMkMCMkOTIkMzgxNzAyIzIxIyQyIyQxIyQwMCQ0NjE0ODEjNTEjJDEjJDIjJDgz,월포보건진료소,47110,보건진료소,"경상북도 포항시 북구 청하면 해안로2406번길 15-9, (청하면)",1982-01-06,0,36.2066581,129.370772,False,13.94
JDQ4MTYyMiM4MSMkMiMkMCMkMDAkNDgxMzUxIzIxIyQxIyQ1IyQwMyQzNjE4MzIjNjEjJDEjJDAjJDgz,웰 여성의원,47110,의원,"경상북도 포항시 남구 오천읍 정몽주로 606, (오천읍)",2006-08-07,0,35.9720266,129.4157193,False,16.65
JDQ4MTYyMiM4MSMkMSMkMCMkNzIkMzgxOTYxIzUxIyQxIyQ1IyQwMyQyNjEyMjIjNjEjJDEjJDAjJDgz,웰치과의원,47110,치과의원,"경상북도 포항시 남구 효성로 12, (효자동)",2008-12-05,0,36.0063129,129.3350508,False,9.95
JDQ4MTYyMiM4MSMkMSMkMCMkNzIkMzgxOTYxIzMxIyQxIyQ3IyQ3OSQyNjEwMDIjODEjJDEjJDYjJDgz,위더스치과의원,47110,치과의원,"경상북도 포항시 북구 삼흥로 18, 5층 (두호동, 센텀메디컬빌딩)",2005-06-16,0,36.063902,129.3803682,False,7.41
JDQ4MTYyMiM4MSMkMSMkMCMkNzIkMzgxOTYxIzMxIyQyIyQzIyQwMCQzNjEwMDIjNzEjJDEjJDgjJDgz,유강스마일치과의원,47110,치과의원,"경상북도 포항시 남구 연일읍 유강길17번길 5, 5",2000-02-15,0,36.0045472,129.3186038,False,9.87
JDQ4MTYyMiM4MSMkMiMkMCMkMDAkNDgxMzUxIzUxIyQxIyQ1IyQ3MiQyNjE4MzIjODEjJDEjJDIjJDgz,유강연합의원,47110,의원,"경상북도 포항시 남구 연일읍 유강길 18-10, 3층",2023-02-06,0,36.0052641,129.3203826,False,9.81
JDQ4MTYyMiM4MSMkMSMkMCMkMTMkMzgxNzAyIzExIyQxIyQzIyQ4OSQyNjE4MzIjNTEjJDEjJDYjJDgz,유강한의원,47110,한의원,"경상북도 포항시 남구 연일읍 유강길 18-10, (연일읍)",2008-04-23,0,36.0052641,129.3203826,False,9.81
JDQ4MTYyMiM4MSMkMiMkMCMkMDAkNDgxMzUxIzMxIyQxIyQzIyQ3MiQzNjE0ODEjNDEjJDEjJDgjJDgz,유강행복의원,47110,의원,"경상북도 포항시 남구 연일읍 유강길9번길 50-1, 201호 (대림한숲타운2차상가)",2007-09-04,0,36.0049555,129.3156926,False,9.79
JDQ4MTYyMiM4MSMkMSMkMCMkNzIkMzgxMTkxIzMxIyQyIyQ3IyQwMCQyNjE0ODEjODEjJDEjJDIjJDgz,유디포항치과의원,47110,치과의원,"경상북도 포항시 북구 중흥로 192, (죽도동)",2013-07-11,0,36.0208121,129.3569079,False,9.21
JDQ4MTYyMiM4MSMkMSMkMCMkMTMkNDgxOTYxIzIxIyQxIyQ1IyQ4OSQyNjEyMjIjNjEjJDEjJDQjJDgz,유림한의원,47110,한의원,"경상북도 포항시 남구 오천읍 정몽주로 539, (유림한의원)",2014-05-15,9,35.9665016,129.415322,False,17.13
JDQ4MTYyMiM4MSMkMiMkMCMkMDAkNDgxMTkxIzIxIyQxIyQxIyQ4MiQzNjEwMDIjODEjJDEjJDIjJDgz,유앤미의원,47110,의원,"경상북도 포항시 남구 시청로 7, 좋은의사들 5층 501호 (대잠동)",2020-06-18,0,36.0180464,129.3417615,False,8.9
JDQ4MTYyMiM4MSMkMSMkMCMkMTMkMzgxNzAyIzMxIyQxIyQ3IyQ2MiQyNjE0ODEjODEjJDEjJDYjJDgz,유정한의원,47110,한의원,"경상북도 포항시 북구 기계면 기계로 50, (기계면)",1992-09-16,0,36.0698003,129.2111263,False,8.9
JDQ4MTYyMiM4MSMkMiMkMCMkMDAkMzgxOTYxIzMxIyQxIyQzIyQwMyQzNjE4MzIjNDEjJDEjJDgjJDgz,유제통의원,47110,의원,"경상북도 포항시 북구 중흥로 225, (죽도동)",2001-01-10,0,36.023558,129.3583257,False,9.01
JDQ4MTYyMiM4MSMkMSMkMCMkNzIkMzgxMzUxIzIxIyQxIyQ5IyQxMyQ0NjEwMDIjNDEjJDEjJDgjJDgz,유지웅치과의원,47110,치과의원,"경상북도 포항시 북구 중앙로 228, (죽도동)",1987-04-23,0,36.0333412,129.3661108,False,8.53
JDQ4MTYyMiM4MSMkMiMkMCMkMDAkNDgxOTYxIzIxIyQxIyQxIyQ3MiQzNjEyMjIjNTEjJDEjJDYjJDgz,유튼튼소아청소년과의원,47110,의원,"경상북도 포항시 남구 오천읍 원동로 51, (오천읍)",2012-08-20,0,35.9675491,129.4024885,False,16.4
JDQ4MTYyMiM4MSMkMiMkMCMkMDAkNDgxMTkxIzIxIyQxIyQ5IyQ2MiQyNjEwMDIjNTEjJDEjJDYjJDgz,윤정신건강의학과의원,47110,의원,"경상북도 포항시 남구 포스코대로 123, 7층 (이동)",2022-03-04,0,36.0258966,129.3392047,False,8.0
JDQ4MTYyMiM4MSMkMSMkMCMkNzIkMzgxMTkxIzExIyQxIyQ3IyQwMyQzNjE0ODEjNjEjJDEjJDQjJDgz,윤치과의원,47110,치과의원,"경상북도 포항시 남구 중앙로 108, (해도동)",2014-04-16,0,36.0227971,129.3688527,False,9.61
JDQ4MTYyMiM4MSMkMSMkMCMkNzIkMzgxMzUxIzExIyQxIyQ3IyQ3OSQ0NjEwMDIjNzEjJDEjJDgjJDgz,윤학영치과의원,47110,치과의원,"경상북도 포항시 북구 죽도로 57, (죽도동)",1977-10-13,0,36.0330168,129.3666483,False,8.59
JDQ4MTYyMiM4MSMkMiMkMCMkMDAkMzgxNzAyIzMxIyQxIyQ3IyQ4OSQ0NjE0ODEjNjEjJDEjJDQjJDgz,윤혜원여성의원,47110,의원,"경상북도 포항시 남구 포스코대로 138, 401호 (대잠동)",2005-03-21,0,36.0255491,129.3406189,False,8.09
JDQ4MTYyMiM4MSMkMSMkMCMkOTkkNTgxMzUxIzExIyQxIyQ3IyQ5MiQ0NjEwMDIjODEjJDEjJDIjJDgz,의료법인 경진의료재단 경희요양병원,47110,요양병원,"경상북도 포항시 남구 송도로 62,  (송도동)",2007-12-10,253,36.0332069,129.3776986,True,9.23
JDQ4MTYyMiM4MSMkMSMkMCMkOTkkNTgxOTYxIzExIyQxIyQzIyQ5OSQzNjE4MzIjNjEjJDEjJDAjJDgz,의료법인 안흥의료재단 영남병원,47110,정신병원,"경상북도 포항시 북구 장량로 36, (장성동)",2010-10-18,224,36.0824295,129.3843039,True,7.13
JDQ4MTYyMiM4MSMkMSMkMCMkOTkkNTgxMzUxIzIxIyQxIyQ1IyQ2MiQyNjE0ODEjNjEjJDEjJDQjJDgz,의료법인 원경의료재단 연일요양병원,47110,요양병원,"경상북도 포항시 남구 연일읍 인주길22번길 38-23, (연일읍)",2017-05-31,148,35.9800996,129.3407646,True,12.9
JDQ4MTYyMiM4MSMkMSMkMCMkOTkkNTgxMzUxIzIxIyQxIyQ1IyQ3MiQzNjE0ODEjNjEjJDEjJDQjJDgz,의료법인 자광의료재단 선우요양병원,47110,요양병원,"경상북도 포항시 북구 법원로129번길 11-0,  (장성동)",2018-12-04,172,36.086606,129.3848207,True,7.11
JDQ4MTYyMiM4MSMkMSMkMCMkOTkkNTgxMzUxIzExIyQxIyQ3IyQxMyQzNjE4MzIjNjEjJDEjJDgjJDgz,의료법인 현보의료재단 포항해도요양병원,47110,요양병원,"경상북도 포항시 남구 중앙로 84, (해도동)",2011-03-16,138,36.0207014,129.3694812,True,9.83
JDQ4MTYyMiM4MSMkMSMkMCMkOTkkNTgxMzUxIzIxIyQxIyQ1IyQ5MiQ0NjE0ODEjNTEjJDEjJDIjJDgz,의료법인경진의료재단 오천경희요양병원,47110,요양병원,"경상북도 포항시 남구 오천읍 구정길17번길 13-0,  1층 (오천경희요양병원)",2022-03-21,185,35.9816116,129.4086883,True,15.42
JDQ4MTYyMiM4MSMkMSMkMCMkOTkkMzgxMzUxIzIxIyQxIyQxIyQ5MiQyNjE0ODEjNzEjJDEjJDgjJDgz,의료법인구암의료재단 시티병원,47110,병원,"경상북도 포항시 북구 장량로31번길 56,  (장성동)",2008-01-14,122,36.0876737,129.3851875,True,7.14
JDQ4MTYyMiM4MSMkMSMkMCMkOTkkMzgxMzUxIzExIyQxIyQ3IyQ4MiQzNjEyMjIjNTEjJDEjJDIjJDgz,의료법인삼정의료재단포항여성병원,47110,병원,"경상북도 포항시 북구 포스코대로 269, (죽도동)",2003-03-18,81,36.0216748,129.3544437,True,9.02
JDQ4MTYyMiM4MSMkMSMkMCMkOTkkNTgxMzUxIzExIyQxIyQzIyQxMyQzNjE4MzIjNDEjJDEjJDQjJDgz,의료법인생명샘의료재단 로뎀요양병원,47110,요양병원,"경상북도 포항시 북구 법원로116번길 55,  (장성동)",2007-10-01,143,36.0847161,129.3916441,True,7.75
JDQ4MTYyMiM4MSMkMSMkMCMkOTkkNTgxMzUxIzIxIyQxIyQxIyQ5OSQ0NjEwMDIjODEjJDEjJDIjJDgz,의료법인성효의료재단 성심요양병원,47110,요양병원,"경상북도 포항시 북구 중앙로 297,  (상원동)",2008-12-09,103,36.0394305,129.3658773,True,8.0
JDQ4MTYyMiM4MSMkMSMkMCMkOTkkNTgxMzUxIzIxIyQxIyQxIyQwMyQyNjE4MzIjNTEjJDEjJDIjJDgz,의료법인운하의료재단 포항요양병원,47110,요양병원,"경상북도 포항시 북구 흥해읍 칠포로 58, (흥해읍)",2007-09-03,199,36.1283123,129.3538731,True,5.85
JDQ4MTYyMiM4MSMkMSMkMCMkOTkkNTgxMzUxIzIxIyQxIyQ1IyQ3OSQ0NjEwMDIjNDEjJDEjJDQjJDgz,의료법인유성의료재단 유성요양병원,47110,요양병원,"경상북도 포항시 북구 새천년대로 1135-78,  (장성동)",2015-06-11,412,36.0710656,129.3687122,True,6.13
JDQ4MTYyMiM4MSMkMSMkMCMkOTkkNTgxMzUxIzIxIyQxIyQ1IyQ5OSQzNjEwMDIjNDEjJDEjJDgjJDgz,의료법인은성의료재단 좋은선린요양병원,47110,요양병원,"경상북도 포항시 북구 대신로 27,  (대신동)",2009-04-01,373,36.0465438,129.3666646,True,7.49
JDQ4MTYyMiM4MSMkMSMkMCMkODkkMzgxMzUxIzExIyQxIyQzIyQ3MiQyNjE0ODEjNjEjJDEjJDQjJDgz,의료법인은성의료재단좋은선린병원,47110,종합병원,"경상북도 포항시 북구 대신로 43,  (대신동)",1979-06-23,299,36.048263,129.3670367,True,7.38
JDQ4MTYyMiM4MSMkMSMkMCMkOTkkNTgxMzUxIzIxIyQyIyQxIyQwMCQzNjE0ODEjNjEjJDEjJDAjJDgz,의료법인청암의료재단 포항송라요양병원,47110,요양병원,"경상북도 포항시 북구 송라면 동해대로2913번길 127, (송라면)",2009-04-30,298,36.2285161,129.3437995,True,15.48
JDQ4MTYyMiM4MSMkMSMkMCMkOTkkNTgxMzUxIzIxIyQxIyQ1IyQ5OSQyNjE4MzIjNjEjJDEjJDQjJDgz,의료법인포항삼광의료재단 드림요양병원,47110,요양병원,"경상북도 포항시 북구 동빈로 9,  (중앙동)",2016-05-09,149,36.0379828,129.3682773,True,8.27
JDQ4MTYyMiM4MSMkMSMkMCMkODkkMzgxMzUxIzExIyQxIyQzIyQ5OSQyNjEwMDIjNDEjJDEjJDgjJDgz,의료법인한성재단포항세명기독병원,47110,종합병원,"경상북도 포항시 남구 포스코대로 351,  (대도동)",1992-12-21,733,36.0177172,129.3622256,True,9.75
JDQ4MTYyMiM4MSMkMSMkMCMkOTkkNTgxMzUxIzExIyQxIyQ3IyQ2MiQ0NjE0ODEjODEjJDEjJDIjJDgz,의료법인한원의료재단 장성요양병원,47110,요양병원,"경상북도 포항시 북구 법원로111번길 25-10,  (장성동)",2006-08-22,145,36.0844158,129.3825434,True,6.94
JDQ4MTYyMiM4MSMkMSMkMCMkOTkkNTgxMzUxIzIxIyQxIyQxIyQwMyQzNjEyMjIjNzEjJDEjJDgjJDgz,의료법인해도의료재단 제일마디요양병원,47110,요양병원,"경상북도 포항시 남구 중앙로 98,  (해도동)",2008-05-06,149,36.0218847,129.3692608,True,9.71
JDQ4MTYyMiM4MSMkMSMkMCMkOTkkMzgxMzUxIzExIyQxIyQzIyQ5MiQzNjE0ODEjNzEjJDEjJDgjJDgz,의료법인현암의료재단 포항우리병원,47110,병원,"경상북도 포항시 북구 포스코대로 256, (죽도동)",1995-07-21,91,36.0215498,129.3523389,True,8.94
JDQ4MTYyMiM4MSMkMSMkMCMkOTkkNTgxMzUxIzExIyQxIyQ3IyQ4OSQyNjE0ODEjNDEjJDEjJDgjJDgz,의료법인화암의료재단 간호나라요양병원,47110,요양병원,"경상북도 포항시 북구 흥해읍 덕장길 278, (흥해읍)",2007-03-30,188,36.1421044,129.3337552,True,6.03
JDQ4MTYyMiM4MSMkMSMkMCMkMTMkNDgxMzUxIzIxIyQxIyQxIyQ5OSQyNjE0ODEjNjEjJDEjJDAjJDgz,이강부부한의원,47110,한의원,"경상북도 포항시 남구 중흥로 94, 3층 (상도동)",2017-04-27,0,36.0132983,129.3510004,False,9.71
JDQ4MTYyMiM4MSMkMSMkMCMkNzIkMzgxMTkxIzUxIyQxIyQxIyQ4OSQzNjE0ODEjODEjJDEjJDYjJDgz,이결치과의원,47110,치과의원,"경상북도 포항시 북구 양학로 61, 3층 (득량동)",2024-08-30,0,36.0284528,129.3474996,False,8.06
JDQ4MTYyMiM4MSMkMiMkMCMkMDAkMzgxMTkxIzIxIyQxIyQxIyQ4OSQyNjE0ODEjODEjJDEjJDYjJDgz,이경민내과의원,47110,의원,"경상북도 포항시 북구 포스코대로 303, 3층 (죽도동)",1995-05-26,0,36.0201289,129.3575244,False,9.3
JDQ4MTYyMiM4MSMkMSMkMCMkNzIkMzgxOTYxIzIxIyQyIyQxIyQwMCQ0NjEwMDIjNDEjJDEjJDgjJDgz,이경수치과의원,47110,치과의원,"경상북도 포항시 남구 중앙로 148, 2층 (해도동)",1995-08-21,0,36.0262375,129.3680056,False,9.25
JDQ4MTYyMiM4MSMkMiMkMCMkMDAkMzgxOTYxIzExIyQyIyQzIyQwMCQzNjE4MzIjNTEjJDEjJDIjJDgz,이달우신경정신과의원,47110,의원,"경상북도 포항시 북구 포스코대로 276-1, 2층 (죽도동)",1984-04-25,0,36.020586,129.3545128,False,9.13
JDQ4MTYyMiM4MSMkMSMkMCMkMTMkNDgxMzUxIzIxIyQxIyQxIyQ3OSQyNjE4MzIjNjEjJDEjJDAjJDgz,이도한의원,47110,한의원,"경상북도 포항시 북구 청하면 청하로151번길 27, 27",2008-09-19,0,36.1929639,129.3357648,False,11.47
JDQ4MTYyMiM4MSMkMiMkMCMkMDAkNDgxMzUxIzExIyQxIyQ3IyQwMyQzNjEwMDIjNjEjJDEjJDQjJDgz,이동선린내과의원,47110,의원,"경상북도 포항시 남구 포스코대로 140, 3층 (대잠동, 프라임코아빌딩)",2005-06-21,0,36.0255374,129.341268,False,8.11
JDQ4MTYyMiM4MSMkMSMkMCMkNzIkMzgxMTkxIzIxIyQxIyQxIyQ4MiQzNjEwMDIjNjEjJDEjJDQjJDgz,이동연합치과의원,47110,치과의원,"경상북도 포항시 남구 포스코대로 138, (대잠동,DMT 빌딩 701호)",2002-05-13,0,36.0255491,129.3406189,False,8.09
JDQ4MTYyMiM4MSMkMSMkMCMkNzIkMzgxOTYxIzExIyQxIyQ3IyQxMyQyNjEyMjIjNDEjJDEjJDgjJDgz,이동준치과의원,47110,치과의원,"경상북도 포항시 북구 흥해읍 흥해로 68, 68",1997-11-12,0,36.1106946,129.3478616,False,4.26
JDQ4MTYyMiM4MSMkMiMkMCMkMDAkMzgxNzAyIzMxIyQxIyQ3IyQ3MiQyNjEwMDIjNzEjJDEjJDgjJDgz,이동철내과의원,47110,의원,"경상북도 포항시 북구 중흥로 256, (죽도동)",2002-09-16,0,36.0255961,129.3606381,False,8.93
JDQ4MTYyMiM4MSMkMiMkMCMkMDAkNDgxMTkxIzUxIyQxIyQxIyQ3MiQyNjE0ODEjODEjJDEjJDIjJDgz,이동튼튼정형외과의원,47110,의원,"경상북도 포항시 남구 포스코대로 138, 5층~6층 (대잠동, 이동튼튼정형외과)",2013-04-15,20,36.0255491,129.3406189,False,8.09
JDQ4MTYyMiM4MSMkMSMkMCMkMTMkNDgxMzUxIzIxIyQxIyQ5IyQxMyQ0NjEwMDIjNDEjJDEjJDgjJDgz,이동한의원,47110,한의원,"경상북도 포항시 남구 포스코대로 139, 2층 (이동)",2008-08-18,0,36.0260593,129.3412374,False,8.06
JDQ4MTYyMiM4MSMkMSMkMCMkNzIkMzgxOTYxIzMxIyQxIyQ3IyQ3OSQzNjE4MzIjODEjJDEjJDIjJDgz,이사랑치과의원,47110,치과의원,"경상북도 포항시 남구 지곡로 257, (지곡동, 애드빌상가 101동202호)",1995-08-26,0,36.0292155,129.3238992,False,7.24
JDQ4MTYyMiM4MSMkMiMkMCMkMDAkMzgxMTkxIzUxIyQxIyQxIyQ3OSQyNjEwMDIjODEjJDEjJDIjJDgz,이상도내과의원,47110,의원,"경상북도 포항시 남구 중앙로122번길 30-1, (해도동)",1999-04-24,0,36.0244254,129.3718104,False,9.62
JDQ4MTYyMiM4MSMkMSMkMCMkNzIkMzgxMzUxIzMxIyQxIyQ3IyQ4MiQyNjE0ODEjODEjJDEjJDYjJDgz,이상면치과의원,47110,치과의원,"경상북도 포항시 북구 중앙로 237-1, (죽도동)",1989-05-18,0,36.0341374,129.3653464,False,8.42
JDQ4MTYyMiM4MSMkMiMkMCMkMDAkNDgxMTkxIzUxIyQxIyQxIyQ5OSQzNjEwMDIjNzEjJDEjJDgjJDgz,이상희심혈내과의원,47110,의원,"경상북도 포항시 남구 포스코대로 333, 포항상공회의소 1층 (상도동)",2025-02-26,0,36.0184492,129.360309,False,9.59
JDQ4MTYyMiM4MSMkMiMkMCMkMDAkNDgxOTYxIzQxIyQxIyQ3IyQ4MiQzNjEwMDIjNjEjJDEjJDAjJDgz,이성윤정형외과의원,47110,의원,"경상북도 포항시 북구 새천년대로 906, 우현빌딩 4층 (우현동)",2025-06-19,0,36.0529208,129.361322,False,6.65
JDQ4MTYyMiM4MSMkMSMkMCMkNzIkMzgxMzUxIzUxIyQxIyQ1IyQwMyQyNjE0ODEjNTEjJDEjJDIjJDgz,이성진치과의원,47110,치과의원,"경상북도 포항시 북구 새천년대로 1041, 201호 (창포동, 쌍용상가)",1992-10-28,0,36.061753,129.3704688,False,6.74
JDQ4MTYyMiM4MSMkMSMkMCMkMTMkNDgxMzUxIzMxIyQxIyQ3IyQ5OSQzNjE0ODEjNTEjJDEjJDIjJDgz,이영준한의원,47110,한의원,"경상북도 포항시 북구 중앙로 269, (상원동)",2004-03-16,0,36.0371116,129.3650017,False,8.14
JDQ4MTYyMiM4MSMkMSMkMCMkNzIkMzgxMzUxIzMxIyQxIyQ3IyQ5OSQ0NjE0ODEjNjEjJDEjJDQjJDgz,이오균치과의원,47110,치과의원,"경상북도 포항시 북구 새천년대로1249번길 10-6, (장성동)",2014-02-18,0,36.0750499,129.3836499,False,7.25
JDQ4MTYyMiM4MSMkMiMkMCMkMDAkMzgxNzAyIzIxIyQxIyQ5IyQ3MiQ0NjEwMDIjNDEjJDEjJDQjJDgz,이용희신경과의원,47110,의원,"경상북도 포항시 북구 중흥로 319, 2층 (죽도동, 굿모닝메디컬센터)",2002-01-19,0,36.0307494,129.3640819,False,8.64
JDQ4MTYyMiM4MSMkMiMkMCMkMDAkMzgxMzUxIzIxIyQxIyQ1IyQwMyQzNjEyMjIjNjEjJDEjJDAjJDgz,이원기외과의원,47110,의원,"경상북도 포항시 북구 죽도로 27, (죽도동)",1978-07-15,0,36.034155,129.3641295,False,8.35
JDQ4MTYyMiM4MSMkMiMkMCMkMDAkMzgxOTYxIzMxIyQxIyQzIyQ4OSQyNjE0ODEjNTEjJDEjJDIjJDgz,이재백안과의원,47110,의원,"경상북도 포항시 북구 중흥로 228, (죽도동)",1990-01-08,9,36.0235082,129.3590183,False,9.05
JDQ4MTYyMiM4MSMkMiMkMCMkMDAkNDgxMTkxIzExIyQxIyQzIyQ3MiQzNjE0ODEjNDEjJDEjJDQjJDgz,이정미소아청소년과의원,47110,의원,"경상북도 포항시 남구 포스코대로 123, 4층 (이동)",2018-09-17,0,36.0258966,129.3392047,False,8.0
JDQ4MTYyMiM4MSMkMSMkMCMkNzIkMzgxOTYxIzExIyQxIyQzIyQ3MiQzNjE0ODEjNDEjJDEjJDgjJDgz,이조은치과의원,47110,치과의원,"경상북도 포항시 북구 우창로 10, (우현동)",2012-05-02,0,36.0547433,129.3592816,False,6.38
JDQ4MTYyMiM4MSMkMiMkMCMkMDAkMzgxMTkxIzExIyQxIyQ3IyQxMyQ0NjEwMDIjNjEjJDEjJDAjJDgz,이종곤내과의원,47110,의원,"경상북도 포항시 남구 오천읍 정몽주로616번길 1, (오천읍)",1995-04-27,0,35.9731074,129.415108,False,16.52
JDQ4MTYyMiM4MSMkMSMkMCMkNzIkMzgxOTYxIzIxIyQyIyQ5IyQwMCQzNjE4MzIjNzEjJDEjJDgjJDgz,이지은치과의원,47110,치과의원,"경상북도 포항시 남구 상공로 34, 3층 (상도동)",2019-01-18,0,36.011657,129.3561759,False,10.08
JDQ4MTYyMiM4MSMkMiMkMCMkMDAkNDgxMzUxIzQxIyQxIyQ3IyQ5OSQzNjE0ODEjNDEjJDEjJDgjJDgz,이창우 내과의원,47110,의원,"경상북도 포항시 북구 포스코대로 254, (죽도동)",2008-09-22,0,36.0216918,129.3522119,False,8.92
JDQ4MTYyMiM4MSMkMSMkMCMkNzIkMzgxOTYxIzIxIyQxIyQ1IyQ5OSQyNjE4MzIjNDEjJDEjJDgjJDgz,이튼치과의원,47110,치과의원,"경상북도 포항시 남구 연일읍 유강길10번길 18-8, 4층",2007-12-26,0,36.0051927,129.3202083,False,9.81
JDQ4MTYyMiM4MSMkMSMkMCMkNzIkMzgxOTYxIzUxIyQxIyQ1IyQxMyQ0NjE0ODEjNDEjJDEjJDgjJDgz,이편안치과의원,47110,치과의원,"경상북도 포항시 남구 송도로 20-1, (송도동)",2009-04-27,0,36.0335774,129.3732515,False,8.93
JDQ4MTYyMiM4MSMkMSMkMCMkNzIkMzgxMzUxIzIxIyQxIyQ5IyQ3MiQ0NjE0ODEjNjEjJDEjJDAjJDgz,이혁우미소지움치과의원,47110,치과의원,"경상북도 포항시 북구 삼호로 254, 5층 (두호동)",1986-06-05,0,36.0606001,129.3796484,False,7.52
JDQ4MTYyMiM4MSMkMiMkMCMkMDAkMzgxMTkxIzMxIyQxIyQ3IyQ4OSQ0NjE0ODEjNDEjJDEjJDQjJDgz,이현철의원,47110,의원,"경상북도 포항시 북구 두호로 18-1, (두호동)",1998-05-21,0,36.0599714,129.3765123,False,7.31
JDQ4MTYyMiM4MSMkMiMkMCMkMDAkNDgxMzUxIzUxIyQxIyQ1IyQ4MiQyNjEyMjIjNzEjJDEjJDgjJDgz,이활비뇨기과의원,47110,의원,"경상북도 포항시 북구 새천년대로 1126, (장성동)",2010-07-07,0,36.0690666,129.3727116,False,6.54
JDQ4MTYyMiM4MSMkMSMkMCMkOTkkNTgxOTYxIzExIyQxIyQzIyQ5OSQyNjEyMjIjNTEjJDEjJDYjJDgz,인성병원,47110,정신병원,"경상북도 포항시 북구 장량로 98-10,  (장성동)",2005-11-12,298,36.0809294,129.3911748,True,7.76
JDQ4MTYyMiM4MSMkMSMkMCMkMTMkNDgxOTYxIzIxIyQxIyQ1IyQ4MiQ0NjEwMDIjODEjJDEjJDYjJDgz,자향한의원,47110,한의원,"경상북도 포항시 북구 중앙로 241, (죽도동)",2012-12-13,0,36.0343606,129.3652584,False,8.39
JDQ4MTYyMiM4MSMkMiMkMCMkMDAkMzgxNzAyIzUxIyQxIyQxIyQxMyQ0NjEwMDIjNjEjJDEjJDAjJDgz,장상렬정신건강의학과의원,47110,의원,"경상북도 포항시 북구 중흥로 306, (죽도동)",2004-01-14,0,36.0294133,129.363754,False,8.74
JDQ4MTYyMiM4MSMkMiMkMCMkMDAkNDgxOTYxIzMxIyQxIyQzIyQwMyQyNjEwMDIjNTEjJDEjJDYjJDgz,장상섭신경과의원,47110,의원,"경상북도 포항시 북구 대신로 46-2, 2~3층 (대신동)",2015-07-17,0,36.0483601,129.3679536,False,7.44
JDQ4MTYyMiM4MSMkMiMkMCMkMDAkNDgxOTYxIzUxIyQyIyQxIyQwMCQyNjEwMDIjNjEjJDEjJDgjJDgz,장성성모의원,47110,의원,"경상북도 포항시 북구 새천년대로 1222, (장성동)",2017-02-06,0,36.0728223,129.3814766,False,7.13
JDQ4MTYyMiM4MSMkMiMkMCMkMDAkNDgxOTYxIzIxIyQxIyQ1IyQwMyQzNjEyMjIjNDEjJDEjJDgjJDgz,장성연합의원,47110,의원,"경상북도 포항시 북구 새천년대로 1317, (장성동)",2013-12-17,0,36.0760284,129.39104,False,7.86
JDQ4MTYyMiM4MSMkMSMkMCMkNzIkMzgxOTYxIzMxIyQxIyQ3IyQwMyQyNjE0ODEjODEjJDEjJDYjJDgz,장성치과의원,47110,치과의원,"경상북도 포항시 북구 용두산길 43, (장성동)",2011-08-01,0,36.0676591,129.3810483,False,7.29
JDQ4MTYyMiM4MSMkMSMkMCMkMTMkNDgxOTYxIzQxIyQxIyQ3IyQ3MiQzNjEyMjIjNTEjJDEjJDIjJDgz,장성한의원,47110,한의원,"경상북도 포항시 북구 두호로 31, 성진빌딩 2층 (두호동)",2019-06-14,0,36.0598704,129.3750318,False,7.2
JDQ4MTYyMiM4MSMkMSMkMCMkMTMkMzgxNzAyIzIxIyQxIyQ1IyQ4MiQzNjEwMDIjNjEjJDEjJDQjJDgz,장수한의원,47110,한의원,"경상북도 포항시 북구 삼흥로62번길 17, (장성동)",1989-03-23,0,36.0676378,129.3807231,False,7.27
JDQ4MTYyMiM4MSMkMSMkMCMkMTMkNDgxMzUxIzMxIyQxIyQ3IyQ5OSQzNjE4MzIjNzEjJDEjJDgjJDgz,장영록한의원,47110,한의원,"경상북도 포항시 남구 지곡로127번길 30, 포스플렉스, 포항공대체육관 1층 (지곡동)",2011-11-07,0,36.0191875,129.3242976,False,8.34
JDQ4MTYyMiM4MSMkMiMkMCMkMDAkMzgxMTkxIzUxIyQxIyQxIyQ4OSQzNjE0ODEjNDEjJDEjJDQjJDgz,장유송영상의학과의원,47110,의원,"경상북도 포항시 북구 중흥로 237, (죽도동)",1999-05-08,0,36.0246334,129.3590976,False,8.95
JDQ4MTYyMiM4MSMkMiMkMCMkMDAkMzgxOTYxIzExIyQxIyQzIyQ2MiQyNjE0ODEjNTEjJDEjJDIjJDgz,장태식비뇨기과의원,47110,의원,"경상북도 포항시 북구 죽도로 57, (죽도동)",1984-05-07,0,36.0330168,129.3666483,False,8.59
JDQ4MTYyMiM4MSMkMiMkMCMkMDAkMzgxNzAyIzIxIyQxIyQxIyQ5MiQ0NjEwMDIjNDEjJDEjJDgjJDgz,전내과의원,47110,의원,"경상북도 포항시 북구 중앙로 261, 2층 (남빈동, 천우빌딩)",2001-04-16,0,36.0364327,129.364709,False,8.18
JDQ4MTYyMiM4MSMkMiMkMCMkMDAkMzgxOTYxIzUxIyQxIyQ1IyQ5OSQyNjE4MzIjNDEjJDEjJDQjJDgz,전일훈이비인후과의원,47110,의원,"경상북도 포항시 북구 중흥로 329, (죽도동)",1993-04-21,0,36.0314523,129.364667,False,8.61
JDQ4MTYyMiM4MSMkMiMkMCMkMDAkMzgxMTkxIzUxIyQxIyQ1IyQxMyQyNjEwMDIjNDEjJDEjJDQjJDgz,정가정의학과의원,47110,의원,"경상북도 포항시 남구 효자동길 2, 3층 (효자동)",1994-05-31,0,36.0078479,129.3303673,False,9.69
JDQ4MTYyMiM4MSMkMiMkMCMkMDAkMzgxMTkxIzQxIyQxIyQ3IyQ4OSQzNjE0ODEjNTEjJDEjJDYjJDgz,정광용정형외과의원,47110,의원,"경상북도 포항시 남구 연일읍 연일중앙로 54, (연일읍)",1999-02-01,29,35.9967906,129.349888,False,11.37
JDQ4MTYyMiM4MSMkMSMkMCMkOTkkNTgxMzUxIzIxIyQxIyQxIyQ2MiQyNjE0ODEjODEjJDEjJDYjJDgz,정다운요양병원,47110,요양병원,"경상북도 포항시 북구 중앙로 208, (죽도동)",2013-02-20,131,36.0316148,129.3665994,True,8.71
JDQ4MTYyMiM4MSMkMSMkMCMkMTMkNDgxOTYxIzQxIyQxIyQ3IyQ2MiQyNjE4MzIjNDEjJDEjJDgjJDgz,정만진한의원,47110,한의원,"경상북도 포항시 남구 포스코대로 340, 3층 (대도동)",2019-04-25,0,36.0176123,129.3602812,False,9.67
JDQ4MTYyMiM4MSMkMiMkMCMkMDAkMzgxMTkxIzUxIyQxIyQxIyQxMyQyNjE4MzIjNDEjJDEjJDQjJDgz,정병기내과의원,47110,의원,"경상북도 포항시 남구 상공로 51, (상도동)",1999-09-28,0,36.0131372,129.3567941,False,9.95
JDQ4MTYyMiM4MSMkMiMkMCMkMDAkMzgxNzAyIzExIyQxIyQ3IyQ5MiQyNjEyMjIjODEjJDEjJDIjJDgz,정인영비뇨기과의원,47110,의원,"경상북도 포항시 북구 중앙로 237-1, (죽도동)",2001-01-18,0,36.0341374,129.3653464,False,8.42
JDQ4MTYyMiM4MSMkMSMkMCMkMTMkNDgxMzUxIzIxIyQxIyQ5IyQ5OSQzNjEyMjIjNjEjJDEjJDgjJDgz,정일한의원,47110,한의원,"경상북도 포항시 북구 대신로 50-1, (대신동)",2003-09-26,0,36.0486939,129.3678516,False,7.4
JDQ4MTYyMiM4MSMkMSMkMCMkMTMkMzgxNzAyIzIxIyQxIyQ5IyQwMyQyNjE4MzIjNDEjJDEjJDQjJDgz,정휘한의원,47110,한의원,"경상북도 포항시 남구 대이로 9, 2층 (대잠동)",2007-04-02,0,36.0167044,129.3434361,False,9.09
JDQ4MTYyMiM4MSMkMiMkMCMkMDAkMzgxMTkxIzQxIyQxIyQ3IyQwMyQyNjE0ODEjNDEjJDEjJDgjJDgz,제니스여성의원,47110,의원,"경상북도 포항시 북구 두호로 29, (두호동)",2003-06-11,0,36.059871,129.3752247,False,7.21
JDQ4MTYyMiM4MSMkMSMkMCMkNzIkMzgxMTkxIzIxIyQxIyQxIyQ3OSQzNjE0ODEjNTEjJDEjJDYjJDgz,제니스원치과의원,47110,치과의원,"경상북도 포항시 북구 중흥로 308, 4층 (죽도동)",2013-03-19,0,36.0295547,129.3638294,False,8.73
JDQ4MTYyMiM4MSMkMSMkMCMkNzIkMzgxOTYxIzMxIyQxIyQzIyQ3MiQyNjE0ODEjNDEjJDEjJDgjJDgz,제니스치과의원,47110,치과의원,"경상북도 포항시 북구 중흥로 308, 5층, 6층 (죽도동)",2024-12-02,0,36.0295547,129.3638294,False,8.73
JDQ4MTYyMiM4MSMkMiMkMCMkMDAkNDgxMTkxIzIxIyQxIyQ5IyQxMyQyNjEyMjIjODEjJDEjJDIjJDgz,제이마디정형외과의원,47110,의원,"경상북도 포항시 북구 천마로 96, 1,2층 (양덕동)",2022-07-20,0,36.085061,129.397113,False,8.23
JDQ4MTYyMiM4MSMkMiMkMCMkMDAkNDgxOTYxIzExIyQxIyQzIyQ3MiQyNjEwMDIjNDEjJDEjJDQjJDgz,제이스마인드의원,47110,의원,"경상북도 포항시 북구 중흥로 341, 2층 일부사용호 (죽도동)",2011-03-24,0,36.032376,129.3653227,False,8.57
JDQ4MTYyMiM4MSMkMiMkMCMkMDAkNDgxMzUxIzExIyQxIyQ3IyQwMyQyNjEyMjIjNDEjJDEjJDgjJDgz,제일신경외과의원,47110,의원,"경상북도 포항시 북구 용당로 19, (용흥동)",2005-06-30,29,36.0302837,129.3568675,False,8.31
JDQ4MTYyMiM4MSMkMiMkMCMkMDAkNDgxOTYxIzIxIyQxIyQ1IyQxMyQyNjE4MzIjNjEjJDEjJDAjJDgz,제일연합의원,47110,의원,"경상북도 포항시 북구 용두산길 35, (장성동)",2013-12-30,0,36.0669321,129.3810518,False,7.33
JDQ4MTYyMiM4MSMkMiMkMCMkMDAkMzgxMTkxIzMxIyQxIyQ3IyQwMyQzNjE0ODEjODEjJDEjJDIjJDgz,제일외과의원,47110,의원,"경상북도 포항시 남구 상공로 41, 2층 (상도동)",1994-05-31,0,36.012343,129.3561335,False,10.01
JDQ4MTYyMiM4MSMkMiMkMCMkMDAkNDgxOTYxIzUxIyQxIyQ1IyQ5MiQyNjE0ODEjNTEjJDEjJDYjJDgz,제일좋은내과의원,47110,의원,"경상북도 포항시 남구 대이로 109, 2,3층 (대잠동)",2018-01-29,0,36.024957,129.3407365,False,8.15
JDQ4MTYyMiM4MSMkMSMkMCMkNzIkMzgxMzUxIzUxIyQxIyQ1IyQxMyQ0NjEwMDIjNTEjJDEjJDYjJDgz,제일치과의원,47110,치과의원,"경상북도 포항시 북구 중앙로 231-2, (죽도동)",1993-03-02,0,36.0337091,129.3654482,False,8.46
JDQ4MTYyMiM4MSMkMSMkMCMkMTMkMzgxNzAyIzMxIyQyIyQzIyQwMCQzNjE0ODEjODEjJDEjJDIjJDgz,제일한의원,47110,한의원,"경상북도 포항시 북구 대신로 32, (대신동)",1991-02-07,0,36.0469045,129.3680886,False,7.55
JDQ4MTYyMiM4MSMkMSMkMCMkOTIkMzgxNzAyIzIxIyQyIyQxIyQwMCQzNjEwMDIjODEjJDEjJDIjJDgz,조사보건진료소,47110,보건진료소,"경상북도 포항시 북구 송라면 해안로2626번길 34, (송라면)",1986-07-23,0,36.2209799,129.3851763,False,15.94
JDQ4MTYyMiM4MSMkMiMkMCMkMDAkNDgxMTkxIzIxIyQxIyQ1IyQ4OSQzNjEyMjIjNjEjJDEjJDgjJDgz,조우동정신건강의학과의원,47110,의원,"경상북도 포항시 북구 중흥로 171, 미르치과 신관 7층 (죽도동)",2021-01-20,0,36.0194847,129.3550787,False,9.26
JDQ4MTYyMiM4MSMkMSMkMCMkNzIkMzgxMTkxIzIxIyQxIyQ5IyQ4MiQyNjEwMDIjNjEjJDEjJDQjJDgz,조이치과의원,47110,치과의원,"경상북도 포항시 남구 오천읍 정몽주로 643, (강이비인후과)",2017-02-03,0,35.9752785,129.4138628,False,16.26
JDQ4MTYyMiM4MSMkMiMkMCMkMDAkMzgxOTYxIzIxIyQxIyQxIyQ4OSQzNjEyMjIjNTEjJDEjJDIjJDgz,조익피부과의원,47110,의원,"경상북도 포항시 북구 새천년대로 529, (득량동)",1986-05-22,0,36.0221857,129.3501156,False,8.79
JDQ4MTYyMiM4MSMkMSMkMCMkNzIkMzgxMzUxIzQxIyQxIyQ3IyQ3OSQzNjEyMjIjNDEjJDEjJDgjJDgz,조준영치과의원,47110,치과의원,"경상북도 포항시 북구 대해로 43, (죽도동)",1990-03-05,0,36.0246719,129.3584299,False,8.91
JDQ4MTYyMiM4MSMkMiMkMCMkMDAkMzgxNzAyIzIxIyQyIyQ5IyQwMCQzNjEyMjIjNDEjJDEjJDgjJDgz,조희영내과의원,47110,의원,"경상북도 포항시 남구 효성로 46, 덕원빌딩 2층 (효자동)",2001-12-14,0,36.0059892,129.3386875,False,10.08
JDQ4MTYyMiM4MSMkMiMkMCMkMDAkNDgxOTYxIzMxIyQxIyQzIyQ5OSQyNjE4MzIjNjEjJDEjJDgjJDgz,좋은의사들속시원내과의원,47110,의원,"경상북도 포항시 남구 시청로 7, 301호,401호 (대잠동)",2007-04-23,0,36.0180464,129.3417615,False,8.9
JDQ4MTYyMiM4MSMkMiMkMCMkMDAkNDgxOTYxIzExIyQxIyQzIyQ4OSQyNjE4MzIjNzEjJDEjJDgjJDgz,좋은의사들안과의원,47110,의원,"경상북도 포항시 남구 시청로 7, 2,8층 (대잠동, 좋은의사들)",2017-09-26,2,36.0180464,129.3417615,False,8.9
JDQ4MTYyMiM4MSMkMSMkMCMkNzIkMzgxMTkxIzMxIyQxIyQ3IyQ3OSQzNjE0ODEjODEjJDEjJDYjJDgz,좋은이웃치과의원,47110,치과의원,"경상북도 포항시 북구 새천년대로1076번길 21, 효암빌딩 3층 (두호동)",2019-12-13,0,36.0644914,129.3740284,False,6.87
JDQ4MTYyMiM4MSMkMSMkMCMkNzIkMzgxMTkxIzExIyQxIyQzIyQ5OSQyNjE4MzIjNzEjJDEjJDgjJDgz,좋은하루 치과의원,47110,치과의원,"경상북도 포항시 북구 법원로 175, 303호 (양덕동)",2011-02-18,0,36.0904195,129.3876493,False,7.34
JDQ4MTYyMiM4MSMkMiMkMCMkMDAkNDgxMzUxIzMxIyQxIyQ3IyQ4MiQ0NjEwMDIjNjEjJDEjJDQjJDgz,죽도경대연합의원,47110,의원,"경상북도 포항시 북구 죽도시장4길 6, (죽도동)",2012-10-18,0,36.0344747,129.3657786,False,8.41
JDQ4MTYyMiM4MSMkMiMkMCMkMDAkNDgxOTYxIzIxIyQyIyQ1IyQwMCQyNjE0ODEjNjEjJDEjJDgjJDgz,죽도삼성의원,47110,의원,"경상북도 포항시 북구 중앙로 242, (죽도동)",2009-06-22,0,36.0345768,129.3656746,False,8.4
JDQ4MTYyMiM4MSMkMSMkMCMkOTIkMzgxOTYxIzExIyQxIyQ3IyQxMyQzNjE0ODEjNjEjJDEjJDgjJDgz,죽장면보건지소,47110,보건지소,"경상북도 포항시 북구 죽장면 새마을로 3610, 죽장면사무소, 죽장보건지소",1987-07-06,0,36.160182,129.095775,False,20.32
JDQ4MTYyMiM4MSMkMSMkMCMkMTMkNDgxMzUxIzExIyQyIyQ3IyQwMCQ0NjEwMDIjODEjJDEjJDYjJDgz,죽장한의원,47110,한의원,"경상북도 포항시 북구 죽장면 새마을로3599번길 3-11, (죽장면)",2021-01-20,0,36.1604414,129.0932639,False,20.54
JDQ4MTYyMiM4MSMkMSMkMCMkNzIkMzgxMTkxIzMxIyQxIyQ3IyQ4OSQ0NjE0ODEjODEjJDEjJDYjJDgz,죽파치과의원,47110,치과의원,"경상북도 포항시 북구 중흥로 277, 401호 (죽도동)",2020-04-03,0,36.02774,129.3616216,False,8.78
JDQ4MTYyMiM4MSMkMiMkMCMkMDAkNDgxMzUxIzUxIyQxIyQxIyQ3MiQzNjE0ODEjNDEjJDEjJDQjJDgz,준호연합소아청소년과의원,47110,의원,"경상북도 포항시 남구 포스코대로 144, 세명빌딩 (대잠동)",2009-08-14,0,36.0255358,129.341469,False,8.12
JDQ4MTYyMiM4MSMkMSMkMCMkMTMkMzgxNzAyIzMxIyQxIyQ3IyQ3MiQzNjEyMjIjNjEjJDEjJDQjJDgz,중산한의원,47110,한의원,"경상북도 포항시 남구 중앙로 149, (해도동)",1992-08-10,0,36.0263461,129.3673267,False,9.21
JDQ4MTYyMiM4MSMkMSMkMCMkOTkkNTgxMzUxIzExIyQxIyQ3IyQ5MiQyNjE4MzIjODEjJDEjJDYjJDgz,중앙성심요양병원,47110,요양병원,"경상북도 포항시 북구 중앙로 299, 299",2009-12-07,140,36.0396218,129.3659965,True,7.99
JDQ4MTYyMiM4MSMkMiMkMCMkMDAkMzgxNzAyIzExIyQxIyQzIyQ4MiQzNjEwMDIjODEjJDEjJDYjJDgz,중앙의원,47110,의원,"경상북도 포항시 북구 흥해읍 중성로62번길 5, (흥해읍)",2000-07-20,0,36.1084969,129.350554,False,4.37
JDQ4MTYyMiM4MSMkMiMkMCMkMDAkMzgxOTYxIzUxIyQxIyQ1IyQ3OSQyNjEwMDIjODEjJDEjJDYjJDgz,지곡그린의원,47110,의원,"경상북도 포항시 남구 지곡로328번길 17, (지곡동)",1993-03-10,0,36.0325901,129.3168496,False,6.75
JDQ4MTYyMiM4MSMkMiMkMCMkMDAkNDgxMTkxIzMxIyQxIyQ3IyQ2MiQzNjE4MzIjNjEjJDEjJDQjJDgz,지영환화인의원,47110,의원,"경상북도 포항시 북구 새천년대로 906, 2층 (우현동)",2004-04-27,0,36.0529208,129.361322,False,6.65
JDQ4MTYyMiM4MSMkMiMkMCMkMDAkNDgxMzUxIzIxIyQxIyQ5IyQ3OSQyNjEwMDIjNTEjJDEjJDYjJDgz,지오비뇨기과의원,47110,의원,"경상북도 포항시 남구 오천읍 정몽주로 649-1, 2층",2006-09-25,0,35.9758542,129.4135814,False,16.2
JDQ4MTYyMiM4MSMkMSMkMCMkNzIkMzgxMzUxIzUxIyQxIyQxIyQ3OSQzNjEyMjIjNzEjJDEjJDgjJDgz,진기열치과의원,47110,치과의원,"경상북도 포항시 북구 중흥로 224, (죽도동)",1991-01-04,0,36.0231355,129.3587071,False,9.07
JDQ4MTYyMiM4MSMkMSMkMCMkMTMkNDgxOTYxIzMxIyQxIyQzIyQ3MiQzNjE4MzIjODEjJDEjJDIjJDgz,진솔한의원,47110,한의원,"경상북도 포항시 북구 우창동로21번길 2, (우현동)",2015-11-10,0,36.05507,129.3615543,False,6.51
JDQ4MTYyMiM4MSMkMSMkMCMkMTMkMzgxMTkxIzExIyQxIyQ3IyQ5OSQyNjEyMjIjNTEjJDEjJDYjJDgz,차차한방병원,47110,한방병원,"경상북도 포항시 남구 중흥로 88-0, 11,12층 (상도동)",2024-06-11,35,36.0129802,129.3507244,False,9.73
JDQ4MTYyMiM4MSMkMSMkMCMkNzIkMzgxMTkxIzExIyQxIyQ3IyQ5MiQzNjE0ODEjODEjJDEjJDIjJDgz,착한치과의원,47110,치과의원,"경상북도 포항시 남구 상도남로34번길 15, 5층 (상도동)",2019-04-17,0,36.0067987,129.3447662,False,10.17
JDQ4MTYyMiM4MSMkMSMkMCMkMTMkNDgxOTYxIzIxIyQxIyQ5IyQ4OSQzNjE0ODEjODEjJDEjJDIjJDgz,참부부한의원,47110,한의원,"경상북도 포항시 북구 흥해읍 도음로 903-1, (흥해읍)",2013-08-22,0,36.0787229,129.3329182,False,2.87
JDQ4MTYyMiM4MSMkMSMkMCMkMTMkNDgxMzUxIzUxIyQxIyQ1IyQwMyQyNjE0ODEjNTEjJDEjJDIjJDgz,참사랑송광한의원,47110,한의원,"경상북도 포항시 남구 연일읍 연일로159번길 30, (연일읍)",2001-01-15,0,35.9961931,129.3471417,False,11.35
JDQ4MTYyMiM4MSMkMSMkMCMkNzIkMzgxOTYxIzIxIyQxIyQ5IyQ5MiQyNjEyMjIjNjEjJDEjJDQjJDgz,참예쁜 e 치과의원,47110,치과의원,"경상북도 포항시 남구 오천읍 원동로 51, 4층 (애플타워)",2014-03-05,0,35.9675491,129.4024885,False,16.4
JDQ4MTYyMiM4MSMkMiMkMCMkMDAkNDgxMzUxIzMxIyQxIyQzIyQ4OSQyNjEwMDIjNzEjJDEjJDgjJDgz,참조은연합의원,47110,의원,"경상북도 포항시 북구 장량로 79, (장성동)",2009-11-04,0,36.082456,129.3890986,False,7.55
JDQ4MTYyMiM4MSMkMSMkMCMkNzIkMzgxMTkxIzIxIyQxIyQxIyQwMyQyNjE4MzIjNTEjJDEjJDYjJDgz,참조은치과의원,47110,치과의원,"경상북도 포항시 남구 상공로 61, 3층 (상도동, 참조은치과)",2015-01-19,0,36.0139104,129.3573701,False,9.9
JDQ4MTYyMiM4MSMkMiMkMCMkMDAkMzgxMTkxIzUxIyQxIyQ1IyQwMyQzNjE0ODEjNzEjJDEjJDgjJDgz,참좋은 마취통증의학과의원,47110,의원,"경상북도 포항시 북구 포스코대로 288, 3층 (죽도동)",2014-09-22,0,36.0200007,129.3553258,False,9.22
JDQ4MTYyMiM4MSMkMSMkMCMkMTMkNDgxOTYxIzQxIyQxIyQ3IyQ3MiQ0NjE0ODEjODEjJDEjJDYjJDgz,창포경희한의원,47110,한의원,"경상북도 포항시 북구 새천년대로1075번길 6, 창포1단지종합상가 1층 (창포동)",2019-06-18,0,36.0649662,129.3706724,False,6.58
JDQ4MTYyMiM4MSMkMiMkMCMkMDAkNDgxMTkxIzMxIyQxIyQ3IyQ4OSQyNjE4MzIjNDEjJDEjJDgjJDgz,채움의원,47110,의원,"경상북도 포항시 북구 해동로 303, 채움병원 4층 (동빈1가)",2023-06-29,29,36.0462604,129.3712178,False,7.81
JDQ4MTYyMiM4MSMkMiMkMCMkMDAkNDgxOTYxIzUxIyQxIyQxIyQ3MiQzNjEwMDIjNTEjJDEjJDYjJDgz,척바른재활의학과의원,47110,의원,"경상북도 포항시 북구 중앙로 264, (남빈동, 산업은행)",2017-03-22,0,36.0365004,129.3652892,False,8.21
JDQ4MTYyMiM4MSMkMSMkMCMkMTMkNDgxOTYxIzIxIyQxIyQ1IyQ3OSQyNjEyMjIjODEjJDEjJDIjJDgz,청담경희한의원,47110,한의원,"경상북도 포항시 북구 용두산길 40, 2층 (두호동)",2015-02-03,0,36.0671514,129.3813726,False,7.34
JDQ4MTYyMiM4MSMkMSMkMCMkNzIkMzgxOTYxIzMxIyQxIyQ3IyQ2MiQzNjEyMjIjODEjJDEjJDYjJDgz,청담수치과의원,47110,치과의원,"경상북도 포항시 북구 대신로 50-1, (대신동)",2003-01-02,0,36.0486939,129.3678516,False,7.4
JDQ4MTYyMiM4MSMkMSMkMCMkNzIkMzgxMTkxIzUxIyQxIyQxIyQ3OSQzNjEwMDIjNDEjJDEjJDQjJDgz,청담에이치치과의원,47110,치과의원,"경상북도 포항시 북구 장량로 160, 601호 (양덕동)",2024-07-19,0,36.0815093,129.3979461,False,8.35
JDQ4MTYyMiM4MSMkMSMkMCMkMTMkNDgxOTYxIzExIyQxIyQ3IyQwMyQzNjE0ODEjNDEjJDEjJDQjJDgz,청담한의원,47110,한의원,"경상북도 포항시 남구 오천읍 세계길 41, 2층",2017-04-12,0,35.9660028,129.4155119,False,17.19
JDQ4MTYyMiM4MSMkMiMkMCMkMDAkNDgxMzUxIzMxIyQxIyQzIyQ4MiQyNjEwMDIjNTEjJDEjJDYjJDgz,청림연합의원,47110,의원,"경상북도 포항시 남구 청림서길 24, 1층 (청림동, 첨림동 복지회)",2007-09-11,0,35.9963505,129.411374,False,14.3
JDQ4MTYyMiM4MSMkMSMkMCMkNzIkMzgxOTYxIzMxIyQxIyQ3IyQ3MiQzNjEwMDIjODEjJDEjJDIjJDgz,청십자치과의원,47110,치과의원,"경상북도 포항시 북구 중앙상가길 45, (신흥동)",2002-02-28,0,36.0390193,129.364696,False,7.96
JDQ4MTYyMiM4MSMkMSMkMCMkMTMkNDgxOTYxIzExIyQxIyQ3IyQ3OSQzNjEyMjIjODEjJDEjJDIjJDgz,청아인 한의원,47110,한의원,"경상북도 포항시 북구 새천년대로1249번길 8, 2층 (장성동)",2016-12-19,0,36.0747627,129.3836607,False,7.26
JDQ4MTYyMiM4MSMkMSMkMCMkMTMkNDgxMzUxIzIxIyQxIyQ1IyQ3MiQzNjEwMDIjNTEjJDEjJDYjJDgz,청운한의원,47110,한의원,"경상북도 포항시 북구 두호로 18, (두호동)",2001-04-21,0,36.0600508,129.3767121,False,7.32
JDQ4MTYyMiM4MSMkMSMkMCMkOTIkMzgxOTYxIzExIyQxIyQ3IyQwMyQzNjE0ODEjODEjJDEjJDYjJDgz,청하면보건지소,47110,보건지소,"경상북도 포항시 북구 청하면 청하로217번길 22, (청하면사무소)",1987-12-31,0,36.19956,129.337912,False,12.22
JDQ4MTYyMiM4MSMkMSMkMCMkMTMkNDgxOTYxIzMxIyQxIyQ3IyQ3OSQyNjE4MzIjNjEjJDEjJDQjJDgz,청하한의원,47110,한의원,"경상북도 포항시 북구 청하면 청하로 187, (청하면)",2004-04-07,0,36.1961798,129.33896,False,11.88
JDQ4MTYyMiM4MSMkMSMkMCMkMTMkNDgxOTYxIzUxIyQxIyQxIyQxMyQyNjE4MzIjNTEjJDEjJDYjJDgz,초곡365한의원,47110,한의원,"경상북도 포항시 북구 흥해읍 초곡지구로 60, 2층 203,204호",2022-10-12,8,36.0961202,129.339616,False,3.04
JDQ4MTYyMiM4MSMkMSMkMCMkNzIkMzgxMTkxIzMxIyQxIyQ3IyQ3OSQyNjEyMjIjNTEjJDEjJDIjJDgz,초곡송치과의원,47110,치과의원,"경상북도 포항시 북구 흥해읍 초곡지구로58번길 36, 다온빌딩 3층",2019-11-13,0,36.0966636,129.3359972,False,2.73
JDQ4MTYyMiM4MSMkMiMkMCMkMDAkMzgxNzAyIzExIyQxIyQzIyQxMyQ0NjEwMDIjNTEjJDEjJDYjJDgz,최병철성형외과의원,47110,의원,"경상북도 포항시 북구 서동로 77, 5층 (덕산동)",2000-10-19,0,36.0409046,129.366143,False,7.9
JDQ4MTYyMiM4MSMkMiMkMCMkMDAkNDgxMTkxIzIxIyQxIyQxIyQ3OSQzNjE0ODEjNjEjJDEjJDgjJDgz,최선택연합속내과의원,47110,의원,"경상북도 포항시 북구 중흥로 171, 5층 (죽도동)",2019-12-17,0,36.0194847,129.3550787,False,9.26
JDQ4MTYyMiM4MSMkMiMkMCMkMDAkNDgxOTYxIzMxIyQxIyQzIyQwMyQ0NjEwMDIjODEjJDEjJDYjJDgz,최성진내과의원,47110,의원,"경상북도 포항시 북구 중앙로 438, (우현동)",2013-09-04,0,36.0511037,129.362201,False,6.85
JDQ4MTYyMiM4MSMkMiMkMCMkMDAkNDgxMzUxIzMxIyQxIyQzIyQwMyQzNjE4MzIjNzEjJDEjJDgjJDgz,최종호재활의학과의원,47110,의원,"경상북도 포항시 북구 중앙로 228, (죽도동)",2007-11-28,0,36.0333412,129.3661108,False,8.53
JDQ4MTYyMiM4MSMkMiMkMCMkMDAkMzgxMTkxIzQxIyQxIyQ3IyQ5OSQzNjE4MzIjNjEjJDEjJDQjJDgz,최진교이비인후과의원,47110,의원,"경상북도 포항시 북구 중흥로 338, (죽도동)",1999-02-27,0,36.0319709,129.3656987,False,8.62
JDQ4MTYyMiM4MSMkMSMkMCMkNzIkMzgxMzUxIzUxIyQxIyQxIyQ3OSQzNjEwMDIjODEjJDEjJDYjJDgz,최치과의원,47110,치과의원,"경상북도 포항시 남구 지곡로212번길 68, (지곡동)",1995-06-15,0,36.0310187,129.3280223,False,7.14
JDQ4MTYyMiM4MSMkMSMkMCMkMTMkNDgxOTYxIzExIyQxIyQ3IyQ4MiQzNjEwMDIjNTEjJDEjJDYjJDgz,최한의원,47110,한의원,"경상북도 포항시 남구 오천읍 세계길 42, (오천읍)",2010-04-27,0,35.9658105,129.415927,False,17.23
JDQ4MTYyMiM4MSMkMiMkMCMkMDAkNDgxMTkxIzUxIyQxIyQxIyQ4OSQ0NjEwMDIjNTEjJDEjJDIjJDgz,치유메디컬의원,47110,의원,"경상북도 포항시 북구 삼호로265번길 1, 라한호텔 포항 2층 202호 (두호동)",2025-02-24,4,36.0615425,129.3796586,False,7.47
JDQ4MTYyMiM4MSMkMiMkMCMkMDAkMzgxNzAyIzIxIyQxIyQ1IyQ4OSQyNjEwMDIjODEjJDEjJDYjJDgz,케이씨에스포항수흉부외과의원,47110,의원,"경상북도 포항시 북구 중흥로 331-1, (죽도동)",2006-06-05,2,36.0317022,129.3648568,False,8.6
JDQ4MTYyMiM4MSMkMiMkMCMkMDAkNDgxMzUxIzMxIyQxIyQzIyQ3OSQ0NjE0ODEjNzEjJDEjJDgjJDgz,코아 이비인후과 의원,47110,의원,"경상북도 포항시 남구 시청로 5, 코아이비인후과빌딩 2~9층 (대잠동)",2007-04-23,14,36.0181554,129.341997,False,8.9
JDQ4MTYyMiM4MSMkMiMkMCMkMDAkNDgxMTkxIzQxIyQxIyQ3IyQwMyQzNjEwMDIjNjEjJDEjJDAjJDgz,크로스메디컬의원,47110,의원,"경상북도 포항시 북구 중흥로 336, 굿모닝 타워 8, 9층 (죽도동)",2025-06-24,0,36.0315696,129.3655644,False,8.65
JDQ4MTYyMiM4MSMkMSMkMCMkNzIkMzgxOTYxIzUxIyQxIyQ1IyQ5OSQyNjE4MzIjODEjJDEjJDYjJDgz,크리스마스치과의원,47110,치과의원,"경상북도 포항시 남구 시청로 7, 7층 (대잠동)",2007-07-04,0,36.0180464,129.3417615,False,8.9
JDQ4MTYyMiM4MSMkMiMkMCMkMDAkNDgxMzUxIzMxIyQxIyQzIyQ3MiQyNjEwMDIjNjEjJDEjJDgjJDgz,크린필의원,47110,의원,"경상북도 포항시 남구 포스코대로 140, 5층 (대잠동, 프라임코아빌딩)",2004-01-08,0,36.0255374,129.341268,False,8.11
JDQ4MTYyMiM4MSMkMSMkMCMkNzIkMzgxMTkxIzIxIyQxIyQ1IyQ3OSQzNjE0ODEjNDEjJDEjJDQjJDgz,키즈앤패밀리치과의원,47110,치과의원,"경상북도 포항시 북구 천마로 74, 4층 (양덕동, 하나은행)",2012-05-25,0,36.0831931,129.3971357,False,8.26
JDQ4MTYyMiM4MSMkMSMkMCMkNzIkMzgxOTYxIzIxIyQxIyQxIyQ5OSQyNjEyMjIjNjEjJDEjJDgjJDgz,타임치과의원,47110,치과의원,"경상북도 포항시 북구 중흥로 295, 2층 (죽도동)",2014-05-20,0,36.0289279,129.3625898,False,8.73
JDQ4MTYyMiM4MSMkMiMkMCMkMDAkNDgxMzUxIzMxIyQxIyQ3IyQwMyQyNjE0ODEjNjEjJDEjJDgjJDgz,탁우택신내과의원,47110,의원,"경상북도 포항시 남구 중흥로 98, 탑클리닉빌딩 3~4층 (상도동)",2008-06-16,0,36.0136539,129.3512144,False,9.68
JDQ4MTYyMiM4MSMkMiMkMCMkMDAkMzgxNzAyIzIxIyQyIyQxIyQwMCQyNjE0ODEjODEjJDEjJDYjJDgz,탑연합비뇨기과의원,47110,의원,"경상북도 포항시 북구 중흥로 319, (죽도동)",2001-03-06,0,36.0307494,129.3640819,False,8.64
JDQ4MTYyMiM4MSMkMSMkMCMkNzIkMzgxMTkxIzMxIyQxIyQzIyQ3OSQzNjEyMjIjODEjJDEjJDYjJDgz,테라치과의원,47110,치과의원,"경상북도 포항시 남구 효자로 62, 3층 (효자동, 테라비아타 in 지곡)",2017-11-08,0,36.0113743,129.3327973,False,9.36
JDQ4MTYyMiM4MSMkMiMkMCMkMDAkNDgxMTkxIzMxIyQxIyQzIyQ3MiQyNjEwMDIjNzEjJDEjJDgjJDgz,튼튼척마디의원,47110,의원,"경상북도 포항시 북구 중흥로 319, 4층 (죽도동, 굿모닝메디칼빌딩)",2011-11-25,0,36.0307494,129.3640819,False,8.64
JDQ4MTYyMiM4MSMkMSMkMCMkNzIkMzgxMTkxIzQxIyQxIyQ3IyQ4MiQyNjE0ODEjNjEjJDEjJDgjJDgz,튼튼치과의원,47110,치과의원,"경상북도 포항시 남구 구룡포읍 구룡포길 73, 2층",2023-09-01,0,35.9905213,129.5539056,False,25.02
JDQ4MTYyMiM4MSMkMiMkMCMkMDAkNDgxMTkxIzMxIyQyIyQ3IyQwMCQyNjEwMDIjODEjJDEjJDYjJDgz,편한샘김태균내과의원,47110,의원,"경상북도 포항시 남구 포스코대로 320, 7층 (상도동)",2023-08-17,0,36.0185803,129.3584431,False,9.49
JDQ4MTYyMiM4MSMkMSMkMCMkMTMkMzgxNzAyIzIxIyQxIyQ5IyQ3OSQzNjE0ODEjNDEjJDEjJDQjJDgz,평강한의원,47110,한의원,"경상북도 포항시 북구 삼호로 418, (환호동)",1989-05-09,0,36.0687829,129.3937136,False,8.32
JDQ4MTYyMiM4MSMkMSMkMCMkNzIkMzgxMTkxIzIxIyQxIyQ1IyQ5OSQzNjE4MzIjODEjJDEjJDYjJDgz,포도나무치과의원,47110,치과의원,"경상북도 포항시 북구 흥해읍 흥해로 74, (흥해읍)",2015-01-02,0,36.1111923,129.3479525,False,4.29
JDQ4MTYyMiM4MSMkMiMkMCMkMDAkNDgxOTYxIzUxIyQyIyQ1IyQwMCQyNjEwMDIjNTEjJDEjJDIjJDgz,포미성형외과의원,47110,의원,"경상북도 포항시 북구 중흥로 308, (죽도동)",2017-09-22,0,36.0295547,129.3638294,False,8.73
JDQ4MTYyMiM4MSMkMSMkMCMkNzIkMzgxOTYxIzUxIyQxIyQ1IyQwMyQ0NjE0ODEjNTEjJDEjJDYjJDgz,포엠치과의원,47110,치과의원,"경상북도 포항시 남구 동해안로6213번길 27, (동촌동,외 1필지)",2009-02-05,0,35.9953456,129.3875613,False,13.07
JDQ4MTYyMiM4MSMkMSMkMCMkNzIkMzgxOTYxIzQxIyQxIyQ3IyQ2MiQyNjEyMjIjNTEjJDEjJDIjJDgz,포유치과의원,47110,치과의원,"경상북도 포항시 북구 중흥로 325, (죽도동)",2012-04-30,0,36.0312949,129.3644551,False,8.61
JDQ4MTYyMiM4MSMkMSMkMCMkNzIkMzgxOTYxIzQxIyQxIyQ3IyQwMyQzNjEyMjIjNjEjJDEjJDAjJDgz,포항 이살림치과의원,47110,치과의원,"경상북도 포항시 남구 효성로 34, (효자동)",2016-03-28,0,36.0061199,129.3374978,False,10.03
JDQ4MTYyMiM4MSMkMiMkMCMkMDAkNDgxOTYxIzUxIyQxIyQ1IyQ3OSQyNjE0ODEjNTEjJDEjJDIjJDgz,포항1정형외과의원,47110,의원,"경상북도 포항시 북구 흥해읍 흥해로 58, (흥해읍)",2017-06-26,0,36.1098789,129.3477983,False,4.21
JDQ4MTYyMiM4MSMkMiMkMCMkMDAkNDgxOTYxIzUxIyQxIyQ1IyQ3MiQzNjE4MzIjNjEjJDEjJDgjJDgz,포항건강마취통증의학과의원,47110,의원,"경상북도 포항시 북구 중흥로 206, 4층 (죽도동)",2017-12-29,0,36.0219116,129.3578079,False,9.14
JDQ4MTYyMiM4MSMkMiMkMCMkMDAkNDgxOTYxIzExIyQxIyQ3IyQwMyQyNjE0ODEjNDEjJDEjJDQjJDgz,포항교도소부속의원,47110,의원,"경상북도 포항시 북구 흥해읍 동해대로 1001, (흥해읍)",2006-04-13,0,36.0723377,129.3239455,False,2.78
JDQ4MTYyMiM4MSMkMSMkMCMkNzIkMzgxMTkxIzMxIyQxIyQzIyQ5OSQzNjEyMjIjNTEjJDEjJDYjJDgz,포항교도소부속치과의원,47110,치과의원,"경상북도 포항시 북구 흥해읍 동해대로 1001, 포항교도소",2006-05-15,0,36.0723377,129.3239455,False,2.78
JDQ4MTYyMiM4MSMkMSMkMCMkOTkkMzgxMzUxIzIxIyQxIyQxIyQ4MiQzNjEwMDIjNDEjJDEjJDgjJDgz,포항디앤에이(DNA)재활의학병원,47110,병원,"경상북도 포항시 북구 포스코대로 271-1,  (죽도동)",2007-11-19,64,36.0214187,129.3546214,True,9.05
JDQ4MTYyMiM4MSMkMSMkMCMkNzIkMzgxMTkxIzUxIyQxIyQxIyQ5OSQzNjE4MzIjNDEjJDEjJDgjJDgz,포항디지털치과의원,47110,치과의원,"경상북도 포항시 남구 중앙로 59, 1층 (해도동)",2023-11-17,0,36.018295,129.3694756,False,10.05
JDQ4MTYyMiM4MSMkMiMkMCMkMDAkMzgxNzAyIzIxIyQxIyQ1IyQ3MiQzNjE0ODEjNTEjJDEjJDIjJDgz,포항라온성형외과의원,47110,의원,"경상북도 포항시 남구 포스코대로 320, 3층 (상도동)",2024-01-31,1,36.0185803,129.3584431,False,9.49
JDQ4MTYyMiM4MSMkMSMkMCMkMTMkNDgxOTYxIzMxIyQxIyQ3IyQ4OSQyNjEwMDIjNjEjJDEjJDgjJDgz,포항백세한의원,47110,한의원,"경상북도 포항시 북구 흥해읍 흥해로 56, 2층",2020-06-24,0,36.1096607,129.3475726,False,4.18
JDQ4MTYyMiM4MSMkMiMkMCMkMDAkNDgxMTkxIzMxIyQyIyQ3IyQwMCQ0NjEwMDIjNjEjJDEjJDAjJDgz,포항본365의원,47110,의원,"경상북도 포항시 북구 새천년대로 1105, 창포빌딩 2~4층 (창포동)",2023-09-05,0,36.0674718,129.3716949,False,6.53
JDQ4MTYyMiM4MSMkMSMkMCMkODkkMzgxMzUxIzExIyQxIyQzIyQ3OSQzNjEyMjIjODEjJDEjJDIjJDgz,포항성모병원,47110,종합병원,"경상북도 포항시 남구 대잠동길 17,  (대잠동)",1977-05-31,535,36.0159003,129.3399527,True,9.07
JDQ4MTYyMiM4MSMkMiMkMCMkMDAkNDgxMTkxIzIxIyQxIyQ5IyQwMyQyNjEyMjIjNDEjJDEjJDgjJDgz,포항속내과의원,47110,의원,"경상북도 포항시 북구 양덕로 47, (양덕동)",2012-01-02,0,36.0828735,129.401695,False,8.67
JDQ4MTYyMiM4MSMkMSMkMCMkOTIkMzgxNzAyIzIxIyQxIyQxIyQ2MiQzNjE0ODEjNzEjJDEjJDgjJDgz,포항시남구구룡포읍구평보건진료소,47110,보건진료소,"경상북도 포항시 남구 구룡포읍 동해안로4260번길 5-7, (구룡포읍)",1987-12-24,0,35.9468801,129.5372923,False,26.37
JDQ4MTYyMiM4MSMkMSMkMCMkOTIkMzgxOTYxIzExIyQxIyQ3IyQxMyQyNjE0ODEjNTEjJDEjJDYjJDgz,포항시남구구룡포읍보건지소,47110,보건지소,"경상북도 포항시 남구 구룡포읍 구룡포길65번길 7, (구룡포읍민복지회관)",1971-11-05,0,35.9912406,129.5525524,False,24.87
JDQ4MTYyMiM4MSMkMSMkMCMkOTIkMzgxOTYxIzExIyQxIyQzIyQ5OSQzNjE0ODEjODEjJDEjJDYjJDgz,포항시남구대송면보건지소,47110,보건지소,"경상북도 포항시 남구 대송면 제내길53번길 9, (대송면보건지소)",1971-11-05,0,35.9816739,129.3636135,False,13.39
JDQ4MTYyMiM4MSMkMSMkMCMkOTIkMzgxNzAyIzIxIyQxIyQxIyQ5OSQ0NjEwMDIjNTEjJDEjJDYjJDgz,포항시남구대송면장동보건진료소,47110,보건진료소,"경상북도 포항시 남구 대송면 장동홍계길 222-18, (대송면)",1983-10-14,0,35.9588908,129.3458145,False,15.3
JDQ4MTYyMiM4MSMkMSMkMCMkOTIkMzgxNzAyIzIxIyQxIyQxIyQ5OSQzNjE4MzIjNzEjJDEjJDgjJDgz,포항시남구동해면금광보건진료소,47110,보건진료소,"경상북도 포항시 남구 동해면 금광로 239, (동해면)",1984-10-28,0,35.9693004,129.4539059,False,19.11
JDQ4MTYyMiM4MSMkMSMkMCMkOTIkMzgxOTYxIzExIyQxIyQzIyQ5OSQyNjE4MzIjNDEjJDEjJDgjJDgz,포항시남구동해면보건지소,47110,보건지소,"경상북도 포항시 남구 동해면 일월로 62, (동해면)",1963-09-08,0,35.9885974,129.43987,False,16.7
JDQ4MTYyMiM4MSMkMSMkMCMkOTIkMzgxNzAyIzIxIyQxIyQxIyQ5OSQ0NjE0ODEjNjEjJDEjJDQjJDgz,포항시남구동해면흥환보건진료소,47110,보건진료소,"경상북도 포항시 남구 동해면 호미로 2494, (동해면)",1982-11-05,0,36.0242768,129.503132,False,19.28
JDQ4MTYyMiM4MSMkMSMkMCMkOTIkMzgxMzUxIzExIyQxIyQzIyQ3OSQyNjEyMjIjNTEjJDEjJDIjJDgz,포항시남구보건소,47110,보건소,"경상북도 포항시 남구 동해안로 6119, (인덕동)",1962-06-20,0,35.9924189,129.3962241,False,13.79
JDQ4MTYyMiM4MSMkMSMkMCMkOTIkMzgxOTYxIzExIyQxIyQ3IyQwMyQzNjEwMDIjNzEjJDEjJDgjJDgz,포항시남구보건소 장기보건지소,47110,보건지소,"경상북도 포항시 남구 장기면 읍내길 109, (장기면)",1987-04-27,0,35.8967501,129.4923595,False,27.49
JDQ4MTYyMiM4MSMkMSMkMCMkOTIkMzgxOTYxIzExIyQxIyQ3IyQxMyQyNjE4MzIjODEjJDEjJDIjJDgz,포항시남구보건소 호미곶보건지소,47110,보건지소,"경상북도 포항시 남구 호미곶면 해맞이로 200-1, (호미곶면)",1987-07-06,0,36.0792093,129.5598822,False,22.86
JDQ4MTYyMiM4MSMkMSMkMCMkOTIkMzgxOTYxIzExIyQxIyQzIyQ5OSQyNjEwMDIjNjEjJDEjJDAjJDgz,포항시남구연일읍보건지소,47110,보건지소,"경상북도 포항시 남구 연일읍 철강로 10, (연일읍보건지소)",1968-12-30,0,35.9916179,129.3441,False,11.75
JDQ4MTYyMiM4MSMkMSMkMCMkOTIkMzgxNzAyIzIxIyQxIyQxIyQ2MiQyNjEyMjIjNDEjJDEjJDgjJDgz,포항시남구연일읍학전보건진료소,47110,보건진료소,"경상북도 포항시 남구 연일읍 자명로 326-3, (연일읍)",1984-10-25,0,36.0277146,129.3025524,False,7.23
JDQ4MTYyMiM4MSMkMSMkMCMkOTIkMzgxOTYxIzExIyQxIyQ3IyQxMyQyNjEyMjIjNDEjJDEjJDQjJDgz,포항시남구오천읍보건지소,47110,보건지소,"경상북도 포항시 남구 오천읍 세계길 5, (오천읍보건지소)",1971-11-05,0,35.9631672,129.4146597,False,17.4
JDQ4MTYyMiM4MSMkMSMkMCMkOTIkMzgxNzAyIzIxIyQxIyQxIyQ2MiQyNjEwMDIjNTEjJDEjJDIjJDgz,포항시남구오천읍용산보건진료소,47110,보건진료소,"경상북도 포항시 남구 오천읍 기림로 2000, (오천읍)",1986-07-23,0,35.9393096,129.4022,False,19.12
JDQ4MTYyMiM4MSMkMSMkMCMkOTIkMzgxNzAyIzIxIyQxIyQxIyQ5OSQzNjE0ODEjNTEjJDEjJDIjJDgz,포항시남구장기면두원보건진료소,47110,보건진료소,"경상북도 포항시 남구 장기면 동해안로 2718, (장기면)",1996-07-20,0,35.8418598,129.5163228,False,33.71
JDQ4MTYyMiM4MSMkMSMkMCMkOTIkMzgxNzAyIzIxIyQxIyQxIyQ5OSQzNjEyMjIjODEjJDEjJDYjJDgz,포항시남구장기면모포보건진료소,47110,보건진료소,"경상북도 포항시 남구 장기면 모포길 67, (장기면)",1982-11-09,0,35.9344132,129.5245211,False,26.38
JDQ4MTYyMiM4MSMkMSMkMCMkOTIkMzgxNzAyIzIxIyQxIyQxIyQ5OSQzNjEwMDIjNDEjJDEjJDgjJDgz,포항시남구장기면양포보건진료소,47110,보건진료소,"경상북도 포항시 남구 장기면 양포항길 12, (장기면)",1984-10-28,0,35.878303,129.5177697,False,30.52
JDQ4MTYyMiM4MSMkMSMkMCMkOTIkMzgxNzAyIzIxIyQxIyQxIyQ5OSQyNjE4MzIjNjEjJDEjJDAjJDgz,포항시남구호미곶면대동배보건진료소,47110,보건진료소,"경상북도 포항시 남구 호미곶면 호미로 1871, (호미곶면)",1984-11-15,0,36.0557193,129.5318932,False,20.71
JDQ4MTYyMiM4MSMkMSMkMCMkOTIkMzgxMzUxIzExIyQxIyQzIyQ4OSQzNjEyMjIjNTEjJDEjJDIjJDgz,포항시북구보건소,47110,보건소,"경상북도 포항시 북구 흥해읍 한동로 1, 포항 북구보건소",1985-01-25,0,36.1119727,129.3419606,False,3.88
JDQ4MTYyMiM4MSMkMiMkMCMkMDAkNDgxMTkxIzUxIyQxIyQxIyQ2MiQyNjE0ODEjNDEjJDEjJDgjJDgz,포항연세정형외과의원,47110,의원,"경상북도 포항시 남구 시청로 18, 퍼스트힐 201호 (대잠동)",2025-03-25,0,36.0181738,129.3404491,False,8.85
JDQ4MTYyMiM4MSMkMSMkMCMkNzIkMzgxOTYxIzQxIyQxIyQ3IyQ5OSQzNjE4MzIjODEjJDEjJDYjJDgz,포항예치과의원,47110,치과의원,"경상북도 포항시 북구 대곡로 20, 2층,3층 (두호동, 대진빌딩)",2003-07-09,0,36.0648316,129.3740812,False,6.86
JDQ4MTYyMiM4MSMkMSMkMCMkOTkkNTgxMzUxIzExIyQxIyQzIyQ5OSQyNjEwMDIjNDEjJDEjJDQjJDgz,포항이요양병원,47110,요양병원,"경상북도 포항시 북구 중흥로 227,  (죽도동)",2004-07-07,147,36.0239142,129.3583131,True,8.98
JDQ4MTYyMiM4MSMkMSMkMCMkOTkkNTgxOTYxIzExIyQxIyQzIyQ5OSQyNjE4MzIjNDEjJDEjJDgjJDgz,포항인성병원,47110,정신병원,"경상북도 포항시 북구 새천년대로 560-0,  (죽도동)",2019-06-14,222,36.0240393,129.3524984,True,8.7
JDQ4MTYyMiM4MSMkMSMkMCMkMTMkMzgxMTkxIzExIyQxIyQ3IyQ5OSQzNjE4MzIjNjEjJDEjJDAjJDgz,포항제이케이(JK)한방병원,47110,한방병원,"경상북도 포항시 남구 중흥로 88-0,  7,9,10층 (상도동)",2025-01-07,40,36.0129802,129.3507244,False,9.73
JDQ4MTYyMiM4MSMkMiMkMCMkMDAkMzgxMTkxIzMxIyQxIyQ3IyQ3OSQyNjEyMjIjNTEjJDEjJDYjJDgz,포항제통마취통증의학과의원,47110,의원,"경상북도 포항시 북구 대신로 38, (대신동)",1998-05-06,0,36.0474815,129.3679992,False,7.5
JDQ4MTYyMiM4MSMkMiMkMCMkMDAkMzgxNzAyIzIxIyQxIyQ5IyQ3OSQzNjE0ODEjNTEjJDEjJDIjJDgz,포항제통신경외과의원,47110,의원,"경상북도 포항시 북구 죽도로 28, 2층 (죽도동)",2013-07-12,0,36.0339904,129.3636644,False,8.33
JDQ4MTYyMiM4MSMkMSMkMCMkNzIkMzgxMzUxIzQxIyQxIyQ3IyQ5MiQyNjE0ODEjNTEjJDEjJDIjJDgz,포항치과의원,47110,치과의원,"경상북도 포항시 남구 중흥로 98, 탑클리닉빌딩 2층 (상도동)",2006-01-27,0,36.0136539,129.3512144,False,9.68
JDQ4MTYyMiM4MSMkMiMkMCMkMDAkNDgxMTkxIzQxIyQxIyQ3IyQxMyQ0NjEwMDIjNjEjJDEjJDAjJDgz,포항큰나무365정형외과의원,47110,의원,"경상북도 포항시 남구 오천읍 원동로 109, 1층 103, 104, 105, 106호",2025-01-14,0,35.9727628,129.4019941,False,15.88
JDQ4MTYyMiM4MSMkMiMkMCMkMDAkNDgxMTkxIzExIyQxIyQ3IyQ4OSQ0NjE0ODEjNDEjJDEjJDQjJDgz,포항탑정형외과재활의학과의원,47110,의원,"경상북도 포항시 남구 상도남로34번길 15, 3,4층 (상도동)",2019-03-22,0,36.0067987,129.3447662,False,10.17
JDQ4MTYyMiM4MSMkMiMkMCMkMDAkMzgxMTkxIzUxIyQxIyQxIyQ4OSQyNjE4MzIjNDEjJDEjJDgjJDgz,포항태항외과의원,47110,의원,"경상북도 포항시 남구 중흥로 96, (상도동)",2001-10-26,4,36.0134841,129.3510757,False,9.69
JDQ4MTYyMiM4MSMkMiMkMCMkMDAkNDgxMzUxIzQxIyQyIyQ3IyQwMCQ0NjE0ODEjNDEjJDEjJDgjJDgz,포항토마토정형외과의원,47110,의원,"경상북도 포항시 북구 죽도로 48, (죽도동)",2008-11-25,0,36.0327851,129.3653412,False,8.53
JDQ4MTYyMiM4MSMkMiMkMCMkMDAkNDgxOTYxIzMxIyQxIyQzIyQ4OSQyNjE0ODEjNjEjJDEjJDAjJDgz,포항편한내과의원,47110,의원,"경상북도 포항시 북구 새천년대로 1126, 예원빌딩 5층 (장성동)",2015-01-06,0,36.0690666,129.3727116,False,6.54
JDQ4MTYyMiM4MSMkMiMkMCMkMDAkNDgxOTYxIzUxIyQxIyQxIyQ5MiQzNjE4MzIjNjEjJDEjJDAjJDgz,포항휴먼피부과의원,47110,의원,"경상북도 포항시 북구 새천년대로 1149, 스파밸리 101, 201호 (장성동)",2024-11-21,0,36.0713217,129.3733001,False,6.5
JDQ4MTYyMiM4MSMkMSMkMCMkOTkkNTgxMzUxIzIxIyQyIyQ1IyQwMCQzNjEyMjIjNzEjJDEjJDgjJDgz,포항휴요양병원,47110,요양병원,"경상북도 포항시 북구 새천년대로 1359,  (장성동)",2017-04-07,229,36.0767213,129.3956906,True,8.25
JDQ4MTYyMiM4MSMkMiMkMCMkMDAkNDgxMTkxIzQxIyQxIyQ3IyQ5MiQ0NjEwMDIjNDEjJDEjJDQjJDgz,푸른가정의학과의원,47110,의원,"경상북도 포항시 북구 양학로 61, 314~318호 (득량동)",2024-11-06,0,36.0284528,129.3474996,False,8.06
JDQ4MTYyMiM4MSMkMSMkMCMkMTMkNDgxOTYxIzMxIyQxIyQ3IyQ4OSQ0NjE0ODEjNTEjJDEjJDYjJDgz,푸른솔한의원,47110,한의원,"경상북도 포항시 남구 지곡로 253, (지곡동, 에드빌상가 3차 205호)",2016-10-05,0,36.0289336,129.3240324,False,7.27
JDQ4MTYyMiM4MSMkMSMkMCMkMTMkMzgxNzAyIzUxIyQxIyQ1IyQ3MiQzNjE0ODEjODEjJDEjJDIjJDgz,풀과나무한의원,47110,한의원,"경상북도 포항시 북구 죽도로 55, (죽도동)",2023-11-13,0,36.0330171,129.366456,False,8.58
JDQ4MTYyMiM4MSMkMSMkMCMkNzIkMzgxMzUxIzMxIyQxIyQ3IyQwMyQzNjEwMDIjNjEjJDEjJDAjJDgz,필립치과의원,47110,치과의원,"경상북도 포항시 남구 오천읍 원동로 109, 2층 202호",2021-03-10,0,35.9727628,129.4019941,False,15.88
JDQ4MTYyMiM4MSMkMiMkMCMkMDAkNDgxMzUxIzQxIyQxIyQ3IyQ4OSQyNjEyMjIjODEjJDEjJDIjJDgz,하나소아청소년과의원,47110,의원,"경상북도 포항시 남구 오천읍 충무로 5, 4~5층",2008-09-04,29,35.976446,129.4105104,False,15.98
JDQ4MTYyMiM4MSMkMSMkMCMkOTkkNTgxMzUxIzIxIyQyIyQ1IyQwMCQ0NjE0ODEjNTEjJDEjJDYjJDgz,하나요양병원,47110,요양병원,"경상북도 포항시 남구 포스코대로 382,  (대도동)",2017-05-11,171,36.015437,129.3642434,True,10.06
JDQ4MTYyMiM4MSMkMiMkMCMkMDAkNDgxMzUxIzExIyQxIyQ3IyQ2MiQ0NjEwMDIjODEjJDEjJDYjJDgz,하나의원,47110,의원,"경상북도 포항시 북구 새천년대로1076번길 21, 효암빌딩 2층 (두호동)",2005-04-13,0,36.0644914,129.3740284,False,6.87
JDQ4MTYyMiM4MSMkMiMkMCMkMDAkMzgxNzAyIzExIyQyIyQzIyQwMCQyNjE4MzIjNDEjJDEjJDgjJDgz,하나이비인후과의원,47110,의원,"경상북도 포항시 북구 흥해읍 흥해로 20, (흥해읍)",2000-05-06,0,36.1075999,129.3449872,False,3.87
JDQ4MTYyMiM4MSMkMSMkMCMkNzIkMzgxMTkxIzQxIyQxIyQ3IyQ2MiQyNjEyMjIjODEjJDEjJDIjJDgz,하나플란트치과의원,47110,치과의원,"경상북도 포항시 남구 오천읍 충무로 5, 2층 1-5호",2023-06-01,0,35.976446,129.4105104,False,15.98
JDQ4MTYyMiM4MSMkMiMkMCMkMDAkMzgxOTYxIzExIyQxIyQzIyQ3OSQzNjEwMDIjNjEjJDEjJDAjJDgz,하상호산부인과의원,47110,의원,"경상북도 포항시 북구 중흥로330번길 3, (죽도동)",1999-01-27,2,36.031301,129.3654934,False,8.67
JDQ4MTYyMiM4MSMkMSMkMCMkNzIkMzgxMTkxIzUxIyQxIyQxIyQ3OSQzNjEyMjIjODEjJDEjJDIjJDgz,하얀e 치과의원,47110,치과의원,"경상북도 포항시 북구 용두산길 5, 2,3층 (두호동)",2018-10-15,0,36.0645311,129.3824153,False,7.55
JDQ4MTYyMiM4MSMkMSMkMCMkNzIkMzgxMTkxIzQxIyQxIyQ3IyQ4OSQ0NjEwMDIjNTEjJDEjJDYjJDgz,하이진치과의원,47110,치과의원,"경상북도 포항시 북구 흥해읍 초곡지구로 60, 5층 503,504호",2023-01-26,0,36.0961202,129.339616,False,3.04
JDQ4MTYyMiM4MSMkMiMkMCMkMDAkMzgxNzAyIzIxIyQxIyQxIyQ4OSQ0NjE0ODEjNDEjJDEjJDQjJDgz,하종곤의원,47110,의원,"경상북도 포항시 북구 삼호로 395, 216호 (환호동, 환호해맞이그린빌 주상가)",2001-02-21,2,36.0686258,129.390986,False,8.09
JDQ4MTYyMiM4MSMkMSMkMCMkNzIkMzgxMzUxIzMxIyQyIyQzIyQwMCQyNjEyMjIjNzEjJDEjJDgjJDgz,한국상치과의원,47110,치과의원,"경상북도 포항시 북구 서동로 69, (덕산동)",1988-03-31,0,36.0410194,129.3653781,False,7.84
JDQ4MTYyMiM4MSMkMiMkMCMkMDAkMzgxOTYxIzUxIyQxIyQxIyQxMyQzNjEwMDIjNDEjJDEjJDgjJDgz,한마음의원,47110,의원,"경상북도 포항시 북구 청하면 청하로 209-1, (청하면)",1993-02-12,0,36.1981629,129.3393724,False,12.1
JDQ4MTYyMiM4MSMkMSMkMCMkNzIkMzgxOTYxIzUxIyQxIyQxIyQ3MiQzNjEyMjIjODEjJDEjJDYjJDgz,한마음치과의원,47110,치과의원,"경상북도 포항시 북구 흥해읍 한동로 53, 53",2006-04-05,0,36.1104267,129.34756,False,4.22
JDQ4MTYyMiM4MSMkMiMkMCMkMDAkMzgxMTkxIzMxIyQxIyQ3IyQ4MiQyNjEyMjIjNzEjJDEjJDgjJDgz,한빛연합의원,47110,의원,"경상북도 포항시 남구 동해면 일월로 140-1, (동해면)",2015-12-31,0,35.9876096,129.448325,False,17.33
JDQ4MTYyMiM4MSMkMiMkMCMkMDAkMzgxMTkxIzIxIyQxIyQ5IyQ5MiQyNjEwMDIjNTEjJDEjJDYjJDgz,한사랑의원,47110,의원,"경상북도 포항시 남구 송도로 42, (송도동)",1997-06-05,0,36.0332032,129.3758157,False,9.12
JDQ4MTYyMiM4MSMkMiMkMCMkMDAkMzgxMTkxIzUxIyQxIyQ1IyQ4MiQzNjE0ODEjNTEjJDEjJDIjJDgz,한사랑정형외과의원,47110,의원,"경상북도 포항시 남구 오천읍 세계길 30, (오천읍)",2000-01-29,0,35.964757,129.4157595,False,17.31
JDQ4MTYyMiM4MSMkMSMkMCMkNzIkMzgxMTkxIzExIyQxIyQ3IyQ4OSQyNjEyMjIjODEjJDEjJDIjJDgz,한사랑치과의원,47110,치과의원,"경상북도 포항시 남구 중앙로 54, (해도동)",2011-05-30,0,36.0179457,129.3701243,False,10.11
JDQ4MTYyMiM4MSMkMiMkMCMkMDAkNDgxMzUxIzUxIyQxIyQ1IyQ5MiQzNjE4MzIjNjEjJDEjJDQjJDgz,한양연합의원,47110,의원,"경상북도 포항시 남구 구룡포읍 구룡포길 67, (구룡포읍)",2010-09-06,0,35.990246,129.5534352,False,24.99
JDQ4MTYyMiM4MSMkMSMkMCMkMTMkMzgxNzAyIzQxIyQyIyQ3IyQwMCQyNjE0ODEjODEjJDEjJDIjJDgz,한초한의원,47110,한의원,"경상북도 포항시 북구 흥해읍 흥해로 58, (흥해읍)",1993-04-14,0,36.1098789,129.3477983,False,4.21
JDQ4MTYyMiM4MSMkMiMkMCMkMDAkMzgxMTkxIzIxIyQxIyQ5IyQ2MiQzNjE0ODEjNjEjJDEjJDgjJDgz,한형원내과의원,47110,의원,"경상북도 포항시 남구 효자동길6번길 7, (효자동)",1997-04-09,0,36.0083682,129.3307267,False,9.64
JDQ4MTYyMiM4MSMkMSMkMCMkOTIkMzgxNzAyIzIxIyQyIyQxIyQwMCQyNjEyMjIjNTEjJDEjJDYjJDgz,합덕보건진료소,47110,보건진료소,"경상북도 포항시 북구 죽장면 합석길 15, (죽장면)",1983-10-17,0,36.2016245,129.0962952,False,22.39
JDQ4MTYyMiM4MSMkMSMkMCMkOTkkMzgxMzUxIzExIyQxIyQzIyQ4MiQ0NjE0ODEjNTEjJDEjJDIjJDgz,해군포항병원,47110,병원,"경상북도 포항시 남구 오천읍 충무로 70, (오천읍)",1994-05-25,80,35.9751779,129.4183025,True,16.51
JDQ4MTYyMiM4MSMkMiMkMCMkMDAkNDgxOTYxIzIxIyQxIyQxIyQ3OSQ0NjE0ODEjNTEjJDEjJDYjJDgz,해맞이의원,47110,의원,"경상북도 포항시 남구 호미곶면 해맞이로 202, 2층",2012-04-10,0,36.0790968,129.5596498,False,22.84
JDQ4MTYyMiM4MSMkMSMkMCMkNzIkMzgxOTYxIzUxIyQyIyQ1IyQwMCQyNjEyMjIjODEjJDEjJDIjJDgz,해피스마일치과의원,47110,치과의원,"경상북도 포항시 북구 중앙로 273, (상원동)",2007-09-11,0,36.0374302,129.3650502,False,8.12
JDQ4MTYyMiM4MSMkMSMkMCMkNzIkMzgxMTkxIzMxIyQxIyQzIyQ4OSQzNjEwMDIjODEjJDEjJDIjJDgz,행복치과의원,47110,치과의원,"경상북도 포항시 남구 연일읍 연일로 160-7, 2층 201호 (아너스뷰)",2018-01-17,0,35.9969032,129.3433076,False,11.17
JDQ4MTYyMiM4MSMkMiMkMCMkMDAkNDgxMzUxIzMxIyQxIyQ3IyQxMyQ0NjE0ODEjODEjJDEjJDYjJDgz,행복한소아청소년과의원,47110,의원,"경상북도 포항시 남구 효성로 11, (효자동)",2008-08-04,0,36.0066719,129.3350225,False,9.91
JDQ4MTYyMiM4MSMkMSMkMCMkMTMkNDgxMzUxIzIxIyQxIyQ5IyQ3OSQ0NjEwMDIjNjEjJDEjJDgjJDgz,행복한의원,47110,한의원,"경상북도 포항시 북구 새천년대로 1047, (창포동)",2001-12-20,0,36.0622068,129.370544,False,6.72
JDQ4MTYyMiM4MSMkMSMkMCMkNzIkMzgxMTkxIzUxIyQxIyQxIyQ5OSQzNjEwMDIjNjEjJDEjJDAjJDgz,행복한치과의원,47110,치과의원,"경상북도 포항시 북구 우창동로 70, (우현동)",2013-04-17,0,36.0570674,129.3658648,False,6.68
JDQ4MTYyMiM4MSMkMSMkMCMkMTMkNDgxMzUxIzUxIyQxIyQxIyQ3MiQzNjEyMjIjNTEjJDEjJDYjJDgz,허 한의원,47110,한의원,"경상북도 포항시 남구 오천읍 원동로 50, 3층",2018-10-01,0,35.9673162,129.4031054,False,16.45
JDQ4MTYyMiM4MSMkMSMkMCMkNzIkMzgxMTkxIzMxIyQxIyQ3IyQ4OSQzNjE0ODEjNjEjJDEjJDgjJDgz,허민수치과의원,47110,치과의원,"경상북도 포항시 북구 새천년대로 1123, 부산프라자 205호 (창포동)",2020-03-03,0,36.0687605,129.3719981,False,6.5
JDQ4MTYyMiM4MSMkMiMkMCMkMDAkMzgxNzAyIzUxIyQxIyQxIyQxMyQzNjEwMDIjNDEjJDEjJDgjJDgz,현대이비인후과의원,47110,의원,"경상북도 포항시 북구 두호로 24, (두호동)",2004-01-08,1,36.0600765,129.3759997,False,7.26
JDQ4MTYyMiM4MSMkMiMkMCMkMDAkMzgxOTYxIzUxIyQyIyQxIyQwMCQzNjEyMjIjNjEjJDEjJDQjJDgz,현대제철㈜부속의원,47110,의원,"경상북도 포항시 남구 동해안로 6363, (송내동)",1991-10-16,0,36.0056935,129.3741095,False,11.45
JDQ4MTYyMiM4MSMkMiMkMCMkMDAkMzgxOTYxIzExIyQxIyQ3IyQ5MiQ0NjEwMDIjNjEjJDEjJDAjJDgz,현피부과강비뇨기과의원,47110,의원,"경상북도 포항시 북구 죽도로 48, 2층 (죽도동, 남도빌딩)",1997-01-03,0,36.0327851,129.3653412,False,8.53
JDQ4MTYyMiM4MSMkMiMkMCMkMDAkNDgxOTYxIzMxIyQyIyQzIyQwMCQzNjE4MzIjNjEjJDEjJDgjJDgz,형통한마취통증의학과의원,47110,의원,"경상북도 포항시 남구 상공로 136, 1층,2층 (대도동)",2015-03-10,0,36.0193763,129.3622057,False,9.59
JDQ4MTYyMiM4MSMkMSMkMCMkMTMkNDgxMzUxIzExIyQxIyQ3IyQ2MiQzNjEyMjIjNDEjJDEjJDgjJDgz,혜성한의원,47110,한의원,"경상북도 포항시 남구 중흥로 78, 1-3층 (상도동)",1999-03-05,17,36.012133,129.3501804,False,9.8
JDQ4MTYyMiM4MSMkMSMkMCMkMTMkNDgxOTYxIzIxIyQxIyQ1IyQ2MiQzNjEyMjIjNDEjJDEjJDQjJDgz,호생한의원,47110,한의원,"경상북도 포항시 남구 오천읍 정몽주로 668, (오천읍)",2016-02-24,0,35.9774469,129.4133395,False,16.04
JDQ4MTYyMiM4MSMkMiMkMCMkMDAkMzgxNzAyIzExIyQxIyQzIyQ3MiQ0NjEwMDIjNjEjJDEjJDAjJDgz,홍성철성형외과의원,47110,의원,"경상북도 포항시 북구 죽도로 55, (죽도동)",2000-07-05,0,36.0330171,129.366456,False,8.58
JDQ4MTYyMiM4MSMkMSMkMCMkMTMkNDgxMzUxIzQxIyQxIyQ3IyQ4OSQyNjEwMDIjNzEjJDEjJDgjJDgz,화목한의원,47110,한의원,"경상북도 포항시 북구 양덕로 46, (양덕동)",2010-08-23,0,36.0827097,129.4021898,False,8.71
JDQ4MTYyMiM4MSMkMSMkMCMkNzIkMzgxOTYxIzUxIyQxIyQxIyQwMyQzNjEwMDIjNTEjJDEjJDIjJDgz,화이트이치과의원,47110,치과의원,"경상북도 포항시 남구 오천읍 정몽주로616번길 1, 2층",2006-09-11,0,35.9731046,129.4151736,False,16.53
JDQ4MTYyMiM4MSMkMiMkMCMkMDAkNDgxMzUxIzIxIyQxIyQ1IyQ2MiQyNjE4MzIjNTEjJDEjJDIjJDgz,화인피부과화인비뇨기과의원,47110,의원,"경상북도 포항시 남구 중흥로 84, 1,2층 (상도동)",2006-05-15,0,36.0127551,129.3504053,False,9.74
JDQ4MTYyMiM4MSMkMSMkMCMkMTMkNDgxMTkxIzExIyQxIyQzIyQ3OSQ0NjE0ODEjNTEjJDEjJDYjJDgz,화타한의원,47110,한의원,"경상북도 포항시 남구 대이로 175, 정원빌딩 2층 (이동)",2025-07-30,0,36.0303525,129.3387644,False,7.53
JDQ4MTYyMiM4MSMkMSMkMCMkMTMkNDgxOTYxIzUxIyQxIyQ1IyQ2MiQzNjE4MzIjNjEjJDEjJDgjJDgz,환호한의원,47110,한의원,"경상북도 포항시 북구 새천년대로 1314, 3층 (장성동)",2024-01-05,0,36.0753287,129.3908693,False,7.87
JDQ4MTYyMiM4MSMkMiMkMCMkMDAkMzgxNzAyIzExIyQxIyQ3IyQ3MiQzNjE4MzIjNjEjJDEjJDAjJDgz,황석순내과의원,47110,의원,"경상북도 포항시 북구 대신로 46-1, (대신동)",2000-12-30,0,36.0482762,129.3679433,False,7.44
JDQ4MTYyMiM4MSMkMiMkMCMkMDAkNDgxOTYxIzIxIyQxIyQxIyQ4OSQ0NjEwMDIjODEjJDEjJDYjJDgz,황수경유외과의원,47110,의원,"경상북도 포항시 남구 희망대로 797, (대도동)",2012-05-10,5,36.0096466,129.3601133,False,10.44
JDQ4MTYyMiM4MSMkMiMkMCMkMDAkMzgxOTYxIzIxIyQxIyQxIyQ2MiQ0NjE0ODEjNDEjJDEjJDgjJDgz,황외과의원,47110,의원,"경상북도 포항시 남구 구룡포읍 구룡포길 60-3, (구룡포읍)",1986-12-06,0,35.9897081,129.5530951,False,24.99
JDQ4MTYyMiM4MSMkMSMkMCMkMTMkNDgxOTYxIzMxIyQxIyQzIyQ5MiQyNjE4MzIjNDEjJDEjJDQjJDgz,효자한의원,47110,한의원,"경상북도 포항시 남구 효자동길 2, 2층 (효자동)",2013-06-19,0,36.0078516,129.330402,False,9.69
JDQ4MTYyMiM4MSMkMSMkMCMkNzIkMzgxOTYxIzUxIyQxIyQ1IyQ4OSQzNjE0ODEjNDEjJDEjJDQjJDgz,효자효치과의원,47110,치과의원,"경상북도 포항시 남구 효성로 62, 2층 (효자동)",2007-04-30,0,36.0058307,129.3403781,False,10.14
JDQ4MTYyMiM4MSMkMiMkMCMkMDAkNDgxOTYxIzIxIyQxIyQ1IyQ2MiQzNjE0ODEjNjEjJDEjJDgjJDgz,흥해경대안과의원,47110,의원,"경상북도 포항시 북구 흥해읍 흥해로 48, (흥해읍)",2013-06-10,0,36.1091366,129.3468936,False,4.1
JDQ4MTYyMiM4MSMkMSMkMCMkOTkkNTgxMzUxIzExIyQxIyQ3IyQ4OSQyNjEyMjIjNzEjJDEjJDgjJDgz,흥해경희요양병원,47110,요양병원,"경상북도 포항시 북구 흥해읍 동해대로 1515, (흥해읍)",2011-08-22,290,36.1078489,129.3413914,True,3.6
JDQ4MTYyMiM4MSMkMiMkMCMkMDAkNDgxOTYxIzUxIyQxIyQ1IyQxMyQ0NjEwMDIjNDEjJDEjJDgjJDgz,흥해삼성연합의원,47110,의원,"경상북도 포항시 북구 흥해읍 한동로 29, (흥해읍)",2016-03-10,0,36.1109751,129.3448398,False,4.04
JDQ4MTYyMiM4MSMkMSMkMCMkOTIkMzgxOTYxIzExIyQxIyQ3IyQxMyQyNjEwMDIjNDEjJDEjJDgjJDgz,흥해읍보건지소,47110,보건지소,"경상북도 포항시 북구 흥해읍 흥해로 65, (흥해읍)",1962-12-30,0,36.1105144,129.3475792,False,4.23
JDQ4MTYyMiM4MSMkMSMkMCMkNzIkMzgxMzUxIzQxIyQxIyQ3IyQ5MiQzNjE4MzIjNDEjJDEjJDQjJDgz,흥해치과의원,47110,치과의원,"경상북도 포항시 북구 흥해읍 흥해로 60-1, 60",1991-07-30,0,36.1099896,129.3477955,False,4.22
JDQ4MTYyMiM4MSMkMSMkMCMkMTMkNDgxOTYxIzUxIyQxIyQxIyQ3OSQyNjE0ODEjNTEjJDEjJDYjJDgz,흥해한의원,47110,한의원,"경상북도 포항시 북구 흥해읍 초곡지구로 63, 2층",2020-07-08,0,36.0957554,129.3401886,False,3.09
JDQ4MTYyMiM4MSMkMSMkMCMkMTMkNDgxMzUxIzMxIyQxIyQzIyQ5MiQzNjEwMDIjNDEjJDEjJDgjJDgz,가온자리한의원,47130,한의원,"경상북도 경주시 용담로116번길 49-18, 1~2층 (황성동)",2008-10-02,0,35.8691422,129.211795,False,5.22
JDQ4MTYyMiM4MSMkMiMkMCMkMDAkMzgxOTYxIzIxIyQxIyQ5IyQxMyQyNjEwMDIjNTEjJDEjJDIjJDgz,감포의원,47130,의원,"경상북도 경주시 감포읍 감포로5길 7-26, (감포읍)",1989-07-03,0,35.8035064,129.5019711,False,24.1
JDQ4MTYyMiM4MSMkMSMkMCMkNzIkMzgxOTYxIzExIyQxIyQ3IyQ4OSQyNjEyMjIjNTEjJDEjJDIjJDgz,감포치과의원,47130,치과의원,"경상북도 경주시 감포읍 감포로 124, 2층",1999-04-21,0,35.8050961,129.5025219,False,24.13
JDQ4MTYyMiM4MSMkMSMkMCMkMTMkNDgxOTYxIzUxIyQxIyQxIyQ3OSQ0NjEwMDIjNzEjJDEjJDgjJDgz,감포한의원,47130,한의원,"경상북도 경주시 감포읍 감포로 127, (감포읍)",2012-11-28,0,35.8053302,129.5020525,False,24.08
JDQ4MTYyMiM4MSMkMSMkMCMkMTMkNDgxOTYxIzQxIyQxIyQ3IyQ3MiQyNjE4MzIjODEjJDEjJDIjJDgz,갑산한의원,47130,한의원,"경상북도 경주시 안강읍 안현로 1515, (안강읍)",1989-03-18,0,35.9903802,129.2280035,False,18.23
JDQ4MTYyMiM4MSMkMiMkMCMkMDAkMzgxMTkxIzIxIyQxIyQ5IyQ4OSQzNjEyMjIjNDEjJDEjJDgjJDgz,강남비뇨기과의원,47130,의원,"경상북도 경주시 원화로 275, (성동동)",1997-03-06,0,35.8453082,129.2170754,False,2.71
JDQ4MTYyMiM4MSMkMiMkMCMkMDAkMzgxMTkxIzUxIyQxIyQ1IyQ5MiQzNjEwMDIjODEjJDEjJDIjJDgz,강동의원,47130,의원,"경상북도 경주시 강동면 강동로 8-35, (강동면)",2000-02-09,0,35.9889777,129.275672,False,18.41
JDQ4MTYyMiM4MSMkMiMkMCMkMDAkNDgxMTkxIzIxIyQxIyQ5IyQ5OSQzNjE0ODEjNTEjJDEjJDYjJDgz,건강내과의원,47130,의원,"경상북도 경주시 산업로 3019, 2층 (시래동)",2021-12-29,0,35.7753722,129.2989038,False,8.02
JDQ4MTYyMiM4MSMkMSMkMCMkMTMkNDgxMzUxIzExIyQxIyQzIyQ3OSQ0NjE0ODEjNTEjJDEjJDIjJDgz,건강백세한의원,47130,한의원,"경상북도 경주시 화랑로 59, (서부동)",1996-08-30,0,35.8450654,129.20765,False,3.3
JDQ4MTYyMiM4MSMkMiMkMCMkMDAkNDgxMzUxIzIxIyQxIyQxIyQxMyQzNjE4MzIjNjEjJDEjJDQjJDgz,건천마취통증의학과의원,47130,의원,"경상북도 경주시 건천읍 내서로 1129, 2층",2015-11-12,0,35.848572,129.1045842,False,12.12
JDQ4MTYyMiM4MSMkMiMkMCMkMDAkMzgxOTYxIzUxIyQxIyQ1IyQ3MiQ0NjE0ODEjNTEjJDEjJDIjJDgz,경북의원,47130,의원,"경상북도 경주시 외동읍 입실로 71, 경북의원",1993-07-19,0,35.7146345,129.3242383,False,14.76
JDQ4MTYyMiM4MSMkMSMkMCMkNzIkMzgxMzUxIzUxIyQxIyQ1IyQ3MiQ0NjEwMDIjNjEjJDEjJDAjJDgz,경북치과의원,47130,치과의원,"경상북도 경주시 원화로 285, (성동동)",1992-07-14,0,35.8461823,129.2170206,False,2.79
JDQ4MTYyMiM4MSMkMSMkMCMkMTMkNDgxOTYxIzMxIyQxIyQzIyQ5MiQzNjE4MzIjNTEjJDEjJDIjJDgz,경주 황성한의원,47130,한의원,"경상북도 경주시 황성로 11, 2층 (황성동)",2021-04-12,10,35.8645577,129.2133168,False,4.7
JDQ4MTYyMiM4MSMkMiMkMCMkMDAkNDgxOTYxIzMxIyQxIyQ3IyQ3MiQyNjEyMjIjNjEjJDEjJDgjJDgz,경주교도소부속의원,47130,의원,"경상북도 경주시 내남면 포석로 550, 550",2005-12-01,0,35.7894552,129.2074088,False,4.88
JDQ4MTYyMiM4MSMkMSMkMCMkOTkkMzgxOTYxIzExIyQxIyQzIyQ3OSQzNjE0ODEjNDEjJDEjJDgjJDgz,경주굿모닝병원,47130,병원,"경상북도 경주시 원화로 397,  (황성동)",2008-01-14,113,35.8561685,129.218775,True,3.65
JDQ4MTYyMiM4MSMkMiMkMCMkMDAkNDgxMTkxIzIxIyQxIyQ1IyQ5OSQzNjEwMDIjNjEjJDEjJDQjJDgz,경주김안과의원,47130,의원,"경상북도 경주시 원화로 288, (성동동)",2021-02-10,0,35.8462796,129.2175272,False,2.77
JDQ4MTYyMiM4MSMkMSMkMCMkMTMkNDgxOTYxIzExIyQxIyQzIyQxMyQzNjEwMDIjODEjJDEjJDYjJDgz,경주남산한의원,47130,한의원,"경상북도 경주시 남산예길 47, (남산동)",2009-05-19,0,35.7934463,129.2506941,False,3.9
JDQ4MTYyMiM4MSMkMiMkMCMkMDAkMzgxMTkxIzIxIyQxIyQ5IyQ3OSQyNjE0ODEjNjEjJDEjJDAjJDgz,경주마취통증의학과의원,47130,의원,"경상북도 경주시 원화로 271, (성동동, 한신빌딩)",1999-02-26,0,35.8448312,129.2169349,False,2.68
JDQ4MTYyMiM4MSMkMSMkMCMkNzIkMzgxOTYxIzIxIyQxIyQ5IyQwMyQyNjEyMjIjNTEjJDEjJDIjJDgz,경주바른이 치과교정과 치과의원,47130,치과의원,"경상북도 경주시 화랑로 107, 3층 (동부동)",1999-05-11,0,35.8448159,129.2124995,False,2.95
JDQ4MTYyMiM4MSMkMSMkMCMkNzIkMzgxMTkxIzExIyQxIyQ3IyQ4MiQyNjE4MzIjNTEjJDEjJDIjJDgz,경주밝은미소치과의원,47130,치과의원,"경상북도 경주시 원화로 393, (황성동)",2012-05-03,0,35.8557749,129.2186937,False,3.61
JDQ4MTYyMiM4MSMkMiMkMCMkMDAkNDgxOTYxIzQxIyQyIyQ3IyQwMCQzNjE0ODEjNjEjJDEjJDAjJDgz,경주밝은안과의원,47130,의원,"경상북도 경주시 금성로 287, 이룸프라자 2층 (성건동)",2016-05-12,0,35.843091,129.2066503,False,3.24
JDQ4MTYyMiM4MSMkMiMkMCMkMDAkNDgxMTkxIzUxIyQxIyQxIyQ2MiQ0NjEwMDIjNjEjJDEjJDAjJDgz,경주베스트신경외과의원,47130,의원,"경상북도 경주시 황성로28번길 9, 1층 (황성동)",2025-04-24,0,35.8653428,129.2154286,False,4.7
JDQ4MTYyMiM4MSMkMSMkMCMkNzIkMzgxMTkxIzExIyQxIyQzIyQwMyQzNjE4MzIjNTEjJDEjJDYjJDgz,경주본치과의원,47130,치과의원,"경상북도 경주시 금성로 284-1, (성건동)",2020-03-13,0,35.8428862,129.2072488,False,3.18
JDQ4MTYyMiM4MSMkMiMkMCMkMDAkNDgxOTYxIzIxIyQxIyQ5IyQ5OSQyNjEwMDIjNTEjJDEjJDYjJDgz,경주비뇨기과의원,47130,의원,"경상북도 경주시 원화로 293, (성동동, 성모클리닉 3층)",2014-03-25,0,35.846824,129.2169822,False,2.85
JDQ4MTYyMiM4MSMkMiMkMCMkMDAkMzgxMTkxIzIxIyQxIyQxIyQ4MiQzNjEyMjIjNjEjJDEjJDAjJDgz,경주성모안과의원,47130,의원,"경상북도 경주시 원화로 293, 성모클리닉빌딩 (성동동)",1996-01-16,7,35.846824,129.2169822,False,2.85
JDQ4MTYyMiM4MSMkMSMkMCMkOTkkMzgxMzUxIzIxIyQxIyQ5IyQxMyQyNjEwMDIjNTEjJDEjJDIjJDgz,경주센텀병원,47130,병원,"경상북도 경주시 화랑로 130-0,  (황오동)",2021-08-03,96,35.8441615,129.2150231,True,2.74
JDQ4MTYyMiM4MSMkMiMkMCMkMDAkNDgxMTkxIzQxIyQxIyQ3IyQ4OSQzNjEwMDIjNTEjJDEjJDYjJDgz,경주속내과의원,47130,의원,"경상북도 경주시 화랑로 109, 1~2층 (동부동)",2024-04-29,0,35.8448034,129.2127844,False,2.93
JDQ4MTYyMiM4MSMkMiMkMCMkMDAkNDgxOTYxIzMxIyQxIyQ3IyQ3OSQ0NjE0ODEjODEjJDEjJDYjJDgz,경주속시원내과의원,47130,의원,"경상북도 경주시 금성로 287, 이룸프라자 3층 (성건동)",2015-09-15,0,35.843091,129.2066503,False,3.24
JDQ4MTYyMiM4MSMkMiMkMCMkMDAkNDgxOTYxIzExIyQxIyQ3IyQ4MiQyNjE4MzIjNDEjJDEjJDQjJDgz,경주숲속생명의원,47130,의원,"경상북도 경주시 산내면 수의길 78, (경주숲속휴양의원)",2017-01-04,10,35.758086,129.0698391,False,16.83
JDQ4MTYyMiM4MSMkMSMkMCMkOTIkMzgxOTYxIzIxIyQyIyQxIyQwMCQ0NjE0ODEjNDEjJDEjJDgjJDgz,경주시감포보건지소,47130,보건지소,"경상북도 경주시 감포읍 감포로8길 14-6, (감포읍)",1995-01-01,0,35.8071553,129.5012868,False,23.99
JDQ4MTYyMiM4MSMkMSMkMCMkOTIkMzgxNzAyIzIxIyQxIyQxIyQ5MiQyNjE4MzIjNDEjJDEjJDgjJDgz,경주시강동면다산보건진료소,47130,보건진료소,"경상북도 경주시 강동면 단구안계길 146, (강동면)",1988-01-01,0,36.045098,129.2487036,False,24.33
JDQ4MTYyMiM4MSMkMSMkMCMkOTIkMzgxNzAyIzIxIyQxIyQxIyQ5MiQyNjEyMjIjNTEjJDEjJDIjJDgz,경주시강동면왕신보건진료소,47130,보건진료소,"경상북도 경주시 강동면 천강로 917, (왕신보건진료소)",1988-01-01,0,35.9642897,129.2919712,False,16.12
JDQ4MTYyMiM4MSMkMSMkMCMkOTIkMzgxOTYxIzExIyQxIyQzIyQ5OSQ0NjEwMDIjNDEjJDEjJDQjJDgz,경주시강동보건지소,47130,보건지소,"경상북도 경주시 강동면 강동로 66-7, (강동면)",1967-07-24,0,35.9914704,129.2767481,False,18.7
JDQ4MTYyMiM4MSMkMSMkMCMkOTIkMzgxOTYxIzIxIyQxIyQxIyQ3OSQyNjE0ODEjNjEjJDEjJDAjJDgz,경주시건천보건지소,47130,보건지소,"경상북도 경주시 건천읍 내서로 1106, 건천읍사무소",1987-08-27,0,35.8499328,129.1019346,False,12.38
JDQ4MTYyMiM4MSMkMSMkMCMkOTIkMzgxNzAyIzIxIyQxIyQxIyQwMyQzNjE0ODEjNjEjJDEjJDgjJDgz,경주시건천읍화천보건진료소,47130,보건진료소,"경상북도 경주시 건천읍 내외로 2746, 2746",1988-01-01,0,35.7858147,129.1283139,False,10.74
JDQ4MTYyMiM4MSMkMSMkMCMkOTIkMzgxNzAyIzIxIyQxIyQxIyQ5MiQ0NjEwMDIjNDEjJDEjJDQjJDgz,경주시내남면박달보건진료소,47130,보건진료소,"경상북도 경주시 내남면 내외로 2197-6, (내남면)",1988-01-01,0,35.7484019,129.1280605,False,13.07
JDQ4MTYyMiM4MSMkMSMkMCMkOTIkMzgxOTYxIzExIyQxIyQ3IyQ3MiQzNjE0ODEjNzEjJDEjJDgjJDgz,경주시내남보건지소,47130,보건지소,"경상북도 경주시 내남면 이조중앙길 31, (내남면사무소)",1987-08-27,0,35.7524042,129.2001359,False,8.87
JDQ4MTYyMiM4MSMkMSMkMCMkOTkkNTgxMzUxIzExIyQyIyQ3IyQwMCQzNjE4MzIjNTEjJDEjJDIjJDgz,경주시립노인전문요양병원,47130,요양병원,"경상북도 경주시 현곡면 충현로 610-120, (현곡면)",2006-11-24,237,35.8764006,129.1664173,True,8.39
JDQ4MTYyMiM4MSMkMSMkMCMkOTIkMzgxOTYxIzIxIyQxIyQxIyQ3OSQyNjEyMjIjNDEjJDEjJDgjJDgz,경주시문무대왕보건지소,47130,보건지소,"경상북도 경주시 문무대왕면 감은로 67, 문무대왕면보건지소",1987-08-27,0,35.7895087,129.4416986,False,18.98
JDQ4MTYyMiM4MSMkMSMkMCMkOTIkMzgxMzUxIzExIyQyIyQzIyQwMCQyNjE0ODEjODEjJDEjJDIjJDgz,경주시보건소,47130,보건소,"경상북도 경주시 양정로 300, (동천동)",1985-01-25,0,35.8594901,129.2246214,False,3.81
JDQ4MTYyMiM4MSMkMSMkMCMkOTIkMzgxNzAyIzIxIyQxIyQxIyQ5MiQzNjEyMjIjNjEjJDEjJDQjJDgz,경주시산내면대현보건진료소,47130,보건진료소,"경상북도 경주시 산내면 문복로 1141, (대현리보건진료소)",1988-01-01,0,35.7290951,129.0580627,False,19.39
JDQ4MTYyMiM4MSMkMSMkMCMkOTIkMzgxNzAyIzIxIyQxIyQxIyQ5MiQzNjE4MzIjNTEjJDEjJDYjJDgz,경주시산내면우라보건진료소,47130,보건진료소,"경상북도 경주시 산내면 수피안길 1, (산내면)",1988-01-01,0,35.8118745,129.0136809,False,20.13
JDQ4MTYyMiM4MSMkMSMkMCMkOTIkMzgxNzAyIzIxIyQxIyQxIyQ5MiQ0NjE0ODEjNDEjJDEjJDgjJDgz,경주시산내면일부보건진료소,47130,보건진료소,"경상북도 경주시 산내면 외칠일부길 492, 492",1988-01-01,0,35.7344054,129.0096918,False,22.86
JDQ4MTYyMiM4MSMkMSMkMCMkOTIkMzgxOTYxIzExIyQxIyQzIyQ5OSQzNjEyMjIjNjEjJDEjJDQjJDgz,경주시산내보건지소,47130,보건지소,"경상북도 경주시 산내면 문복로 1822, 산내면행정복합타운",1995-01-01,0,35.7557456,129.0443956,False,19.01
JDQ4MTYyMiM4MSMkMSMkMCMkOTIkMzgxNzAyIzIxIyQxIyQxIyQ5MiQzNjEwMDIjNzEjJDEjJDgjJDgz,경주시서면도리보건진료소,47130,보건진료소,"경상북도 경주시 서면 심곡로 468-2, (서면)",1988-01-01,0,35.9230245,129.0715671,False,18.31
JDQ4MTYyMiM4MSMkMSMkMCMkOTIkMzgxOTYxIzExIyQxIyQzIyQ5OSQzNjE4MzIjNTEjJDEjJDYjJDgz,경주시서면보건지소,47130,보건지소,"경상북도 경주시 서면 내서로 389, (서면)",1995-01-01,0,35.8956324,129.0468524,False,18.72
JDQ4MTYyMiM4MSMkMSMkMCMkOTIkMzgxNzAyIzIxIyQxIyQxIyQwMyQzNjEwMDIjNjEjJDEjJDAjJDgz,경주시안강읍사방보건진료소,47130,보건진료소,"경상북도 경주시 안강읍 사방검단길 39, (안강읍)",1988-01-01,0,35.937885,129.2279,False,12.4
JDQ4MTYyMiM4MSMkMSMkMCMkOTIkMzgxNzAyIzIxIyQxIyQxIyQwMyQyNjEwMDIjNDEjJDEjJDgjJDgz,경주시양남면석읍보건진료소,47130,보건진료소,"경상북도 경주시 양남면 석읍길 15, (양남면)",1988-01-01,0,35.7281159,129.413904,False,19.41
JDQ4MTYyMiM4MSMkMSMkMCMkOTIkMzgxOTYxIzIxIyQxIyQxIyQ3OSQyNjE4MzIjODEjJDEjJDYjJDgz,경주시양남보건지소,47130,보건지소,"경상북도 경주시 양남면 양남로 347-3, (보건지소)",1987-08-27,0,35.6760096,129.461425,False,26.33
JDQ4MTYyMiM4MSMkMSMkMCMkOTIkMzgxNzAyIzIxIyQxIyQxIyQwMyQyNjEyMjIjNDEjJDEjJDQjJDgz,경주시양북면용동보건진료소,47130,보건진료소,"경상북도 경주시 양북면 와읍용동길 202, 202",1988-01-01,0,35.8173702,129.4302537,False,17.52
JDQ4MTYyMiM4MSMkMSMkMCMkOTIkMzgxOTYxIzIxIyQxIyQxIyQ3OSQyNjEwMDIjNTEjJDEjJDIjJDgz,경주시외동보건지소,47130,보건지소,"경상북도 경주시 외동읍 입실로3길 31, (외동읍보건지소)",1987-08-27,0,35.7155905,129.3234846,False,14.63
JDQ4MTYyMiM4MSMkMSMkMCMkOTIkMzgxNzAyIzIxIyQxIyQxIyQwMyQyNjE4MzIjODEjJDEjJDIjJDgz,경주시외동읍석계보건진료소,47130,보건진료소,"경상북도 경주시 외동읍 석계평리길 117-4, (석계보건진료소)",1988-01-01,0,35.6749,129.3033343,False,17.92
JDQ4MTYyMiM4MSMkMSMkMCMkOTIkMzgxNzAyIzIxIyQxIyQxIyQ5MiQyNjEwMDIjNjEjJDEjJDAjJDgz,경주시천북면신당보건진료소,47130,보건진료소,"경상북도 경주시 천북면 신당소티고개길 88-3, (신당보건진료소)",1988-01-01,0,35.9067943,129.2527469,False,9.05
JDQ4MTYyMiM4MSMkMSMkMCMkOTIkMzgxNzAyIzIxIyQxIyQxIyQ4MiQ0NjEwMDIjNTEjJDEjJDIjJDgz,경주시천북면화산보건진료소,47130,보건진료소,"경상북도 경주시 천북면 용사길 3, (천북면)",1998-01-01,0,35.9240443,129.2894791,False,11.85
JDQ4MTYyMiM4MSMkMSMkMCMkOTIkMzgxOTYxIzExIyQyIyQzIyQwMCQyNjE0ODEjNTEjJDEjJDYjJDgz,경주시천북보건지소,47130,보건지소,"경상북도 경주시 천북면 천북로 383, (천북면사무소)",1967-07-24,0,35.8953298,129.2711256,False,8.27
JDQ4MTYyMiM4MSMkMSMkMCMkOTIkMzgxNzAyIzIxIyQxIyQxIyQ5MiQzNjE0ODEjODEjJDEjJDYjJDgz,경주시현곡면가정보건진료소,47130,보건진료소,"경상북도 경주시 현곡면 지곡길 10-3, 10",1988-01-01,0,35.899956,129.1641267,False,10.43
JDQ4MTYyMiM4MSMkMSMkMCMkOTIkMzgxOTYxIzExIyQxIyQzIyQ5OSQ0NjE0ODEjNDEjJDEjJDgjJDgz,경주시현곡보건지소,47130,보건지소,"경상북도 경주시 현곡면 용담로 307, (경주시 주민건강지원센터)",1967-07-24,0,35.8739769,129.1916433,False,6.63
JDQ4MTYyMiM4MSMkMSMkMCMkNzIkMzgxMTkxIzExIyQxIyQ3IyQ4OSQzNjEwMDIjNTEjJDEjJDIjJDgz,경주엄마손소아치과의원,47130,치과의원,"경상북도 경주시 용황로 27, 2층 (황성동)",2011-06-15,0,35.8826476,129.2210425,False,6.39
JDQ4MTYyMiM4MSMkMiMkMCMkMDAkMzgxNzAyIzMxIyQyIyQ3IyQwMCQ0NjE0ODEjNDEjJDEjJDQjJDgz,경주연합의원,47130,의원,"경상북도 경주시 용황로11길 36, 3층 (용강동)",2002-08-30,0,35.8853344,129.2311143,False,6.55
JDQ4MTYyMiM4MSMkMSMkMCMkNzIkMzgxMTkxIzMxIyQyIyQ3IyQwMCQ0NjE0ODEjNTEjJDEjJDYjJDgz,경주연합치과의원,47130,치과의원,"경상북도 경주시 원화로 267, (성동동)",1979-08-17,0,35.8446737,129.2168625,False,2.67
JDQ4MTYyMiM4MSMkMSMkMCMkOTkkNTgxMzUxIzIxIyQxIyQ1IyQ3MiQyNjE0ODEjNTEjJDEjJDIjJDgz,경주요양병원,47130,요양병원,"경상북도 경주시 충효구획4길 31-0,  (충효동)",2018-05-04,231,35.8474162,129.1651158,True,6.82
JDQ4MTYyMiM4MSMkMiMkMCMkMDAkMzgxOTYxIzUxIyQxIyQ1IyQ5OSQzNjE0ODEjODEjJDEjJDIjJDgz,경주이비인후과의원,47130,의원,"경상북도 경주시 화랑로 101-1, (동부동)",1993-05-04,0,35.8448131,129.2121767,False,2.97
JDQ4MTYyMiM4MSMkMiMkMCMkMDAkNDgxMTkxIzExIyQxIyQzIyQwMyQyNjEwMDIjNzEjJDEjJDgjJDgz,경주정신건강의학과의원,47130,의원,"경상북도 경주시 봉황로51번길 27, 5층 (성건동)",2018-12-20,0,35.844351,129.2072413,False,3.28
JDQ4MTYyMiM4MSMkMiMkMCMkMDAkNDgxMzUxIzQxIyQxIyQ3IyQ4MiQyNjE4MzIjNTEjJDEjJDIjJDgz,경주정형외과의원,47130,의원,"경상북도 경주시 금성로 292, (성건동)",2009-02-02,0,35.843547,129.207236,False,3.23
JDQ4MTYyMiM4MSMkMiMkMCMkMDAkMzgxNzAyIzQxIyQxIyQ3IyQxMyQ0NjEwMDIjODEjJDEjJDIjJDgz,경주중앙의원,47130,의원,"경상북도 경주시 산업로 3014-5, 2층 (시래동)",2003-01-06,0,35.7756917,129.3002375,False,8.08
JDQ4MTYyMiM4MSMkMSMkMCMkNzIkMzgxOTYxIzUxIyQxIyQ1IyQ3OSQyNjEyMjIjNjEjJDEjJDgjJDgz,경주쥬니어치과의원,47130,치과의원,"경상북도 경주시 용담로116번길 6, (황성동)",2013-06-04,0,35.8653335,129.2096239,False,4.94
JDQ4MTYyMiM4MSMkMSMkMCMkNzIkMzgxMTkxIzExIyQxIyQ3IyQ3OSQzNjE0ODEjNzEjJDEjJDgjJDgz,경주탑치과의원,47130,치과의원,"경상북도 경주시 화랑로 111, (동부동)",2011-04-25,0,35.844777,129.2130508,False,2.91
JDQ4MTYyMiM4MSMkMSMkMCMkNzIkMzgxMTkxIzIxIyQxIyQ1IyQ3OSQyNjEyMjIjNTEjJDEjJDYjJDgz,경주포레치과의원,47130,치과의원,"경상북도 경주시 충효5길 5, 2층 (충효동)",2014-07-23,0,35.8443131,129.178883,False,5.54
JDQ4MTYyMiM4MSMkMiMkMCMkMDAkMzgxOTYxIzIxIyQxIyQ5IyQ3OSQzNjEwMDIjNDEjJDEjJDQjJDgz,계림내과의원,47130,의원,"경상북도 경주시 원화로 293, 성모클리닉빌딩 2층 (성동동)",1998-11-11,0,35.846824,129.2169822,False,2.85
JDQ4MTYyMiM4MSMkMSMkMCMkOTkkMzgxMzUxIzIxIyQxIyQ1IyQwMyQzNjEyMjIjNDEjJDEjJDQjJDgz,계명대학교 경주동산병원,47130,병원,"경상북도 경주시 봉황로 65,  (서부동)",1991-03-11,98,35.845537,129.2094788,True,3.21
JDQ4MTYyMiM4MSMkMSMkMCMkMTMkMzgxNzAyIzMxIyQxIyQzIyQ3MiQyNjE0ODEjNDEjJDEjJDQjJDgz,계성한의원,47130,한의원,"경상북도 경주시 탈해로5번길 6-2, (동천동)",1995-05-09,0,35.8468915,129.2284526,False,2.37
JDQ4MTYyMiM4MSMkMiMkMCMkMDAkMzgxOTYxIzUxIyQxIyQ1IyQ3OSQyNjEyMjIjNzEjJDEjJDgjJDgz,고내과의원,47130,의원,"경상북도 경주시 안강읍 안강중앙로 205, (안강읍)",2014-10-23,0,35.9928232,129.2227531,False,18.53
JDQ4MTYyMiM4MSMkMSMkMCMkMTMkMzgxNzAyIzQxIyQxIyQ3IyQ5MiQyNjE0ODEjNzEjJDEjJDgjJDgz,고려한의원,47130,한의원,"경상북도 경주시 감포읍 감포로 133-1, (감포읍)",1993-10-06,0,35.8059314,129.5020966,False,24.08
JDQ4MTYyMiM4MSMkMiMkMCMkMDAkMzgxNzAyIzExIyQxIyQzIyQwMyQ0NjE0ODEjODEjJDEjJDIjJDgz,고운피부과의원,47130,의원,"경상북도 경주시 원화로 282, (성동동)",2002-10-23,0,35.8459187,129.2175374,False,2.74
JDQ4MTYyMiM4MSMkMSMkMCMkMTMkNDgxMzUxIzIxIyQxIyQ5IyQ3MiQyNjE0ODEjODEjJDEjJDYjJDgz,공한의원,47130,한의원,"경상북도 경주시 충효녹지길 100, (충효동)",2002-04-22,0,35.8438336,129.1803726,False,5.39
JDQ4MTYyMiM4MSMkMSMkMCMkNjIkMzgxMzUxIzExIyQyIyQzIyQwMCQyNjE4MzIjODEjJDEjJDYjJDgz,그랜드치과병원,47130,치과병원,"경상북도 경주시 원화로 299, (성동동)",2014-07-11,0,35.8474453,129.2169521,False,2.9
JDQ4MTYyMiM4MSMkMiMkMCMkMDAkNDgxMzUxIzMxIyQxIyQzIyQ4OSQzNjEwMDIjNDEjJDEjJDQjJDgz,금장굿모닝이비인후과의원,47130,의원,"경상북도 경주시 현곡면 안현로 38, 2층",2007-05-07,0,35.8708395,129.2035597,False,5.74
JDQ4MTYyMiM4MSMkMSMkMCMkMTMkNDgxOTYxIzIxIyQxIyQ1IyQ5MiQzNjEwMDIjNTEjJDEjJDYjJDgz,금장준한의원,47130,한의원,"경상북도 경주시 현곡면 용담로 174, 성호마루한뷰 103,104호",2005-08-16,0,35.8675403,129.2036302,False,5.42
JDQ4MTYyMiM4MSMkMSMkMCMkMTMkMzgxNzAyIzIxIyQxIyQxIyQxMyQyNjEyMjIjNjEjJDEjJDgjJDgz,김동렬한의원,47130,한의원,"경상북도 경주시 안강읍 안강중앙로 206, (안강읍)",1991-11-02,0,35.9923949,129.2226148,False,18.48
JDQ4MTYyMiM4MSMkMSMkMCMkNzIkMzgxOTYxIzExIyQxIyQ3IyQ4OSQ0NjEwMDIjNDEjJDEjJDQjJDgz,김묘수연세치과의원,47130,치과의원,"경상북도 경주시 봉황로51번길 27, 4층 (성건동)",2015-02-13,0,35.844351,129.2072413,False,3.28
JDQ4MTYyMiM4MSMkMiMkMCMkMDAkMzgxMTkxIzMxIyQxIyQzIyQwMyQzNjEyMjIjODEjJDEjJDIjJDgz,김양우의원,47130,의원,"경상북도 경주시 원지길 6, 2층 (황성동)",1998-04-13,0,35.8684123,129.2186768,False,4.92
JDQ4MTYyMiM4MSMkMSMkMCMkNzIkMzgxOTYxIzMxIyQxIyQzIyQxMyQyNjE0ODEjNDEjJDEjJDQjJDgz,김영호치과의원,47130,치과의원,"경상북도 경주시 화랑로 104-2, (동부동)",2000-12-29,0,35.8443207,129.2122648,False,2.93
JDQ4MTYyMiM4MSMkMiMkMCMkMDAkMzgxOTYxIzUxIyQyIyQ1IyQwMCQ0NjEwMDIjNjEjJDEjJDgjJDgz,김용대피부과의원,47130,의원,"경상북도 경주시 중앙로 58-8, (동부동)",1993-05-08,0,35.8449822,129.2121743,False,2.99
JDQ4MTYyMiM4MSMkMSMkMCMkMTMkNDgxMzUxIzUxIyQxIyQxIyQxMyQyNjEyMjIjNDEjJDEjJDQjJDgz,김주미한의원,47130,한의원,"경상북도 경주시 태종로699번길 8, (노서동)",2014-03-14,0,35.8392917,129.2047911,False,3.17
JDQ4MTYyMiM4MSMkMiMkMCMkMDAkNDgxOTYxIzIxIyQxIyQxIyQ5MiQzNjE4MzIjNjEjJDEjJDgjJDgz,김진용정신건강의학과의원,47130,의원,"경상북도 경주시 중앙로48번길 3, (동부동)",2012-11-12,0,35.8443034,129.2118671,False,2.95
JDQ4MTYyMiM4MSMkMSMkMCMkNzIkMzgxOTYxIzExIyQxIyQzIyQ4MiQzNjE0ODEjODEjJDEjJDYjJDgz,김치과의원,47130,치과의원,"경상북도 경주시 다불로 13, (용강동)",1994-06-04,0,35.8767702,129.2288907,False,5.62
JDQ4MTYyMiM4MSMkMSMkMCMkNzIkMzgxOTYxIzUxIyQxIyQxIyQ5OSQyNjEwMDIjNjEjJDEjJDgjJDgz,김형수치과의원,47130,치과의원,"경상북도 경주시 안강읍 비화원로 72-1, 2층",2005-04-22,0,35.9910894,129.2246862,False,18.33
JDQ4MTYyMiM4MSMkMSMkMCMkMTMkNDgxMzUxIzExIyQxIyQzIyQwMyQyNjE4MzIjNDEjJDEjJDQjJDgz,김후락한의원,47130,한의원,"경상북도 경주시 금성로 282, (성건동)",1998-02-27,0,35.8426498,129.2072915,False,3.17
JDQ4MTYyMiM4MSMkMiMkMCMkMDAkNDgxMTkxIzMxIyQxIyQ3IyQ3MiQyNjE0ODEjNjEjJDEjJDQjJDgz,나득영심혈내과의원,47130,의원,"경상북도 경주시 원효로51번길 12, 2층 (성건동)",2023-10-25,0,35.8433367,129.2066008,False,3.26
JDQ4MTYyMiM4MSMkMSMkMCMkMTMkNDgxOTYxIzIxIyQxIyQ5IyQ5MiQ0NjEwMDIjNTEjJDEjJDIjJDgz,나아한의원,47130,한의원,"경상북도 경주시 양남면 나아1길 4-3, (양남면)",2018-03-21,0,35.6997968,129.470398,False,25.4
JDQ4MTYyMiM4MSMkMiMkMCMkMDAkNDgxOTYxIzExIyQxIyQ3IyQ3MiQ0NjEwMDIjNDEjJDEjJDgjJDgz,남정형외과의원,47130,의원,"경상북도 경주시 원화로 283-1, (성동동)",2011-12-29,0,35.846063,129.217009,False,2.78
JDQ4MTYyMiM4MSMkMiMkMCMkMDAkMzgxNzAyIzExIyQxIyQ3IyQ3MiQzNjEwMDIjODEjJDEjJDIjJDgz,내남의원,47130,의원,"경상북도 경주시 내남면 이조중앙길 46, (내남면)",2000-12-26,0,35.7514,129.2017375,False,8.92
JDQ4MTYyMiM4MSMkMSMkMCMkNzIkMzgxOTYxIzExIyQxIyQzIyQ5MiQzNjEwMDIjNjEjJDEjJDAjJDgz,녹산치과의원,47130,치과의원,"경상북도 경주시 안강읍 구부랑4길 14-19, 3층",1997-06-18,0,36.0038331,129.1956183,False,20.05
JDQ4MTYyMiM4MSMkMSMkMCMkNzIkMzgxMTkxIzMxIyQxIyQ3IyQ2MiQzNjE0ODEjODEjJDEjJDIjJDgz,뉴욕치과의원,47130,치과의원,"경상북도 경주시 용황로 69, 202, 203호 (용강동)",2021-05-04,0,35.883288,129.2255938,False,6.38
JDQ4MTYyMiM4MSMkMSMkMCMkMTMkNDgxMzUxIzQxIyQxIyQ3IyQ5MiQzNjEyMjIjNDEjJDEjJDgjJDgz,느티나무한의원,47130,한의원,"경상북도 경주시 양정로290번길 2, (동천동)",2006-01-16,0,35.8584331,129.2244056,False,3.7
JDQ4MTYyMiM4MSMkMiMkMCMkMDAkNDgxOTYxIzUxIyQxIyQxIyQxMyQzNjEyMjIjNDEjJDEjJDgjJDgz,늘속편한내과의원,47130,의원,"경상북도 경주시 황성로 35-3, (황성동)",2017-06-19,0,35.8661253,129.2144661,False,4.82
JDQ4MTYyMiM4MSMkMiMkMCMkMDAkMzgxNzAyIzUxIyQxIyQ1IyQ4MiQyNjE0ODEjNjEjJDEjJDQjJDgz,늘푸른의원,47130,의원,"경상북도 경주시 화랑로 68, (서부동)",2006-04-20,0,35.8444591,129.2081325,False,3.22
JDQ4MTYyMiM4MSMkMSMkMCMkNzIkMzgxMTkxIzExIyQxIyQ3IyQ5OSQyNjEwMDIjNzEjJDEjJDgjJDgz,닥터강치과의원,47130,치과의원,"경상북도 경주시 안강읍 안강중앙로 205, 2층",2015-03-03,0,35.9928232,129.2227531,False,18.53
JDQ4MTYyMiM4MSMkMSMkMCMkNzIkMzgxMTkxIzIxIyQyIyQ1IyQwMCQzNjEwMDIjNDEjJDEjJDQjJDgz,닥터김치과의원,47130,치과의원,"경상북도 경주시 양정로290번길 2, 신창빌딩 2층 (동천동)",2015-02-05,0,35.8584186,129.2244331,False,3.7
JDQ4MTYyMiM4MSMkMSMkMCMkMTMkMzgxNzAyIzExIyQxIyQ3IyQ3MiQ0NjEwMDIjODEjJDEjJDIjJDgz,대추밭백한의원,47130,한의원,"경상북도 경주시 강변로 60, 주건축물제1동 지하1,지상1층 (사정동)",1981-06-05,0,35.8288115,129.2023516,False,3.07
JDQ4MTYyMiM4MSMkMSMkMCMkNzIkMzgxOTYxIzMxIyQxIyQzIyQ4OSQyNjEyMjIjODEjJDEjJDIjJDgz,대학치과의원,47130,치과의원,"경상북도 경주시 화랑로 115, (동부동)",1999-11-06,0,35.8447758,129.213557,False,2.88
JDQ4MTYyMiM4MSMkMSMkMCMkNzIkMzgxOTYxIzMxIyQxIyQ3IyQ5MiQyNjEyMjIjODEjJDEjJDIjJDgz,대한치과의원,47130,치과의원,"경상북도 경주시 건천읍 내서로 1127, (건천읍)",1992-05-06,0,35.8486259,129.1042925,False,12.15
JDQ4MTYyMiM4MSMkMSMkMCMkMTMkNDgxMzUxIzExIyQxIyQzIyQ4MiQyNjE0ODEjNDEjJDEjJDgjJDgz,대한한의원,47130,한의원,"경상북도 경주시 외동읍 입실로 69, (외동읍)",2021-08-03,0,35.7145045,129.3242446,False,14.77
JDQ4MTYyMiM4MSMkMSMkMCMkMTMkMzgxNzAyIzIxIyQxIyQ5IyQ4OSQyNjE4MzIjODEjJDEjJDYjJDgz,대해한의원,47130,한의원,"경상북도 경주시 용황로 58, 4층 (용강동)",2019-01-04,0,35.8827788,129.2244883,False,6.34
JDQ4MTYyMiM4MSMkMSMkMCMkMTMkNDgxOTYxIzUxIyQxIyQxIyQ4OSQzNjE4MzIjODEjJDEjJDIjJDgz,더봄한의원,47130,한의원,"경상북도 경주시 문무대왕면 어일중앙길 6, (문무대왕면)",2006-07-14,0,35.7911668,129.4409952,False,18.88
JDQ4MTYyMiM4MSMkMSMkMCMkMTMkMzgxNzAyIzUxIyQyIyQ1IyQwMCQzNjE0ODEjNTEjJDEjJDYjJDgz,덕산한의원,47130,한의원,"경상북도 경주시 산업로 3034, (구정동)",1999-04-02,0,35.7767963,129.2984904,False,7.88
JDQ4MTYyMiM4MSMkMiMkMCMkMDAkNDgxMTkxIzQxIyQxIyQ3IyQwMyQ0NjE0ODEjODEjJDEjJDYjJDgz,동경주내과의원,47130,의원,"경상북도 경주시 문무대왕면 어일3길 14-5, 4층",2024-12-12,0,35.7930541,129.4410197,False,18.84
JDQ4MTYyMiM4MSMkMSMkMCMkMTMkNDgxOTYxIzExIyQxIyQzIyQ3MiQzNjE0ODEjNDEjJDEjJDgjJDgz,동국대학교경주한의원,47130,한의원,"경상북도 경주시 동대로 87, (석장동)",2009-01-09,0,35.8583076,129.1966582,False,5.02
JDQ4MTYyMiM4MSMkMSMkMCMkODkkMzgxMzUxIzExIyQxIyQzIyQ5OSQyNjE0ODEjNTEjJDEjJDYjJDgz,동국대학교의과대학경주병원,47130,종합병원,"경상북도 경주시 동대로 87,  (석장동)",1991-09-19,335,35.8583076,129.1966582,True,5.02
JDQ4MTYyMiM4MSMkMSMkMCMkMTMkMzgxNzAyIzMxIyQxIyQ3IyQwMyQyNjE4MzIjNTEjJDEjJDIjJDgz,동국한의원,47130,한의원,"경상북도 경주시 외동읍 입실시장길 7-21, (외동읍)",1992-12-12,0,35.7144547,129.3247618,False,14.8
JDQ4MTYyMiM4MSMkMiMkMCMkMDAkNDgxMTkxIzExIyQxIyQ3IyQxMyQyNjEwMDIjNDEjJDEjJDgjJDgz,동산속내과의원,47130,의원,"경상북도 경주시 원화로 276, 문산빌딩 2층 (성동동)",2019-10-07,0,35.8451904,129.2175207,False,2.67
JDQ4MTYyMiM4MSMkMSMkMCMkNzIkMzgxMzUxIzUxIyQxIyQxIyQ3MiQzNjE0ODEjNzEjJDEjJDgjJDgz,동산치과의원,47130,치과의원,"경상북도 경주시 금성로 315, (성건동)",1991-04-30,0,35.8457337,129.2068178,False,3.4
JDQ4MTYyMiM4MSMkMSMkMCMkMTMkMzgxNzAyIzExIyQxIyQ3IyQ3MiQzNjE0ODEjNzEjJDEjJDgjJDgz,동산한의원,47130,한의원,"경상북도 경주시 화랑로 21, (성건동)",1985-03-28,0,35.845008,129.2030722,False,3.63
JDQ4MTYyMiM4MSMkMiMkMCMkMDAkNDgxMzUxIzIxIyQxIyQ5IyQ5OSQzNjEwMDIjNDEjJDEjJDgjJDgz,동천우리내과의원,47130,의원,"경상북도 경주시 알천북로 275, 2층 (동천동)",2022-08-18,0,35.8465528,129.2282633,False,2.34
JDQ4MTYyMiM4MSMkMSMkMCMkNzIkMzgxMTkxIzIxIyQxIyQxIyQ5MiQzNjEyMjIjNDEjJDEjJDgjJDgz,로이스치과의원,47130,치과의원,"경상북도 경주시 화랑로 125, kt경주빌딩 1층 (성동동)",2023-12-28,0,35.8449404,129.2144875,False,2.83
JDQ4MTYyMiM4MSMkMSMkMCMkOTkkMzgxMzUxIzIxIyQxIyQxIyQ2MiQzNjE0ODEjODEjJDEjJDIjJDgz,맘존여성병원,47130,병원,"경상북도 경주시 원화로 315, (성동동)",2007-04-01,30,35.8488987,129.216825,True,3.04
JDQ4MTYyMiM4MSMkMiMkMCMkMDAkMzgxMTkxIzExIyQxIyQ3IyQ4OSQzNjE0ODEjNjEjJDEjJDQjJDgz,명안과의원,47130,의원,"경상북도 경주시 원화로 273, (성동동)",1994-11-18,0,35.8450409,129.2169438,False,2.69
JDQ4MTYyMiM4MSMkMSMkMCMkNzIkMzgxMTkxIzExIyQyIyQ3IyQwMCQzNjE4MzIjNTEjJDEjJDYjJDgz,명진치과의원,47130,치과의원,"경상북도 경주시 금성로 292, 4층 (성건동)",2011-12-19,0,35.843547,129.207236,False,3.23
JDQ4MTYyMiM4MSMkMSMkMCMkMTMkNDgxOTYxIzIxIyQxIyQ5IyQ4OSQzNjE4MzIjNTEjJDEjJDIjJDgz,미담한의원,47130,한의원,"경상북도 경주시 북문로 127, (성동동)",2007-11-08,0,35.8499574,129.2165724,False,3.15
JDQ4MTYyMiM4MSMkMiMkMCMkMDAkNDgxMzUxIzMxIyQxIyQzIyQ3OSQ0NjEwMDIjNjEjJDEjJDQjJDgz,미라클의원,47130,의원,"경상북도 경주시 원화로 298-1, 401호 (성동동)",2007-04-23,0,35.8472913,129.2175774,False,2.86
JDQ4MTYyMiM4MSMkMSMkMCMkNzIkMzgxOTYxIzUxIyQyIyQxIyQwMCQyNjEyMjIjNDEjJDEjJDgjJDgz,미소가 있어 행복한 연합치과의원,47130,치과의원,"경상북도 경주시 현곡면 안현로 38, (현곡면)",1997-03-10,0,35.8708395,129.2035597,False,5.74
JDQ4MTYyMiM4MSMkMSMkMCMkNzIkMzgxMzUxIzQxIyQxIyQ3IyQ5MiQyNjEwMDIjNDEjJDEjJDgjJDgz,미주치과의원,47130,치과의원,"경상북도 경주시 황성로 9, (황성동)",2006-04-05,0,35.8643785,129.2132164,False,4.69
JDQ4MTYyMiM4MSMkMiMkMCMkMDAkMzgxMTkxIzMxIyQxIyQ3IyQ2MiQyNjE0ODEjNjEjJDEjJDgjJDgz,민연합이비인후과의원,47130,의원,"경상북도 경주시 황성로 18, (황성동)",2006-02-27,0,35.8648447,129.2140847,False,4.7
JDQ4MTYyMiM4MSMkMiMkMCMkMDAkNDgxMTkxIzMxIyQxIyQ3IyQ2MiQzNjEwMDIjODEjJDEjJDYjJDgz,바로그의원,47130,의원,"경상북도 경주시 원화로 271, 한신빌딩 7층 (성동동)",2023-09-26,0,35.8448312,129.2169349,False,2.68
JDQ4MTYyMiM4MSMkMiMkMCMkMDAkMzgxNzAyIzIxIyQxIyQxIyQ5MiQzNjE4MzIjNjEjJDEjJDQjJDgz,바른정형외과의원,47130,의원,"경상북도 경주시 안강읍 비화원로 76, 1~2층",2016-02-16,0,35.9909645,129.224303,False,18.31
JDQ4MTYyMiM4MSMkMiMkMCMkMDAkMzgxNzAyIzIxIyQxIyQ5IyQ4OSQzNjEwMDIjODEjJDEjJDIjJDgz,박가정의학과의원,47130,의원,"경상북도 경주시 현곡면 금장5길 8-4, 2층",2001-11-13,0,35.8677061,129.2033485,False,5.45
JDQ4MTYyMiM4MSMkMiMkMCMkMDAkNDgxMzUxIzQxIyQxIyQ3IyQ3MiQ0NjE0ODEjNjEjJDEjJDgjJDgz,박경대내과의원,47130,의원,"경상북도 경주시 화랑로 80, 1~3층 (서부동)",2009-01-12,0,35.8444175,129.2095068,False,3.12
JDQ4MTYyMiM4MSMkMSMkMCMkNzIkMzgxOTYxIzExIyQxIyQ3IyQ3MiQ0NjE0ODEjNDEjJDEjJDgjJDgz,박재완치과의원,47130,치과의원,"경상북도 경주시 화랑로 114-1, 2층 (동부동)",1995-03-02,0,35.8442967,129.2132844,False,2.86
JDQ4MTYyMiM4MSMkMSMkMCMkNzIkMzgxOTYxIzIxIyQxIyQ1IyQ3MiQ0NjEwMDIjNDEjJDEjJDgjJDgz,배치과의원,47130,치과의원,"경상북도 경주시 원화로 277, 2층 (성동동)",1997-06-17,0,35.8454445,129.2170154,False,2.72
JDQ4MTYyMiM4MSMkMiMkMCMkMDAkMzgxMTkxIzIxIyQxIyQ1IyQ5OSQyNjEyMjIjODEjJDEjJDYjJDgz,백영수소아과의원,47130,의원,"경상북도 경주시 용담로116번길 6, 5층 (황성동)",1996-04-25,0,35.8653335,129.2096239,False,4.94
JDQ4MTYyMiM4MSMkMSMkMCMkMTMkNDgxMzUxIzExIyQxIyQ3IyQ4OSQzNjEwMDIjNDEjJDEjJDgjJDgz,보성한의원,47130,한의원,"경상북도 경주시 안강읍 구부랑4길 6-5, (안강읍)",1996-09-21,0,36.0024994,129.1962791,False,19.89
JDQ4MTYyMiM4MSMkMSMkMCMkMTMkNDgxOTYxIzUxIyQyIyQ1IyQwMCQzNjE0ODEjNjEjJDEjJDAjJDgz,봄한의원,47130,한의원,"경상북도 경주시 충효3길 23-2, 1, 3층 (충효동)",2023-10-06,0,35.8437495,129.1860847,False,4.91
JDQ4MTYyMiM4MSMkMSMkMCMkNzIkMzgxOTYxIzIxIyQxIyQ5IyQ5MiQzNjEyMjIjODEjJDEjJDIjJDgz,부광치과의원,47130,치과의원,"경상북도 경주시 구정2길 3, (구정동)",1999-05-04,0,35.7769017,129.2982763,False,7.86
JDQ4MTYyMiM4MSMkMSMkMCMkMTMkNDgxMzUxIzMxIyQyIyQzIyQwMCQyNjE4MzIjNjEjJDEjJDQjJDgz,부부한의원,47130,한의원,"경상북도 경주시 안강읍 안강중앙로 203, (안강읍)",1989-03-16,0,35.9927089,129.2225153,False,18.52
JDQ4MTYyMiM4MSMkMiMkMCMkMDAkNDgxMTkxIzExIyQxIyQzIyQ5MiQ0NjE0ODEjNzEjJDEjJDgjJDgz,부엉이 정신건강의학과의원,47130,의원,"경상북도 경주시 원화로 285-4, 4층층 (성동동)",2018-12-11,0,35.846379400000004,129.2168904,False,2.81
JDQ4MTYyMiM4MSMkMiMkMCMkMDAkMzgxOTYxIzUxIyQxIyQ1IyQ4MiQzNjEyMjIjNTEjJDEjJDYjJDgz,불국사의원,47130,의원,"경상북도 경주시 산업로 3030, (구정동)",1993-08-26,0,35.7765583,129.2988125,False,7.92
JDQ4MTYyMiM4MSMkMSMkMCMkMTMkMzgxNzAyIzUxIyQxIyQxIyQwMyQzNjE0ODEjNTEjJDEjJDYjJDgz,불국사한의원,47130,한의원,"경상북도 경주시 산업로 3032-1, (구정동)",2014-09-22,0,35.7767827,129.2986358,False,7.89
JDQ4MTYyMiM4MSMkMSMkMCMkNzIkMzgxMTkxIzMxIyQxIyQzIyQ3MiQyNjE0ODEjNjEjJDEjJDgjJDgz,브이아이피(VIP)치과의원,47130,치과의원,"경상북도 경주시 광중길 24, (용강동)",2018-08-31,0,35.8803546,129.2250207,False,6.07
JDQ4MTYyMiM4MSMkMiMkMCMkMDAkNDgxMTkxIzQxIyQxIyQ3IyQ5MiQzNjEwMDIjNzEjJDEjJDgjJDgz,블리비의원,47130,의원,"경상북도 경주시 원화로 298-1, 3층 (성동동)",2024-11-05,0,35.8472913,129.2175774,False,2.86
JDQ4MTYyMiM4MSMkMiMkMCMkMDAkMzgxNzAyIzExIyQxIyQzIyQ5OSQyNjE0ODEjODEjJDEjJDYjJDgz,사랑의 소아과의원,47130,의원,"경상북도 경주시 황성로 59, 2층 (황성동)",2000-03-30,0,35.8674283,129.2169852,False,4.87
JDQ4MTYyMiM4MSMkMSMkMCMkNzIkMzgxMTkxIzIxIyQyIyQ1IyQwMCQ0NjEwMDIjNTEjJDEjJDIjJDgz,산치과의원,47130,치과의원,"경상북도 경주시 산내면 의곡중앙길 5-1, (산내면)",2015-03-20,0,35.7574213,129.0445686,False,18.92
JDQ4MTYyMiM4MSMkMSMkMCMkNzIkMzgxMzUxIzIxIyQxIyQ5IyQ3OSQyNjE0ODEjNTEjJDEjJDIjJDgz,삼부치과의원,47130,치과의원,"경상북도 경주시 금성로 292, (성건동)",1985-05-01,0,35.843547,129.207236,False,3.23
JDQ4MTYyMiM4MSMkMiMkMCMkMDAkMzgxNzAyIzExIyQxIyQ3IyQ2MiQyNjE4MzIjNjEjJDEjJDAjJDgz,삼성의원,47130,의원,"경상북도 경주시 화랑로 74, (서부동)",2000-12-11,0,35.8444203,129.2088278,False,3.17
JDQ4MTYyMiM4MSMkMiMkMCMkMDAkMzgxNzAyIzIxIyQxIyQ1IyQxMyQyNjEwMDIjNzEjJDEjJDgjJDgz,새우리들연합의원,47130,의원,"경상북도 경주시 안강읍 구부랑길 67-7, (안강읍)",2004-06-05,0,36.0033213,129.1962698,False,19.98
JDQ4MTYyMiM4MSMkMiMkMCMkMDAkMzgxNzAyIzIxIyQxIyQ1IyQ5MiQyNjE4MzIjODEjJDEjJDYjJDgz,새천년 내과의원,47130,의원,"경상북도 경주시 원화로 287, 2-3층 (성동동)",2001-08-27,0,35.8463812,129.2170255,False,2.8
JDQ4MTYyMiM4MSMkMSMkMCMkOTkkMzgxMzUxIzIxIyQxIyQ1IyQ3OSQ0NjEwMDIjNjEjJDEjJDgjJDgz,새천년병원,47130,병원,"경상북도 경주시 화랑로 129,  (성동동)",2009-03-02,105,35.844685,129.215248,True,2.77
JDQ4MTYyMiM4MSMkMiMkMCMkMDAkNDgxMTkxIzIxIyQxIyQ5IyQ4MiQ0NjE0ODEjNjEjJDEjJDQjJDgz,서라벌정형외과의원,47130,의원,"경상북도 경주시 용담로 90, (황성동)",2022-04-18,0,35.8640886,129.2118872,False,4.72
JDQ4MTYyMiM4MSMkMSMkMCMkMTMkNDgxMzUxIzIxIyQxIyQ1IyQ4MiQyNjEwMDIjODEjJDEjJDIjJDgz,서면한의원,47130,한의원,"경상북도 경주시 서면 내서로 432, (서면)",2001-05-11,0,35.8930654,129.0502875,False,18.32
JDQ4MTYyMiM4MSMkMiMkMCMkMDAkNDgxMTkxIzExIyQxIyQ3IyQ3MiQzNjE0ODEjNjEjJDEjJDgjJDgz,서울S의원,47130,의원,"경상북도 경주시 금성로 287, 이룸프라자 3층 302호 (성건동)",2019-05-29,0,35.843091,129.2066503,False,3.24
JDQ4MTYyMiM4MSMkMiMkMCMkMDAkMzgxNzAyIzExIyQxIyQzIyQ4OSQzNjEyMjIjNDEjJDEjJDgjJDgz,서울내과의원,47130,의원,"경상북도 경주시 화랑로 122-1, 지하1, 지상2층 (황오동)",2000-03-15,0,35.8442833,129.2142276,False,2.8
JDQ4MTYyMiM4MSMkMiMkMCMkMDAkNDgxMzUxIzIxIyQxIyQ5IyQ2MiQyNjE0ODEjNjEjJDEjJDAjJDgz,서울드림의원,47130,의원,"경상북도 경주시 화랑로 126, 2층 (황오동)",2002-04-04,0,35.8442642,129.2145926,False,2.77
JDQ4MTYyMiM4MSMkMSMkMCMkNzIkMzgxMTkxIzUxIyQxIyQxIyQ3MiQzNjEyMjIjNjEjJDEjJDAjJDgz,서울든든치과의원,47130,치과의원,"경상북도 경주시 안강읍 안강중앙로 233, 신세화마트 1층",2025-12-08,0,35.992327,129.2256334,False,18.46
JDQ4MTYyMiM4MSMkMSMkMCMkNzIkMzgxMTkxIzMxIyQxIyQzIyQ4OSQyNjE0ODEjNzEjJDEjJDgjJDgz,서울앞선치과의원,47130,치과의원,"경상북도 경주시 용담로 92, 휴먼빌딩 3층 (황성동)",2025-06-26,0,35.8643103,129.2116518,False,4.75
JDQ4MTYyMiM4MSMkMiMkMCMkMDAkNDgxMTkxIzIxIyQxIyQ5IyQxMyQyNjE4MzIjNjEjJDEjJDgjJDgz,서울의원,47130,의원,"경상북도 경주시 산내면 단석로 684, (산내면)",2008-04-04,0,35.7574762,129.0443098,False,18.94
JDQ4MTYyMiM4MSMkMiMkMCMkMDAkNDgxMTkxIzMxIyQyIyQzIyQwMCQ0NjE0ODEjNDEjJDEjJDQjJDgz,서정일내과의원,47130,의원,"경상북도 경주시 황성로 77, 2,3층 (황성동)",2022-11-17,0,35.8688998,129.2181622,False,4.98
JDQ4MTYyMiM4MSMkMiMkMCMkMDAkNDgxMTkxIzIxIyQxIyQ5IyQxMyQzNjEwMDIjNTEjJDEjJDIjJDgz,선린연합의원,47130,의원,"경상북도 경주시 감포읍 감포로7길 2, 3층",2022-08-16,0,35.8044906,129.5023606,False,24.12
JDQ4MTYyMiM4MSMkMiMkMCMkMDAkMzgxNzAyIzUxIyQxIyQ1IyQ4MiQ0NjEwMDIjODEjJDEjJDYjJDgz,성모의원,47130,의원,"경상북도 경주시 양정로 269, 2층 (동천동)",1995-09-12,0,35.8567891,129.2239593,False,3.54
JDQ4MTYyMiM4MSMkMSMkMCMkNzIkMzgxOTYxIzUxIyQxIyQxIyQ3MiQzNjE4MzIjNzEjJDEjJDgjJDgz,성모치과의원,47130,치과의원,"경상북도 경주시 원화로 293, (성동동, 성모클리닉빌딩)",2011-05-09,0,35.846824,129.2169822,False,2.85
JDQ4MTYyMiM4MSMkMiMkMCMkMDAkMzgxMTkxIzQxIyQxIyQ3IyQ2MiQzNjEwMDIjNTEjJDEjJDYjJDgz,성심연합의원,47130,의원,"경상북도 경주시 외동읍 입실시장길 11-6, (외동읍)",1994-11-01,0,35.715101,129.324762,False,14.74
JDQ4MTYyMiM4MSMkMSMkMCMkMTMkMzgxNzAyIzUxIyQxIyQxIyQxMyQ0NjE0ODEjNTEjJDEjJDYjJDgz,성원한의원,47130,한의원,"경상북도 경주시 원화로 336, (성동동)",1988-06-23,0,35.8504834,129.2174115,False,3.16
JDQ4MTYyMiM4MSMkMiMkMCMkMDAkMzgxOTYxIzQxIyQxIyQ3IyQ5MiQyNjEyMjIjNjEjJDEjJDQjJDgz,성진의원,47130,의원,"경상북도 경주시 안강읍 안현로 1528, (성진의원)",1992-01-20,0,35.9912929,129.2285,False,18.33
JDQ4MTYyMiM4MSMkMiMkMCMkMDAkMzgxOTYxIzIxIyQxIyQ1IyQ5OSQ0NjE0ODEjNTEjJDEjJDIjJDgz,세연의원,47130,의원,"경상북도 경주시 충효중앙길 98, (충효동)",1987-11-02,0,35.8448168,129.1806101,False,5.41
JDQ4MTYyMiM4MSMkMSMkMCMkMTMkNDgxMzUxIzExIyQxIyQ3IyQ4OSQzNjE0ODEjNTEjJDEjJDYjJDgz,세웅한의원,47130,한의원,"경상북도 경주시 금성로 259, 1층 (노서동)",2016-04-06,0,35.840685,129.2068152,False,3.08
JDQ4MTYyMiM4MSMkMiMkMCMkMDAkNDgxOTYxIzIxIyQxIyQxIyQ5OSQ0NjEwMDIjNjEjJDEjJDgjJDgz,소망이비인후과의원,47130,의원,"경상북도 경주시 금성로 289, (성건동)",1992-04-04,0,35.8433145,129.2068414,False,3.24
JDQ4MTYyMiM4MSMkMSMkMCMkMTMkMzgxNzAyIzMxIyQxIyQzIyQ4MiQzNjE4MzIjNjEjJDEjJDAjJDgz,소천지한의원,47130,한의원,"경상북도 경주시 금성로 279-1, (성건동)",1990-10-12,0,35.8425513,129.2068739,False,3.19
JDQ4MTYyMiM4MSMkMSMkMCMkMTMkMzgxNzAyIzMxIyQxIyQzIyQwMyQyNjEwMDIjNDEjJDEjJDQjJDgz,손광락한의원,47130,한의원,"경상북도 경주시 화랑로 115, (동부동)",1991-06-19,0,35.8447758,129.213557,False,2.88
JDQ4MTYyMiM4MSMkMSMkMCMkNzIkMzgxMzUxIzMxIyQxIyQzIyQ3OSQyNjE0ODEjODEjJDEjJDYjJDgz,손승권치과의원,47130,치과의원,"경상북도 경주시 금성로 324-3, 2층 (서부동)",1987-04-25,0,35.846704,129.207297,False,3.44
JDQ4MTYyMiM4MSMkMiMkMCMkMDAkMzgxNzAyIzIxIyQxIyQxIyQ5OSQzNjEwMDIjNTEjJDEjJDIjJDgz,손정신과의원,47130,의원,"경상북도 경주시 화랑로 115, 3층 (동부동)",2001-03-03,0,35.8447591,129.2135666,False,2.88
JDQ4MTYyMiM4MSMkMSMkMCMkMTMkMzgxNzAyIzMxIyQxIyQzIyQ5OSQzNjE4MzIjNjEjJDEjJDQjJDgz,수강한의원,47130,한의원,"경상북도 경주시 원지길 22, (황성동)",1991-02-02,0,35.8679256,129.2205423,False,4.81
JDQ4MTYyMiM4MSMkMSMkMCMkMTMkNDgxOTYxIzIxIyQxIyQ1IyQwMyQyNjE4MzIjNjEjJDEjJDAjJDgz,수선사랑방한의원,47130,한의원,"경상북도 경주시 원효로 185-1, (황오동)",2020-09-14,0,35.8417712,129.2213624,False,2.16
JDQ4MTYyMiM4MSMkMSMkMCMkMTMkMzgxNzAyIzMxIyQxIyQzIyQxMyQzNjEyMjIjODEjJDEjJDIjJDgz,수세당한의원,47130,한의원,"경상북도 경주시 원화로 275, (성동동)",1997-03-10,0,35.8453082,129.2170754,False,2.71
JDQ4MTYyMiM4MSMkMSMkMCMkMTMkMzgxNzAyIzUxIyQxIyQxIyQ4OSQyNjE4MzIjNjEjJDEjJDAjJDgz,수월한의원,47130,한의원,"경상북도 경주시 원화로 290, (성동동)",1994-06-04,0,35.8464591,129.2175066,False,2.78
JDQ4MTYyMiM4MSMkMSMkMCMkMTMkNDgxOTYxIzIxIyQxIyQ5IyQ4MiQyNjE4MzIjNjEjJDEjJDgjJDgz,숨소리한의원,47130,한의원,"경상북도 경주시 금성로 308, (서부동)",2008-06-05,0,35.8450784,129.2072393,False,3.33
JDQ4MTYyMiM4MSMkMSMkMCMkNzIkMzgxMTkxIzIxIyQxIyQ1IyQwMyQ0NjEwMDIjODEjJDEjJDYjJDgz,스마일라인치과의원,47130,치과의원,"경상북도 경주시 용황로 91-5, 3층 (용강동)",2017-12-08,0,35.8837128,129.2282021,False,6.4
JDQ4MTYyMiM4MSMkMiMkMCMkMDAkNDgxOTYxIzMxIyQxIyQzIyQwMyQyNjE4MzIjNDEjJDEjJDQjJDgz,스마일의원,47130,의원,"경상북도 경주시 현곡면 용담로 181, 3층 301호",2021-11-22,0,35.8671642,129.2024312,False,5.45
JDQ4MTYyMiM4MSMkMiMkMCMkMDAkNDgxMzUxIzExIyQyIyQ3IyQwMCQzNjE4MzIjNjEjJDEjJDQjJDgz,시원한이성수마취통증의학과의원,47130,의원,"경상북도 경주시 화랑로 73, (서부동)",2005-04-13,0,35.8448423,129.2088232,False,3.2
JDQ4MTYyMiM4MSMkMiMkMCMkMDAkMzgxNzAyIzUxIyQxIyQxIyQ4MiQyNjEwMDIjNzEjJDEjJDgjJDgz,신&손비뇨기과의원,47130,의원,"경상북도 경주시 원화로 306, (성동동)",2002-01-14,3,35.847778,129.2175251,False,2.9
JDQ4MTYyMiM4MSMkMSMkMCMkOTkkNTgxMzUxIzIxIyQxIyQ1IyQ4OSQyNjE0ODEjNTEjJDEjJDYjJDgz,신경주요양병원,47130,요양병원,"경상북도 경주시 건천읍 단석로 1593-9, (건천읍)",2013-06-07,143,35.8223103,129.072484,True,14.77
JDQ4MTYyMiM4MSMkMSMkMCMkOTkkMzgxMzUxIzIxIyQxIyQ1IyQ5OSQ0NjE0ODEjNTEjJDEjJDIjJDgz,신라미소병원,47130,병원,"경상북도 경주시 보문로 465-67,  B동 (신평동,지티랜드)",2021-07-13,78,35.8395881,129.2908992,True,5.13
JDQ4MTYyMiM4MSMkMiMkMCMkMDAkMzgxMTkxIzIxIyQxIyQ1IyQ4MiQzNjEwMDIjNTEjJDEjJDIjJDgz,신라산부인과의원,47130,의원,"경상북도 경주시 원화로 393, (황성동, 신라산부인과소아과의원)",2002-05-17,13,35.8557505,129.2186913,False,3.61
JDQ4MTYyMiM4MSMkMiMkMCMkMDAkMzgxNzAyIzUxIyQxIyQ1IyQ3MiQ0NjE0ODEjNTEjJDEjJDYjJDgz,신라소아과의원,47130,의원,"경상북도 경주시 원화로 393, (황성동)",2004-04-16,0,35.8557749,129.2186937,False,3.61
JDQ4MTYyMiM4MSMkMiMkMCMkMDAkNDgxMTkxIzIxIyQxIyQ1IyQ5MiQyNjEwMDIjODEjJDEjJDYjJDgz,신성형외과의원,47130,의원,"경상북도 경주시 중앙로48번길 16, 3층 (노동동)",2012-11-05,0,35.8440682,129.2133692,False,2.84
JDQ4MTYyMiM4MSMkMSMkMCMkNzIkMzgxOTYxIzIxIyQxIyQxIyQ4OSQzNjEwMDIjNTEjJDEjJDYjJDgz,신세계치과의원,47130,치과의원,"경상북도 경주시 양정로 237, (동천동)",2014-07-02,0,35.8538338,129.2239223,False,3.23
JDQ4MTYyMiM4MSMkMiMkMCMkMDAkNDgxMTkxIzUxIyQxIyQxIyQwMyQzNjE0ODEjNTEjJDEjJDIjJDgz,신통연합의원,47130,의원,"경상북도 경주시 외동읍 산업로 1767, 201~202호 (경주외동사랑으로부영2단지)",2021-11-10,0,35.6721297,129.3308978,False,19.18
JDQ4MTYyMiM4MSMkMSMkMCMkMTMkMzgxNzAyIzExIyQxIyQ3IyQ3MiQzNjE4MzIjNDEjJDEjJDgjJDgz,실로암한의원,47130,한의원,"경상북도 경주시 원화로 436, (동천동)",1986-04-09,0,35.859058,129.2203309,False,3.89
JDQ4MTYyMiM4MSMkMiMkMCMkMDAkNDgxMTkxIzExIyQxIyQ3IyQ2MiQzNjE0ODEjODEjJDEjJDYjJDgz,씨앤미의원,47130,의원,"경상북도 경주시 화랑로 110, 2-3층층 (동부동)",2019-05-14,0,35.8443098,129.212875,False,2.89
JDQ4MTYyMiM4MSMkMiMkMCMkMDAkNDgxOTYxIzIxIyQxIyQ1IyQ3OSQzNjEwMDIjNjEjJDEjJDQjJDgz,아세아의원,47130,의원,"경상북도 경주시 화랑로 135, 성동시장형상가동 201호 (성동동)",2013-02-19,0,35.844777,129.2157132,False,2.75
JDQ4MTYyMiM4MSMkMiMkMCMkMDAkMzgxOTYxIzIxIyQxIyQxIyQ5MiQzNjE4MzIjNjEjJDEjJDAjJDgz,아세아정형외과의원,47130,의원,"경상북도 경주시 중앙로 57, (동부동)",1987-03-25,0,35.8449969,129.2113258,False,3.04
JDQ4MTYyMiM4MSMkMSMkMCMkNzIkMzgxMTkxIzExIyQxIyQ3IyQxMyQzNjEyMjIjODEjJDEjJDYjJDgz,아세아치과의원,47130,치과의원,"경상북도 경주시 화랑로 135, 경주지업사 201~203호 (성동동)",2013-02-19,0,35.844777,129.2157132,False,2.75
JDQ4MTYyMiM4MSMkMiMkMCMkMDAkNDgxMzUxIzMxIyQxIyQzIyQ5MiQzNjEyMjIjNDEjJDEjJDgjJDgz,아토웰의원,47130,의원,"경상북도 경주시 황성로 25, 2층 (황성동)",2007-03-08,0,35.8654756,129.214149,False,4.76
JDQ4MTYyMiM4MSMkMSMkMCMkNzIkMzgxOTYxIzMxIyQxIyQ3IyQ5OSQzNjE4MzIjNTEjJDEjJDIjJDgz,안강동산치과의원,47130,치과의원,"경상북도 경주시 안강읍 안강중앙로 216, (안강읍)",1993-05-03,0,35.9922298,129.2236432,False,18.46
JDQ4MTYyMiM4MSMkMiMkMCMkMDAkNDgxMzUxIzUxIyQxIyQxIyQ4OSQzNjE0ODEjNDEjJDEjJDgjJDgz,안강미래연합신경외과의원,47130,의원,"경상북도 경주시 안강읍 안강중앙로 216, (안강읍)",2009-05-01,0,35.9922298,129.2236432,False,18.46
JDQ4MTYyMiM4MSMkMSMkMCMkOTIkMzgxOTYxIzExIyQxIyQ3IyQxMyQ0NjEwMDIjNzEjJDEjJDgjJDgz,안강보건지소,47130,보건지소,"경상북도 경주시 안강읍 비화원로 47, (안강읍)",1967-05-16,0,35.990128,129.2270258,False,18.21
JDQ4MTYyMiM4MSMkMiMkMCMkMDAkMzgxMTkxIzMxIyQxIyQ3IyQ4MiQ0NjEwMDIjNjEjJDEjJDAjJDgz,안강산부인과의원,47130,의원,"경상북도 경주시 안강읍 비화원로 85-1, (안강읍)",1998-04-24,3,35.9907609,129.2230656,False,18.3
JDQ4MTYyMiM4MSMkMiMkMCMkMDAkNDgxOTYxIzIxIyQxIyQ5IyQ5MiQzNjEyMjIjNDEjJDEjJDgjJDgz,안강아산내과의원,47130,의원,"경상북도 경주시 안강읍 구부랑4길 4, 1,2층",2014-10-01,0,36.0021163,129.1965289,False,19.85
JDQ4MTYyMiM4MSMkMiMkMCMkMDAkNDgxMTkxIzIxIyQxIyQ5IyQ2MiQyNjEyMjIjNDEjJDEjJDgjJDgz,안강연합의원,47130,의원,"경상북도 경주시 안강읍 비화원로 102, (안강읍)",1998-02-23,0,35.9912894,129.221358,False,18.37
JDQ4MTYyMiM4MSMkMiMkMCMkMDAkNDgxMzUxIzMxIyQxIyQzIyQxMyQyNjEyMjIjNTEjJDEjJDYjJDgz,안강제일안과의원,47130,의원,"경상북도 경주시 안강읍 안강중앙로 205, 2층",2007-12-12,0,35.9928232,129.2227531,False,18.53
JDQ4MTYyMiM4MSMkMSMkMCMkOTkkNTgxOTYxIzExIyQyIyQzIyQwMCQzNjEwMDIjNjEjJDEjJDQjJDgz,안강중앙병원,47130,정신병원,"경상북도 경주시 안강읍 안강중앙로 150-3, (안강읍)",2000-04-15,193,35.9928346,129.2169,True,18.57
JDQ4MTYyMiM4MSMkMSMkMCMkNzIkMzgxMzUxIzQxIyQxIyQ3IyQ5MiQ0NjEwMDIjNjEjJDEjJDgjJDgz,안치과의원,47130,치과의원,"경상북도 경주시 원화로 280, (성동동)",1990-06-29,0,35.8456706,129.217515,False,2.72
JDQ4MTYyMiM4MSMkMSMkMCMkMTMkNDgxOTYxIzExIyQxIyQzIyQ5OSQzNjEyMjIjNjEjJDEjJDgjJDgz,약손한의원,47130,한의원,"경상북도 경주시 건천읍 내서로 1134, 2층",2000-11-24,0,35.8479555,129.104414,False,12.12
JDQ4MTYyMiM4MSMkMSMkMCMkMTMkNDgxOTYxIzMxIyQxIyQ3IyQxMyQ0NjEwMDIjNDEjJDEjJDQjJDgz,약수한의원,47130,한의원,"경상북도 경주시 산업로 3302-18, (도지동)",2018-05-09,0,35.7911965,129.2754087,False,5.28
JDQ4MTYyMiM4MSMkMSMkMCMkOTIkMzgxNzAyIzIxIyQxIyQxIyQwMyQyNjE0ODEjNTEjJDEjJDYjJDgz,양남면상계보건진료소,47130,보건진료소,"경상북도 경주시 양남면 화림길 58, (양남면)",1988-01-01,0,35.6701256,129.4232501,False,24.23
JDQ4MTYyMiM4MSMkMiMkMCMkMDAkNDgxMzUxIzMxIyQxIyQ3IyQ4MiQzNjEwMDIjNTEjJDEjJDIjJDgz,양남정형외과의원,47130,의원,"경상북도 경주시 양남면 양남로 355, (양남면)",2019-10-01,0,35.6764041,129.4615694,False,26.31
JDQ4MTYyMiM4MSMkMSMkMCMkNzIkMzgxMTkxIzIxIyQxIyQxIyQ3OSQzNjEwMDIjNDEjJDEjJDgjJDgz,양남치과의원,47130,치과의원,"경상북도 경주시 양남면 동해안로 648, 2층",2013-03-22,0,35.6998632,129.4711415,False,25.45
JDQ4MTYyMiM4MSMkMSMkMCMkNzIkMzgxOTYxIzUxIyQxIyQxIyQ4OSQyNjEwMDIjODEjJDEjJDYjJDgz,양병석치과의원,47130,치과의원,"경상북도 경주시 황성로 7, (황성동)",2005-04-15,0,35.8642514,129.2132306,False,4.68
JDQ4MTYyMiM4MSMkMSMkMCMkOTkkNTgxMzUxIzExIyQyIyQ3IyQwMCQzNjEyMjIjNjEjJDEjJDAjJDgz,에스요양병원,47130,요양병원,"경상북도 경주시 현곡면 충현로 325, (현곡면)",2008-08-01,150,35.8673948,129.1538792,True,8.7
JDQ4MTYyMiM4MSMkMiMkMCMkMDAkMzgxOTYxIzUxIyQxIyQ1IyQ4OSQzNjE0ODEjNDEjJDEjJDgjJDgz,연세가정의원,47130,의원,"경상북도 경주시 감포읍 감포로 124, (감포읍)",1993-03-30,0,35.8050961,129.5025219,False,24.13
JDQ4MTYyMiM4MSMkMiMkMCMkMDAkNDgxMTkxIzUxIyQxIyQxIyQ5MiQzNjEwMDIjNTEjJDEjJDYjJDgz,연세미(美)의원,47130,의원,"경상북도 경주시 화랑로 132, 2층 (황오동)",2021-06-21,0,35.8442643,129.2152127,False,2.73
JDQ4MTYyMiM4MSMkMiMkMCMkMDAkMzgxNzAyIzUxIyQxIyQ1IyQ2MiQyNjEyMjIjNzEjJDEjJDgjJDgz,연합열린외과의원,47130,의원,"경상북도 경주시 원화로 261, 열린의원 (황오동)",2003-05-01,19,35.8438149,129.2168517,False,2.6
JDQ4MTYyMiM4MSMkMSMkMCMkNzIkMzgxOTYxIzIxIyQyIyQ5IyQwMCQzNjE0ODEjNTEjJDEjJDIjJDgz,연합치과의원,47130,치과의원,"경상북도 경주시 안강읍 비화동길 13-1, (안강읍)",1998-08-27,0,35.9908476,129.225385,False,18.29
JDQ4MTYyMiM4MSMkMSMkMCMkMTMkNDgxOTYxIzUxIyQxIyQxIyQ2MiQyNjE4MzIjNzEjJDEjJDgjJDgz,열린한의원,47130,한의원,"경상북도 경주시 용황로 78, 2층 (용강동)",2021-06-10,0,35.8830724,129.2267393,False,6.34
JDQ4MTYyMiM4MSMkMiMkMCMkMDAkMzgxMTkxIzExIyQxIyQ3IyQ3MiQ0NjEwMDIjNjEjJDEjJDQjJDgz,영남연합의원,47130,의원,"경상북도 경주시 안강읍 비화원로 64, 2,3층",2003-02-03,0,35.9908265,129.2255266,False,18.29
JDQ4MTYyMiM4MSMkMSMkMCMkNzIkMzgxOTYxIzUxIyQxIyQxIyQ3MiQ0NjEwMDIjNTEjJDEjJDYjJDgz,예스치과의원,47130,치과의원,"경상북도 경주시 다불로 7, (용강동)",2012-05-22,0,35.8769649,129.2280297,False,5.65
JDQ4MTYyMiM4MSMkMSMkMCMkMTMkNDgxOTYxIzIxIyQxIyQ1IyQ4OSQ0NjEwMDIjNTEjJDEjJDIjJDgz,오행한의원,47130,한의원,"경상북도 경주시 금성로 325, (성건동)",2012-05-03,0,35.8466338,129.2067701,False,3.47
JDQ4MTYyMiM4MSMkMiMkMCMkMDAkNDgxOTYxIzMxIyQxIyQzIyQ2MiQyNjE0ODEjNjEjJDEjJDgjJDgz,온누리내과의원,47130,의원,"경상북도 경주시 원화로 305-2, 1-2층 (성동동)",2015-03-16,0,35.8481108,129.2170343,False,2.96
JDQ4MTYyMiM4MSMkMiMkMCMkMDAkMzgxNzAyIzIxIyQxIyQ5IyQxMyQ0NjE0ODEjNDEjJDEjJDgjJDgz,온누리연합의원,47130,의원,"경상북도 경주시 다불로 17, (용강동)",2017-05-01,0,35.8766748,129.2293404,False,5.61
JDQ4MTYyMiM4MSMkMSMkMCMkMTMkMzgxNzAyIzIxIyQxIyQ1IyQ3MiQ0NjE0ODEjNTEjJDEjJDIjJDgz,온누리한의원,47130,한의원,"경상북도 경주시 충효천길 183, (충효동)",1999-05-10,0,35.8454895,129.1797712,False,5.51
JDQ4MTYyMiM4MSMkMSMkMCMkNzIkMzgxOTYxIzMxIyQxIyQ3IyQxMyQyNjE0ODEjNjEjJDEjJDgjJDgz,외동치과의원,47130,치과의원,"경상북도 경주시 외동읍 입실로 71, (외동읍)",2002-08-06,0,35.7146345,129.3242383,False,14.76
JDQ4MTYyMiM4MSMkMiMkMCMkMDAkMzgxMTkxIzIxIyQxIyQ1IyQ2MiQyNjEyMjIjNTEjJDEjJDYjJDgz,용강의원,47130,의원,"경상북도 경주시 승삼1길 4, 2층 (용강동, 화인프라자)",1996-06-10,0,35.8768258,129.229482,False,5.62
JDQ4MTYyMiM4MSMkMSMkMCMkMTMkMzgxNzAyIzMxIyQyIyQ3IyQwMCQyNjE4MzIjNjEjJDEjJDgjJDgz,용강한의원,47130,한의원,"경상북도 경주시 다불로 13, (용강동)",1997-07-07,0,35.8767702,129.2288907,False,5.62
JDQ4MTYyMiM4MSMkMSMkMCMkMTMkNDgxOTYxIzUxIyQxIyQxIyQ5MiQzNjEwMDIjNjEjJDEjJDQjJDgz,용담한의원,47130,한의원,"경상북도 경주시 현곡면 용담로 548-18, 2층",2022-05-09,0,35.8904376,129.1747582,False,9.01
JDQ4MTYyMiM4MSMkMiMkMCMkMDAkMzgxNzAyIzMxIyQxIyQ3IyQ5MiQ0NjEwMDIjNzEjJDEjJDgjJDgz,용인내과의원,47130,의원,"경상북도 경주시 원화로 257, (황오동)",2002-12-17,0,35.8436654,129.21695,False,2.58
JDQ4MTYyMiM4MSMkMiMkMCMkMDAkMzgxNzAyIzUxIyQxIyQ1IyQ3MiQzNjEyMjIjNzEjJDEjJDgjJDgz,우리들의원,47130,의원,"경상북도 경주시 외동읍 입실로 77, 우리들의원",2004-03-29,0,35.715292,129.3239255,False,14.68
JDQ4MTYyMiM4MSMkMSMkMCMkMTMkMzgxNzAyIzQxIyQxIyQ3IyQ3OSQyNjEwMDIjNjEjJDEjJDAjJDgz,우리한의원,47130,한의원,"경상북도 경주시 산업로 3022, (구정동)",1994-01-10,0,35.7761196,129.2992634,False,7.98
JDQ4MTYyMiM4MSMkMSMkMCMkOTkkNTgxMzUxIzIxIyQxIyQ1IyQ5OSQ0NjEwMDIjNjEjJDEjJDAjJDgz,위더스요양병원,47130,요양병원,"경상북도 경주시 승삼북길 31,  (용강동)",2016-10-28,298,35.8777585,129.2320369,True,5.71
JDQ4MTYyMiM4MSMkMSMkMCMkMTMkMzgxNzAyIzQxIyQxIyQ3IyQxMyQyNjE0ODEjNDEjJDEjJDgjJDgz,유림한의원,47130,한의원,"경상북도 경주시 용담로 82, (황성동)",1994-02-18,0,35.8637175,129.2128195,False,4.64
JDQ4MTYyMiM4MSMkMSMkMCMkNzIkMzgxMTkxIzUxIyQxIyQxIyQ3MiQzNjE4MzIjNTEjJDEjJDIjJDgz,유플란트치과의원,47130,치과의원,"경상북도 경주시 화랑로 133, 2층 (성동동)",2025-12-18,0,35.8447447,129.215492,False,2.76
JDQ4MTYyMiM4MSMkMiMkMCMkMDAkNDgxMTkxIzExIyQxIyQ3IyQwMyQyNjEwMDIjNTEjJDEjJDYjJDgz,윤내과의원,47130,의원,"경상북도 경주시 원화로 389, 미림빌딩 2층 (황성동)",2019-09-19,0,35.8553009,129.2185622,False,3.57
JDQ4MTYyMiM4MSMkMSMkMCMkOTkkNTgxMzUxIzIxIyQxIyQxIyQ2MiQzNjEyMjIjODEjJDEjJDIjJDgz,의료법인 일원의료재단 늘푸른요양병원,47130,요양병원,"경상북도 경주시 유림로13번길 155,  (용강동)",2011-10-06,296,35.8783881,129.2266835,True,5.83
JDQ4MTYyMiM4MSMkMSMkMCMkOTkkMzgxMzUxIzIxIyQxIyQ5IyQwMyQyNjE0ODEjNzEjJDEjJDgjJDgz,의료법인 자강의료재단 자강병원,47130,병원,"경상북도 경주시 금성로 287-0, 이룸프라자 4~6층 (성건동)",2019-11-21,43,35.843091,129.2066503,True,3.24
JDQ4MTYyMiM4MSMkMSMkMCMkOTkkNTgxMzUxIzIxIyQxIyQxIyQ5MiQyNjEyMjIjNzEjJDEjJDgjJDgz,의료법인바로의료재단 미루요양병원,47130,요양병원,"경상북도 경주시 안강읍 화전북4길 8, (안강읍)",2013-10-26,188,35.9939355,129.2084752,True,18.78
JDQ4MTYyMiM4MSMkMSMkMCMkOTkkNTgxOTYxIzExIyQxIyQzIyQ4OSQyNjEyMjIjNjEjJDEjJDgjJDgz,의료법인성산의료재단새빛병원,47130,정신병원,"경상북도 경주시 원효로 93-1,  (노동동)",2001-04-16,283,35.8423401,129.2111142,True,2.87
JDQ4MTYyMiM4MSMkMSMkMCMkOTkkNTgxMzUxIzExIyQxIyQzIyQ4MiQyNjE0ODEjNDEjJDEjJDgjJDgz,의료법인소양의료재단 서울요양병원,47130,요양병원,"경상북도 경주시 화랑로 86,  (동부동)",2006-11-01,119,35.8444258,129.2102198,True,3.08
JDQ4MTYyMiM4MSMkMSMkMCMkOTkkNTgxMzUxIzExIyQxIyQ3IyQxMyQ0NjEwMDIjNTEjJDEjJDIjJDgz,의료법인송암의료재단 중앙요양병원,47130,요양병원,"경상북도 경주시 금성로 281,  (성건동)",2011-05-17,255,35.8427894,129.2066579,True,3.22
JDQ4MTYyMiM4MSMkMSMkMCMkOTkkNTgxMzUxIzIxIyQxIyQxIyQxMyQzNjEwMDIjNjEjJDEjJDgjJDgz,의료법인송죽의료재단 경주으뜸요양병원,47130,요양병원,"경상북도 경주시 충현로2길 10,  (충효동)",2014-10-28,147,35.8474447,129.1697202,True,6.43
JDQ4MTYyMiM4MSMkMSMkMCMkNzIkMzgxMzUxIzUxIyQxIyQxIyQ4MiQzNjEwMDIjNTEjJDEjJDIjJDgz,이갑돈치과의원,47130,치과의원,"경상북도 경주시 원화로 273, (성동동)",1991-05-20,0,35.8450409,129.2169438,False,2.69
JDQ4MTYyMiM4MSMkMiMkMCMkMDAkNDgxMTkxIzUxIyQxIyQxIyQwMyQzNjEyMjIjODEjJDEjJDYjJDgz,이광헌 정신건강의학과의원,47130,의원,"경상북도 경주시 화랑로 114, 3층 (동부동)",2025-08-26,0,35.8443131,129.2131314,False,2.87
JDQ4MTYyMiM4MSMkMSMkMCMkNzIkMzgxOTYxIzMxIyQxIyQzIyQ3MiQ0NjEwMDIjNjEjJDEjJDAjJDgz,이근희치과의원,47130,치과의원,"경상북도 경주시 화랑로 134, 2층 (황오동)",2000-05-04,0,35.8442496,129.2154487,False,2.72
JDQ4MTYyMiM4MSMkMSMkMCMkNzIkMzgxMTkxIzIxIyQxIyQ5IyQ4MiQ0NjE0ODEjNTEjJDEjJDIjJDgz,이로치과의원,47130,치과의원,"경상북도 경주시 용황로 91-16, 2층 (용강동)",2015-06-04,0,35.8829736,129.2288991,False,6.31
JDQ4MTYyMiM4MSMkMSMkMCMkNzIkMzgxOTYxIzExIyQxIyQzIyQ5MiQzNjEyMjIjNTEjJDEjJDIjJDgz,이명치과의원,47130,치과의원,"경상북도 경주시 황성로 77, 4층 (황성동)",1993-11-06,0,35.8688998,129.2181622,False,4.98
JDQ4MTYyMiM4MSMkMSMkMCMkNzIkMzgxMzUxIzUxIyQxIyQ1IyQ3OSQzNjEyMjIjNTEjJDEjJDYjJDgz,이봉훈치과의원,47130,치과의원,"경상북도 경주시 원화로 276, (성동동)",1992-04-22,0,35.8451904,129.2175207,False,2.67
JDQ4MTYyMiM4MSMkMSMkMCMkNzIkMzgxOTYxIzIxIyQxIyQ1IyQ2MiQyNjE4MzIjNjEjJDEjJDQjJDgz,이연합치과의원,47130,치과의원,"경상북도 경주시 건천읍 내서로 1110, 2층",1997-05-02,0,35.8496939,129.1029088,False,12.29
JDQ4MTYyMiM4MSMkMSMkMCMkMTMkMzgxNzAyIzExIyQxIyQ3IyQ4MiQzNjE0ODEjNjEjJDEjJDAjJDgz,이영돈한의원,47130,한의원,"경상북도 경주시 동문로 52-1, 1층 (성동동)",2019-04-15,0,35.8490916,129.2145411,False,3.18
JDQ4MTYyMiM4MSMkMiMkMCMkMDAkMzgxMTkxIzUxIyQxIyQxIyQ2MiQzNjEyMjIjODEjJDEjJDIjJDgz,이운우내과의원,47130,의원,"경상북도 경주시 황성로 9, 2층 (황성동)",1999-05-28,0,35.8643785,129.2132164,False,4.69
JDQ4MTYyMiM4MSMkMiMkMCMkMDAkNDgxMTkxIzUxIyQxIyQxIyQxMyQ0NjE0ODEjNTEjJDEjJDIjJDgz,이정민 내과의원,47130,의원,"경상북도 경주시 화랑로 106, 2층 (동부동)",2025-10-01,0,35.8443259,129.2124092,False,2.92
JDQ4MTYyMiM4MSMkMiMkMCMkMDAkNDgxOTYxIzMxIyQyIyQ3IyQwMCQzNjE0ODEjODEjJDEjJDIjJDgz,이정호내과의원,47130,의원,"경상북도 경주시 용담로 92, 2층 (황성동)",2016-01-01,0,35.8643103,129.2116518,False,4.75
JDQ4MTYyMiM4MSMkMSMkMCMkNzIkMzgxMTkxIzMxIyQxIyQzIyQ4MiQyNjE4MzIjODEjJDEjJDIjJDgz,이편한치과의원,47130,치과의원,"경상북도 경주시 황성로 17, (황성동)",2018-12-20,0,35.8649699,129.2137192,False,4.73
JDQ4MTYyMiM4MSMkMiMkMCMkMDAkMzgxOTYxIzUxIyQxIyQ1IyQ5MiQ0NjE0ODEjNzEjJDEjJDgjJDgz,이피부과의원,47130,의원,"경상북도 경주시 화랑로 93, (동부동)",1993-09-07,0,35.8448171,129.2110643,False,3.05
JDQ4MTYyMiM4MSMkMSMkMCMkMTMkMzgxNzAyIzUxIyQxIyQxIyQ5OSQzNjEwMDIjODEjJDEjJDIjJDgz,인덕한의원,47130,한의원,"경상북도 경주시 동천로 67, (동천동)",2013-01-18,0,35.8536349,129.2264346,False,3.14
JDQ4MTYyMiM4MSMkMSMkMCMkMTMkMzgxNzAyIzUxIyQxIyQxIyQ3OSQzNjEyMjIjNDEjJDEjJDgjJDgz,입실한의원,47130,한의원,"경상북도 경주시 외동읍 입실로 62, (외동읍)",1994-04-25,0,35.7139701,129.3247003,False,14.85
JDQ4MTYyMiM4MSMkMiMkMCMkMDAkMzgxNzAyIzIxIyQxIyQ5IyQxMyQzNjE0ODEjODEjJDEjJDIjJDgz,장내과의원,47130,의원,"경상북도 경주시 원화로 294, (성동동)",1994-04-29,0,35.8469205,129.2176251,False,2.82
JDQ4MTYyMiM4MSMkMSMkMCMkMTMkMzgxNzAyIzExIyQxIyQ3IyQ4MiQyNjE0ODEjNDEjJDEjJDgjJDgz,장한의원,47130,한의원,"경상북도 경주시 화랑로 104, (동부동)",1985-03-28,0,35.8443321,129.2120875,False,2.94
JDQ4MTYyMiM4MSMkMiMkMCMkMDAkMzgxMTkxIzExIyQxIyQ3IyQwMyQyNjEyMjIjNDEjJDEjJDQjJDgz,전재홍외과의원,47130,의원,"경상북도 경주시 건천읍 내서로 1117-1, (건천읍)",1995-04-29,0,35.8493032,129.1038487,False,12.2
JDQ4MTYyMiM4MSMkMSMkMCMkMTMkNDgxOTYxIzQxIyQyIyQ3IyQwMCQyNjE4MzIjNTEjJDEjJDYjJDgz,정든 경희 한의원,47130,한의원,"경상북도 경주시 양남면 하서중앙길 39-2, (양남면)",2009-07-22,0,35.6748263,129.463025,False,26.52
JDQ4MTYyMiM4MSMkMSMkMCMkNzIkMzgxOTYxIzIxIyQxIyQ1IyQ4OSQzNjE0ODEjNDEjJDEjJDgjJDgz,정상규치과의원,47130,치과의원,"경상북도 경주시 안강읍 구부랑4길 14-16, (안강읍)",1996-12-10,0,36.003275,129.19585,False,19.98
JDQ4MTYyMiM4MSMkMiMkMCMkMDAkNDgxOTYxIzMxIyQxIyQzIyQ5OSQyNjEwMDIjNDEjJDEjJDQjJDgz,정석현마취통증의학과의원,47130,의원,"경상북도 경주시 봉황로51번길 27, 2층 (성건동)",2015-02-24,0,35.844351,129.2072413,False,3.28
JDQ4MTYyMiM4MSMkMiMkMCMkMDAkNDgxMzUxIzExIyQxIyQzIyQ5MiQyNjEwMDIjODEjJDEjJDYjJDgz,정선영산부인과의원,47130,의원,"경상북도 경주시 화랑로 114-1, (동부동)",2004-10-22,0,35.8442967,129.2132844,False,2.86
JDQ4MTYyMiM4MSMkMSMkMCMkNzIkMzgxMzUxIzMxIyQyIyQ3IyQwMCQzNjEyMjIjNjEjJDEjJDgjJDgz,정치과의원,47130,치과의원,"경상북도 경주시 금성로 268-1, (노서동)",1989-05-02,0,35.8414987,129.2073375,False,3.09
JDQ4MTYyMiM4MSMkMiMkMCMkMDAkNDgxMzUxIzExIyQxIyQ3IyQ3MiQzNjE0ODEjNjEjJDEjJDQjJDgz,정흥채재활의학과의원,47130,의원,"경상북도 경주시 금성로 316, 1~4층 (서부동)",2020-02-25,0,35.8457011,129.2072201,False,3.37
JDQ4MTYyMiM4MSMkMiMkMCMkMDAkNDgxMTkxIzExIyQxIyQzIyQxMyQ0NjEwMDIjNDEjJDEjJDQjJDgz,제일 속 내과의원,47130,의원,"경상북도 경주시 금성로 286-1, 1,2,3층 (성건동)",2019-02-26,0,35.843076,129.2072769,False,3.19
JDQ4MTYyMiM4MSMkMiMkMCMkMDAkNDgxMzUxIzUxIyQxIyQ1IyQwMyQyNjE0ODEjNjEjJDEjJDQjJDgz,제일외과의원,47130,의원,"경상북도 경주시 안강읍 비화원로 72-1, (안강읍)",2021-05-18,0,35.9910894,129.2246862,False,18.33
JDQ4MTYyMiM4MSMkMiMkMCMkMDAkMzgxMTkxIzExIyQxIyQzIyQ3MiQzNjEyMjIjNjEjJDEjJDAjJDgz,제일의원,47130,의원,"경상북도 경주시 건천읍 단석로 2021, (건천읍)",1994-04-30,0,35.8497449,129.1034537,False,12.25
JDQ4MTYyMiM4MSMkMSMkMCMkMTMkMzgxNzAyIzMxIyQxIyQzIyQxMyQyNjE4MzIjNTEjJDEjJDYjJDgz,제일한의원,47130,한의원,"경상북도 경주시 원화로 324, (성동동)",1991-10-05,0,35.8494904,129.2173043,False,3.07
JDQ4MTYyMiM4MSMkMiMkMCMkMDAkNDgxMzUxIzIxIyQxIyQxIyQ5OSQ0NjE0ODEjNTEjJDEjJDIjJDgz,조수호안과의원,47130,의원,"경상북도 경주시 금성로 290, 2층 (성건동)",2005-10-24,0,35.8433599,129.2072777,False,3.21
JDQ4MTYyMiM4MSMkMSMkMCMkMTMkNDgxMzUxIzIxIyQxIyQxIyQxMyQzNjE4MzIjNTEjJDEjJDIjJDgz,조홍한의원,47130,한의원,"경상북도 경주시 화랑로 138, (황오동)",2000-09-05,0,35.844187,129.2160365,False,2.68
JDQ4MTYyMiM4MSMkMiMkMCMkMDAkNDgxMzUxIzUxIyQxIyQ1IyQ5OSQzNjE0ODEjNjEjJDEjJDAjJDgz,준이비인후과의원,47130,의원,"경상북도 경주시 안강읍 안강시장길 13, 1층",2010-04-01,0,35.9912753,129.2226839,False,18.36
JDQ4MTYyMiM4MSMkMSMkMCMkNzIkMzgxOTYxIzIxIyQxIyQ5IyQ5OSQyNjEwMDIjNDEjJDEjJDgjJDgz,중앙치과의원,47130,치과의원,"경상북도 경주시 외동읍 입실로 76, (외동읍)",1995-06-03,0,35.7151616,129.3243128,False,14.72
JDQ4MTYyMiM4MSMkMSMkMCMkMTMkNDgxOTYxIzExIyQxIyQzIyQ4MiQyNjEwMDIjNjEjJDEjJDAjJDgz,차한의원,47130,한의원,"경상북도 경주시 현곡면 안현로 38, (현곡면)",2012-06-13,0,35.8708395,129.2035597,False,5.74
JDQ4MTYyMiM4MSMkMSMkMCMkMTMkNDgxOTYxIzExIyQxIyQ3IyQ3OSQzNjE4MzIjNjEjJDEjJDgjJDgz,참맑은한의원,47130,한의원,"경상북도 경주시 충효녹지길 8, (충효동)",2009-07-28,0,35.8405006,129.1895072,False,4.49
JDQ4MTYyMiM4MSMkMSMkMCMkMTMkNDgxMzUxIzUxIyQxIyQ1IyQ4MiQzNjEyMjIjNzEjJDEjJDgjJDgz,참조은한의원,47130,한의원,"경상북도 경주시 화랑로 114, (동부동)",2008-01-18,0,35.8443131,129.2131314,False,2.87
JDQ4MTYyMiM4MSMkMiMkMCMkMDAkMzgxOTYxIzUxIyQxIyQ1IyQ5OSQzNjEyMjIjNjEjJDEjJDAjJDgz,천내과의원,47130,의원,"경상북도 경주시 화랑로 105, 2층 (동부동)",1993-05-04,0,35.8448202,129.2123617,False,2.96
JDQ4MTYyMiM4MSMkMiMkMCMkMDAkNDgxMzUxIzExIyQxIyQzIyQ4OSQ0NjEwMDIjNDEjJDEjJDgjJDgz,천북의원,47130,의원,"경상북도 경주시 천북면 동산3길 3-1, 2층",2024-02-15,0,35.8958969,129.2683745,False,8.24
JDQ4MTYyMiM4MSMkMSMkMCMkMTMkNDgxMzUxIzExIyQxIyQ3IyQ5MiQzNjEyMjIjNTEjJDEjJDYjJDgz,청림한의원,47130,한의원,"경상북도 경주시 황성로 35-3, (황성동, 광림프라자 401호)",1999-05-10,0,35.8661253,129.2144661,False,4.82
JDQ4MTYyMiM4MSMkMSMkMCMkMTMkMzgxNzAyIzMxIyQxIyQzIyQ5MiQ0NjE0ODEjNDEjJDEjJDQjJDgz,청연한의원,47130,한의원,"경상북도 경주시 건천읍 내서로 1096, 2층 201호",2025-11-14,0,35.8506658,129.1016975,False,12.42
JDQ4MTYyMiM4MSMkMiMkMCMkMDAkMzgxMTkxIzExIyQyIyQzIyQwMCQ0NjEwMDIjNjEjJDEjJDAjJDgz,최길선외과의원,47130,의원,"경상북도 경주시 양정로 313, (용강동)",2006-04-11,19,35.8607629,129.2240081,False,3.96
JDQ4MTYyMiM4MSMkMiMkMCMkMDAkMzgxOTYxIzUxIyQxIyQxIyQ4OSQ0NjE0ODEjNzEjJDEjJDgjJDgz,최성민연합소아청소년과의원,47130,의원,"경상북도 경주시 유림로 107, 근린생활시설3동 311,312,319호 (용강동, 두산위브트레지움)",2024-02-27,0,35.8693302,129.2227041,False,4.91
JDQ4MTYyMiM4MSMkMiMkMCMkMDAkMzgxMTkxIzIxIyQxIyQ1IyQxMyQzNjEwMDIjNjEjJDEjJDAjJDgz,충효의원,47130,의원,"경상북도 경주시 충효5길 9-7, (충효동)",1997-01-09,0,35.8445654,129.1787333,False,5.56
JDQ4MTYyMiM4MSMkMiMkMCMkMDAkNDgxMzUxIzUxIyQxIyQxIyQxMyQzNjE0ODEjODEjJDEjJDYjJDgz,친절산부인과의원,47130,의원,"경상북도 경주시 화랑로 115, 2층 (동부동)",2003-03-08,4,35.8447758,129.213557,False,2.88
JDQ4MTYyMiM4MSMkMSMkMCMkNzIkMzgxMTkxIzExIyQxIyQ3IyQ5OSQ0NjE0ODEjNjEjJDEjJDAjJDgz,큐앤에이 치과의원,47130,치과의원,"경상북도 경주시 유림로 36-14, 3층 (황성동)",2017-06-28,0,35.871241,129.2140383,False,5.36
JDQ4MTYyMiM4MSMkMSMkMCMkOTkkMzgxMzUxIzExIyQxIyQ3IyQwMyQ0NjEwMDIjNDEjJDEjJDgjJDgz,큰마디큰병원,47130,병원,"경상북도 경주시 원화로 312-0,  (성동동)",2009-03-20,115,35.8486498,129.2176942,True,2.97
JDQ4MTYyMiM4MSMkMSMkMCMkNzIkMzgxOTYxIzExIyQxIyQzIyQ5OSQzNjE4MzIjNjEjJDEjJDAjJDgz,푸른치과의원,47130,치과의원,"경상북도 경주시 원화로 484, (용강동, 성보빌딩)",1993-04-24,0,35.8632504,129.2220913,False,4.28
JDQ4MTYyMiM4MSMkMSMkMCMkNzIkMzgxMTkxIzQxIyQxIyQ3IyQ5MiQyNjEwMDIjNDEjJDEjJDgjJDgz,프라임치과의원,47130,치과의원,"경상북도 경주시 원화로 298-1, 501호 (성동동)",2022-02-28,0,35.8472913,129.2175774,False,2.86
JDQ4MTYyMiM4MSMkMiMkMCMkMDAkMzgxNzAyIzMxIyQxIyQ3IyQ3MiQzNjEyMjIjODEjJDEjJDIjJDgz,하나로이비인후과의원,47130,의원,"경상북도 경주시 원화로 280, (성동동)",2002-10-22,0,35.8456706,129.217515,False,2.72
JDQ4MTYyMiM4MSMkMiMkMCMkMDAkNDgxMzUxIzMxIyQxIyQzIyQ3MiQ0NjEwMDIjNDEjJDEjJDgjJDgz,하나연합의원,47130,의원,"경상북도 경주시 동천로 69, 2층 (동천동)",2007-09-10,0,35.8539952,129.2264515,False,3.18
JDQ4MTYyMiM4MSMkMiMkMCMkMDAkNDgxMzUxIzMxIyQxIyQzIyQwMyQzNjE0ODEjNTEjJDEjJDIjJDgz,하나의원,47130,의원,"경상북도 경주시 양남면 하서중앙길 44-1, (양남면)",1998-10-17,0,35.6749472,129.4634487,False,26.54
JDQ4MTYyMiM4MSMkMiMkMCMkMDAkNDgxOTYxIzExIyQxIyQ3IyQ2MiQzNjE4MzIjODEjJDEjJDIjJDgz,하나의원,47130,의원,"경상북도 경주시 화랑로 111, (동부동)",2020-09-15,0,35.844777,129.2130508,False,2.91
JDQ4MTYyMiM4MSMkMSMkMCMkMTMkNDgxMzUxIzIxIyQxIyQ1IyQ4OSQ0NjE0ODEjODEjJDEjJDYjJDgz,학성한의원,47130,한의원,"경상북도 경주시 건천읍 내서로 1124-1, (건천읍)",1994-08-09,0,35.8487196,129.1038856,False,12.18
JDQ4MTYyMiM4MSMkMSMkMCMkOTkkMzgxMzUxIzIxIyQxIyQxIyQ3MiQzNjE0ODEjNjEjJDEjJDQjJDgz,한빛아동병원,47130,병원,"경상북도 경주시 용담로 34,  (황성동)",2007-07-02,48,35.8620459,129.2175505,True,4.29
JDQ4MTYyMiM4MSMkMiMkMCMkMDAkNDgxMzUxIzExIyQxIyQ3IyQ4OSQ0NjE0ODEjODEjJDEjJDYjJDgz,한사랑이비인후과의원,47130,의원,"경상북도 경주시 유림로 36-14, (황성동)",2005-03-03,0,35.871241,129.2140383,False,5.36
JDQ4MTYyMiM4MSMkMiMkMCMkMDAkNDgxOTYxIzQxIyQxIyQ3IyQ4OSQyNjE4MzIjNDEjJDEjJDgjJDgz,한성의원,47130,의원,"경상북도 경주시 화랑로 94, 수성빌딩 1~2층 (동부동)",2016-03-21,0,35.8443845,129.2110586,False,3.02
JDQ4MTYyMiM4MSMkMiMkMCMkMDAkMzgxOTYxIzQxIyQxIyQ3IyQ4MiQyNjE0ODEjNDEjJDEjJDgjJDgz,한일의원,47130,의원,"경상북도 경주시 건천읍 내서로 1115, 2층",1992-01-18,0,35.8494157,129.1038039,False,12.21
JDQ4MTYyMiM4MSMkMiMkMCMkMDAkNDgxOTYxIzIxIyQxIyQ5IyQwMyQzNjEyMjIjODEjJDEjJDIjJDgz,한일의원,47130,의원,"경상북도 경주시 안강읍 비화원로 61, 2층",2014-10-31,0,35.9902471,129.225713,False,18.23
JDQ4MTYyMiM4MSMkMSMkMCMkOTkkMzgxMzUxIzExIyQyIyQ3IyQwMCQzNjEwMDIjNTEjJDEjJDIjJDgz,현대병원,47130,병원,"경상북도 경주시 화랑로 51,  (성건동)",2011-12-13,56,35.8451006,129.2064576,True,3.39
JDQ4MTYyMiM4MSMkMSMkMCMkMTMkNDgxMzUxIzMxIyQyIyQzIyQwMCQzNjEyMjIjNDEjJDEjJDQjJDgz,현대한의원,47130,한의원,"경상북도 경주시 황성로27번길 9, (황성동)",2003-04-16,0,35.866015,129.2135022,False,4.84
JDQ4MTYyMiM4MSMkMSMkMCMkNzIkMzgxMTkxIzIxIyQxIyQxIyQ3OSQyNjE4MzIjNjEjJDEjJDQjJDgz,현치과의원,47130,치과의원,"경상북도 경주시 중앙로48번길 3, (동부동)",2013-03-19,0,35.8443034,129.2118671,False,2.95
JDQ4MTYyMiM4MSMkMSMkMCMkMTMkMzgxNzAyIzExIyQxIyQ3IyQ3MiQzNjEyMjIjNTEjJDEjJDYjJDgz,혜강한의원,47130,한의원,"경상북도 경주시 화랑로 79, (서부동)",1986-09-11,0,35.8448237,129.2094625,False,3.16
JDQ4MTYyMiM4MSMkMSMkMCMkMTMkNDgxOTYxIzUxIyQxIyQxIyQxMyQyNjEyMjIjNjEjJDEjJDQjJDgz,혜인한의원,47130,한의원,"경상북도 경주시 탈해로52번길 17, 금영빌딩 2층 (동천동)",2020-12-31,0,35.8493669,129.2306529,False,2.59
JDQ4MTYyMiM4MSMkMSMkMCMkMTMkMzgxNzAyIzIxIyQxIyQ5IyQ3MiQyNjEwMDIjNDEjJDEjJDgjJDgz,호성한의원,47130,한의원,"경상북도 경주시 원화로 280, (성동동)",1989-10-12,0,35.8456706,129.217515,False,2.72
JDQ4MTYyMiM4MSMkMiMkMCMkMDAkNDgxMTkxIzIxIyQxIyQ5IyQ5OSQyNjEyMjIjNzEjJDEjJDgjJDgz,홍승지소아과의원,47130,의원,"경상북도 경주시 용황로 69, 3층 (용강동)",2021-12-20,0,35.883288,129.2255938,False,6.38
JDQ4MTYyMiM4MSMkMiMkMCMkMDAkNDgxMTkxIzMxIyQxIyQ3IyQ4MiQyNjEwMDIjNDEjJDEjJDgjJDgz,홍시정형외과의원,47130,의원,"경상북도 경주시 산업로 3019, 2층 (시래동)",2023-12-22,0,35.7753722,129.2989038,False,8.02
JDQ4MTYyMiM4MSMkMSMkMCMkMTMkMzgxNzAyIzUxIyQxIyQxIyQ3OSQzNjE4MzIjNDEjJDEjJDQjJDgz,화생당한의원,47130,한의원,"경상북도 경주시 금성로 313, 두산빌딩 1층 (성건동)",2012-12-07,0,35.8456017,129.2067497,False,3.4
JDQ4MTYyMiM4MSMkMiMkMCMkMDAkMzgxMTkxIzExIyQxIyQzIyQxMyQzNjEyMjIjNTEjJDEjJDYjJDgz,황내과의원,47130,의원,"경상북도 경주시 원화로 278, 2.4층 (성동동)",1994-07-01,0,35.845459,129.2175198,False,2.7
JDQ4MTYyMiM4MSMkMSMkMCMkMTMkNDgxOTYxIzMxIyQxIyQ3IyQxMyQzNjE0ODEjODEjJDEjJDYjJDgz,효산 한의원,47130,한의원,"경상북도 경주시 금성로259번길 8, (노서동)",2018-04-18,0,35.8409186,129.2062276,False,3.14
JDQ4MTYyMiM4MSMkMiMkMCMkMDAkNDgxOTYxIzMxIyQyIyQ3IyQwMCQ0NjEwMDIjODEjJDEjJDYjJDgz,힘찬마취통증의학과의원,47130,의원,"경상북도 경주시 금성로 287, 4층 (성건동, 이룸프라자)",2016-01-02,0,35.843091,129.2066503,False,3.24
JDQ4MTYyMiM4MSMkMSMkMCMkOTIkMzgxOTYxIzExIyQxIyQzIyQwMyQyNjE4MzIjNjEjJDEjJDAjJDgz,감문면보건지소,47150,보건지소,"경상북도 김천시 감문면 감문로 1055, (감문면)",1963-09-19,0,36.2142223,128.1810064,False,19.46
JDQ4MTYyMiM4MSMkMSMkMCMkOTIkMzgxOTYxIzIxIyQxIyQxIyQ4OSQzNjE0ODEjNjEjJDEjJDAjJDgz,감천면보건지소,47150,보건지소,"경상북도 김천시 감천면 금감로 1552, (감천면)",1963-09-19,0,36.0659251,128.1255005,False,4.34
JDQ4MTYyMiM4MSMkMSMkMCMkMTMkNDgxMTkxIzExIyQxIyQzIyQ4OSQ0NjEwMDIjODEjJDEjJDYjJDgz,감초당한의원,47150,한의원,"경상북도 김천시 문지왈길 27, (부곡동)",2008-08-14,0,36.1225948,128.0893382,False,6.99
JDQ4MTYyMiM4MSMkMiMkMCMkMDAkNDgxMTkxIzMxIyQxIyQzIyQ5MiQzNjE4MzIjNDEjJDEjJDgjJDgz,강외과의원,47150,의원,"경상북도 김천시 김천로 92, 1,2층 (평화동)",2023-02-23,0,36.1243175,128.1121687,False,7.75
JDQ4MTYyMiM4MSMkMiMkMCMkMDAkMzgxOTYxIzExIyQxIyQzIyQ5MiQ0NjE0ODEjNDEjJDEjJDQjJDgz,경북이비인후과의원,47150,의원,"경상북도 김천시 자산로 96, (성내동)",1984-11-02,0,36.1203225,128.1216276,False,7.74
JDQ4MTYyMiM4MSMkMSMkMCMkNzIkMzgxOTYxIzMxIyQxIyQ3IyQ3MiQyNjE0ODEjNzEjJDEjJDgjJDgz,경북치과의원,47150,치과의원,"경상북도 김천시 양금로 255-1, 2층 (황금동)",2017-03-29,0,36.1170333,128.1239479,False,7.54
JDQ4MTYyMiM4MSMkMSMkMCMkODkkMzgxMzUxIzExIyQyIyQzIyQwMCQ0NjEwMDIjNjEjJDEjJDAjJDgz,경상북도김천의료원,47150,종합병원,"경상북도 김천시 모암길 24,  (모암동)",1966-04-26,284,36.1227232,128.1264391,True,8.2
JDQ4MTYyMiM4MSMkMSMkMCMkOTkkNTgxMzUxIzExIyQxIyQzIyQ5OSQ0NjEwMDIjNjEjJDEjJDQjJDgz,경상북도립김천노인전문요양병원,47150,요양병원,"경상북도 김천시 어모면 신애길 100-10, (어모면)",2005-03-07,256,36.2111537,128.0522562,True,16.92
JDQ4MTYyMiM4MSMkMSMkMCMkMTMkNDgxOTYxIzUxIyQxIyQxIyQ3MiQyNjEyMjIjNjEjJDEjJDgjJDgz,경희기운찬한의원,47150,한의원,"경상북도 김천시 혁신로 185, 메타폴리스 204~207호 (율곡동)",2021-07-30,10,36.1175201,128.1839467,False,11.47
JDQ4MTYyMiM4MSMkMSMkMCMkMTMkNDgxOTYxIzMxIyQxIyQ3IyQ4MiQyNjEyMjIjNDEjJDEjJDgjJDgz,경희본한의원,47150,한의원,"경상북도 김천시 혁신3로 5, 율곡스퀘어Ⅲ 312~315호 (율곡동)",2017-09-11,0,36.1179512,128.1833215,False,11.45
JDQ4MTYyMiM4MSMkMSMkMCMkMTMkNDgxOTYxIzIxIyQxIyQ5IyQ3MiQzNjE4MzIjNDEjJDEjJDgjJDgz,경희한의원,47150,한의원,"경상북도 김천시 자산로 154-1, (성내동)",2014-04-21,0,36.1240645,128.1182874,False,7.96
JDQ4MTYyMiM4MSMkMSMkMCMkMTMkMzgxNzAyIzIxIyQxIyQxIyQ3OSQ0NjEwMDIjODEjJDEjJDIjJDgz,광제한의원,47150,한의원,"경상북도 김천시 충효길 40, (성내동)",1998-04-07,0,36.1223981,128.1206771,False,7.9
JDQ4MTYyMiM4MSMkMiMkMCMkMDAkMzgxNzAyIzIxIyQxIyQxIyQ3MiQyNjE4MzIjODEjJDEjJDIjJDgz,구정완내과의원,47150,의원,"경상북도 김천시 문지왈길 3, (부곡동)",2001-03-05,0,36.1237038,128.0892466,False,7.11
JDQ4MTYyMiM4MSMkMiMkMCMkMDAkNDgxMTkxIzExIyQxIyQzIyQwMyQyNjE4MzIjNTEjJDEjJDYjJDgz,권앤김연합내과의원,47150,의원,"경상북도 김천시 자산로 69, (모암동)",1995-04-25,0,36.1191551,128.1239533,False,7.74
JDQ4MTYyMiM4MSMkMiMkMCMkMDAkMzgxMTkxIzMxIyQxIyQ3IyQ5MiQyNjE0ODEjODEjJDEjJDIjJDgz,권오영내과의원,47150,의원,"경상북도 김천시 자산로 155, 1층 (평화동)",1998-10-01,0,36.1241741,128.1178082,False,7.95
JDQ4MTYyMiM4MSMkMSMkMCMkNzIkMzgxMzUxIzIxIyQxIyQ1IyQ3OSQyNjEwMDIjNjEjJDEjJDAjJDgz,김동인치과의원,47150,치과의원,"경상북도 김천시 자산로 46, (모암동)",1983-05-04,0,36.1197424,128.1267521,False,7.94
JDQ4MTYyMiM4MSMkMiMkMCMkMDAkMzgxOTYxIzMxIyQxIyQzIyQ4MiQyNjEwMDIjNzEjJDEjJDgjJDgz,김영권정형외과의원,47150,의원,"경상북도 김천시 자산로 36, 용두타워 1동 2층 201호 (용두동)",1997-07-12,0,36.1198196,128.1278878,False,8.0
JDQ4MTYyMiM4MSMkMiMkMCMkMDAkMzgxMTkxIzMxIyQxIyQzIyQxMyQ0NjE0ODEjNDEjJDEjJDgjJDgz,김우일비뇨기과의원,47150,의원,"경상북도 김천시 김천로 130-1, (평화동)",1998-04-25,0,36.1220954,128.1155286,False,7.66
JDQ4MTYyMiM4MSMkMSMkMCMkNzIkMzgxMzUxIzUxIyQyIyQxIyQwMCQ0NjE0ODEjNjEjJDEjJDQjJDgz,김윤섭치과의원,47150,치과의원,"경상북도 김천시 자산로 68, (모암동)",1991-04-19,0,36.1196257,128.1242853,False,7.8
JDQ4MTYyMiM4MSMkMiMkMCMkMDAkNDgxOTYxIzExIyQxIyQzIyQxMyQyNjE4MzIjNjEjJDEjJDQjJDgz,김천남산종합의원,47150,의원,"경상북도 김천시 김천로 192, (남산동)",1995-08-14,29,36.1191984,128.1214272,False,7.63
JDQ4MTYyMiM4MSMkMiMkMCMkMDAkNDgxMzUxIzMxIyQxIyQzIyQ5MiQ0NjEwMDIjNjEjJDEjJDgjJDgz,김천미성형외과의원,47150,의원,"경상북도 김천시 혁신1로 50, 율곡스퀘어 KTX 3층 (율곡동)",2007-11-02,0,36.1144264,128.1817021,False,11.11
JDQ4MTYyMiM4MSMkMiMkMCMkMDAkNDgxOTYxIzMxIyQxIyQ3IyQ2MiQzNjE4MzIjNDEjJDEjJDQjJDgz,김천소년교도소부속의원,47150,의원,"경상북도 김천시 영남대로 1968, (지좌동)",2005-09-22,0,36.1157312,128.1443651,False,8.59
JDQ4MTYyMiM4MSMkMSMkMCMkOTIkMzgxNzAyIzIxIyQxIyQxIyQ3MiQzNjEyMjIjNDEjJDEjJDgjJDgz,김천시감문면남곡보건진료소,47150,보건진료소,"경상북도 김천시 감문면 문화로 248-4, (감문면)",1981-12-10,0,36.210276,128.141863,False,17.63
JDQ4MTYyMiM4MSMkMSMkMCMkOTIkMzgxNzAyIzIxIyQxIyQxIyQ3MiQzNjEwMDIjNTEjJDEjJDIjJDgz,김천시감문면삼성보건진료소,47150,보건진료소,"경상북도 김천시 감문면 감문1로 218, (감문면)",1983-10-01,0,36.2296585,128.1710907,False,20.6
JDQ4MTYyMiM4MSMkMSMkMCMkOTIkMzgxNzAyIzIxIyQxIyQxIyQ3MiQyNjEwMDIjNDEjJDEjJDQjJDgz,김천시감천면도평보건진료소,47150,보건진료소,"경상북도 김천시 감천면 금감로 1354, (감천면)",1983-10-01,0,36.0495973,128.1304282,False,4.89
JDQ4MTYyMiM4MSMkMSMkMCMkOTIkMzgxOTYxIzIxIyQxIyQxIyQ4OSQyNjEyMjIjODEjJDEjJDIjJDgz,김천시개령면보건지소,47150,보건지소,"경상북도 김천시 개령면 서부3길 107, (개령면)",1963-09-19,0,36.1671842,128.1866168,False,15.39
JDQ4MTYyMiM4MSMkMSMkMCMkOTIkMzgxOTYxIzExIyQxIyQzIyQwMyQzNjE4MzIjNzEjJDEjJDgjJDgz,김천시구성면보건지소,47150,보건지소,"경상북도 김천시 구성면 남김천대로 2381-10, (구성면)",1967-08-01,0,36.0318975,128.0463856,False,4.24
JDQ4MTYyMiM4MSMkMSMkMCMkOTIkMzgxNzAyIzIxIyQxIyQxIyQ2MiQ0NjEwMDIjODEjJDEjJDIjJDgz,김천시구성면임천보건진료소,47150,보건진료소,"경상북도 김천시 구성면 마산로 512, (구성면)",1981-12-10,0,36.0200061,127.9866877,False,9.33
JDQ4MTYyMiM4MSMkMSMkMCMkOTIkMzgxOTYxIzIxIyQxIyQxIyQ4OSQyNjEwMDIjNDEjJDEjJDQjJDgz,김천시남면보건지소,47150,보건지소,"경상북도 김천시 남면 옥산길 9, (남면보건소)",1963-07-01,0,36.10709,128.1877152,False,11.17
JDQ4MTYyMiM4MSMkMSMkMCMkOTIkMzgxNzAyIzIxIyQxIyQxIyQ3MiQ0NjEwMDIjNjEjJDEjJDQjJDgz,김천시남면오봉보건진료소,47150,보건진료소,"경상북도 김천시 남면 오봉로 340, (오봉보건진료소)",1981-12-10,0,36.1089651,128.2480395,False,16.23
JDQ4MTYyMiM4MSMkMSMkMCMkOTIkMzgxNzAyIzIxIyQxIyQxIyQ4MiQyNjE0ODEjODEjJDEjJDYjJDgz,김천시농소면봉곡보건진료소,47150,보건진료소,"경상북도 김천시 농소면 벽봉로 1632, (봉곡보건진료소)",1981-12-10,0,36.0705349,128.1773445,False,9.03
JDQ4MTYyMiM4MSMkMSMkMCMkOTIkMzgxNzAyIzIxIyQxIyQxIyQ2MiQzNjEwMDIjNjEjJDEjJDQjJDgz,김천시대덕면연화보건진료소,47150,보건진료소,"경상북도 김천시 대덕면 대덕로 535-4, (대덕면)",1984-10-01,0,35.9228059,127.9440659,False,19.46
JDQ4MTYyMiM4MSMkMSMkMCMkOTIkMzgxNzAyIzIxIyQxIyQxIyQ3MiQyNjEyMjIjODEjJDEjJDIjJDgz,김천시대항면대성보건진료소,47150,보건진료소,"경상북도 김천시 대항면 황악로 605, (대항면)",1981-12-10,0,36.0679399,128.0141885,False,5.77
JDQ4MTYyMiM4MSMkMSMkMCMkOTIkMzgxMzUxIzExIyQxIyQzIyQ5OSQzNjEyMjIjNDEjJDEjJDQjJDgz,김천시보건소,47150,보건소,"경상북도 김천시 시청1길 221, (신음동)",1962-06-19,0,36.1395345,128.11286,False,9.35
JDQ4MTYyMiM4MSMkMSMkMCMkOTIkMzgxNzAyIzIxIyQxIyQxIyQ3MiQyNjE4MzIjNjEjJDEjJDgjJDgz,김천시봉산면태화보건진료소,47150,보건진료소,"경상북도 김천시 봉산면 봉산1로 30-6, (봉산면)",1986-10-01,0,36.1511867,128.0279556,False,11.04
JDQ4MTYyMiM4MSMkMSMkMCMkOTIkMzgxNzAyIzIxIyQxIyQxIyQ2MiQzNjE4MzIjNDEjJDEjJDgjJDgz,김천시부항면대야보건진료소,47150,보건진료소,"경상북도 김천시 부항면 부항로 1377, (부항면)",1983-10-01,0,36.0116749,127.9306965,False,14.29
JDQ4MTYyMiM4MSMkMSMkMCMkOTIkMzgxOTYxIzIxIyQxIyQxIyQ4OSQzNjEyMjIjNDEjJDEjJDgjJDgz,김천시부항면보건지소,47150,보건지소,"경상북도 김천시 부항면 부항로 798, (부항면보건소)",1963-05-01,0,35.9893842,127.9588754,False,13.29
JDQ4MTYyMiM4MSMkMSMkMCMkOTIkMzgxNzAyIzIxIyQxIyQxIyQ3MiQ0NjE0ODEjNzEjJDEjJDgjJDgz,김천시아포읍의동보건진료소,47150,보건진료소,"경상북도 김천시 아포읍 의1길 112-8, (아포읍)",1983-10-01,0,36.1760907,128.235815,False,19.16
JDQ4MTYyMiM4MSMkMSMkMCMkOTIkMzgxNzAyIzIxIyQxIyQxIyQ3MiQzNjE4MzIjODEjJDEjJDYjJDgz,김천시아포읍지동보건진료소,47150,보건진료소,"경상북도 김천시 아포읍 황소길 114, (아포읍)",1983-10-01,0,36.1833101,128.253319,False,20.87
JDQ4MTYyMiM4MSMkMSMkMCMkOTIkMzgxNzAyIzIxIyQxIyQxIyQ3MiQzNjE0ODEjNjEjJDEjJDAjJDgz,김천시어모면능치보건진료소,47150,보건진료소,"경상북도 김천시 어모면 작점로 845, (능치보건진료소)",1983-10-01,0,36.2332825,128.0682973,False,19.24
JDQ4MTYyMiM4MSMkMSMkMCMkOTIkMzgxOTYxIzIxIyQxIyQxIyQ4OSQzNjEwMDIjNTEjJDEjJDIjJDgz,김천시조마면보건지소,47150,보건지소,"경상북도 김천시 조마면 강곡1길 43-13, (조마면)",1963-07-01,0,36.0359267,128.0993325,False,3.35
JDQ4MTYyMiM4MSMkMSMkMCMkOTIkMzgxNzAyIzIxIyQxIyQxIyQ3MiQyNjE0ODEjNDEjJDEjJDgjJDgz,김천시조마면신왕보건진료소,47150,보건진료소,"경상북도 김천시 조마면 신왕5길 31-5, (조마면)",1985-10-01,0,36.0271356,128.1337161,False,6.25
JDQ4MTYyMiM4MSMkMSMkMCMkOTIkMzgxOTYxIzExIyQxIyQzIyQ3OSQyNjE0ODEjNDEjJDEjJDgjJDgz,김천시증산면보건지소,47150,보건지소,"경상북도 김천시 증산면 증산로 945-7, (증산면)",1963-06-27,0,35.9019768,128.0352033,False,18.03
JDQ4MTYyMiM4MSMkMSMkMCMkOTIkMzgxNzAyIzIxIyQxIyQxIyQ2MiQzNjEyMjIjNTEjJDEjJDYjJDgz,김천시증산면장전보건진료소,47150,보건진료소,"경상북도 김천시 증산면 장전1길 69, (증산면)",1981-12-10,0,35.8685191,128.0523867,False,21.46
JDQ4MTYyMiM4MSMkMSMkMCMkOTIkMzgxNzAyIzIxIyQxIyQxIyQ2MiQ0NjE0ODEjNDEjJDEjJDQjJDgz,김천시지례면울곡보건진료소,47150,보건진료소,"경상북도 김천시 지례면 조마로 325, (지례면)",1984-10-01,0,35.9484568,128.0804665,False,12.45
JDQ4MTYyMiM4MSMkMiMkMCMkMDAkNDgxOTYxIzIxIyQxIyQ1IyQwMyQ0NjE0ODEjODEjJDEjJDIjJDgz,김천신경정신건강의원,47150,의원,"경상북도 김천시 평화중앙8길 15, (평화동)",2012-05-04,0,36.1220224,128.1147211,False,7.62
JDQ4MTYyMiM4MSMkMSMkMCMkOTkkNTgxMzUxIzIxIyQxIyQxIyQ4MiQzNjEwMDIjNjEjJDEjJDAjJDgz,김천요양병원,47150,요양병원,"경상북도 김천시 모암길 3,  (용두동)",2009-02-03,194,36.1210927,128.1274447,True,8.09
JDQ4MTYyMiM4MSMkMSMkMCMkNzIkMzgxMTkxIzIxIyQxIyQ5IyQ4OSQyNjEyMjIjNzEjJDEjJDgjJDgz,김천우리들치과의원,47150,치과의원,"경상북도 김천시 혁신3로 5, (율곡동, 율곡스퀘어Ⅲ)",2016-05-30,0,36.1179512,128.1833215,False,11.45
JDQ4MTYyMiM4MSMkMiMkMCMkMDAkNDgxMTkxIzExIyQxIyQ3IyQ3MiQzNjE4MzIjNDEjJDEjJDgjJDgz,김천제일재활의학과의원,47150,의원,"경상북도 김천시 김천로 72, (평화동)",2019-06-13,0,36.1255082,128.1105238,False,7.82
JDQ4MTYyMiM4MSMkMiMkMCMkMDAkNDgxOTYxIzIxIyQxIyQ5IyQ5MiQzNjEwMDIjNTEjJDEjJDIjJDgz,김천참좋은마취통증의학과의원,47150,의원,"경상북도 김천시 신음새동네길 1, 2,3층 (신음동)",2022-03-16,0,36.1347013,128.1178817,False,9.02
JDQ4MTYyMiM4MSMkMSMkMCMkNzIkMzgxMTkxIzQxIyQxIyQ3IyQxMyQzNjE0ODEjNDEjJDEjJDgjJDgz,김천퍼스트치과의원,47150,치과의원,"경상북도 김천시 부곡길 201, 3층 301호 (부곡동)",2024-06-04,0,36.1258358,128.099312,False,7.53
JDQ4MTYyMiM4MSMkMiMkMCMkMDAkMzgxNzAyIzMxIyQxIyQ3IyQwMyQzNjEyMjIjNDEjJDEjJDQjJDgz,김천하나산부인과의원,47150,의원,"경상북도 김천시 김천로 90, (평화동)",2003-01-02,0,36.124423,128.1120432,False,7.76
JDQ4MTYyMiM4MSMkMiMkMCMkMDAkMzgxMzUxIzQxIyQxIyQ3IyQxMyQyNjE0ODEjODEjJDEjJDIjJDgz,김태홍산부인과의원,47150,의원,"경상북도 김천시 중앙시장3길 27, (모암동)",1980-10-29,0,36.1186652,128.1261267,False,7.8
JDQ4MTYyMiM4MSMkMSMkMCMkNzIkMzgxOTYxIzUxIyQxIyQ1IyQwMyQzNjEwMDIjODEjJDEjJDYjJDgz,김현숙더좋은치과의원,47150,치과의원,"경상북도 김천시 자산로 139, (평화동)",2007-12-03,0,36.1226562,128.1177539,False,7.8
JDQ4MTYyMiM4MSMkMSMkMCMkOTIkMzgxOTYxIzIxIyQyIyQxIyQwMCQyNjEwMDIjNjEjJDEjJDAjJDgz,농소면보건지소,47150,보건지소,"경상북도 김천시 농소면 농남로 42, (농소면)",1963-07-01,0,36.1060922,128.1723227,False,9.91
JDQ4MTYyMiM4MSMkMiMkMCMkMDAkNDgxOTYxIzMxIyQxIyQzIyQ2MiQzNjE0ODEjODEjJDEjJDYjJDgz,늘편한의원,47150,의원,"경상북도 김천시 자산로 136, (성내동)",2015-03-31,0,36.1225137,128.1181717,False,7.81
JDQ4MTYyMiM4MSMkMiMkMCMkMDAkNDgxMTkxIzMxIyQxIyQzIyQ4MiQzNjEwMDIjNzEjJDEjJDgjJDgz,늘푸른연합의원,47150,의원,"경상북도 김천시 혁신4로 59, 3,4층 (율곡동)",2016-03-23,4,36.1214666,128.1880263,False,12.02
JDQ4MTYyMiM4MSMkMiMkMCMkMDAkNDgxMTkxIzExIyQxIyQ3IyQ4MiQyNjE0ODEjNDEjJDEjJDgjJDgz,늘푸른의원,47150,의원,"경상북도 김천시 혁신4로 69, 2,3층 (율곡동)",2019-06-20,0,36.1214647,128.1891259,False,12.1
JDQ4MTYyMiM4MSMkMSMkMCMkOTIkMzgxOTYxIzExIyQxIyQzIyQwMyQzNjEyMjIjODEjJDEjJDYjJDgz,대덕면보건지소,47150,보건지소,"경상북도 김천시 대덕면 남김천대로 721, (대덕면)",1964-05-15,0,35.9178844,127.968776,False,18.63
JDQ4MTYyMiM4MSMkMiMkMCMkMDAkNDgxOTYxIzQxIyQxIyQ3IyQ4MiQzNjEyMjIjNTEjJDEjJDIjJDgz,대한연합정형외과의원,47150,의원,"경상북도 김천시 자산로 152-8, 2층 (성내동)",2016-07-19,0,36.1230384,128.1184592,False,7.87
JDQ4MTYyMiM4MSMkMSMkMCMkOTIkMzgxOTYxIzExIyQxIyQzIyQwMyQ0NjEwMDIjNTEjJDEjJDYjJDgz,대항면보건지소,47150,보건지소,"경상북도 김천시 대항면 황악로 1565-8, (대항면)",1963-09-19,0,36.1248708,128.0222079,False,8.73
JDQ4MTYyMiM4MSMkMSMkMCMkMTMkMzgxNzAyIzIxIyQxIyQ5IyQ3OSQyNjE0ODEjNzEjJDEjJDgjJDgz,동방한의원,47150,한의원,"경상북도 김천시 자산로 68, (모암동)",1989-09-20,0,36.1196257,128.1242853,False,7.8
JDQ4MTYyMiM4MSMkMiMkMCMkMDAkMzgxMTkxIzMxIyQxIyQ3IyQ5OSQyNjEwMDIjNDEjJDEjJDQjJDgz,동산연합의원,47150,의원,"경상북도 김천시 자산로 44-1, (모암동)",1998-06-02,0,36.1197485,128.1269516,False,7.95
JDQ4MTYyMiM4MSMkMiMkMCMkMDAkNDgxOTYxIzMxIyQxIyQzIyQ4MiQyNjEwMDIjODEjJDEjJDYjJDgz,드림비뇨기과의원,47150,의원,"경상북도 김천시 시청로 79, (신음동, 케이투빌딩 3층)",2015-05-07,0,36.1354179,128.1170595,False,9.06
JDQ4MTYyMiM4MSMkMSMkMCMkNzIkMzgxMTkxIzMxIyQxIyQ3IyQxMyQyNjE0ODEjNDEjJDEjJDgjJDgz,라온치과의원,47150,치과의원,"경상북도 김천시 시청로 41, (신음동)",2019-08-01,0,36.132068,128.1176262,False,8.74
JDQ4MTYyMiM4MSMkMSMkMCMkNzIkMzgxOTYxIzIxIyQxIyQxIyQ3MiQzNjE0ODEjNjEjJDEjJDAjJDgz,문치과의원,47150,치과의원,"경상북도 김천시 김천로 82, (평화동)",1996-01-11,0,36.1249638,128.1114396,False,7.79
JDQ4MTYyMiM4MSMkMiMkMCMkMDAkNDgxOTYxIzUxIyQxIyQ1IyQ5MiQ0NjE0ODEjODEjJDEjJDYjJDgz,미소맘산부인과의원,47150,의원,"경상북도 김천시 혁신3로 5, 율곡스퀘어Ⅲ 3층 303,304호 (율곡동)",2018-02-20,0,36.1179512,128.1833215,False,11.45
JDQ4MTYyMiM4MSMkMiMkMCMkMDAkMzgxNzAyIzUxIyQxIyQ1IyQ4MiQzNjE0ODEjODEjJDEjJDIjJDgz,민들레소아청소년과의원,47150,의원,"경상북도 김천시 혁신3로 5, 율곡스퀘어Ⅲ 3층 (율곡동)",2016-06-28,0,36.1179512,128.1833215,False,11.45
JDQ4MTYyMiM4MSMkMiMkMCMkMDAkMzgxOTYxIzUxIyQxIyQ1IyQ2MiQzNjE0ODEjNTEjJDEjJDIjJDgz,민안과의원,47150,의원,"경상북도 김천시 자산로 67, (모암동)",1993-06-02,0,36.1190022,128.12431,False,7.75
JDQ4MTYyMiM4MSMkMiMkMCMkMDAkMzgxOTYxIzIxIyQxIyQ5IyQ3MiQzNjEyMjIjNjEjJDEjJDAjJDgz,박경욱내과의원,47150,의원,"경상북도 김천시 김천로 62, (평화동)",1989-03-23,0,36.1260672,128.1098572,False,7.85
JDQ4MTYyMiM4MSMkMSMkMCMkNzIkMzgxOTYxIzExIyQxIyQ3IyQ3OSQyNjE4MzIjNTEjJDEjJDYjJDgz,박희대치과의원,47150,치과의원,"경상북도 김천시 김천로 74, 1층 3호 (평화동, CGV김천)",1999-04-17,0,36.125539,128.1106618,False,7.82
JDQ4MTYyMiM4MSMkMSMkMCMkNzIkMzgxOTYxIzMxIyQxIyQ3IyQ2MiQ0NjE0ODEjNjEjJDEjJDQjJDgz,부부치과의원,47150,치과의원,"경상북도 김천시 자산로 70, (모암동)",2001-11-29,0,36.1196041,128.1240537,False,7.79
JDQ4MTYyMiM4MSMkMSMkMCMkMTMkMzgxNzAyIzQxIyQyIyQ3IyQwMCQyNjEwMDIjNjEjJDEjJDgjJDgz,삼대한의원,47150,한의원,"경상북도 김천시 송설로 126-1, (부곡동)",1993-03-25,0,36.1236263,128.09846,False,7.27
JDQ4MTYyMiM4MSMkMiMkMCMkMDAkNDgxMTkxIzMxIyQxIyQzIyQ4OSQyNjEyMjIjNjEjJDEjJDgjJDgz,새몸마취통증의학과의원,47150,의원,"경상북도 김천시 김천로 227, 2, 3층 (황금동)",2022-08-24,0,36.1177653,128.1247916,False,7.65
JDQ4MTYyMiM4MSMkMiMkMCMkMDAkNDgxOTYxIzUxIyQxIyQxIyQ5MiQ0NjEwMDIjNDEjJDEjJDgjJDgz,서규영피부과의원,47150,의원,"경상북도 김천시 자산로 187, 2,3층 (평화동)",2017-04-19,0,36.126979,128.1177978,False,8.23
JDQ4MTYyMiM4MSMkMSMkMCMkMTMkNDgxMzUxIzExIyQxIyQzIyQwMyQyNjEyMjIjNDEjJDEjJDgjJDgz,서성훈한의원,47150,한의원,"경상북도 김천시 신양1길 8, (신음동)",2009-08-17,0,36.1353213,128.1167949,False,9.04
JDQ4MTYyMiM4MSMkMSMkMCMkNzIkMzgxMTkxIzIxIyQxIyQ5IyQ4OSQyNjE4MzIjNjEjJDEjJDQjJDgz,서울미소치과의원,47150,치과의원,"경상북도 김천시 혁신4로 59, (율곡동)",2016-05-30,0,36.1214666,128.1880263,False,12.02
JDQ4MTYyMiM4MSMkMSMkMCMkNzIkMzgxMTkxIzMxIyQxIyQzIyQwMyQzNjEyMjIjNzEjJDEjJDgjJDgz,서울부부치과의원,47150,치과의원,"경상북도 김천시 시청로 65, 301호 (신음동)",2019-07-03,0,36.1341094,128.1172968,False,8.93
JDQ4MTYyMiM4MSMkMiMkMCMkMDAkNDgxOTYxIzUxIyQxIyQ1IyQxMyQzNjE0ODEjNDEjJDEjJDgjJDgz,서울에이스재활의학과의원,47150,의원,"경상북도 김천시 김천로 66, (평화동)",2014-06-17,0,36.1258319,128.1101584,False,7.84
JDQ4MTYyMiM4MSMkMSMkMCMkNzIkMzgxMTkxIzMxIyQxIyQzIyQxMyQ0NjE0ODEjNDEjJDEjJDgjJDgz,서울치과의원,47150,치과의원,"경상북도 김천시 신음1길 12, (신음동, 김천제일병원 지하1층)",2013-03-28,0,36.1354003,128.1187923,False,9.12
JDQ4MTYyMiM4MSMkMiMkMCMkMDAkMzgxMTkxIzIxIyQxIyQxIyQxMyQ0NjEwMDIjNDEjJDEjJDgjJDgz,석제홍마취통증의학과의원,47150,의원,"경상북도 김천시 자산로 96, (성내동)",2000-01-08,0,36.1203225,128.1216276,False,7.74
JDQ4MTYyMiM4MSMkMSMkMCMkMTMkNDgxMzUxIzUxIyQxIyQxIyQ2MiQzNjEyMjIjNjEjJDEjJDgjJDgz,세광한의원,47150,한의원,"경상북도 김천시 삼락택지길 132, 2층 202,203호 (교동, 코아루1차아파트)",2006-08-14,0,36.1432956,128.0996369,False,9.43
JDQ4MTYyMiM4MSMkMSMkMCMkNzIkMzgxOTYxIzIxIyQxIyQ5IyQ5MiQzNjE0ODEjNDEjJDEjJDgjJDgz,세이치과의원,47150,치과의원,"경상북도 김천시 김천로 158, (남산동)",1999-04-30,0,36.1208485,128.1182759,False,7.65
JDQ4MTYyMiM4MSMkMSMkMCMkNzIkMzgxMTkxIzMxIyQxIyQzIyQ5MiQyNjE0ODEjNDEjJDEjJDgjJDgz,세종치과의원,47150,치과의원,"경상북도 김천시 자산로 154-2, (성내동)",2019-02-19,0,36.1239767,128.1182488,False,7.95
JDQ4MTYyMiM4MSMkMiMkMCMkMDAkMzgxMTkxIzUxIyQxIyQxIyQ5OSQ0NjEwMDIjODEjJDEjJDIjJDgz,손가정의학과의원,47150,의원,"경상북도 김천시 자산로 57, 3층 (모암동)",1999-05-17,0,36.1193237,128.1253875,False,7.83
JDQ4MTYyMiM4MSMkMiMkMCMkMDAkMzgxNzAyIzQxIyQyIyQ3IyQwMCQzNjEwMDIjNDEjJDEjJDgjJDgz,송영호소아과의원,47150,의원,"경상북도 김천시 시청로 42, 208호 (신음동, 현대아파트상가)",2003-02-25,0,36.1320254,128.1191931,False,8.79
JDQ4MTYyMiM4MSMkMSMkMCMkNzIkMzgxOTYxIzMxIyQxIyQzIyQ3MiQzNjEwMDIjNDEjJDEjJDgjJDgz,스마일치과의원,47150,치과의원,"경상북도 김천시 문지왈길 3, (부곡동)",2005-02-23,0,36.1237038,128.0892466,False,7.11
JDQ4MTYyMiM4MSMkMiMkMCMkMDAkMzgxMTkxIzUxIyQxIyQxIyQ5OSQyNjEyMjIjNDEjJDEjJDgjJDgz,신가정의학과의원,47150,의원,"경상북도 김천시 부곡길 201, 3층 302호 (부곡동)",1999-05-20,0,36.1248212,128.0995113,False,7.43
JDQ4MTYyMiM4MSMkMSMkMCMkOTkkMzgxMzUxIzExIyQxIyQzIyQxMyQzNjEyMjIjODEjJDEjJDIjJDgz,신애정신병원,47150,정신병원,"경상북도 김천시 어모면 신애길 89, (어모면)",1998-03-12,358,36.211218,128.053812,True,16.91
JDQ4MTYyMiM4MSMkMiMkMCMkMDAkMzgxNzAyIzMxIyQyIyQzIyQwMCQzNjEyMjIjNzEjJDEjJDgjJDgz,신창진내과의원,47150,의원,"경상북도 김천시 김천로 86, (평화동, 평화프라자)",2002-04-03,0,36.1246409,128.1116955,False,7.77
JDQ4MTYyMiM4MSMkMSMkMCMkOTIkMzgxOTYxIzExIyQxIyQzIyQwMyQzNjEwMDIjNDEjJDEjJDgjJDgz,아포읍보건지소,47150,보건지소,"경상북도 김천시 아포읍 한지2길 24, (아포읍)",1962-12-02,0,36.1588038,128.2604242,False,19.73
JDQ4MTYyMiM4MSMkMiMkMCMkMDAkMzgxNzAyIzExIyQxIyQ3IyQ5OSQzNjEwMDIjNjEjJDEjJDgjJDgz,아포종합의원,47150,의원,"경상북도 김천시 아포읍 한지2길 18, (아포읍)",2000-10-16,0,36.1589758,128.2600459,False,19.71
JDQ4MTYyMiM4MSMkMSMkMCMkNzIkMzgxMTkxIzUxIyQyIyQxIyQwMCQzNjEwMDIjNDEjJDEjJDgjJDgz,안아포치과의원,47150,치과의원,"경상북도 김천시 아포읍 한지2길 40, (아포읍)",2025-04-07,0,36.1587067,128.2613481,False,19.79
JDQ4MTYyMiM4MSMkMSMkMCMkNzIkMzgxOTYxIzExIyQxIyQ3IyQ3OSQzNjEyMjIjODEjJDEjJDIjJDgz,안치과의원,47150,치과의원,"경상북도 김천시 김천로 88, (평화동)",1994-05-04,0,36.124521,128.1119998,False,7.77
JDQ4MTYyMiM4MSMkMiMkMCMkMDAkMzgxOTYxIzIxIyQxIyQ1IyQ3MiQyNjE4MzIjNTEjJDEjJDYjJDgz,안태욱안과의원,47150,의원,"경상북도 김천시 자산로 55, (모암동)",1988-03-08,0,36.1193902,128.1257018,False,7.85
JDQ4MTYyMiM4MSMkMSMkMCMkOTIkMzgxOTYxIzExIyQxIyQzIyQwMyQ0NjE0ODEjNjEjJDEjJDQjJDgz,어모면보건지소,47150,보건지소,"경상북도 김천시 어모면 어모문화3길 9-33, (어모면)",1963-05-01,0,36.1800107,128.1173017,False,13.77
JDQ4MTYyMiM4MSMkMSMkMCMkNzIkMzgxMTkxIzIxIyQxIyQ1IyQwMyQyNjEyMjIjNDEjJDEjJDgjJDgz,에이스치과의원,47150,치과의원,"경상북도 김천시 혁신3로 19, (율곡동, 드림스퀘어 3층)",2015-12-09,0,36.1167542,128.1826109,False,11.32
JDQ4MTYyMiM4MSMkMSMkMCMkMTMkNDgxOTYxIzIxIyQxIyQ1IyQ5MiQyNjEyMjIjODEjJDEjJDYjJDgz,연합한의원,47150,한의원,"경상북도 김천시 자산로 154-2, (성내동)",2012-12-27,0,36.1239767,128.1182488,False,7.95
JDQ4MTYyMiM4MSMkMiMkMCMkMDAkNDgxMTkxIzExIyQxIyQzIyQwMyQzNjE0ODEjNDEjJDEjJDgjJDgz,열린이비인후과의원,47150,의원,"경상북도 김천시 김천로 139, (평화동)",1992-05-02,0,36.1219753,128.1165607,False,7.69
JDQ4MTYyMiM4MSMkMSMkMCMkNzIkMzgxOTYxIzMxIyQxIyQ3IyQ4OSQyNjE4MzIjNTEjJDEjJDIjJDgz,열린치과의원,47150,치과의원,"경상북도 김천시 김천로 131, (평화동)",2001-04-23,0,36.1222975,128.1159441,False,7.69
JDQ4MTYyMiM4MSMkMSMkMCMkMTMkMzgxNzAyIzMxIyQxIyQzIyQ4OSQyNjEwMDIjODEjJDEjJDYjJDgz,영명당한의원,47150,한의원,"경상북도 김천시 평화11길 29, (평화동)",2004-09-03,0,36.1257373,128.1103311,False,7.83
JDQ4MTYyMiM4MSMkMiMkMCMkMDAkNDgxOTYxIzUxIyQxIyQxIyQ3OSQ0NjEwMDIjNDEjJDEjJDQjJDgz,월명성모의원,47150,의원,"경상북도 김천시 남면 주천로 1448-16, (남면)",2016-11-29,0,36.051725,128.27215,False,17.51
JDQ4MTYyMiM4MSMkMSMkMCMkNzIkMzgxMTkxIzQxIyQxIyQ3IyQ2MiQyNjE0ODEjNDEjJDEjJDgjJDgz,웨스트우드치과의원,47150,치과의원,"경상북도 김천시 시청로 83, (신음동)",2008-10-15,0,36.1357029,128.1170514,False,9.09
JDQ4MTYyMiM4MSMkMSMkMCMkNzIkMzgxMTkxIzIxIyQxIyQ1IyQwMyQyNjE0ODEjNjEjJDEjJDQjJDgz,율곡M치과의원,47150,치과의원,"경상북도 김천시 혁신로 238, NH빌딩 4층 (율곡동)",2015-11-02,0,36.121415,128.181503,False,11.53
JDQ4MTYyMiM4MSMkMiMkMCMkMDAkNDgxOTYxIzQxIyQxIyQ3IyQwMyQzNjEyMjIjNzEjJDEjJDgjJDgz,율곡내과의원,47150,의원,"경상북도 김천시 혁신4로 9, (율곡동)",2016-09-09,0,36.121415,128.182541,False,11.61
JDQ4MTYyMiM4MSMkMSMkMCMkMTMkNDgxOTYxIzQxIyQxIyQ3IyQ3OSQzNjEyMjIjNjEjJDEjJDgjJDgz,율곡한의원,47150,한의원,"경상북도 김천시 혁신4로 59, 퀸즈파크 2층 201,202호 (율곡동)",2018-06-20,0,36.1214666,128.1880263,False,12.02
JDQ4MTYyMiM4MSMkMSMkMCMkODkkMzgxMzUxIzExIyQxIyQzIyQ2MiQyNjEwMDIjNjEjJDEjJDgjJDgz,의료법인덕산의료재단김천제일병원,47150,종합병원,"경상북도 김천시 신음1길 12,  (신음동)",1998-05-29,297,36.1354003,128.1187923,True,9.12
JDQ4MTYyMiM4MSMkMSMkMCMkOTkkNTgxMzUxIzIxIyQxIyQ1IyQ4OSQzNjE0ODEjNjEjJDEjJDgjJDgz,의료법인영은의료재단 김천감문휴요양병원,47150,요양병원,"경상북도 김천시 감문면 문화로 252, (감문면)",2009-01-19,290,36.2115049,128.141635,True,17.76
JDQ4MTYyMiM4MSMkMSMkMCMkOTkkNTgxOTYxIzExIyQxIyQzIyQ5OSQ0NjE0ODEjNTEjJDEjJDIjJDgz,의료법인영은의료재단김천신경정신병원,47150,정신병원,"경상북도 김천시 아홉사리길 140-49,  (응명동)",1993-10-11,299,36.148379,128.1147395,True,10.33
JDQ4MTYyMiM4MSMkMSMkMCMkMTMkNDgxMzUxIzExIyQxIyQzIyQ4MiQyNjEwMDIjODEjJDEjJDYjJDgz,이동원한의원,47150,한의원,"경상북도 김천시 자산로 139, (평화동)",1997-09-25,0,36.1226562,128.1177539,False,7.8
JDQ4MTYyMiM4MSMkMiMkMCMkMDAkNDgxOTYxIzUxIyQxIyQxIyQ5OSQzNjEyMjIjNDEjJDEjJDQjJDgz,이룸이비인후과의원,47150,의원,"경상북도 김천시 혁신4로 59, 퀸즈파크 2층 203,204호 (율곡동)",2017-01-16,0,36.1214666,128.1880263,False,12.02
JDQ4MTYyMiM4MSMkMSMkMCMkNzIkMzgxOTYxIzIxIyQxIyQ5IyQ4MiQyNjEyMjIjODEjJDEjJDIjJDgz,이사랑미소치과의원,47150,치과의원,"경상북도 김천시 신음새동네길 1, 4층 (신음동)",1999-04-23,0,36.1347013,128.1178817,False,9.02
JDQ4MTYyMiM4MSMkMiMkMCMkMDAkMzgxOTYxIzIxIyQxIyQ5IyQ3MiQyNjE0ODEjNjEjJDEjJDQjJDgz,이상권소아청소년과의원,47150,의원,"경상북도 김천시 부곡중앙4길 33, (부곡동)",1989-02-25,0,36.1254055,128.1011139,False,7.53
JDQ4MTYyMiM4MSMkMiMkMCMkMDAkMzgxNzAyIzExIyQxIyQzIyQ3OSQzNjEwMDIjNjEjJDEjJDQjJDgz,이상식산부인과의원,47150,의원,"경상북도 김천시 성모길 13, 2층 (성내동)",2000-03-09,0,36.1219097,128.1199999,False,7.82
JDQ4MTYyMiM4MSMkMSMkMCMkNzIkMzgxOTYxIzExIyQxIyQ3IyQwMyQ0NjEwMDIjNDEjJDEjJDgjJDgz,이상훈치과의원,47150,치과의원,"경상북도 김천시 양금로 264, (황금동)",1995-04-28,0,36.1175654,128.1244264,False,7.62
JDQ4MTYyMiM4MSMkMSMkMCMkNzIkMzgxOTYxIzUxIyQxIyQxIyQ3OSQ0NjEwMDIjNzEjJDEjJDgjJDgz,이편한연합치과의원,47150,치과의원,"경상북도 김천시 부곡중앙1길 51, 204호 (부곡동)",2005-04-15,0,36.126129,128.1006671,False,7.59
JDQ4MTYyMiM4MSMkMSMkMCMkMTMkNDgxMzUxIzExIyQxIyQzIyQ4OSQyNjE0ODEjNjEjJDEjJDAjJDgz,일송한의원,47150,한의원,"경상북도 김천시 송설로 50, (부곡동)",2006-11-23,0,36.1237691,128.089981,False,7.13
JDQ4MTYyMiM4MSMkMSMkMCMkMTMkNDgxOTYxIzExIyQxIyQ3IyQwMyQ0NjEwMDIjNDEjJDEjJDgjJDgz,일심당한의원,47150,한의원,"경상북도 김천시 자산로 97, (성내동)",2003-08-22,0,36.1202144,128.121099,False,7.71
JDQ4MTYyMiM4MSMkMSMkMCMkMTMkMzgxNzAyIzIxIyQxIyQ1IyQ3OSQzNjEyMjIjNDEjJDEjJDQjJDgz,일청한의원,47150,한의원,"경상북도 김천시 평화7길 33, (평화동)",1989-01-17,0,36.1262309,128.1092531,False,7.85
JDQ4MTYyMiM4MSMkMSMkMCMkMTMkNDgxOTYxIzUxIyQxIyQ1IyQ4MiQzNjEyMjIjNTEjJDEjJDIjJDgz,일품한의원,47150,한의원,"경상북도 김천시 부곡길 201, 4층 402호 (부곡동)",2024-06-24,0,36.1258358,128.099312,False,7.53
JDQ4MTYyMiM4MSMkMiMkMCMkMDAkNDgxMzUxIzIxIyQxIyQxIyQwMyQ0NjE0ODEjNjEjJDEjJDgjJDgz,장비뇨기과의원,47150,의원,"경상북도 김천시 자산로 62, (모암동)",2006-02-24,0,36.1195998,128.1250207,False,7.84
JDQ4MTYyMiM4MSMkMSMkMCMkMTMkMzgxNzAyIzIxIyQxIyQ5IyQ5OSQyNjEyMjIjODEjJDEjJDIjJDgz,장수왕한의원,47150,한의원,"경상북도 김천시 평화9길 28, (평화동)",1990-01-19,0,36.125645,128.1100608,False,7.82
JDQ4MTYyMiM4MSMkMiMkMCMkMDAkMzgxNzAyIzUxIyQxIyQ1IyQ4OSQyNjEwMDIjNzEjJDEjJDgjJDgz,재단법인금오재단성림의원,47150,의원,"경상북도 김천시 줄버드나무길 41, (황금동)",2004-02-16,0,36.1175821,128.1237875,False,7.59
JDQ4MTYyMiM4MSMkMSMkMCMkNzIkMzgxMzUxIzMxIyQxIyQ3IyQ5OSQyNjEyMjIjNjEjJDEjJDgjJDgz,전형진치과의원,47150,치과의원,"경상북도 김천시 자산로 49, (모암동)",1989-04-11,0,36.1193632,128.1262818,False,7.88
JDQ4MTYyMiM4MSMkMiMkMCMkMDAkMzgxMTkxIzUxIyQxIyQxIyQ3OSQzNjEyMjIjODEjJDEjJDYjJDgz,정세주내과의원,47150,의원,"경상북도 김천시 자산로 70, (모암동)",1999-05-03,0,36.1196041,128.1240537,False,7.79
JDQ4MTYyMiM4MSMkMSMkMCMkNzIkMzgxMzUxIzExIyQxIyQ3IyQ5OSQzNjE4MzIjNjEjJDEjJDQjJDgz,정치과의원,47150,치과의원,"경상북도 김천시 김천로 112, (평화동)",1971-12-10,0,36.1231763,128.1139199,False,7.7
JDQ4MTYyMiM4MSMkMiMkMCMkMDAkNDgxMzUxIzMxIyQxIyQzIyQ4OSQzNjE4MzIjNjEjJDEjJDgjJDgz,제일내과의원,47150,의원,"경상북도 김천시 자산로 152-8, (성내동)",2007-05-04,0,36.1230384,128.1184592,False,7.87
JDQ4MTYyMiM4MSMkMiMkMCMkMDAkNDgxMzUxIzIxIyQxIyQ5IyQ3MiQyNjE0ODEjNDEjJDEjJDgjJDgz,제종석신경과의원,47150,의원,"경상북도 김천시 중앙시장3길 4, (모암동)",2007-01-30,0,36.1188244,128.1248396,False,7.76
JDQ4MTYyMiM4MSMkMSMkMCMkOTIkMzgxOTYxIzIxIyQyIyQxIyQwMCQzNjE4MzIjNTEjJDEjJDYjJDgz,중앙보건지소,47150,보건지소,"경상북도 김천시 중앙공원길 21, (남산동)",2009-11-11,0,36.1192331,128.1190699,False,7.52
JDQ4MTYyMiM4MSMkMSMkMCMkNzIkMzgxMzUxIzUxIyQxIyQxIyQ5OSQ0NjEwMDIjNjEjJDEjJDgjJDgz,중앙치과의원,47150,치과의원,"경상북도 김천시 김천로 108, (평화동)",1991-04-25,0,36.1234163,128.113593,False,7.71
JDQ4MTYyMiM4MSMkMSMkMCMkMTMkNDgxMzUxIzMxIyQyIyQzIyQwMCQzNjE4MzIjODEjJDEjJDIjJDgz,중앙한의원,47150,한의원,"경상북도 김천시 충효길 116, (성내동)",2003-04-28,0,36.1245737,128.1183875,False,8.02
JDQ4MTYyMiM4MSMkMSMkMCMkOTIkMzgxOTYxIzIxIyQxIyQxIyQ5OSQzNjEyMjIjODEjJDEjJDIjJDgz,지례면보건지소,47150,보건지소,"경상북도 김천시 지례면 상부길 101, (지례면)",1964-05-15,0,35.984793,128.02665,False,9.58
JDQ4MTYyMiM4MSMkMiMkMCMkMDAkNDgxOTYxIzUxIyQxIyQxIyQxMyQyNjEwMDIjNDEjJDEjJDQjJDgz,지례성모의원,47150,의원,"경상북도 김천시 지례면 향교길 26, (지례면)",2017-05-23,0,35.9877128,128.0295878,False,9.17
JDQ4MTYyMiM4MSMkMSMkMCMkNzIkMzgxOTYxIzUxIyQxIyQ1IyQ4MiQzNjEyMjIjNTEjJDEjJDIjJDgz,참덴치과의원,47150,치과의원,"경상북도 김천시 시청로 74, 2층 (신음동, 그린뱅크빌딩)",2010-07-21,0,36.1350712,128.1176873,False,9.05
JDQ4MTYyMiM4MSMkMiMkMCMkMDAkNDgxOTYxIzExIyQxIyQ3IyQ4MiQzNjEwMDIjNjEjJDEjJDgjJDgz,참이비인후과의원,47150,의원,"경상북도 김천시 신음새동네길 1, 302호 (신음동, 광희빌딩)",2012-01-05,0,36.1347013,128.1178817,False,9.02
JDQ4MTYyMiM4MSMkMSMkMCMkMTMkNDgxOTYxIzIxIyQxIyQ1IyQ2MiQzNjEwMDIjNDEjJDEjJDgjJDgz,천보당한의원,47150,한의원,"경상북도 김천시 충효길 95, (성내동)",1996-01-27,0,36.1240832,128.1193066,False,8.01
JDQ4MTYyMiM4MSMkMSMkMCMkMTMkNDgxMzUxIzExIyQxIyQ3IyQxMyQyNjEyMjIjNjEjJDEjJDQjJDgz,천수당한의원,47150,한의원,"경상북도 김천시 양금로 253, (황금동)",2001-10-17,0,36.1168172,128.123924,False,7.52
JDQ4MTYyMiM4MSMkMiMkMCMkMDAkMzgxOTYxIzMxIyQxIyQ3IyQ5MiQzNjE4MzIjNDEjJDEjJDQjJDgz,최영택정신건강의학과의원,47150,의원,"경상북도 김천시 중앙공원1길 7-6, (남산동)",2002-07-01,0,36.1198938,128.1197007,False,7.62
JDQ4MTYyMiM4MSMkMiMkMCMkMDAkMzgxOTYxIzUxIyQyIyQ1IyQwMCQ0NjE0ODEjODEjJDEjJDIjJDgz,최인환의원,47150,의원,"경상북도 김천시 체육공원길 6, 3층 (지좌동, (지좌동, 덕명빌딩))",2000-10-09,0,36.1190497,128.1439386,False,8.83
JDQ4MTYyMiM4MSMkMiMkMCMkMDAkNDgxMTkxIzIxIyQxIyQ1IyQwMyQzNjE0ODEjNDEjJDEjJDgjJDgz,카톨릭연합정형외과의원,47150,의원,"경상북도 김천시 혁신3로 40, 일오삼 메트로 2층 204~213호 (율곡동)",2021-08-10,0,36.1153696,128.1809915,False,11.11
JDQ4MTYyMiM4MSMkMiMkMCMkMDAkNDgxMTkxIzExIyQyIyQ3IyQwMCQzNjE4MzIjNjEjJDEjJDgjJDgz,클린의원,47150,의원,"경상북도 김천시 혁신3로 5, 율곡스퀘어Ⅲ 301-302호 (율곡동)",2019-04-22,0,36.1179512,128.1833215,False,11.45
JDQ4MTYyMiM4MSMkMSMkMCMkNzIkMzgxMzUxIzUxIyQxIyQxIyQ5OSQ0NjE0ODEjODEjJDEjJDIjJDgz,킴스치과의원,47150,치과의원,"경상북도 김천시 용암로 1, 2층 (모암동)",1991-04-27,0,36.119818,128.1270572,False,7.96
JDQ4MTYyMiM4MSMkMSMkMCMkMTMkNDgxOTYxIzUxIyQxIyQ1IyQ5OSQyNjEwMDIjNTEjJDEjJDIjJDgz,탄탄한의원,47150,한의원,"경상북도 김천시 시청로 65, 민주빌딩 2층 (신음동)",2023-07-03,0,36.1341094,128.1172968,False,8.93
JDQ4MTYyMiM4MSMkMiMkMCMkMDAkNDgxOTYxIzQxIyQxIyQ3IyQ2MiQ0NjE0ODEjNjEjJDEjJDAjJDgz,한마음소아과의원,47150,의원,"경상북도 김천시 시청로 72, (신음동)",2004-04-28,0,36.1348199,128.1177248,False,9.02
JDQ4MTYyMiM4MSMkMiMkMCMkMDAkMzgxNzAyIzUxIyQxIyQ1IyQ3MiQyNjE4MzIjNTEjJDEjJDIjJDgz,한빛연합안과의원,47150,의원,"경상북도 김천시 자산로 154-1, (성내동)",2004-03-26,0,36.1240645,128.1182874,False,7.96
JDQ4MTYyMiM4MSMkMSMkMCMkNzIkMzgxOTYxIzExIyQxIyQzIyQ3MiQ0NjE0ODEjNjEjJDEjJDAjJDgz,한일플러스치과의원,47150,치과의원,"경상북도 김천시 용암로 2, (용두동)",1993-06-29,0,36.1198806,128.127687,False,7.99
JDQ4MTYyMiM4MSMkMSMkMCMkNzIkMzgxOTYxIzExIyQxIyQ3IyQxMyQ0NjEwMDIjODEjJDEjJDIjJDgz,행복한e치과의원,47150,치과의원,"경상북도 김천시 자산로 154, (성내동)",1995-04-28,0,36.1241196,128.1181612,False,7.96
JDQ4MTYyMiM4MSMkMSMkMCMkNzIkMzgxOTYxIzMxIyQxIyQ3IyQ4OSQyNjE0ODEjODEjJDEjJDIjJDgz,혁신웰치과의원,47150,치과의원,"경상북도 김천시 혁신4로 3, 2층 (율곡동)",1989-04-21,0,36.1214086,128.1819298,False,11.56
JDQ4MTYyMiM4MSMkMSMkMCMkNzIkMzgxMzUxIzUxIyQxIyQ1IyQ5OSQ0NjEwMDIjNTEjJDEjJDIjJDgz,현대PLUS치과의원,47150,치과의원,"경상북도 김천시 시청로 66, (신음동)",1992-04-27,0,36.1341951,128.1178889,False,8.96
JDQ4MTYyMiM4MSMkMiMkMCMkMDAkMzgxNzAyIzUxIyQxIyQ1IyQ4OSQyNjE0ODEjODEjJDEjJDYjJDgz,현대연합내과의원,47150,의원,"경상북도 김천시 시청로 66, 2,3층 (신음동)",2004-01-26,0,36.1341951,128.1178889,False,8.96
JDQ4MTYyMiM4MSMkMiMkMCMkMDAkMzgxMTkxIzUxIyQxIyQxIyQ4MiQ0NjE0ODEjODEjJDEjJDYjJDgz,현대정형외과의원,47150,의원,"경상북도 김천시 자산로 177, (평화동)",1999-07-30,0,36.126207,128.117765,False,8.15
JDQ4MTYyMiM4MSMkMSMkMCMkMTMkNDgxMzUxIzIxIyQxIyQ5IyQ3MiQyNjEyMjIjNjEjJDEjJDQjJDgz,현대한의원,47150,한의원,"경상북도 김천시 신음새동네길 5-2, (신음동)",2005-09-22,0,36.1349135,128.118253,False,9.05
JDQ4MTYyMiM4MSMkMiMkMCMkMDAkNDgxMTkxIzExIyQxIyQzIyQ3OSQzNjE0ODEjNTEjJDEjJDYjJDgz,활기찬마취통증의학과의원,47150,의원,"경상북도 김천시 자산로 62-1, 1층 (모암동)",2018-04-16,0,36.1196335,128.1248962,False,7.83
JDQ4MTYyMiM4MSMkMiMkMCMkMDAkNDgxOTYxIzUxIyQxIyQxIyQ3OSQyNjEwMDIjNjEjJDEjJDAjJDgz,황금의원,47150,의원,"경상북도 김천시 양금로 247, (황금동)",2010-07-02,0,36.1162856,128.1238797,False,7.47
JDQ4MTYyMiM4MSMkMSMkMCMkMTMkNDgxMzUxIzIxIyQxIyQxIyQ5OSQzNjE4MzIjNDEjJDEjJDgjJDgz,황금한의원,47150,한의원,"경상북도 김천시 양금로 257, (황금동)",2008-06-23,0,36.1171301,128.1239723,False,7.55
JDQ4MTYyMiM4MSMkMSMkMCMkMTMkMzgxNzAyIzMxIyQxIyQ3IyQ4OSQyNjEwMDIjNjEjJDEjJDQjJDgz,황일용한의원,47150,한의원,"경상북도 김천시 부곡길 206, 201동 2층 206호 (부곡동, 부곡우방타운)",1991-10-19,0,36.1248212,128.0995113,False,7.43
JDQ4MTYyMiM4MSMkMiMkMCMkMDAkNDgxMTkxIzMxIyQyIyQ3IyQwMCQzNjEwMDIjNDEjJDEjJDgjJDgz,힐링라이프의원,47150,의원,"경상북도 김천시 봉산면 인의3길 221, (봉산면)",2022-08-09,29,36.1738758,128.0688187,False,12.64
JDQ4MTYyMiM4MSMkMSMkMCMkOTIkMzgxNzAyIzExIyQyIyQzIyQwMCQyNjE0ODEjNjEjJDEjJDAjJDgz,가곡보건진료소,47170,보건진료소,"경상북도 안동시 풍천면 가일길 85, (풍천면)",1986-01-01,0,36.573022,128.5261809,False,22.69
JDQ4MTYyMiM4MSMkMiMkMCMkMDAkMzgxNzAyIzQxIyQxIyQ3IyQwMyQyNjEwMDIjNjEjJDEjJDQjJDgz,강남미래의원,47170,의원,"경상북도 안동시 강남1길 69, (정하동)",2004-08-31,0,36.5501436,128.7326657,False,5.4
JDQ4MTYyMiM4MSMkMSMkMCMkMTMkNDgxOTYxIzMxIyQxIyQ3IyQ2MiQ0NjEwMDIjNTEjJDEjJDYjJDgz,강남한의원,47170,한의원,"경상북도 안동시 강남5길 58, 1층 (정하동)",2017-04-28,0,36.5507028,128.7330065,False,5.34
JDQ4MTYyMiM4MSMkMSMkMCMkMTMkNDgxMzUxIzQxIyQxIyQ3IyQxMyQzNjEyMjIjNjEjJDEjJDgjJDgz,강동현한의원,47170,한의원,"경상북도 안동시 중앙시장길 33, 1층 (안흥동)",2007-02-16,0,36.5649967,128.7243379,False,5.26
JDQ4MTYyMiM4MSMkMSMkMCMkOTIkMzgxNzAyIzExIyQxIyQzIyQ4OSQzNjEwMDIjNDEjJDEjJDgjJDgz,개곡보건진료소,47170,보건진료소,"경상북도 안동시 남후면 남일로 1185-1, (남후면)",1992-01-01,0,36.5356705,128.6666517,False,11.28
JDQ4MTYyMiM4MSMkMSMkMCMkOTkkNTgxMzUxIzIxIyQxIyQ1IyQwMyQ0NjE0ODEjNDEjJDEjJDQjJDgz,건양요양병원,47170,요양병원,"경상북도 안동시 서후면 서선길 167-0, 건양요양병원",2023-03-09,163,36.5885322,128.6513534,True,11.53
JDQ4MTYyMiM4MSMkMiMkMCMkMDAkNDgxOTYxIzMxIyQyIyQzIyQwMCQzNjEwMDIjNDEjJDEjJDQjJDgz,경대편한내과의원,47170,의원,"경상북도 안동시 경북대로 399, 4층 (옥동)",2015-03-13,0,36.5645715,128.7004906,False,7.32
JDQ4MTYyMiM4MSMkMiMkMCMkMDAkNDgxMzUxIzUxIyQxIyQ1IyQ5MiQyNjEwMDIjNjEjJDEjJDgjJDgz,경북의료재단경북의원,47170,의원,"경상북도 안동시 경동로 912, (용상동)",2010-08-30,0,36.5567832,128.7547389,False,3.45
JDQ4MTYyMiM4MSMkMSMkMCMkOTkkMzgxMzUxIzExIyQxIyQ3IyQ3MiQ0NjE0ODEjNDEjJDEjJDgjJDgz,경북재활병원,47170,병원,"경상북도 안동시 서후면 광평2길 26, (서후면)",2003-01-10,55,36.6539126,128.6959574,True,11.11
JDQ4MTYyMiM4MSMkMSMkMCMkOTkkNTgxMzUxIzExIyQxIyQzIyQ3OSQyNjEwMDIjNjEjJDEjJDQjJDgz,경상북도립안동노인전문요양병원,47170,요양병원,"경상북도 안동시 남후면 남일로 1463, (남후면)",1999-04-29,362,36.5229246,128.6890979,True,10.33
JDQ4MTYyMiM4MSMkMSMkMCMkODkkMzgxMzUxIzExIyQyIyQzIyQwMCQzNjEwMDIjNDEjJDEjJDgjJDgz,경상북도안동의료원,47170,종합병원,"경상북도 안동시 태사2길 55,  (북문동)",1981-08-31,249,36.5682206,128.7321116,True,4.49
JDQ4MTYyMiM4MSMkMiMkMCMkMDAkMzgxMTkxIzMxIyQxIyQ3IyQ2MiQ0NjE0ODEjNDEjJDEjJDgjJDgz,경안마취통증의학과의원,47170,의원,"경상북도 안동시 경동로 609, 2층 (안흥동)",2005-10-25,0,36.563581,128.7243383,False,5.31
JDQ4MTYyMiM4MSMkMSMkMCMkMTMkMzgxNzAyIzMxIyQxIyQ3IyQ2MiQzNjE4MzIjNjEjJDEjJDgjJDgz,경희한의원,47170,한의원,"경상북도 안동시 대안로 161, 2층 (남문동)",1992-03-14,0,36.5644544,128.7304353,False,4.77
JDQ4MTYyMiM4MSMkMSMkMCMkMTMkNDgxMzUxIzIxIyQxIyQ1IyQ4OSQyNjE4MzIjODEjJDEjJDIjJDgz,계림한의원,47170,한의원,"경상북도 안동시 서동문로 7, 2~3층 (평화동)",2002-11-20,0,36.566415,128.7125715,False,6.22
JDQ4MTYyMiM4MSMkMiMkMCMkMDAkNDgxMzUxIzIxIyQyIyQ5IyQwMCQzNjEwMDIjODEjJDEjJDIjJDgz,고려연합정형외과의원,47170,의원,"경상북도 안동시 경북대로 401, 1,2층 (옥동)",2007-01-02,21,36.5647155,128.7001141,False,7.35
JDQ4MTYyMiM4MSMkMSMkMCMkOTIkMzgxNzAyIzExIyQyIyQzIyQwMCQzNjE0ODEjNzEjJDEjJDgjJDgz,고상보건진료소,47170,보건진료소,"경상북도 안동시 남후면 홍문길 5, (남후면)",1984-01-01,0,36.5157646,128.6179691,False,16.16
JDQ4MTYyMiM4MSMkMiMkMCMkMDAkMzgxNzAyIzUxIyQxIyQ1IyQ4OSQzNjEyMjIjODEjJDEjJDIjJDgz,광제외과의원,47170,의원,"경상북도 안동시 대안로 107, (대석동,1층)",2004-01-31,0,36.5654499,128.7246893,False,5.21
JDQ4MTYyMiM4MSMkMSMkMCMkOTIkMzgxNzAyIzExIyQxIyQzIyQ5OSQyNjEwMDIjNjEjJDEjJDQjJDgz,구룡보건진료소,47170,보건진료소,"경상북도 안동시 예안면 계일길 3, 3",1984-01-01,0,36.6437591,128.9011382,False,12.91
JDQ4MTYyMiM4MSMkMSMkMCMkOTIkMzgxNzAyIzExIyQyIyQzIyQwMCQyNjEyMjIjNDEjJDEjJDgjJDgz,구수보건진료소,47170,보건진료소,"경상북도 안동시 길안면 길안청송로 559, 559",1988-01-01,0,36.4542594,128.9444991,False,20.3
JDQ4MTYyMiM4MSMkMSMkMCMkOTIkMzgxNzAyIzExIyQxIyQzIyQ4OSQzNjE4MzIjNzEjJDEjJDgjJDgz,국곡보건진료소,47170,보건진료소,"경상북도 안동시 일직면 풍일로 2011, (일직면)",1983-01-01,0,36.466438,128.6162889,False,19.35
JDQ4MTYyMiM4MSMkMiMkMCMkMDAkNDgxOTYxIzMxIyQxIyQ3IyQ5MiQyNjE4MzIjODEjJDEjJDYjJDgz,굿모닝연합신경과통증의학과의원,47170,의원,"경상북도 안동시 경동로 559, 1층 (당북동)",2016-01-21,0,36.5639329,128.7189765,False,5.75
JDQ4MTYyMiM4MSMkMiMkMCMkMDAkMzgxNzAyIzExIyQxIyQ3IyQwMyQzNjE0ODEjNDEjJDEjJDgjJDgz,권내과의원,47170,의원,"경상북도 안동시 경북대로 433, (옥동)",2001-01-19,0,36.5673215,128.6983276,False,7.44
JDQ4MTYyMiM4MSMkMSMkMCMkMTMkNDgxMzUxIzIxIyQxIyQ5IyQwMyQ0NjEwMDIjNjEjJDEjJDAjJDgz,권도경한의원,47170,한의원,"경상북도 안동시 경동로 634, 2층 (천리동)",2002-09-03,0,36.5630481,128.7270796,False,5.11
JDQ4MTYyMiM4MSMkMSMkMCMkNzIkMzgxOTYxIzUxIyQxIyQxIyQwMyQyNjEwMDIjNDEjJDEjJDQjJDgz,권종수치과의원,47170,치과의원,"경상북도 안동시 경동로 661, (남부동)",2006-07-04,0,36.5633686,128.7302513,False,4.83
JDQ4MTYyMiM4MSMkMSMkMCMkMTMkMzgxNzAyIzQxIyQxIyQ3IyQ3MiQ0NjEwMDIjNjEjJDEjJDgjJDgz,권철한한의원,47170,한의원,"경상북도 안동시 제비원로 164, (금곡동)",1994-12-02,0,36.567041,128.7207303,False,5.5
JDQ4MTYyMiM4MSMkMSMkMCMkNzIkMzgxMzUxIzIxIyQxIyQ5IyQ5OSQyNjEyMjIjNTEjJDEjJDYjJDgz,권치과의원,47170,치과의원,"경상북도 안동시 서동문로 50, (태화동)",1985-10-26,0,36.566403,128.7173729,False,5.81
JDQ4MTYyMiM4MSMkMSMkMCMkMTMkNDgxOTYxIzUxIyQxIyQ1IyQ3OSQyNjEwMDIjODEjJDEjJDIjJDgz,금생수한의원,47170,한의원,"경상북도 안동시 단원로 134, 1층 (평화동)",2011-06-15,0,36.5701425,128.7182219,False,5.64
JDQ4MTYyMiM4MSMkMSMkMCMkOTIkMzgxOTYxIzExIyQxIyQ3IyQ5OSQyNjE4MzIjNzEjJDEjJDgjJDgz,길안면보건지소,47170,보건지소,"경상북도 안동시 길안면 천지안길 71-10, 71",1965-01-01,0,36.4575315,128.8954671,False,17.1
JDQ4MTYyMiM4MSMkMiMkMCMkMDAkNDgxOTYxIzMxIyQxIyQzIyQxMyQzNjEwMDIjNTEjJDEjJDYjJDgz,길안온누리의원,47170,의원,"경상북도 안동시 길안면 천지길 62-16, (길안면)",2012-11-01,0,36.4560962,128.8938463,False,17.15
JDQ4MTYyMiM4MSMkMSMkMCMkMTMkNDgxOTYxIzQxIyQxIyQ3IyQ3OSQzNjEwMDIjODEjJDEjJDIjJDgz,길안한의원,47170,한의원,"경상북도 안동시 길안면 천지길 42-2, (길안면)",2018-06-18,0,36.4581044,128.8919583,False,16.87
JDQ4MTYyMiM4MSMkMiMkMCMkMDAkMzgxOTYxIzUxIyQxIyQ1IyQxMyQzNjE4MzIjNTEjJDEjJDYjJDgz,김경목내과의원,47170,의원,"경상북도 안동시 남문로 5-1, 2층 (남문동)",1993-11-25,0,36.5637993,128.7293096,False,4.89
JDQ4MTYyMiM4MSMkMiMkMCMkMDAkMzgxNzAyIzMxIyQxIyQzIyQwMyQ0NjEwMDIjODEjJDEjJDIjJDgz,김기태가정의학의원,47170,의원,"경상북도 안동시 은행나무로 106-6, 지하층 (옥동)",2002-05-10,0,36.5667775,128.6951382,False,7.73
JDQ4MTYyMiM4MSMkMiMkMCMkMDAkNDgxMTkxIzUxIyQxIyQxIyQ4OSQzNjE4MzIjNjEjJDEjJDgjJDgz,김내과의원,47170,의원,"경상북도 안동시 경동로 517, 1층 (태화동)",2025-02-19,0,36.5642914,128.7145694,False,6.11
JDQ4MTYyMiM4MSMkMiMkMCMkMDAkMzgxNzAyIzIxIyQxIyQ1IyQ3MiQ0NjE0ODEjNjEjJDEjJDQjJDgz,김대영비뇨기과의원,47170,의원,"경상북도 안동시 퇴계로 81, 2층 (목성동)",2001-08-01,0,36.5661096,128.7272462,False,4.97
JDQ4MTYyMiM4MSMkMiMkMCMkMDAkMzgxNzAyIzIxIyQxIyQ5IyQ5OSQyNjE4MzIjODEjJDEjJDYjJDgz,김묵환학문외과의원,47170,의원,"경상북도 안동시 퇴계로 79, (목성동,2층)",2001-11-28,8,36.5660042,128.7270793,False,4.99
JDQ4MTYyMiM4MSMkMiMkMCMkMDAkMzgxOTYxIzExIyQyIyQzIyQwMCQyNjEwMDIjNTEjJDEjJDYjJDgz,김재왕내과의원,47170,의원,"경상북도 안동시 중앙로 61, (동부동)",1991-11-27,0,36.5651461,128.7334277,False,4.49
JDQ4MTYyMiM4MSMkMiMkMCMkMDAkNDgxMzUxIzExIyQxIyQzIyQ2MiQyNjEwMDIjNzEjJDEjJDgjJDgz,김정석내과의원,47170,의원,"경상북도 안동시 경동로 867, 2층 (용상동)",2004-09-08,0,36.559529,128.7513836,False,3.45
JDQ4MTYyMiM4MSMkMiMkMCMkMDAkNDgxMTkxIzMxIyQxIyQ3IyQxMyQzNjEwMDIjNjEjJDEjJDQjJDgz,김해정더자람 소아청소년과의원,47170,의원,"경상북도 안동시 광명로 124, 2층 (옥동)",2024-03-18,0,36.5594224,128.6986929,False,7.63
JDQ4MTYyMiM4MSMkMiMkMCMkMDAkNDgxMTkxIzExIyQxIyQzIyQ3OSQyNjEwMDIjODEjJDEjJDYjJDgz,김희경엔도내과의원,47170,의원,"경상북도 안동시 광명로 170, 3층 (옥동)",2018-04-10,0,36.5626694,128.7018682,False,7.25
JDQ4MTYyMiM4MSMkMSMkMCMkNzIkMzgxMTkxIzIxIyQxIyQ1IyQ5MiQzNjEyMjIjNzEjJDEjJDgjJDgz,꿈꾸는어린이치과의원,47170,치과의원,"경상북도 안동시 광명로 191, 4층 (옥동)",2015-10-01,0,36.5637735,128.703672,False,7.07
JDQ4MTYyMiM4MSMkMSMkMCMkMTMkNDgxOTYxIzUxIyQxIyQ1IyQ5OSQyNjE0ODEjNjEjJDEjJDAjJDgz,나무한의원,47170,한의원,"경상북도 안동시 광명로 191, 2층 (옥동, 세운빌딩)",2016-08-18,0,36.5637735,128.703672,False,7.07
JDQ4MTYyMiM4MSMkMSMkMCMkOTIkMzgxOTYxIzExIyQxIyQ3IyQ2MiQyNjE0ODEjNzEjJDEjJDgjJDgz,남선면보건지소,47170,보건지소,"경상북도 안동시 남선면 충효로 3866, ()",1974-01-01,0,36.526192,128.769837,False,6.08
JDQ4MTYyMiM4MSMkMSMkMCMkOTIkMzgxOTYxIzExIyQxIyQ3IyQ5OSQzNjE4MzIjNDEjJDEjJDQjJDgz,남후면보건지소,47170,보건지소,"경상북도 안동시 남후면 남일로 1465-9, (남후면)",1972-01-01,0,36.5236437,128.6899618,False,10.22
JDQ4MTYyMiM4MSMkMSMkMCMkOTIkMzgxOTYxIzExIyQxIyQ3IyQ4MiQ0NjEwMDIjNjEjJDEjJDQjJDgz,녹전면보건지소,47170,보건지소,"경상북도 안동시 녹전면 녹전로 718, (녹전면)",1969-01-01,0,36.7429531,128.774095,False,18.1
JDQ4MTYyMiM4MSMkMiMkMCMkMDAkNDgxOTYxIzUxIyQyIyQ1IyQwMCQzNjE4MzIjNDEjJDEjJDgjJDgz,늘편한신경외과의원,47170,의원,"경상북도 안동시 경동로 906, (용상동)",2017-10-18,0,36.556988,128.7541669,False,3.47
JDQ4MTYyMiM4MSMkMSMkMCMkMTMkNDgxMzUxIzQxIyQxIyQ3IyQ3MiQ0NjE0ODEjNTEjJDEjJDYjJDgz,다미인한의원,47170,한의원,"경상북도 안동시 제비원로 142, 1층 (옥야동, 한국스탠다드차타드은행)",2005-11-07,0,36.5649217,128.7209918,False,5.55
JDQ4MTYyMiM4MSMkMSMkMCMkMTMkMzgxNzAyIzMxIyQxIyQ3IyQ5OSQzNjE4MzIjNDEjJDEjJDgjJDgz,대구한의원,47170,한의원,"경상북도 안동시 남문로 10, (남문동)",1992-05-11,0,36.5641364,128.729725,False,4.84
JDQ4MTYyMiM4MSMkMSMkMCMkMTMkNDgxMzUxIzMxIyQyIyQzIyQwMCQ0NjEwMDIjNjEjJDEjJDAjJDgz,대동한의원,47170,한의원,"경상북도 안동시 광석4길 48, 1.2층 (광석동)",2003-05-01,0,36.5663969,128.7243948,False,5.21
JDQ4MTYyMiM4MSMkMiMkMCMkMDAkNDgxMTkxIzIxIyQxIyQxIyQ5MiQyNjEwMDIjNTEjJDEjJDIjJDgz,도담가정의학과의원,47170,의원,"경상북도 안동시 옥서1길 63, 나동 1호 (옥동)",2020-07-28,0,36.5609481,128.6942726,False,7.96
JDQ4MTYyMiM4MSMkMSMkMCMkOTIkMzgxOTYxIzExIyQxIyQ3IyQ5OSQzNjEwMDIjNTEjJDEjJDYjJDgz,도산면보건지소,47170,보건지소,"경상북도 안동시 도산면 선성길 14, (도산면)",1964-01-01,0,36.6994693,128.8123173,False,13.56
JDQ4MTYyMiM4MSMkMiMkMCMkMDAkMzgxNzAyIzExIyQxIyQzIyQ5MiQyNjEyMjIjNDEjJDEjJDgjJDgz,동광의원,47170,의원,"경상북도 안동시 풍산읍 풍산중앙길 115, (풍산읍)",1993-07-31,0,36.579342,128.573338,False,18.46
JDQ4MTYyMiM4MSMkMiMkMCMkMDAkNDgxMTkxIzUxIyQxIyQxIyQ5OSQyNjE4MzIjNDEjJDEjJDgjJDgz,동산정형외과의원,47170,의원,"경상북도 안동시 경동로 474-2, (태화동)",1993-01-06,0,36.5664395,128.7105497,False,6.4
JDQ4MTYyMiM4MSMkMSMkMCMkMTMkMzgxNzAyIzUxIyQxIyQxIyQ3OSQyNjE4MzIjNzEjJDEjJDgjJDgz,동서한의원,47170,한의원,"경상북도 안동시 태화7길 25-4, (태화동)",1994-05-30,0,36.5606298,128.7117952,False,6.48
JDQ4MTYyMiM4MSMkMSMkMCMkNzIkMzgxOTYxIzIxIyQxIyQ5IyQxMyQyNjEyMjIjNDEjJDEjJDQjJDgz,동아치과의원,47170,치과의원,"경상북도 안동시 경동로 977-6, (용상동)",1999-06-10,0,36.55306,128.7625795,False,3.4
JDQ4MTYyMiM4MSMkMSMkMCMkMTMkMzgxNzAyIzIxIyQxIyQxIyQ3OSQyNjEyMjIjNDEjJDEjJDgjJDgz,동인당한의원,47170,한의원,"경상북도 안동시 중앙로 48, (삼산동)",1985-01-17,0,36.5651722,128.7317316,False,4.63
JDQ4MTYyMiM4MSMkMSMkMCMkMTMkNDgxOTYxIzExIyQxIyQzIyQwMyQyNjEwMDIjODEjJDEjJDYjJDgz,동흥한의원,47170,한의원,"경상북도 안동시 서동문로 251, (신세동)",1982-06-19,0,36.5647985,128.7394474,False,4.02
JDQ4MTYyMiM4MSMkMSMkMCMkMTMkNDgxOTYxIzIxIyQxIyQxIyQ5MiQzNjE4MzIjNTEjJDEjJDYjJDgz,든든한의원,47170,한의원,"경상북도 안동시 문화광장길 32, 1층 (남부동)",2011-11-28,0,36.564519,128.7308736,False,4.73
JDQ4MTYyMiM4MSMkMSMkMCMkNjIkMzgxMzUxIzExIyQxIyQzIyQ3MiQzNjE0ODEjNDEjJDEjJDgjJDgz,라온치과병원,47170,치과병원,"경상북도 안동시 경북대로 366,  2,3,4층 (옥동)",2011-01-28,0,36.5626638,128.7034487,False,7.12
JDQ4MTYyMiM4MSMkMiMkMCMkMDAkNDgxOTYxIzExIyQyIyQzIyQwMCQyNjEwMDIjNjEjJDEjJDQjJDgz,로뎀의원,47170,의원,"경상북도 안동시 풍산읍 풍산중앙길 155, 1층",2011-02-16,0,36.5782113,128.5774208,False,18.1
JDQ4MTYyMiM4MSMkMSMkMCMkNjIkMzgxMzUxIzExIyQxIyQzIyQ5MiQyNjE4MzIjODEjJDEjJDIjJDgz,로이스제일치과병원,47170,치과병원,"경상북도 안동시 노하길 431-0, 애플타워1,4~6층",2017-03-17,0,36.573199,128.697157,False,7.45
JDQ4MTYyMiM4MSMkMiMkMCMkMDAkNDgxOTYxIzExIyQxIyQzIyQ5OSQyNjEwMDIjODEjJDEjJDIjJDgz,리세비뇨기과의원,47170,의원,"경상북도 안동시 광명로 168, 201호 (옥동, 신성타워)",2011-01-21,0,36.5624686,128.7017119,False,7.27
JDQ4MTYyMiM4MSMkMiMkMCMkMDAkNDgxOTYxIzQxIyQxIyQ3IyQ4MiQ0NjEwMDIjNzEjJDEjJDgjJDgz,리즈미여성의원,47170,의원,"경상북도 안동시 서동문로 170-1, 2층 (삼산동)",2016-07-27,0,36.5661892,128.7306866,False,4.68
JDQ4MTYyMiM4MSMkMiMkMCMkMDAkNDgxOTYxIzIxIyQxIyQxIyQ4OSQzNjEyMjIjNjEjJDEjJDAjJDgz,마디웃는신경외과의원,47170,의원,"경상북도 안동시 경북대로 407, 3층, 4층 (옥동)",2012-05-03,0,36.5651387,128.6996585,False,7.38
JDQ4MTYyMiM4MSMkMSMkMCMkMTMkNDgxOTYxIzMxIyQxIyQzIyQ4OSQyNjEwMDIjNDEjJDEjJDQjJDgz,마뜰한의원,47170,한의원,"경상북도 안동시 경동로 873, (용상동)",2009-10-05,0,36.5591696,128.751897,False,3.44
JDQ4MTYyMiM4MSMkMSMkMCMkOTIkMzgxNzAyIzExIyQxIyQzIyQ5OSQ0NjEwMDIjNDEjJDEjJDgjJDgz,만운보건진료소,47170,보건진료소,"경상북도 안동시 풍산읍 평지1길 7, (풍산읍)",1984-01-01,0,36.6048638,128.5796676,False,18.1
JDQ4MTYyMiM4MSMkMSMkMCMkOTIkMzgxNzAyIzExIyQxIyQzIyQ4OSQzNjE0ODEjNTEjJDEjJDIjJDgz,명진보건진료소,47170,보건진료소,"경상북도 안동시 일직면 평팔명진길 223, (일직면)",1983-01-01,0,36.4297747,128.6452808,False,20.62
JDQ4MTYyMiM4MSMkMSMkMCMkNzIkMzgxMzUxIzMxIyQxIyQ3IyQ3OSQ0NjE0ODEjNDEjJDEjJDgjJDgz,명치과의원,47170,치과의원,"경상북도 안동시 제비원로 176, 101동 108호 (금곡동, 태성상가)",1997-07-03,0,36.5679242,128.7199919,False,5.54
JDQ4MTYyMiM4MSMkMSMkMCMkNzIkMzgxMTkxIzExIyQyIyQzIyQwMCQzNjE4MzIjNzEjJDEjJDgjJDgz,미치과의원,47170,치과의원,"경상북도 안동시 경동로 611, (안흥동)",2010-04-26,0,36.563549,128.7246504,False,5.29
JDQ4MTYyMiM4MSMkMSMkMCMkNzIkMzgxOTYxIzIxIyQxIyQ5IyQ3OSQzNjE4MzIjNjEjJDEjJDQjJDgz,민치과의원,47170,치과의원,"경상북도 안동시 경동로 478, 2층 (태화동)",2003-06-30,0,36.5663451,128.7108898,False,6.37
JDQ4MTYyMiM4MSMkMiMkMCMkMDAkNDgxMTkxIzExIyQyIyQzIyQwMCQyNjE4MzIjNzEjJDEjJDgjJDgz,바른마취통증의학과의원,47170,의원,"경상북도 안동시 경북대로 389, 3,4층 (옥동)",2023-10-31,0,36.5641265,128.7011027,False,7.28
JDQ4MTYyMiM4MSMkMSMkMCMkNzIkMzgxMTkxIzIxIyQxIyQ5IyQxMyQ0NjE0ODEjNjEjJDEjJDAjJDgz,바른치과의원,47170,치과의원,"경상북도 안동시 광명로 191, 1층 (옥동)",2017-09-18,0,36.5637735,128.703672,False,7.07
JDQ4MTYyMiM4MSMkMiMkMCMkMDAkNDgxMzUxIzUxIyQxIyQ1IyQwMyQyNjE4MzIjNDEjJDEjJDQjJDgz,박무식성형외과의원,47170,의원,"경상북도 안동시 노하길 431, 3층 (송현동)",2010-09-27,0,36.573199,128.697157,False,7.45
JDQ4MTYyMiM4MSMkMiMkMCMkMDAkMzgxMTkxIzIxIyQxIyQ5IyQ5OSQ0NjE0ODEjNjEjJDEjJDAjJDgz,박무영내과의원,47170,의원,"경상북도 안동시 경동로 609, (안흥동)",1997-03-18,0,36.563581,128.7243383,False,5.31
JDQ4MTYyMiM4MSMkMSMkMCMkNzIkMzgxMzUxIzIxIyQxIyQ5IyQ3OSQ0NjE0ODEjODEjJDEjJDIjJDgz,박재춘치과의원,47170,치과의원,"경상북도 안동시 중앙로 31, (서부동)",1985-06-05,0,36.5658382,128.7301188,False,4.74
JDQ4MTYyMiM4MSMkMSMkMCMkNzIkMzgxOTYxIzQxIyQxIyQ3IyQ2MiQ0NjEwMDIjNDEjJDEjJDQjJDgz,백치과의원,47170,치과의원,"경상북도 안동시 서동문로 91, (금곡동)",2004-02-02,0,36.5669092,128.7219596,False,5.4
JDQ4MTYyMiM4MSMkMiMkMCMkMDAkNDgxOTYxIzIxIyQxIyQxIyQ4OSQyNjE4MzIjNDEjJDEjJDQjJDgz,백합뷰티의원,47170,의원,"경상북도 안동시 경북대로 418, 201-1호 (옥동)",2013-10-04,0,36.5663544,128.6997397,False,7.34
JDQ4MTYyMiM4MSMkMiMkMCMkMDAkMzgxOTYxIzUxIyQxIyQxIyQxMyQ0NjE0ODEjNjEjJDEjJDQjJDgz,벧엘내과의원,47170,의원,"경상북도 안동시 제비원로 160, 2층 (광석동)",2000-08-23,0,36.5665563,128.7210115,False,5.49
JDQ4MTYyMiM4MSMkMSMkMCMkNzIkMzgxMTkxIzIxIyQxIyQ5IyQ3MiQzNjEwMDIjNDEjJDEjJDgjJDgz,본치과의원,47170,치과의원,"경상북도 안동시 제비원로 142, 2층 (옥야동, 한국스탠다드차타드은행)",2017-01-12,0,36.5649217,128.7209918,False,5.55
JDQ4MTYyMiM4MSMkMSMkMCMkMTMkNDgxMzUxIzMxIyQxIyQ3IyQ3MiQyNjE4MzIjNjEjJDEjJDgjJDgz,부부한의원,47170,한의원,"경상북도 안동시 태사2길 17, (북문동)",2004-07-05,0,36.5670794,128.7308011,False,4.64
JDQ4MTYyMiM4MSMkMSMkMCMkOTIkMzgxOTYxIzExIyQxIyQ3IyQ5OSQzNjEyMjIjNDEjJDEjJDgjJDgz,북후면보건지소,47170,보건지소,"경상북도 안동시 북후면 북평로 875, (북후면)",1972-01-01,0,36.6847745,128.7023974,False,13.53
JDQ4MTYyMiM4MSMkMiMkMCMkMDAkNDgxMTkxIzUxIyQxIyQ1IyQ5OSQyNjE4MzIjNzEjJDEjJDgjJDgz,뷰티온의원 안동점,47170,의원,"경상북도 안동시 광명로 170, 101호 (옥동)",2025-12-15,0,36.5626694,128.7018682,False,7.25
JDQ4MTYyMiM4MSMkMSMkMCMkOTkkMzgxMzUxIzIxIyQxIyQ5IyQ4OSQ0NjE0ODEjNDEjJDEjJDgjJDgz,빛으로병원,47170,병원,"경상북도 안동시 경동로 1462-68,  (송천동)",2013-12-03,36,36.5370166,128.8039954,True,5.26
JDQ4MTYyMiM4MSMkMSMkMCMkOTIkMzgxNzAyIzExIyQxIyQzIyQ5OSQyNjEyMjIjNTEjJDEjJDYjJDgz,사신보건진료소,47170,보건진료소,"경상북도 안동시 녹전면 가야안길 13, (녹전면)",1984-01-01,0,36.7004636,128.7690291,False,13.4
JDQ4MTYyMiM4MSMkMiMkMCMkMDAkMzgxMTkxIzIxIyQxIyQ1IyQ5MiQzNjEwMDIjNDEjJDEjJDQjJDgz,사회복지법인나천복지회경희의원,47170,의원,"경상북도 안동시 경동로 342, 201호 (송현동, 호암빌딩)",1996-12-10,0,36.571739,128.6983749,False,7.36
JDQ4MTYyMiM4MSMkMSMkMCMkMTMkNDgxMzUxIzExIyQxIyQzIyQwMyQ0NjE0ODEjNDEjJDEjJDgjJDgz,사회복지법인나천복지회나천한의원,47170,한의원,"경상북도 안동시 경동로 342, 202호 (송현동, 호암빌딩)",1998-04-08,0,36.571739,128.6983749,False,7.36
JDQ4MTYyMiM4MSMkMSMkMCMkOTIkMzgxNzAyIzExIyQxIyQzIyQ4OSQ0NjEwMDIjNTEjJDEjJDYjJDgz,삼계보건진료소,47170,보건진료소,"경상북도 안동시 예안면 농암로 2407, (예안면)",1984-01-01,0,36.7205005,128.924403,False,20.22
JDQ4MTYyMiM4MSMkMSMkMCMkMTMkNDgxOTYxIzUxIyQxIyQxIyQ2MiQzNjEwMDIjNTEjJDEjJDYjJDgz,생글한의원,47170,한의원,"경상북도 안동시 경북대로 486, 2층 (송현동)",2021-06-28,0,36.5715373,128.6977247,False,7.42
JDQ4MTYyMiM4MSMkMSMkMCMkNzIkMzgxMTkxIzQxIyQxIyQ3IyQ5MiQzNjE0ODEjNjEjJDEjJDgjJDgz,서울백세치과의원,47170,치과의원,"경상북도 안동시 경동로 876, 3층 (용상동)",2023-12-27,0,36.5588276,128.7515851,False,3.49
JDQ4MTYyMiM4MSMkMiMkMCMkMDAkNDgxMTkxIzMxIyQxIyQ3IyQ3OSQyNjE0ODEjODEjJDEjJDYjJDgz,서울삼성마취통증의학과의원,47170,의원,"경상북도 안동시 중앙시장길 26, 2,3층 (안흥동)",2008-06-13,20,36.5645354,128.724706,False,5.25
JDQ4MTYyMiM4MSMkMSMkMCMkNzIkMzgxMTkxIzIxIyQxIyQxIyQ4OSQzNjEwMDIjODEjJDEjJDYjJDgz,서울새론치과의원,47170,치과의원,"경상북도 안동시 대안로 89, 2층 (광석동)",1990-05-17,0,36.5652928,128.7225593,False,5.4
JDQ4MTYyMiM4MSMkMiMkMCMkMDAkNDgxMzUxIzIxIyQxIyQ1IyQ4MiQzNjE0ODEjNjEjJDEjJDQjJDgz,서울소나무의원,47170,의원,"경상북도 안동시 대안로 85, (광석동)",2008-12-08,0,36.5653693,128.7222856,False,5.42
JDQ4MTYyMiM4MSMkMiMkMCMkMDAkNDgxMzUxIzExIyQyIyQ3IyQwMCQyNjEyMjIjNjEjJDEjJDAjJDgz,서울신통의원,47170,의원,"경상북도 안동시 퇴계로 73, (대석동)",2005-10-07,0,36.5656991,128.7265014,False,5.05
JDQ4MTYyMiM4MSMkMSMkMCMkNzIkMzgxMzUxIzMxIyQxIyQzIyQ3OSQzNjE0ODEjNDEjJDEjJDgjJDgz,서울치과의원,47170,치과의원,"경상북도 안동시 경북대로 439, 202호 (옥동)",2005-11-09,0,36.5677341,128.6981125,False,7.45
JDQ4MTYyMiM4MSMkMSMkMCMkNzIkMzgxOTYxIzUxIyQxIyQ1IyQ3MiQzNjE4MzIjNTEjJDEjJDYjJDgz,서울프라임치과의원,47170,치과의원,"경상북도 안동시 경북대로 379, 4층 (옥동)",2008-05-06,0,36.5635252,128.7021255,False,7.21
JDQ4MTYyMiM4MSMkMSMkMCMkNzIkMzgxMTkxIzExIyQxIyQ3IyQ5MiQzNjEyMjIjNjEjJDEjJDAjJDgz,서울플란트치과의원,47170,치과의원,"경상북도 안동시 퇴계로 81, 3층 (목성동)",2012-08-23,0,36.5661096,128.7272462,False,4.97
JDQ4MTYyMiM4MSMkMSMkMCMkMTMkNDgxMzUxIzIxIyQxIyQxIyQ4OSQzNjEyMjIjNjEjJDEjJDgjJDgz,서울한의원,47170,한의원,"경상북도 안동시 퇴계로 86, (서부동)",1999-10-19,0,36.5660137,128.7277945,False,4.93
JDQ4MTYyMiM4MSMkMSMkMCMkOTIkMzgxOTYxIzExIyQxIyQ3IyQ5OSQ0NjE0ODEjODEjJDEjJDIjJDgz,서후면보건지소,47170,보건지소,"경상북도 안동시 서후면 서후중앙길 19, (서후면)",1982-01-01,0,36.6166879,128.6634707,False,11.17
JDQ4MTYyMiM4MSMkMiMkMCMkMDAkMzgxNzAyIzQxIyQyIyQ3IyQwMCQ0NjEwMDIjNjEjJDEjJDAjJDgz,성모이비인후과의원,47170,의원,"경상북도 안동시 복주5길 41, (옥동)",2003-01-03,0,36.566129,128.69891,False,7.42
JDQ4MTYyMiM4MSMkMSMkMCMkMTMkMzgxNzAyIzIxIyQxIyQ5IyQ3MiQzNjEyMjIjNTEjJDEjJDIjJDgz,성모한의원,47170,한의원,"경상북도 안동시 강남5길 34, (정하동)",2010-06-10,0,36.5508196,128.7343283,False,5.24
JDQ4MTYyMiM4MSMkMSMkMCMkOTkkNTgxOTYxIzExIyQxIyQzIyQ4OSQzNjEwMDIjNDEjJDEjJDgjJDgz,성심병원,47170,정신병원,"경상북도 안동시 정백이골길 36-15,  (안막동)",2017-10-27,254,36.5844449,128.7349902,True,4.05
JDQ4MTYyMiM4MSMkMSMkMCMkNzIkMzgxMzUxIzMxIyQxIyQzIyQ3MiQyNjEyMjIjNDEjJDEjJDgjJDgz,성심치과의원,47170,치과의원,"경상북도 안동시 태사2길 18, 1층 (북문동)",1988-04-29,0,36.5671154,128.7311351,False,4.61
JDQ4MTYyMiM4MSMkMSMkMCMkMTMkNDgxOTYxIzIxIyQxIyQ5IyQ4MiQzNjE4MzIjODEjJDEjJDYjJDgz,성심한의원,47170,한의원,"경상북도 안동시 경동로 583, (옥야동)",2014-05-14,0,36.5636293,128.7216011,False,5.54
JDQ4MTYyMiM4MSMkMiMkMCMkMDAkMzgxOTYxIzMxIyQyIyQ3IyQwMCQ0NjEwMDIjNzEjJDEjJDgjJDgz,세종정형외과의원,47170,의원,"경상북도 안동시 남문로 25, 2층 (서부동)",1991-02-19,0,36.5654449,128.729816,False,4.78
JDQ4MTYyMiM4MSMkMSMkMCMkNzIkMzgxMzUxIzUxIyQxIyQ1IyQxMyQzNjEyMjIjODEjJDEjJDYjJDgz,손정희치과의원,47170,치과의원,"경상북도 안동시 퇴계로 79, (목성동)",1993-01-08,0,36.5660042,128.7270793,False,4.99
JDQ4MTYyMiM4MSMkMSMkMCMkOTIkMzgxNzAyIzExIyQyIyQzIyQwMCQyNjEwMDIjNTEjJDEjJDIjJDgz,송사보건진료소,47170,보건진료소,"경상북도 안동시 길안면 송사시장길 79, (길안면)",1986-01-01,0,36.3665257,128.9294738,False,27.26
JDQ4MTYyMiM4MSMkMSMkMCMkNzIkMzgxOTYxIzExIyQxIyQzIyQ5OSQzNjEwMDIjODEjJDEjJDIjJDgz,송현치과의원,47170,치과의원,"경상북도 안동시 경북대로 433, 2층 (옥동, 매트로빌딩)",1993-04-27,0,36.5673215,128.6983276,False,7.44
JDQ4MTYyMiM4MSMkMSMkMCMkMTMkNDgxMzUxIzExIyQxIyQzIyQ5OSQzNjE0ODEjNjEjJDEjJDAjJDgz,송현한의원,47170,한의원,"경상북도 안동시 경북대로 432, 1층 (옥동)",1998-02-14,0,36.5673198,128.6989426,False,7.39
JDQ4MTYyMiM4MSMkMiMkMCMkMDAkMzgxNzAyIzIxIyQxIyQ5IyQ3OSQyNjE4MzIjNjEjJDEjJDAjJDgz,수외과의원,47170,의원,"경상북도 안동시 경북대로 432, 2,3층 (옥동)",2015-06-02,8,36.5673198,128.6989426,False,7.39
JDQ4MTYyMiM4MSMkMSMkMCMkNzIkMzgxMTkxIzIxIyQxIyQ5IyQ3OSQ0NjE0ODEjODEjJDEjJDYjJDgz,스마일라인치과의원,47170,치과의원,"경상북도 안동시 광명로 159, 202호 (옥동)",2016-05-10,0,36.5621098,128.700696,False,7.37
JDQ4MTYyMiM4MSMkMSMkMCMkNzIkMzgxMzUxIzIxIyQxIyQxIyQxMyQyNjE4MzIjNDEjJDEjJDQjJDgz,신두교치과의원,47170,치과의원,"경상북도 안동시 퇴계로 84, 401호 (서부동, 안동빌딩)",1983-04-26,0,36.5659308,128.7276853,False,4.94
JDQ4MTYyMiM4MSMkMSMkMCMkOTIkMzgxNzAyIzExIyQxIyQzIyQ4OSQ0NjE0ODEjNjEjJDEjJDQjJDgz,신성보건진료소,47170,보건진료소,"경상북도 안동시 풍천면 신성큰마길 40, (풍천면)",1983-01-01,0,36.5191501,128.4520351,False,30.08
JDQ4MTYyMiM4MSMkMiMkMCMkMDAkNDgxMzUxIzMxIyQxIyQzIyQ2MiQyNjE4MzIjNjEjJDEjJDQjJDgz,신세계연합의원,47170,의원,"경상북도 안동시 서동문로 7, 1층 (평화동)",2003-01-03,0,36.566415,128.7125715,False,6.22
JDQ4MTYyMiM4MSMkMSMkMCMkMTMkNDgxOTYxIzUxIyQxIyQ1IyQwMyQyNjEwMDIjNjEjJDEjJDgjJDgz,신시장한의원,47170,한의원,"경상북도 안동시 대안로 89, 1층 (광석동)",2024-11-13,0,36.5652928,128.7225593,False,5.4
JDQ4MTYyMiM4MSMkMSMkMCMkOTIkMzgxNzAyIzExIyQxIyQzIyQ5OSQzNjE4MzIjNjEjJDEjJDAjJDgz,신양보건진료소,47170,보건진료소,"경상북도 안동시 풍산읍 원들길 36-1, (풍산읍)",1985-01-01,0,36.6132503,128.5541743,False,20.5
JDQ4MTYyMiM4MSMkMSMkMCMkOTIkMzgxNzAyIzExIyQxIyQzIyQ5OSQzNjEyMjIjNjEjJDEjJDgjJDgz,신전보건진료소,47170,보건진료소,"경상북도 안동시 북후면 산북로 705, (북후면)",1985-01-01,0,36.6718553,128.6337623,False,16.56
JDQ4MTYyMiM4MSMkMSMkMCMkMTMkMzgxNzAyIzUxIyQxIyQxIyQ2MiQzNjE4MzIjODEjJDEjJDYjJDgz,아름다운한의원,47170,한의원,"경상북도 안동시 경동로 661, (남부동)",2002-05-01,0,36.5633686,128.7302513,False,4.83
JDQ4MTYyMiM4MSMkMiMkMCMkMDAkNDgxOTYxIzIxIyQxIyQxIyQ5MiQ0NjEwMDIjNTEjJDEjJDIjJDgz,아이튼튼소아청소년과의원,47170,의원,"경상북도 안동시 경북대로 407, 5층 (옥동)",2012-12-07,0,36.5651387,128.6996585,False,7.38
JDQ4MTYyMiM4MSMkMSMkMCMkOTkkNTgxMzUxIzExIyQxIyQ3IyQ5MiQzNjE0ODEjNzEjJDEjJDgjJDgz,아주안제요양병원,47170,요양병원,"경상북도 안동시 대안로 76,  (옥야동)",2009-08-27,148,36.564899,128.7211829,True,5.53
JDQ4MTYyMiM4MSMkMiMkMCMkMDAkNDgxMzUxIzUxIyQxIyQxIyQ5MiQzNjEwMDIjNTEjJDEjJDIjJDgz,안동교도소부속의원,47170,의원,"경상북도 안동시 풍산읍 경서로 4380-23, (풍산읍)",2005-10-31,0,36.5912462,128.5979967,False,16.3
JDQ4MTYyMiM4MSMkMiMkMCMkMDAkMzgxMTkxIzQxIyQyIyQ3IyQwMCQyNjEyMjIjNDEjJDEjJDgjJDgz,안동내과의원,47170,의원,"경상북도 안동시 경동로 559, (당북동)",1999-02-22,0,36.5639329,128.7189765,False,5.75
JDQ4MTYyMiM4MSMkMiMkMCMkMDAkNDgxMTkxIzIxIyQxIyQ1IyQ3MiQ0NjEwMDIjNDEjJDEjJDQjJDgz,안동더조은안과의원,47170,의원,"경상북도 안동시 경동로 559, 3층 (당북동)",2021-05-11,0,36.563933,128.7189768,False,5.75
JDQ4MTYyMiM4MSMkMiMkMCMkMDAkNDgxOTYxIzMxIyQxIyQ3IyQxMyQyNjE0ODEjODEjJDEjJDYjJDgz,안동밝은안과의원,47170,의원,"경상북도 안동시 경동로 609, 3층 (안흥동)",2013-03-29,0,36.563581,128.7243383,False,5.31
JDQ4MTYyMiM4MSMkMiMkMCMkMDAkNDgxOTYxIzExIyQxIyQ3IyQwMyQzNjEyMjIjODEjJDEjJDYjJDgz,안동삼성연합안과의원,47170,의원,"경상북도 안동시 경북대로 486, 2층 (송현동)",2012-02-29,0,36.5715373,128.6977247,False,7.42
JDQ4MTYyMiM4MSMkMSMkMCMkODkkMzgxMzUxIzExIyQxIyQzIyQ4OSQyNjEwMDIjNjEjJDEjJDAjJDgz,안동성소병원,47170,종합병원,"경상북도 안동시 서동문로 99,  (금곡동)",1981-06-25,617,36.5672423,128.7228172,True,5.31
JDQ4MTYyMiM4MSMkMSMkMCMkNzIkMzgxMTkxIzIxIyQxIyQ1IyQ3MiQ0NjEwMDIjNzEjJDEjJDgjJDgz,안동센트럴치과의원,47170,치과의원,"경상북도 안동시 안기천로 46, 4층 (당북동)",2015-06-10,0,36.5613123,128.7168628,False,6.03
JDQ4MTYyMiM4MSMkMSMkMCMkOTIkMzgxMzUxIzExIyQxIyQzIyQ5OSQ0NjE0ODEjNjEjJDEjJDgjJDgz,안동시보건소,47170,보건소,"경상북도 안동시 서동문로 165, (북문동)",1960-01-01,0,36.566997,128.7302562,False,4.69
JDQ4MTYyMiM4MSMkMSMkMCMkMTMkNDgxOTYxIzMxIyQxIyQ3IyQ4OSQzNjE0ODEjNDEjJDEjJDgjJDgz,안동어진한의원,47170,한의원,"경상북도 안동시 옥동1길 3, 1, 3층 (옥동)",2016-08-01,10,36.5590667,128.6986768,False,7.64
JDQ4MTYyMiM4MSMkMSMkMCMkNzIkMzgxMTkxIzExIyQxIyQzIyQ4MiQyNjE0ODEjNDEjJDEjJDgjJDgz,안동열린치과의원,47170,치과의원,"경상북도 안동시 복주5길 41, 303~304호 (옥동)",2010-08-27,0,36.566129,128.69891,False,7.42
JDQ4MTYyMiM4MSMkMSMkMCMkOTkkNTgxMzUxIzExIyQxIyQzIyQ4OSQyNjEwMDIjNTEjJDEjJDIjJDgz,안동요양병원,47170,요양병원,"경상북도 안동시 전거리길 57,  (용상동)",2002-10-01,494,36.5600981,128.7437806,True,3.94
JDQ4MTYyMiM4MSMkMiMkMCMkMDAkNDgxMTkxIzExIyQxIyQ3IyQwMyQzNjEwMDIjNjEjJDEjJDgjJDgz,안동제일내과의원,47170,의원,"경상북도 안동시 대안로 177, 1,2층 (운흥동)",2019-09-26,6,36.564273,128.7322249,False,4.63
JDQ4MTYyMiM4MSMkMiMkMCMkMDAkNDgxOTYxIzUxIyQxIyQxIyQ3OSQyNjE4MzIjNDEjJDEjJDgjJDgz,안동제일안과의원,47170,의원,"경상북도 안동시 대안로 107, 2층 (대석동)",2003-04-24,0,36.5654499,128.7246893,False,5.21
JDQ4MTYyMiM4MSMkMiMkMCMkMDAkNDgxMTkxIzExIyQxIyQ3IyQwMyQzNjE0ODEjODEjJDEjJDIjJDgz,안동제일정형외과의원,47170,의원,"경상북도 안동시 대안로 177, 1,2,3,4층 (운흥동)",2019-09-26,24,36.564273,128.7322249,False,4.63
JDQ4MTYyMiM4MSMkMiMkMCMkMDAkMzgxMTkxIzUxIyQxIyQ1IyQ3OSQzNjEyMjIjNjEjJDEjJDQjJDgz,안동제통마취통증의학과의원,47170,의원,"경상북도 안동시 경동로 649, (남문동)",2005-08-30,0,36.5633852,128.7290421,False,4.93
JDQ4MTYyMiM4MSMkMiMkMCMkMDAkMzgxOTYxIzIxIyQxIyQ5IyQ2MiQ0NjEwMDIjNDEjJDEjJDgjJDgz,안동중앙산부인과의원,47170,의원,"경상북도 안동시 서동문로 117, (법상동)",1989-11-07,0,36.5670385,128.7247822,False,5.15
JDQ4MTYyMiM4MSMkMSMkMCMkNzIkMzgxMzUxIzIxIyQxIyQ5IyQ4OSQzNjE4MzIjNzEjJDEjJDgjJDgz,안동치과의원,47170,치과의원,"경상북도 안동시 광명로 192, (옥동)",1985-07-20,0,36.5633851,128.7037712,False,7.07
JDQ4MTYyMiM4MSMkMiMkMCMkMDAkMzgxNzAyIzQxIyQxIyQ3IyQxMyQzNjEyMjIjNTEjJDEjJDYjJDgz,안동카톨릭피부과의원,47170,의원,"경상북도 안동시 남문로 25, 3층 (서부동)",2003-05-15,0,36.5654449,128.729816,False,4.78
JDQ4MTYyMiM4MSMkMSMkMCMkMTMkMzgxNzAyIzMxIyQxIyQzIyQ5OSQyNjE4MzIjNTEjJDEjJDIjJDgz,안동한의원,47170,한의원,"경상북도 안동시 경동로 607, (옥야동)",1990-12-16,0,36.563566,128.7241795,False,5.33
JDQ4MTYyMiM4MSMkMSMkMCMkNzIkMzgxMTkxIzQxIyQxIyQ3IyQwMyQzNjE4MzIjODEjJDEjJDIjJDgz,안심치과의원,47170,치과의원,"경상북도 안동시 중들3길 2, 1.2층 (용상동)",2014-08-28,0,36.558091,128.7537903,False,3.4
JDQ4MTYyMiM4MSMkMiMkMCMkMDAkMzgxNzAyIzIxIyQxIyQ1IyQ4MiQ0NjEwMDIjNDEjJDEjJDgjJDgz,안형우가정의학과의원,47170,의원,"경상북도 안동시 길주길 93, 2층 (용상동)",2001-08-27,0,36.5547095,128.76207110000001,False,3.26
JDQ4MTYyMiM4MSMkMSMkMCMkOTIkMzgxNzAyIzExIyQyIyQzIyQwMCQyNjE4MzIjODEjJDEjJDYjJDgz,어담보건진료소,47170,보건진료소,"경상북도 안동시 풍천면 풍일로 1354, (풍천면)",1983-01-01,0,36.4937879,128.5639292,False,21.57
JDQ4MTYyMiM4MSMkMiMkMCMkMDAkNDgxMTkxIzUxIyQxIyQxIyQ4MiQ0NjE0ODEjNDEjJDEjJDgjJDgz,에이드재활의학과의원,47170,의원,"경상북도 안동시 경동로 876, 4층 (용상동)",2025-07-09,0,36.5588276,128.7515851,False,3.49
JDQ4MTYyMiM4MSMkMSMkMCMkOTIkMzgxNzAyIzExIyQxIyQzIyQ5OSQzNjEwMDIjODEjJDEjJDIjJDgz,연곡보건진료소,47170,보건진료소,"경상북도 안동시 북후면 용수골길 17, 17",1983-01-01,0,36.666622,128.7322332,False,10.51
JDQ4MTYyMiM4MSMkMSMkMCMkNzIkMzgxMTkxIzQxIyQyIyQ3IyQwMCQyNjE0ODEjNjEjJDEjJDAjJDgz,연세온플란트치과의원,47170,치과의원,"경상북도 안동시 광명로 149, 2층 (옥동)",2023-03-20,0,36.5615283,128.700161,False,7.43
JDQ4MTYyMiM4MSMkMiMkMCMkMDAkMzgxNzAyIzMxIyQxIyQzIyQxMyQzNjEyMjIjNDEjJDEjJDgjJDgz,연합성모안과의원,47170,의원,"경상북도 안동시 퇴계로 81, 4-5층 (목성동)",2002-05-25,4,36.5661096,128.7272462,False,4.97
JDQ4MTYyMiM4MSMkMSMkMCMkMTMkNDgxOTYxIzIxIyQxIyQ1IyQwMyQzNjEyMjIjODEjJDEjJDYjJDgz,열린문한의원,47170,한의원,"경상북도 안동시 서동문로 104-1, (광석동)",2015-04-21,0,36.5665635,128.7232939,False,5.29
JDQ4MTYyMiM4MSMkMSMkMCMkOTIkMzgxOTYxIzExIyQxIyQ3IyQ2MiQyNjEwMDIjNjEjJDEjJDQjJDgz,예안면보건지소,47170,보건지소,"경상북도 안동시 예안면 농암로 1481, (예안면)",1972-01-01,0,36.6624883,128.8835033,False,12.99
JDQ4MTYyMiM4MSMkMSMkMCMkMTMkMzgxNzAyIzUxIyQxIyQ1IyQ5OSQzNjEyMjIjNTEjJDEjJDIjJDgz,옥동한의원,47170,한의원,"경상북도 안동시 복주1길 46, (옥동)",2012-12-10,0,36.5617472,128.7000392,False,7.44
JDQ4MTYyMiM4MSMkMSMkMCMkOTIkMzgxNzAyIzExIyQxIyQzIyQ5OSQ0NjE0ODEjNTEjJDEjJDIjJDgz,온혜보건진료소,47170,보건진료소,"경상북도 안동시 도산면 온천로 689, 689",1986-01-01,0,36.7468582,128.8319782,False,19.09
JDQ4MTYyMiM4MSMkMSMkMCMkOTIkMzgxOTYxIzExIyQyIyQ3IyQwMCQ0NjEwMDIjNTEjJDEjJDYjJDgz,와룡면보건지소,47170,보건지소,"경상북도 안동시 와룡면 퇴계로 807, 807",1972-01-01,0,36.6154621,128.7658322,False,4.12
JDQ4MTYyMiM4MSMkMiMkMCMkMDAkMzgxNzAyIzUxIyQxIyQ1IyQwMyQyNjEwMDIjODEjJDEjJDIjJDgz,용상연합가정의학과의원,47170,의원,"경상북도 안동시 경동로 876, 2층 (용상동)",2004-05-01,0,36.5588276,128.7515851,False,3.49
JDQ4MTYyMiM4MSMkMSMkMCMkNzIkMzgxMzUxIzUxIyQxIyQxIyQ2MiQzNjE4MzIjNjEjJDEjJDAjJDgz,용상치과의원,47170,치과의원,"경상북도 안동시 경동로 872, (용상동)",1992-10-29,0,36.558997,128.7512913,False,3.49
JDQ4MTYyMiM4MSMkMiMkMCMkMDAkNDgxMTkxIzExIyQxIyQ3IyQ5MiQ0NjEwMDIjNDEjJDEjJDgjJDgz,용상황금연합의원,47170,의원,"경상북도 안동시 경동로 847, 1층 (용상동)",2019-09-23,0,36.561031,128.7499382,False,3.44
JDQ4MTYyMiM4MSMkMSMkMCMkMTMkMzgxNzAyIzUxIyQxIyQ1IyQ3MiQzNjEwMDIjNjEjJDEjJDgjJDgz,용안한의원,47170,한의원,"경상북도 안동시 풍산읍 풍산중앙길 103, 1층",2016-12-27,0,36.5798225,128.5723236,False,18.55
JDQ4MTYyMiM4MSMkMSMkMCMkMTMkNDgxOTYxIzIxIyQxIyQ1IyQwMyQzNjE0ODEjNTEjJDEjJDIjJDgz,우리경희한의원,47170,한의원,"경상북도 안동시 경북대로 399, 3층 (옥동)",2013-03-25,0,36.5645715,128.7004906,False,7.32
JDQ4MTYyMiM4MSMkMiMkMCMkMDAkNDgxOTYxIzUxIyQxIyQxIyQ4MiQ0NjEwMDIjNTEjJDEjJDYjJDgz,우리여성의원,47170,의원,"경상북도 안동시 은행나무로 91, 1,3층 (옥동)",2019-04-29,0,36.5678805,128.6942436,False,7.79
JDQ4MTYyMiM4MSMkMiMkMCMkMDAkNDgxOTYxIzIxIyQxIyQxIyQ4OSQyNjEyMjIjNDEjJDEjJDgjJDgz,우리연합마취통증의학과의원,47170,의원,"경상북도 안동시 강남5길 10, 204호 (정하동, 남광빌딩)",2012-04-24,29,36.5509932,128.7356882,False,5.13
JDQ4MTYyMiM4MSMkMSMkMCMkNzIkMzgxMTkxIzIxIyQxIyQxIyQ3OSQzNjEyMjIjNDEjJDEjJDQjJDgz,우리치과의원,47170,치과의원,"경상북도 안동시 경북대로 399, 3층 (옥동)",2013-03-25,0,36.5645715,128.7004906,False,7.32
JDQ4MTYyMiM4MSMkMSMkMCMkNzIkMzgxOTYxIzExIyQxIyQ3IyQ5MiQzNjE0ODEjNTEjJDEjJDIjJDgz,우치과의원,47170,치과의원,"경상북도 안동시 경북대로 418, 2층 (옥동)",1995-04-29,0,36.5661659,128.6998248,False,7.34
JDQ4MTYyMiM4MSMkMSMkMCMkOTIkMzgxNzAyIzExIyQxIyQzIyQ4OSQyNjE4MzIjNjEjJDEjJDAjJDgz,원림보건진료소,47170,보건진료소,"경상북도 안동시 남선면 놉실로 197, 197",1984-01-01,0,36.5197113,128.7084352,False,9.29
JDQ4MTYyMiM4MSMkMiMkMCMkMDAkNDgxOTYxIzUxIyQxIyQ1IyQwMyQyNjEyMjIjNzEjJDEjJDgjJDgz,원연합이비인후과의원,47170,의원,"경상북도 안동시 경동로 617, 101호 (안흥동)",2018-03-05,0,36.5636369,128.7253262,False,5.23
JDQ4MTYyMiM4MSMkMSMkMCMkOTIkMzgxNzAyIzExIyQxIyQzIyQ5OSQyNjE4MzIjNDEjJDEjJDgjJDgz,원천보건진료소,47170,보건진료소,"경상북도 안동시 녹전면 예봉로 735, 735",1987-01-01,0,36.7865491,128.7397431,False,23.22
JDQ4MTYyMiM4MSMkMSMkMCMkOTIkMzgxNzAyIzExIyQxIyQzIyQ5OSQyNjE0ODEjNzEjJDEjJDgjJDgz,위리보건진료소,47170,보건진료소,"경상북도 안동시 임동면 임예로 724, (임동면)",1984-01-01,0,36.613804,128.9479118,False,15.44
JDQ4MTYyMiM4MSMkMiMkMCMkMDAkMzgxNzAyIzQxIyQyIyQ3IyQwMCQ0NjE0ODEjNjEjJDEjJDgjJDgz,유내과의원,47170,의원,"경상북도 안동시 단원로 120, 2층 (평화동)",2003-02-14,0,36.5705015,128.7169074,False,5.74
JDQ4MTYyMiM4MSMkMSMkMCMkMTMkNDgxOTYxIzExIyQxIyQzIyQ3MiQyNjEyMjIjNjEjJDEjJDQjJDgz,유명한의원,47170,한의원,"경상북도 안동시 경동로 890, (용상동)",2005-04-30,0,36.5580037,128.7528751,False,3.47
JDQ4MTYyMiM4MSMkMiMkMCMkMDAkNDgxMTkxIzExIyQxIyQzIyQ4MiQ0NjEwMDIjODEjJDEjJDIjJDgz,유영수신경과의원,47170,의원,"경상북도 안동시 경북대로 486, 3층 (송현동)",2018-10-24,0,36.5715373,128.6977247,False,7.42
JDQ4MTYyMiM4MSMkMiMkMCMkMDAkMzgxNzAyIzQxIyQxIyQ3IyQ3OSQ0NjE0ODEjNjEjJDEjJDAjJDgz,윤태숙산부인과의원,47170,의원,"경상북도 안동시 경북대로 405, 2층 (옥동)",2003-01-10,0,36.5650319,128.6997948,False,7.37
JDQ4MTYyMiM4MSMkMSMkMCMkOTkkNTgxOTYxIzExIyQxIyQzIyQ4OSQzNjE4MzIjNzEjJDEjJDgjJDgz,의료법인 송인의료재단 대성그린병원,47170,정신병원,"경상북도 안동시 임하면 고곡길 236, (임하면)",2003-12-29,286,36.4864183,128.8409486,True,11.77
JDQ4MTYyMiM4MSMkMSMkMCMkOTkkNTgxOTYxIzExIyQxIyQzIyQ3OSQzNjEwMDIjNTEjJDEjJDYjJDgz,의료법인 안동의료재단 용상안동병원,47170,정신병원,"경상북도 안동시 전거리길 57, (용상동)",2007-05-29,94,36.5600981,128.7437806,True,3.94
JDQ4MTYyMiM4MSMkMSMkMCMkOTkkNTgxMzUxIzIxIyQxIyQ1IyQ3OSQzNjE0ODEjODEjJDEjJDYjJDgz,의료법인 안흥의료재단 새안동요양병원,47170,요양병원,"경상북도 안동시 경동로 617,  (안흥동)",2015-02-04,203,36.5636369,128.7253262,True,5.23
JDQ4MTYyMiM4MSMkMSMkMCMkOTkkMzgxMzUxIzIxIyQyIyQ1IyQwMCQyNjE0ODEjNjEjJDEjJDAjJDgz,의료법인 인덕의료재단 복주회복병원,47170,병원,"경상북도 안동시 풍산읍 함백이길 154-0, (풍산읍)",2020-09-04,309,36.5795524,128.6678873,True,10.02
JDQ4MTYyMiM4MSMkMSMkMCMkOTkkNTgxMzUxIzExIyQxIyQzIyQ2MiQyNjEwMDIjNjEjJDEjJDAjJDgz,의료법인경북의료재단 경북요양병원,47170,요양병원,"경상북도 안동시 충효로 4463, (정하동)",2005-11-01,150,36.551568,128.7359107,True,5.07
JDQ4MTYyMiM4MSMkMSMkMCMkOTkkNTgxMzUxIzIxIyQxIyQxIyQ4MiQzNjEyMjIjNTEjJDEjJDIjJDgz,의료법인경북의료재단 길주요양병원,47170,요양병원,"경상북도 안동시 경동로 1289,  (송천동)",2013-08-09,298,36.5447589,128.7883746,True,4.02
JDQ4MTYyMiM4MSMkMSMkMCMkODkkMzgxMzUxIzExIyQxIyQzIyQ4OSQyNjEyMjIjNTEjJDEjJDIjJDgz,의료법인안동병원,47170,종합병원,"경상북도 안동시 앙실로 11,  (수상동)",1982-05-20,1045,36.5467408,128.7010976,True,7.98
JDQ4MTYyMiM4MSMkMSMkMCMkMTMkMzgxMTkxIzExIyQxIyQzIyQ5OSQzNjE4MzIjODEjJDEjJDIjJDgz,의료법인안동유리의료재단 안동유리한방병원,47170,한방병원,"경상북도 안동시 남후면 남일로 1463, (남후면)",2015-12-09,98,36.5229245,128.6890979,False,10.33
JDQ4MTYyMiM4MSMkMSMkMCMkMTMkMzgxNzAyIzExIyQxIyQ3IyQxMyQ0NjEwMDIjNzEjJDEjJDgjJDgz,의성한의원,47170,한의원,"경상북도 안동시 중앙시장길 26, 4층 (안흥동)",1979-06-08,0,36.5645472,128.7246573,False,5.25
JDQ4MTYyMiM4MSMkMSMkMCMkOTIkMzgxNzAyIzExIyQxIyQzIyQ5OSQzNjE0ODEjNDEjJDEjJDQjJDgz,이개보건진료소,47170,보건진료소,"경상북도 안동시 서후면 귀여리길 377, 377",1985-01-01,0,36.6162987,128.641325,False,13.02
JDQ4MTYyMiM4MSMkMSMkMCMkNzIkMzgxOTYxIzQxIyQxIyQ3IyQ4MiQyNjEwMDIjODEjJDEjJDYjJDgz,이상화치과의원,47170,치과의원,"경상북도 안동시 풍산읍 풍산중앙길 133, 2층",2004-04-29,0,36.5786325,128.5753059,False,18.29
JDQ4MTYyMiM4MSMkMSMkMCMkOTIkMzgxNzAyIzExIyQxIyQzIyQ4OSQyNjEyMjIjNjEjJDEjJDgjJDgz,이송천보건진료소,47170,보건진료소,"경상북도 안동시 서후면 이송천1길 37, 37",1983-01-01,0,36.610469,128.6914052,False,8.6
JDQ4MTYyMiM4MSMkMiMkMCMkMDAkMzgxNzAyIzQxIyQxIyQ3IyQ2MiQ0NjE0ODEjNTEjJDEjJDYjJDgz,이승훈가정의학과의원,47170,의원,"경상북도 안동시 경북대로 474, (송현동)",2003-03-13,0,36.5708579,128.6976195,False,7.44
JDQ4MTYyMiM4MSMkMiMkMCMkMDAkNDgxMzUxIzQxIyQxIyQ3IyQ3MiQzNjE4MzIjODEjJDEjJDIjJDgz,이장현산부인과의원,47170,의원,"경상북도 안동시 경북대로 423, (옥동,설광빌딩2층 201~204호)",2008-12-30,0,36.5665161,128.69877,False,7.42
JDQ4MTYyMiM4MSMkMiMkMCMkMDAkMzgxOTYxIzMxIyQxIyQ3IyQ4OSQzNjEyMjIjODEjJDEjJDIjJDgz,이정신건강의학과의원,47170,의원,"경상북도 안동시 서동문로 53, 1층 (평화동)",1990-11-26,0,36.566665,128.7176335,False,5.78
JDQ4MTYyMiM4MSMkMSMkMCMkNzIkMzgxOTYxIzExIyQxIyQ3IyQwMyQzNjE0ODEjNDEjJDEjJDQjJDgz,이춘홍연합치과의원,47170,치과의원,"경상북도 안동시 퇴계로 83, 4층 (목성동)",2002-10-22,0,36.5662203,128.7273859,False,4.96
JDQ4MTYyMiM4MSMkMSMkMCMkNzIkMzgxOTYxIzUxIyQxIyQxIyQxMyQ0NjE0ODEjNjEjJDEjJDAjJDgz,이편한치과의원,47170,치과의원,"경상북도 안동시 대안로 107, 3층 (대석동)",1994-04-29,0,36.5654499,128.7246893,False,5.21
JDQ4MTYyMiM4MSMkMSMkMCMkOTIkMzgxNzAyIzExIyQxIyQzIyQ4OSQyNjEwMDIjODEjJDEjJDIjJDgz,이하보건진료소,47170,보건진료소,"경상북도 안동시 와룡면 서날골길 144-6, 144",1985-01-01,0,36.6121475,128.7425892,False,4.88
JDQ4MTYyMiM4MSMkMSMkMCMkOTIkMzgxOTYxIzExIyQxIyQ3IyQ3MiQzNjEwMDIjNjEjJDEjJDQjJDgz,일직면보건지소,47170,보건지소,"경상북도 안동시 일직면 논들길 25, (일직면)",1980-01-01,0,36.4735176,128.6590302,False,16.06
JDQ4MTYyMiM4MSMkMSMkMCMkOTIkMzgxOTYxIzExIyQxIyQ3IyQ5OSQzNjE0ODEjNjEjJDEjJDQjJDgz,임동면보건지소,47170,보건지소,"경상북도 안동시 임동면 챗거리길 49, 49",1963-01-01,0,36.5686307,128.9201417,False,12.57
JDQ4MTYyMiM4MSMkMSMkMCMkOTIkMzgxOTYxIzExIyQyIyQ3IyQwMCQ0NjE0ODEjNjEjJDEjJDQjJDgz,임하면보건지소,47170,보건지소,"경상북도 안동시 임하면 충효로 3250, 3250",1971-01-01,0,36.5243421,128.8315374,False,7.73
JDQ4MTYyMiM4MSMkMSMkMCMkNzIkMzgxOTYxIzIxIyQxIyQxIyQ4MiQ0NjE0ODEjNjEjJDEjJDAjJDgz,장갑수치과의원,47170,치과의원,"경상북도 안동시 경동로 871, (용상동,3층)",1996-04-29,0,36.5592798,128.7517386,False,3.44
JDQ4MTYyMiM4MSMkMiMkMCMkMDAkNDgxOTYxIzMxIyQyIyQ3IyQwMCQyNjEwMDIjNTEjJDEjJDYjJDgz,장세나내과의원,47170,의원,"경상북도 안동시 경북대로 486, 3,4층 (송현동)",2015-12-11,0,36.5715373,128.6977247,False,7.42
JDQ4MTYyMiM4MSMkMiMkMCMkMDAkMzgxMTkxIzIxIyQxIyQxIyQ3MiQzNjE0ODEjNDEjJDEjJDgjJDgz,장소아청소년과의원,47170,의원,"경상북도 안동시 합전2길 7, (송현동)",1995-11-23,0,36.5704542,128.6979252,False,7.42
JDQ4MTYyMiM4MSMkMSMkMCMkNzIkMzgxMzUxIzQxIyQxIyQ3IyQ3MiQyNjEyMjIjNjEjJDEjJDAjJDgz,장치과의원,47170,치과의원,"경상북도 안동시 문화광장길 17, (남문동)",1990-04-30,0,36.5639912,128.7302052,False,4.81
JDQ4MTYyMiM4MSMkMiMkMCMkMDAkMzgxOTYxIzUxIyQxIyQxIyQ2MiQzNjEyMjIjNTEjJDEjJDIjJDgz,장피부과의원,47170,의원,"경상북도 안동시 퇴계로 84, 301호 (서부동, 안동빌딩)",1992-04-29,0,36.5659308,128.7276853,False,4.94
JDQ4MTYyMiM4MSMkMSMkMCMkNzIkMzgxOTYxIzUxIyQxIyQxIyQ5MiQyNjE4MzIjODEjJDEjJDYjJDgz,전상용치과의원,47170,치과의원,"경상북도 안동시 문화광장길 60, (삼산동,1필지)",2006-06-09,0,36.5655102,128.7315545,False,4.63
JDQ4MTYyMiM4MSMkMSMkMCMkMTMkNDgxOTYxIzUxIyQyIyQ1IyQwMCQyNjEwMDIjNDEjJDEjJDQjJDgz,전한의원,47170,한의원,"경상북도 안동시 퇴계로 219, 2층 (안막동)",2023-09-18,0,36.5764189,128.7332751,False,4.2
JDQ4MTYyMiM4MSMkMSMkMCMkMTMkNDgxOTYxIzMxIyQxIyQ3IyQ4OSQzNjEwMDIjODEjJDEjJDYjJDgz,정한의원,47170,한의원,"경상북도 안동시 제비원로 122, 옥야빌딩 1층 (옥야동)",2023-08-08,0,36.5630112,128.7210796,False,5.61
JDQ4MTYyMiM4MSMkMSMkMCMkMTMkMzgxNzAyIzUxIyQxIyQ1IyQ4OSQzNjEyMjIjNjEjJDEjJDQjJDgz,제일연합한의원,47170,한의원,"경상북도 안동시 경동로 603, 2층 (옥야동)",2007-02-26,0,36.5635569,128.7238187,False,5.36
JDQ4MTYyMiM4MSMkMiMkMCMkMDAkMzgxMTkxIzUxIyQxIyQxIyQwMyQyNjEyMjIjNjEjJDEjJDAjJDgz,제일외과의원,47170,의원,"경상북도 안동시 경동로 871, (용상동,외 3필지(1.2층))",1999-08-31,0,36.5592798,128.7517386,False,3.44
JDQ4MTYyMiM4MSMkMSMkMCMkNzIkMzgxOTYxIzQxIyQxIyQ3IyQ5OSQyNjE4MzIjNjEjJDEjJDgjJDgz,제일치과의원,47170,치과의원,"경상북도 안동시 경동로 607, (옥야동)",2003-06-28,0,36.563566,128.7241795,False,5.33
JDQ4MTYyMiM4MSMkMSMkMCMkNzIkMzgxMTkxIzIxIyQxIyQxIyQ2MiQzNjEyMjIjODEjJDEjJDYjJDgz,조영욱치과의원,47170,치과의원,"경상북도 안동시 경북대로 393, 경북빌딩 3층 (옥동)",2013-10-08,0,36.5642469,128.7007777,False,7.3
JDQ4MTYyMiM4MSMkMSMkMCMkNzIkMzgxMTkxIzExIyQxIyQzIyQ5MiQzNjEwMDIjNDEjJDEjJDQjJDgz,조해성치과의원,47170,치과의원,"경상북도 안동시 대안로 159, 2층 (남문동)",2010-11-18,0,36.5645639,128.7302259,False,4.78
JDQ4MTYyMiM4MSMkMSMkMCMkNzIkMzgxOTYxIzQxIyQxIyQ3IyQ5MiQyNjE0ODEjODEjJDEjJDIjJDgz,좋은치과의원,47170,치과의원,"경상북도 안동시 강남5길 54, (정하동)",2004-05-27,0,36.5507113,128.7331462,False,5.33
JDQ4MTYyMiM4MSMkMSMkMCMkMTMkNDgxMzUxIzUxIyQxIyQ1IyQwMyQyNjEyMjIjODEjJDEjJDYjJDgz,진한의원,47170,한의원,"경상북도 안동시 중앙시장길 53, 1층 (광석동)",2008-04-07,0,36.5658531,128.7243821,False,5.23
JDQ4MTYyMiM4MSMkMiMkMCMkMDAkMzgxOTYxIzIxIyQxIyQ5IyQ5OSQyNjEyMjIjNDEjJDEjJDQjJDgz,차이비인후과의원,47170,의원,"경상북도 안동시 대안로 76, (옥야동)",1988-10-24,0,36.564899,128.7211829,False,5.53
JDQ4MTYyMiM4MSMkMiMkMCMkMDAkNDgxMzUxIzIxIyQxIyQxIyQ5OSQzNjE4MzIjNjEjJDEjJDAjJDgz,참좋은재활의학과의원,47170,의원,"경상북도 안동시 경동로 661, 3층 (남부동)",2005-10-05,0,36.5633686,128.7302513,False,4.83
JDQ4MTYyMiM4MSMkMSMkMCMkMTMkNDgxMzUxIzExIyQxIyQzIyQ3MiQyNjE4MzIjODEjJDEjJDIjJDgz,청송한의원,47170,한의원,"경상북도 안동시 경동로 888, (용상동)",1997-07-18,0,36.5580848,128.7527389,False,3.47
JDQ4MTYyMiM4MSMkMiMkMCMkMDAkMzgxMTkxIzExIyQxIyQ3IyQ5OSQyNjEyMjIjNjEjJDEjJDgjJDgz,최비뇨기과의원,47170,의원,"경상북도 안동시 대안로 161, (남문동)",1994-12-28,0,36.5644544,128.7304353,False,4.77
JDQ4MTYyMiM4MSMkMiMkMCMkMDAkMzgxMTkxIzMxIyQxIyQ3IyQwMyQyNjE4MzIjNDEjJDEjJDQjJDgz,최영환내과의원,47170,의원,"경상북도 안동시 퇴계로 84, (서부동)",1998-12-03,0,36.5659308,128.7276853,False,4.94
JDQ4MTYyMiM4MSMkMiMkMCMkMDAkNDgxMTkxIzExIyQxIyQ3IyQ5OSQzNjEwMDIjNTEjJDEjJDIjJDgz,최이비인후과의원,47170,의원,"경상북도 안동시 경북대로 433, 메트로빌딩 5층 502호 (옥동)",2018-05-10,0,36.5673215,128.6983276,False,7.44
JDQ4MTYyMiM4MSMkMSMkMCMkMTMkNDgxMTkxIzExIyQxIyQzIyQ3OSQzNjE4MzIjNjEjJDEjJDQjJDgz,케이한의원,47170,한의원,"경상북도 안동시 경북대로 387, 2층 (옥동)",2017-08-01,10,36.5639462,128.7014182,False,7.26
JDQ4MTYyMiM4MSMkMSMkMCMkMTMkMzgxNzAyIzUxIyQxIyQxIyQ2MiQzNjE0ODEjNjEjJDEjJDAjJDgz,탁한의원,47170,한의원,"경상북도 안동시 퇴계로 92, 2층 (서부동)",1999-05-14,0,36.5663592,128.7284042,False,4.87
JDQ4MTYyMiM4MSMkMSMkMCMkNzIkMzgxMTkxIzIxIyQxIyQxIyQxMyQzNjE4MzIjNTEjJDEjJDYjJDgz,탑치과의원,47170,치과의원,"경상북도 안동시 경동로 662, (운흥동)",2012-08-07,0,36.5629303,128.7302988,False,4.85
JDQ4MTYyMiM4MSMkMSMkMCMkMTMkMzgxNzAyIzIxIyQxIyQxIyQ3OSQyNjEwMDIjNTEjJDEjJDIjJDgz,태화당한의원,47170,한의원,"경상북도 안동시 대안로 173, 2층 (남부동, 동남새마을금고)",1983-12-13,0,36.564216,128.7317299,False,4.67
JDQ4MTYyMiM4MSMkMSMkMCMkMTMkNDgxOTYxIzMxIyQxIyQ3IyQwMyQyNjEyMjIjNjEjJDEjJDQjJDgz,팔팔한의원,47170,한의원,"경상북도 안동시 경북대로 406, 태산빌딩 2층 (옥동)",2018-01-03,0,36.5653298,128.7002749,False,7.32
JDQ4MTYyMiM4MSMkMSMkMCMkMTMkNDgxOTYxIzUxIyQxIyQxIyQwMyQyNjE0ODEjNDEjJDEjJDgjJDgz,푸른한의원,47170,한의원,"경상북도 안동시 경북대로 379, 1,6층 (옥동)",2022-06-14,0,36.5635252,128.7021255,False,7.21
JDQ4MTYyMiM4MSMkMSMkMCMkOTIkMzgxOTYxIzExIyQxIyQ3IyQ5MiQzNjE0ODEjNDEjJDEjJDgjJDgz,풍산읍보건지소,47170,보건지소,"경상북도 안동시 풍산읍 풍산중앙길 99, 99",1962-01-01,0,36.580125,128.572025,False,18.58
JDQ4MTYyMiM4MSMkMSMkMCMkMTMkNDgxOTYxIzUxIyQxIyQ1IyQ2MiQyNjEwMDIjNzEjJDEjJDgjJDgz,풍산한의원,47170,한의원,"경상북도 안동시 풍산읍 풍산중앙길 132, 2층 (서안동새마을금고 풍산지점)",2015-12-30,0,36.5784829,128.5749504,False,18.32
JDQ4MTYyMiM4MSMkMSMkMCMkOTIkMzgxOTYxIzExIyQxIyQ3IyQ5MiQyNjE0ODEjODEjJDEjJDYjJDgz,풍천면보건지소,47170,보건지소,"경상북도 안동시 풍천면 지풍로 1465-4, (풍천면)",1976-01-01,0,36.5562429,128.5061907,False,24.61
JDQ4MTYyMiM4MSMkMiMkMCMkMDAkNDgxMTkxIzExIyQxIyQ3IyQwMyQzNjEyMjIjNjEjJDEjJDAjJDgz,하원호성형외과의원,47170,의원,"경상북도 안동시 대안로 177, 3층 (운흥동)",2019-09-26,0,36.564273,128.7322249,False,4.63
JDQ4MTYyMiM4MSMkMSMkMCMkOTIkMzgxNzAyIzExIyQxIyQzIyQ4OSQzNjEyMjIjODEjJDEjJDYjJDgz,하회보건진료소,47170,보건진료소,"경상북도 안동시 풍천면 하회종가길 38, (풍천면)",1984-01-01,0,36.5394558,128.5198592,False,23.68
JDQ4MTYyMiM4MSMkMiMkMCMkMDAkMzgxOTYxIzQxIyQxIyQ3IyQ3MiQzNjE4MzIjNDEjJDEjJDgjJDgz,한일외과의원,47170,의원,"경상북도 안동시 퇴계로 100, (북문동)",1992-01-07,4,36.5667874,128.7293794,False,4.77
JDQ4MTYyMiM4MSMkMSMkMCMkNzIkMzgxMTkxIzExIyQxIyQzIyQ3MiQ0NjE0ODEjNDEjJDEjJDQjJDgz,해바라기치과의원,47170,치과의원,"경상북도 안동시 서동문로 158, 2층 (서부동)",2010-08-10,0,36.566423,128.7293018,False,4.79
JDQ4MTYyMiM4MSMkMSMkMCMkMTMkNDgxMzUxIzMxIyQxIyQzIyQ5MiQyNjEyMjIjNjEjJDEjJDgjJDgz,해바라기한의원,47170,한의원,"경상북도 안동시 서동문로 158, (서부동)",2010-08-10,0,36.566423,128.7293018,False,4.79
JDQ4MTYyMiM4MSMkMSMkMCMkNzIkMzgxMzUxIzMxIyQxIyQzIyQ4OSQzNjEyMjIjNjEjJDEjJDQjJDgz,현대치과의원,47170,치과의원,"경상북도 안동시 경동로 653, (남문동)",2004-06-30,0,36.5633722,128.7294341,False,4.9
JDQ4MTYyMiM4MSMkMiMkMCMkMDAkMzgxNzAyIzIxIyQxIyQ1IyQ4OSQyNjEyMjIjNzEjJDEjJDgjJDgz,혜민의원,47170,의원,"경상북도 안동시 풍천면 구담배나들길 42, (풍천면)",2001-05-17,0,36.5417907,128.4665006,False,28.33
JDQ4MTYyMiM4MSMkMiMkMCMkMDAkMzgxOTYxIzUxIyQxIyQ1IyQ5MiQzNjE4MzIjODEjJDEjJDYjJDgz,혜성의원,47170,의원,"경상북도 안동시 태사2길 10, 1~2층 (북문동)",1993-10-09,0,36.5667772,128.7311389,False,4.62
JDQ4MTYyMiM4MSMkMSMkMCMkOTIkMzgxNzAyIzExIyQxIyQzIyQ4OSQyNjE0ODEjNDEjJDEjJDQjJDgz,회곡보건진료소,47170,보건진료소,"경상북도 안동시 풍산읍 풍산태사로 1703-2, 1703",1987-01-01,0,36.5632911,128.6296434,False,13.57
JDQ4MTYyMiM4MSMkMiMkMCMkMDAkNDgxMzUxIzIxIyQxIyQ1IyQwMyQzNjEyMjIjNjEjJDEjJDgjJDgz,힐통증의학과의원,47170,의원,"경상북도 안동시 퇴계로 84, 5층 501호 (서부동, 안동빌딩)",2010-08-25,0,36.5659308,128.7276853,False,4.94
JDQ4MTYyMiM4MSMkMSMkMCMkNzIkMzgxOTYxIzIxIyQxIyQxIyQxMyQyNjE4MzIjNjEjJDEjJDQjJDgz,UDC치과의원,47190,치과의원,"경상북도 구미시 인동가산로 23, 701호 (황상동)",2002-06-15,0,36.1068008,128.4195091,False,12.57
JDQ4MTYyMiM4MSMkMSMkMCMkNzIkMzgxOTYxIzIxIyQxIyQ1IyQ4MiQzNjE0ODEjODEjJDEjJDIjJDgz,UIC시카고치과의원,47190,치과의원,"경상북도 구미시 형곡로 179, (형곡동)",2006-05-08,0,36.1068541,128.3358041,False,11.31
JDQ4MTYyMiM4MSMkMSMkMCMkNzIkMzgxMzUxIzUxIyQxIyQxIyQ3MiQzNjEwMDIjNjEjJDEjJDQjJDgz,가람치과의원,47190,치과의원,"경상북도 구미시 금오산로 53-4, 코끼리타워 5층 501호 (원평동)",2003-07-01,0,36.1272116,128.3375983,False,9.05
JDQ4MTYyMiM4MSMkMSMkMCMkOTIkMzgxNzAyIzIxIyQxIyQ1IyQ2MiQzNjEwMDIjNDEjJDEjJDgjJDgz,가산보건진료소,47190,보건진료소,"경상북도 구미시 도개면 용산가산길 157-1, (가산보건진료소)",1981-10-02,0,36.3291288,128.299277,False,14.45
JDQ4MTYyMiM4MSMkMSMkMCMkNzIkMzgxMTkxIzIxIyQxIyQ5IyQ3MiQzNjE4MzIjNzEjJDEjJDgjJDgz,가우정치과의원,47190,치과의원,"경상북도 구미시 옥계북로 34, 302호 (옥계동, 원광빌딩)",2017-01-25,0,36.138182,128.4211772,False,9.69
JDQ4MTYyMiM4MSMkMSMkMCMkNjIkMzgxMzUxIzExIyQxIyQzIyQ4MiQ0NjE0ODEjNDEjJDEjJDgjJDgz,가이드치과병원,47190,치과병원,"경상북도 구미시 인동36길 17, 3층 (구평동,보람빌딩)",2006-07-25,0,36.0930247,128.4323588,False,14.47
JDQ4MTYyMiM4MSMkMiMkMCMkMDAkMzgxNzAyIzIxIyQxIyQ5IyQ4OSQyNjE0ODEjNzEjJDEjJDgjJDgz,가정의원,47190,의원,"경상북도 구미시 고아읍 문장로22길 40, (고아읍)",2001-11-01,0,36.1530704,128.3329232,False,6.37
JDQ4MTYyMiM4MSMkMiMkMCMkMDAkMzgxMTkxIzIxIyQxIyQxIyQ2MiQzNjE0ODEjNTEjJDEjJDYjJDgz,가족사랑의원,47190,의원,"경상북도 구미시 도봉로5길 11, 가동 205호 (봉곡동, 주공그린빌상가)",1995-10-25,0,36.1423178,128.3163351,False,8.04
JDQ4MTYyMiM4MSMkMiMkMCMkMDAkMzgxOTYxIzUxIyQyIyQxIyQwMCQzNjE4MzIjNTEjJDEjJDYjJDgz,가톨릭이비인후과의원,47190,의원,"경상북도 구미시 신시로 75, (형곡동)",2005-02-28,0,36.1145624,128.3387076,False,10.43
JDQ4MTYyMiM4MSMkMSMkMCMkOTkkMzgxOTYxIzExIyQxIyQzIyQ4OSQzNjEwMDIjNzEjJDEjJDgjJDgz,강남병원,47190,병원,"경상북도 구미시 금오시장로2길 21, (원평동)",2010-06-01,87,36.1244456,128.3422885,True,9.29
JDQ4MTYyMiM4MSMkMSMkMCMkNzIkMzgxOTYxIzUxIyQxIyQxIyQ3MiQyNjEwMDIjODEjJDEjJDIjJDgz,강남성모치과의원,47190,치과의원,"경상북도 구미시 형곡동로 91, (형곡동)",2007-06-11,0,36.110507,128.3357641,False,10.91
JDQ4MTYyMiM4MSMkMiMkMCMkMDAkNDgxMzUxIzQxIyQyIyQ3IyQwMCQ0NjEwMDIjNDEjJDEjJDQjJDgz,강내과의원,47190,의원,"경상북도 구미시 신시로 63, 3층 (형곡동, 명성빌딩)",2008-12-08,0,36.1135835,128.3388122,False,10.53
JDQ4MTYyMiM4MSMkMSMkMCMkNzIkMzgxOTYxIzUxIyQxIyQ1IyQ3MiQyNjE0ODEjNjEjJDEjJDgjJDgz,강민연합치과의원,47190,치과의원,"경상북도 구미시 구미대로 409, 4층 (신평동)",2008-04-18,0,36.1234446,128.3625047,False,9.35
JDQ4MTYyMiM4MSMkMSMkMCMkNzIkMzgxOTYxIzMxIyQyIyQ3IyQwMCQzNjE0ODEjNjEjJDEjJDQjJDgz,강상환치과의원,47190,치과의원,"경상북도 구미시 봉곡남로 83, 3층 (봉곡동)",2011-06-09,0,36.1491776,128.3113193,False,7.59
JDQ4MTYyMiM4MSMkMSMkMCMkMTMkMzgxNzAyIzIxIyQxIyQ1IyQ5MiQzNjE0ODEjNjEjJDEjJDAjJDgz,강춘한의원,47190,한의원,"경상북도 구미시 송동로 83, (도량동)",1989-03-17,0,36.1400907,128.3231815,False,8.02
JDQ4MTYyMiM4MSMkMiMkMCMkMDAkMzgxMTkxIzExIyQyIyQzIyQwMCQyNjEyMjIjNzEjJDEjJDgjJDgz,건강한소아과의원,47190,의원,"경상북도 구미시 선산읍 선산대로 1399-6, (선산읍)",2006-03-02,0,36.2400835,128.3030654,False,5.94
JDQ4MTYyMiM4MSMkMiMkMCMkMDAkNDgxMTkxIzExIyQxIyQzIyQ5MiQzNjEwMDIjNTEjJDEjJDIjJDgz,경대바른정형외과의원,47190,의원,"경상북도 구미시 봉곡남로 83, 경우빌딩 1,5층 (봉곡동)",2018-11-15,0,36.1491776,128.3113193,False,7.59
JDQ4MTYyMiM4MSMkMiMkMCMkMDAkNDgxMTkxIzExIyQxIyQ3IyQ5OSQyNjE0ODEjNDEjJDEjJDgjJDgz,경대연합속튼튼내과의원,47190,의원,"경상북도 구미시 야은로 267, 3층 (봉곡동)",2019-04-02,0,36.1397842,128.3125314,False,8.44
JDQ4MTYyMiM4MSMkMiMkMCMkMDAkNDgxMTkxIzIxIyQxIyQ1IyQ5OSQzNjE4MzIjNDEjJDEjJDgjJDgz,경대연합신경과의원,47190,의원,"경상북도 구미시 신시로 59, 3층 (형곡동)",2021-02-23,0,36.1132389,128.3388137,False,10.57
JDQ4MTYyMiM4MSMkMiMkMCMkMDAkMzgxMTkxIzExIyQxIyQzIyQ2MiQzNjE4MzIjNjEjJDEjJDQjJDgz,경북의원,47190,의원,"경상북도 구미시 선산읍 남문로 41, (선산읍)",1995-10-05,0,36.2413596,128.3012125,False,6.16
JDQ4MTYyMiM4MSMkMSMkMCMkMTMkNDgxMzUxIzUxIyQyIyQxIyQwMCQyNjEyMjIjNjEjJDEjJDgjJDgz,경희본한의원,47190,한의원,"경상북도 구미시 도봉로 76-51, (도량동)",2006-06-02,0,36.1394963,128.3171626,False,8.29
JDQ4MTYyMiM4MSMkMSMkMCMkMTMkMzgxNzAyIzExIyQxIyQ3IyQ5MiQyNjE0ODEjODEjJDEjJDYjJDgz,경희한의원,47190,한의원,"경상북도 구미시 신비로1길 2, (신평동)",1980-01-14,0,36.1233051,128.363813,False,9.38
JDQ4MTYyMiM4MSMkMiMkMCMkMDAkNDgxMTkxIzQxIyQxIyQ3IyQ3MiQzNjEwMDIjNTEjJDEjJDIjJDgz,고려마취통증의학과의원,47190,의원,"경상북도 구미시 금오산로 58, 1~4층 (원평동)",2012-12-28,29,36.1272757,128.3369371,False,9.06
JDQ4MTYyMiM4MSMkMSMkMCMkMTMkMzgxNzAyIzIxIyQxIyQxIyQ3MiQyNjE4MzIjNjEjJDEjJDQjJDgz,고려한의원,47190,한의원,"경상북도 구미시 구미중앙로 50, (원평동)",1990-07-14,0,36.1299525,128.3283893,False,8.94
JDQ4MTYyMiM4MSMkMSMkMCMkOTIkMzgxOTYxIzExIyQxIyQzIyQwMyQyNjEyMjIjNjEjJDEjJDgjJDgz,고아읍보건지소,47190,보건지소,"경상북도 구미시 고아읍 선산대로 980, (고아읍사무소)",1988-01-01,0,36.2109468,128.3283922,False,2.46
JDQ4MTYyMiM4MSMkMSMkMCMkNzIkMzgxMzUxIzIxIyQxIyQxIyQ3OSQyNjEwMDIjODEjJDEjJDIjJDgz,공단치과의원,47190,치과의원,"경상북도 구미시 산호대로 179, (공단동)",1980-05-10,0,36.0996216,128.3849753,False,12.27
JDQ4MTYyMiM4MSMkMSMkMCMkMTMkNDgxMzUxIzIxIyQxIyQxIyQxMyQyNjE4MzIjNDEjJDEjJDQjJDgz,광동한의원,47190,한의원,"경상북도 구미시 인동36길 9, (구평동, 금강빌딩)",2001-10-13,0,36.0934981,128.4325984,False,14.43
JDQ4MTYyMiM4MSMkMSMkMCMkOTkkNTgxMzUxIzIxIyQyIyQ1IyQwMCQ0NjEwMDIjNDEjJDEjJDgjJDgz,구미 푸른요양병원,47190,요양병원,"경상북도 구미시 장천면 산호대로 1391, (장천면)",2017-05-18,121,36.1365413,128.4800816,True,13.68
JDQ4MTYyMiM4MSMkMSMkMCMkOTkkNTgxMzUxIzIxIyQxIyQxIyQ4MiQyNjEwMDIjNDEjJDEjJDgjJDgz,구미가톨릭요양병원,47190,요양병원,"경상북도 구미시 야은로 483,  (도량동)",2013-06-24,150,36.1348953,128.3355721,True,8.25
JDQ4MTYyMiM4MSMkMiMkMCMkMDAkMzgxOTYxIzQxIyQxIyQ3IyQ3MiQzNjEwMDIjNjEjJDEjJDQjJDgz,구미가톨릭피부과의원,47190,의원,"경상북도 구미시 역전로 18, (원평동)",2002-08-08,0,36.1301745,128.332057,False,8.84
JDQ4MTYyMiM4MSMkMSMkMCMkODkkMzgxMzUxIzExIyQxIyQzIyQ2MiQyNjEyMjIjNjEjJDEjJDAjJDgz,구미강동병원,47190,종합병원,"경상북도 구미시 인동20길 46,  (진평동)",2008-03-24,203,36.096239,128.4228695,True,13.76
JDQ4MTYyMiM4MSMkMiMkMCMkMDAkNDgxOTYxIzMxIyQxIyQzIyQ5OSQ0NjE0ODEjNzEjJDEjJDgjJDgz,구미김지훈신경과의원,47190,의원,"경상북도 구미시 신시로 67, 4층 (형곡동, 우리M타워)",2015-03-03,0,36.1138768,128.3387446,False,10.5
JDQ4MTYyMiM4MSMkMiMkMCMkMDAkNDgxMTkxIzMxIyQxIyQzIyQ4MiQ0NjEwMDIjNDEjJDEjJDQjJDgz,구미더원안과의원,47190,의원,"경상북도 구미시 송정대로 34, 2~3층 (송정동)",2023-02-22,1,36.1173322,128.3426075,False,10.08
JDQ4MTYyMiM4MSMkMSMkMCMkNjIkMzgxMzUxIzExIyQxIyQzIyQ4MiQzNjE0ODEjODEjJDEjJDYjJDgz,구미미르치과병원,47190,치과병원,"경상북도 구미시 신시로 69-0,  4~10층 (형곡동,미르빌딩)",2017-06-02,0,36.1140836,128.3386517,False,10.48
JDQ4MTYyMiM4MSMkMiMkMCMkMDAkNDgxMTkxIzIxIyQxIyQ1IyQ3OSQzNjEyMjIjODEjJDEjJDYjJDgz,구미봄안과의원,47190,의원,"경상북도 구미시 옥계북로 26, (옥계동)",2020-12-18,0,36.1382147,128.4202436,False,9.64
JDQ4MTYyMiM4MSMkMSMkMCMkNzIkMzgxOTYxIzQxIyQxIyQ3IyQwMyQ0NjE0ODEjNDEjJDEjJDgjJDgz,구미부부치과의원,47190,치과의원,"경상북도 구미시 역전로 13, 3층 (원평동)",2019-06-14,0,36.1300644,128.3315217,False,8.86
JDQ4MTYyMiM4MSMkMiMkMCMkMDAkMzgxMTkxIzQxIyQxIyQ3IyQ4MiQyNjE4MzIjNDEjJDEjJDgjJDgz,구미석정형외과의원,47190,의원,"경상북도 구미시 원남로 7, 2층 202호 (남통동)",2025-09-25,0,36.1307814,128.3224416,False,9.02
JDQ4MTYyMiM4MSMkMSMkMCMkMTMkNDgxOTYxIzExIyQxIyQzIyQ3OSQzNjE4MzIjNDEjJDEjJDQjJDgz,구미수한의원,47190,한의원,"경상북도 구미시 신시로 77, (형곡동)",2018-11-28,0,36.1148833,128.3387097,False,10.39
JDQ4MTYyMiM4MSMkMSMkMCMkNzIkMzgxMTkxIzIxIyQxIyQxIyQ3MiQyNjE0ODEjNzEjJDEjJDgjJDgz,구미숙면치과의원,47190,치과의원,"경상북도 구미시 산호대로 191-4, 제일빌딩 2층 (공단동)",1991-05-01,0,36.1010196,128.384973,False,12.12
JDQ4MTYyMiM4MSMkMSMkMCMkOTkkNTgxMzUxIzIxIyQxIyQ1IyQwMyQzNjEwMDIjNjEjJDEjJDQjJDgz,구미숲요양병원,47190,요양병원,"경상북도 구미시 인동36길 89-0,  (구평동)",2022-09-13,148,36.086847,128.4302403,True,14.99
JDQ4MTYyMiM4MSMkMSMkMCMkOTkkNTgxMzUxIzExIyQyIyQ3IyQwMCQyNjEwMDIjNTEjJDEjJDYjJDgz,구미시립노인요양병원,47190,요양병원,"경상북도 구미시 야은로 37-1,  (부곡동)",2008-04-15,249,36.1531976,128.290267,True,8.4
JDQ4MTYyMiM4MSMkMSMkMCMkOTIkMzgxMzUxIzExIyQxIyQzIyQ5OSQzNjE4MzIjODEjJDEjJDIjJDgz,구미시보건소,47190,보건소,"경상북도 구미시 선산대로 111, (지산동)",1978-02-15,0,36.1399352,128.345954,False,7.55
JDQ4MTYyMiM4MSMkMSMkMCMkOTIkMzgxMzUxIzExIyQxIyQzIyQ2MiQyNjEyMjIjNDEjJDEjJDgjJDgz,구미시선산보건소,47190,보건소,"경상북도 구미시 선산읍 선주로 121, (선산읍)",1998-07-01,0,36.2443038,128.2999693,False,6.45
JDQ4MTYyMiM4MSMkMSMkMCMkMTMkNDgxOTYxIzIxIyQxIyQ5IyQ3MiQzNjEwMDIjNjEjJDEjJDQjJDgz,구미아이누리한의원,47190,한의원,"경상북도 구미시 산호대로31길 3, 3층 (옥계동, 학서빌딩)",2014-04-09,0,36.1367818,128.4219031,False,9.86
JDQ4MTYyMiM4MSMkMiMkMCMkMDAkNDgxOTYxIzUxIyQxIyQ1IyQ4MiQ0NjEwMDIjNDEjJDEjJDQjJDgz,구미연합소아청소년과의원,47190,의원,"경상북도 구미시 야은로 273, 2,3층 (봉곡동)",2015-03-05,29,36.1397091,128.313071,False,8.43
JDQ4MTYyMiM4MSMkMiMkMCMkMDAkNDgxOTYxIzMxIyQxIyQzIyQ3OSQ0NjEwMDIjNDEjJDEjJDgjJDgz,구미연합속내과의원,47190,의원,"경상북도 구미시 송동로 79, (도량동)",2015-01-09,1,36.1397683,128.323377,False,8.05
JDQ4MTYyMiM4MSMkMiMkMCMkMDAkNDgxOTYxIzMxIyQxIyQzIyQ3MiQyNjEwMDIjNDEjJDEjJDgjJDgz,구미연합신경외과의원,47190,의원,"경상북도 구미시 금오대로 292, 2층 (오태동)",2015-04-23,0,36.0707609,128.348845,False,15.2
JDQ4MTYyMiM4MSMkMSMkMCMkNjIkMzgxMzUxIzExIyQyIyQzIyQwMCQyNjEwMDIjNTEjJDEjJDIjJDgz,구미예치과병원,47190,치과병원,"경상북도 구미시 인동가산로 28, 2층 (진평동)",2007-04-02,0,36.1062352,128.4189359,False,12.61
JDQ4MTYyMiM4MSMkMiMkMCMkMDAkNDgxMTkxIzMxIyQxIyQ3IyQ4MiQzNjEyMjIjNDEjJDEjJDgjJDgz,구미오케이신경과의원,47190,의원,"경상북도 구미시 송동로 79, 4층 (도량동)",2024-01-24,0,36.1397683,128.323377,False,8.05
JDQ4MTYyMiM4MSMkMSMkMCMkMTMkNDgxMzUxIzExIyQxIyQ3IyQ3OSQyNjE0ODEjNTEjJDEjJDYjJDgz,구미옥계고방한의원,47190,한의원,"경상북도 구미시 옥계북로 50-1, 201호 (옥계동)",2015-06-30,0,36.1379991,128.4230514,False,9.81
JDQ4MTYyMiM4MSMkMiMkMCMkMDAkNDgxMTkxIzIxIyQxIyQ1IyQwMyQzNjEwMDIjODEjJDEjJDYjJDgz,구미우리들신경외과의원,47190,의원,"경상북도 구미시 옥계북로 40, 4층 401호 (옥계동)",2021-08-12,3,36.1380448,128.4218021,False,9.74
JDQ4MTYyMiM4MSMkMSMkMCMkNzIkMzgxMTkxIzIxIyQyIyQxIyQwMCQzNjE4MzIjNDEjJDEjJDQjJDgz,구미이담플란트치과의원,47190,치과의원,"경상북도 구미시 봉곡남로 103, 3층 (봉곡동)",2015-10-06,0,36.1499834,128.3132494,False,7.42
JDQ4MTYyMiM4MSMkMSMkMCMkNzIkMzgxMTkxIzIxIyQxIyQ1IyQ5OSQ0NjE0ODEjNzEjJDEjJDgjJDgz,구미이튼365치과의원,47190,치과의원,"경상북도 구미시 상사서로 33-7, 1~3층 (상모동, 상모굿팔레스)",2008-03-11,0,36.0849239,128.3551187,False,13.61
JDQ4MTYyMiM4MSMkMiMkMCMkMDAkNDgxMzUxIzIxIyQxIyQxIyQxMyQ0NjEwMDIjNDEjJDEjJDgjJDgz,구미인동속시원내과의원,47190,의원,"경상북도 구미시 인동중앙로 15, (황상동)",2006-03-02,0,36.1069846,128.4207005,False,12.6
JDQ4MTYyMiM4MSMkMiMkMCMkMDAkNDgxOTYxIzExIyQxIyQzIyQwMyQ0NjE0ODEjODEjJDEjJDYjJDgz,구미정형외과의원,47190,의원,"경상북도 구미시 구미중앙로 142, (원평동)",1994-01-03,2,36.1261194,128.337454,False,9.18
JDQ4MTYyMiM4MSMkMSMkMCMkNzIkMzgxMzUxIzUxIyQyIyQxIyQwMCQyNjE4MzIjNjEjJDEjJDAjJDgz,구미치과의원,47190,치과의원,"경상북도 구미시 구미중앙로 105, (원평동)",1991-05-01,0,36.1279821,128.3339784,False,9.03
JDQ4MTYyMiM4MSMkMiMkMCMkMDAkNDgxMzUxIzExIyQyIyQzIyQwMCQzNjE4MzIjODEjJDEjJDYjJDgz,구미큰나무정형외과의원,47190,의원,"경상북도 구미시 인동중앙로10길 4, 지하1,지상1,4층 (인의동)",2017-03-28,0,36.1082764,128.4228917,False,12.57
JDQ4MTYyMiM4MSMkMSMkMCMkNzIkMzgxOTYxIzMxIyQxIyQzIyQ3MiQyNjEwMDIjODEjJDEjJDYjJDgz,구미플러스치과의원,47190,치과의원,"경상북도 구미시 구미대로 174, (광평동)",2005-12-15,0,36.1027743,128.3638129,False,11.65
JDQ4MTYyMiM4MSMkMiMkMCMkMDAkMzgxOTYxIzUxIyQxIyQxIyQ3MiQzNjE0ODEjNTEjJDEjJDYjJDgz,구미항외과의원,47190,의원,"경상북도 구미시 형곡중앙로 24, (형곡동)",1992-07-23,8,36.1109665,128.3344832,False,10.88
JDQ4MTYyMiM4MSMkMSMkMCMkOTkkMzgxMzUxIzIxIyQxIyQxIyQ4MiQyNjE0ODEjNDEjJDEjJDQjJDgz,구미현대병원,47190,병원,"경상북도 구미시 신시로 54,  (형곡동)",2007-08-31,68,36.1127283,128.3395556,True,10.62
JDQ4MTYyMiM4MSMkMSMkMCMkOTIkMzgxNzAyIzIxIyQyIyQ1IyQwMCQ0NjEwMDIjNzEjJDEjJDgjJDgz,구봉보건진료소,47190,보건진료소,"경상북도 구미시 옥성면 구봉1길 5, (구봉보건진료소)",1981-10-01,0,36.346221,128.2753967,False,17.03
JDQ4MTYyMiM4MSMkMSMkMCMkOTIkMzgxNzAyIzIxIyQyIyQ1IyQwMCQ0NjE0ODEjODEjJDEjJDYjJDgz,구운보건진료소,47190,보건진료소,"경상북도 구미시 고아읍 송평로 141, (구운보건진료소)",1984-10-01,0,36.1691123,128.3669975,False,4.38
JDQ4MTYyMiM4MSMkMiMkMCMkMDAkNDgxOTYxIzMxIyQxIyQzIyQ5MiQzNjEyMjIjNzEjJDEjJDgjJDgz,굿모닝가정의학과의원,47190,의원,"경상북도 구미시 왕산로 28-10, 301동 201호 (임은동, 삼도뷰엔빌W 상가동)",2015-07-01,0,36.0860085,128.3637238,False,13.51
JDQ4MTYyMiM4MSMkMSMkMCMkNzIkMzgxOTYxIzIxIyQxIyQ5IyQ5MiQ0NjEwMDIjNTEjJDEjJDIjJDgz,굿앤굿치과의원,47190,치과의원,"경상북도 구미시 인동36길 12-1, (진평동)",2005-07-18,0,36.0935723,128.432185,False,14.41
JDQ4MTYyMiM4MSMkMiMkMCMkMDAkMzgxMTkxIzMxIyQxIyQzIyQ2MiQzNjEyMjIjODEjJDEjJDYjJDgz,권가정의학과의원,47190,의원,"경상북도 구미시 상사서로 44, 2층 (상모동)",1998-02-14,0,36.08629,128.3557,False,13.46
JDQ4MTYyMiM4MSMkMiMkMCMkMDAkMzgxMTkxIzExIyQxIyQ3IyQ2MiQ0NjEwMDIjODEjJDEjJDIjJDgz,권소아과의원,47190,의원,"경상북도 구미시 송동로 81, 2,3층 (도량동)",1995-02-20,0,36.1399756,128.3232643,False,8.03
JDQ4MTYyMiM4MSMkMiMkMCMkMDAkNDgxMTkxIzUxIyQxIyQxIyQ2MiQzNjE4MzIjODEjJDEjJDIjJDgz,근로복지공단 구미의원,47190,의원,"경상북도 구미시 인동가산로 14, 6층 (진평동)",2025-04-14,0,36.1072292,128.4179638,False,12.47
JDQ4MTYyMiM4MSMkMSMkMCMkOTIkMzgxNzAyIzIxIyQyIyQ1IyQwMCQzNjEyMjIjNTEjJDEjJDIjJDgz,금산보건진료소,47190,보건진료소,"경상북도 구미시 장천면 장천금산3길 10-3, (장천면)",1983-10-01,0,36.1637096,128.5218016,False,15.7
JDQ4MTYyMiM4MSMkMSMkMCMkNzIkMzgxMTkxIzQxIyQxIyQ3IyQxMyQzNjEwMDIjODEjJDEjJDYjJDgz,금오치과의원,47190,치과의원,"경상북도 구미시 산호대로 233, 구미BOX IN 8층 (공단동)",2024-06-12,0,36.1042306,128.3849671,False,11.77
JDQ4MTYyMiM4MSMkMSMkMCMkMTMkMzgxNzAyIzIxIyQxIyQ5IyQ5MiQyNjEwMDIjNjEjJDEjJDgjJDgz,금오한의원,47190,한의원,"경상북도 구미시 봉곡로 169, (봉곡동)",1990-06-11,0,36.153853,128.31055,False,7.19
JDQ4MTYyMiM4MSMkMSMkMCMkMTMkNDgxOTYxIzMxIyQxIyQ3IyQ3MiQyNjE0ODEjNzEjJDEjJDgjJDgz,금탑한의원,47190,한의원,"경상북도 구미시 구미중앙로 52, (원평동)",2017-05-04,0,36.1296864,128.3285936,False,8.97
JDQ4MTYyMiM4MSMkMSMkMCMkNzIkMzgxOTYxIzUxIyQxIyQ1IyQ3OSQ0NjE0ODEjNjEjJDEjJDQjJDgz,기린치과의원,47190,치과의원,"경상북도 구미시 상사동로 155, 2층 (사곡동, 동명빌딩)",2007-04-17,0,36.0984014,128.35876,False,12.12
JDQ4MTYyMiM4MSMkMiMkMCMkMDAkNDgxOTYxIzExIyQyIyQ3IyQwMCQyNjEyMjIjNDEjJDEjJDQjJDgz,기찬마취통증의학과의원,47190,의원,"경상북도 구미시 인동중앙로 15, 이트리뷴타워동 3층 (황상동)",2014-09-12,6,36.1069846,128.4207005,False,12.6
JDQ4MTYyMiM4MSMkMSMkMCMkMTMkNDgxMzUxIzUxIyQyIyQxIyQwMCQ0NjE0ODEjNjEjJDEjJDQjJDgz,기찬한의원,47190,한의원,"경상북도 구미시 송동로 149, (도량동)",2006-04-25,0,36.145853,128.3227708,False,7.44
JDQ4MTYyMiM4MSMkMSMkMCMkNzIkMzgxOTYxIzIxIyQxIyQ1IyQ3MiQzNjEwMDIjODEjJDEjJDYjJDgz,길하균치과의원,47190,치과의원,"경상북도 구미시 금오시장로1길 2, (원평동)",1997-07-02,0,36.1254937,128.340212,False,9.21
JDQ4MTYyMiM4MSMkMiMkMCMkMDAkMzgxMTkxIzExIyQxIyQ3IyQ3OSQzNjEwMDIjNjEjJDEjJDgjJDgz,김가정의학과의원,47190,의원,"경상북도 구미시 송동로 149, (도량동)",1994-09-13,0,36.145853,128.3227708,False,7.44
JDQ4MTYyMiM4MSMkMiMkMCMkMDAkMzgxNzAyIzExIyQyIyQzIyQwMCQyNjE0ODEjNjEjJDEjJDgjJDgz,김광렬학문외과의원,47190,의원,"경상북도 구미시 구미중앙로 149, S타워 3층 (원평동)",2000-03-31,10,36.1261695,128.3384624,False,9.16
JDQ4MTYyMiM4MSMkMSMkMCMkMTMkMzgxNzAyIzIxIyQxIyQxIyQ4MiQyNjE0ODEjODEjJDEjJDIjJDgz,김동현한의원,47190,한의원,"경상북도 구미시 금오산로 52-2, (원평동)",1991-02-23,0,36.1278202,128.3372848,False,8.99
JDQ4MTYyMiM4MSMkMiMkMCMkMDAkMzgxOTYxIzExIyQyIyQzIyQwMCQzNjE0ODEjODEjJDEjJDIjJDgz,김두환내과의원,47190,의원,"경상북도 구미시 구미중앙로 119, (원평동)",1984-04-23,0,36.127368,128.335426,False,9.07
JDQ4MTYyMiM4MSMkMSMkMCMkNzIkMzgxOTYxIzMxIyQxIyQ3IyQ3OSQyNjE4MzIjNjEjJDEjJDQjJDgz,김상규연합치과의원,47190,치과의원,"경상북도 구미시 인동36길 21, (구평동)",2003-06-09,0,36.0926817,128.4322828,False,14.5
JDQ4MTYyMiM4MSMkMSMkMCMkNzIkMzgxMzUxIzMxIyQxIyQzIyQ4MiQzNjEwMDIjNTEjJDEjJDYjJDgz,김성수치과의원,47190,치과의원,"경상북도 구미시 구미중앙로 48, (원평동)",1988-06-11,0,36.1299884,128.3283882,False,8.94
JDQ4MTYyMiM4MSMkMiMkMCMkMDAkMzgxMTkxIzExIyQxIyQzIyQ4OSQzNjEyMjIjNjEjJDEjJDQjJDgz,김송외과의원,47190,의원,"경상북도 구미시 형곡로 198, (형곡동)",1994-02-01,0,36.1069714,128.3376165,False,11.28
JDQ4MTYyMiM4MSMkMiMkMCMkMDAkMzgxNzAyIzIxIyQxIyQ1IyQ3MiQyNjEyMjIjNjEjJDEjJDgjJDgz,김승기가정의학과의원,47190,의원,"경상북도 구미시 형곡로 179, (형곡동)",2001-07-10,0,36.1068541,128.3358041,False,11.31
JDQ4MTYyMiM4MSMkMSMkMCMkNzIkMzgxMzUxIzIxIyQxIyQ1IyQxMyQ0NjE0ODEjNzEjJDEjJDgjJDgz,김영재치과의원,47190,치과의원,"경상북도 구미시 인동가산로 1, (황상동)",1985-04-27,0,36.108409,128.4180002,False,12.35
JDQ4MTYyMiM4MSMkMSMkMCMkMTMkMzgxNzAyIzUxIyQxIyQxIyQ4OSQzNjE4MzIjNzEjJDEjJDgjJDgz,김재원한의원,47190,한의원,"경상북도 구미시 상모로8길 3, (상모동)",1996-09-23,0,36.0895714,128.3557953,False,13.1
JDQ4MTYyMiM4MSMkMiMkMCMkMDAkMzgxMTkxIzMxIyQxIyQzIyQ5MiQyNjE0ODEjNDEjJDEjJDgjJDgz,김철기소아청소년과의원,47190,의원,"경상북도 구미시 백산로 145, 2층 1호 (송정동, 한우상가)",1998-02-21,0,36.1191492,128.3490766,False,9.82
JDQ4MTYyMiM4MSMkMiMkMCMkMDAkMzgxOTYxIzMxIyQxIyQ3IyQ5OSQ0NjE0ODEjNDEjJDEjJDgjJDgz,김탁관내과의원,47190,의원,"경상북도 구미시 고아읍 문장로 190, 190",1997-03-21,0,36.1502406,128.3309089,False,6.72
JDQ4MTYyMiM4MSMkMiMkMCMkMDAkNDgxMTkxIzMxIyQxIyQ3IyQwMyQyNjEyMjIjNTEjJDEjJDYjJDgz,김태우신내과의원,47190,의원,"경상북도 구미시 산호대로 233, 구미BOX IN 3층 (공단동)",2024-02-29,0,36.1042306,128.3849671,False,11.77
JDQ4MTYyMiM4MSMkMSMkMCMkNzIkMzgxMTkxIzIxIyQxIyQ1IyQ5OSQyNjEwMDIjNDEjJDEjJDQjJDgz,김현수으뜸치과의원,47190,치과의원,"경상북도 구미시 신시로 67, 2층 (형곡동)",2014-12-29,0,36.1138768,128.3387446,False,10.5
JDQ4MTYyMiM4MSMkMSMkMCMkOTIkMzgxNzAyIzIxIyQxIyQ1IyQ2MiQzNjE4MzIjODEjJDEjJDIjJDgz,낙산보건진료소,47190,보건진료소,"경상북도 구미시 해평면 낙산1길 51-3, (낙산보건진료소)",1984-10-01,0,36.2533913,128.3548264,False,5.12
JDQ4MTYyMiM4MSMkMSMkMCMkMTMkMzgxNzAyIzIxIyQxIyQ5IyQwMyQzNjE4MzIjNTEjJDEjJDIjJDgz,낙산한의원,47190,한의원,"경상북도 구미시 역전로 4, (원평동)",1990-04-04,0,36.1291656,128.3313657,False,8.96
JDQ4MTYyMiM4MSMkMSMkMCMkOTkkNTgxMzUxIzIxIyQxIyQ5IyQ3OSQyNjE0ODEjNTEjJDEjJDIjJDgz,남구미요양병원,47190,요양병원,"경상북도 구미시 금오대로 378, (오태동)",2017-08-07,149,36.0771578,128.3527065,True,14.48
JDQ4MTYyMiM4MSMkMiMkMCMkMDAkNDgxOTYxIzUxIyQxIyQ1IyQ3MiQyNjEyMjIjNjEjJDEjJDQjJDgz,누리연합소아과의원,47190,의원,"경상북도 구미시 야은로 311, 4층 (도량동)",2006-02-20,0,36.1390275,128.3170199,False,8.34
JDQ4MTYyMiM4MSMkMSMkMCMkNzIkMzgxOTYxIzUxIyQxIyQxIyQ5MiQzNjE0ODEjNzEjJDEjJDgjJDgz,뉴욕미르치과의원,47190,치과의원,"경상북도 구미시 구미대로 316, 3층 (신평동)",1995-03-28,0,36.1149573,128.3637155,False,10.3
JDQ4MTYyMiM4MSMkMSMkMCMkNzIkMzgxMTkxIzMxIyQxIyQ3IyQ5MiQyNjEwMDIjNjEjJDEjJDQjJDgz,뉴욕치과의원,47190,치과의원,"경상북도 구미시 인동36길 6, 301호 (진평동, 성원빌딩)",2006-05-03,0,36.0940477,128.4323824,False,14.37
JDQ4MTYyMiM4MSMkMSMkMCMkMTMkNDgxMzUxIzQxIyQyIyQ3IyQwMCQyNjE0ODEjNTEjJDEjJDYjJDgz,느티나무한의원,47190,한의원,"경상북도 구미시 인동36길 7, (구평동)",2006-09-05,0,36.0937629,128.432686,False,14.41
JDQ4MTYyMiM4MSMkMSMkMCMkOTIkMzgxNzAyIzIxIyQxIyQ1IyQ2MiQyNjEyMjIjNzEjJDEjJDgjJDgz,다곡보건진료소,47190,보건진료소,"경상북도 구미시 도개면 도개다곡길 471, (다곡보건진료소)",1986-08-06,0,36.2869058,128.3683611,False,8.92
JDQ4MTYyMiM4MSMkMiMkMCMkMDAkNDgxMTkxIzExIyQxIyQzIyQ3MiQzNjEwMDIjODEjJDEjJDIjJDgz,다니엘정신건강의학과의원,47190,의원,"경상북도 구미시 인동중앙로 11, 구미인동우체국 3층 (인의동)",2018-09-18,0,36.1066273,128.4203322,False,12.62
JDQ4MTYyMiM4MSMkMSMkMCMkMTMkNDgxOTYxIzIxIyQxIyQ5IyQwMyQzNjE4MzIjNTEjJDEjJDYjJDgz,다본한의원,47190,한의원,"경상북도 구미시 검성로 90-1, (황상동)",1998-05-15,0,36.1175751,128.4270203,False,11.87
JDQ4MTYyMiM4MSMkMiMkMCMkMDAkNDgxMzUxIzMxIyQxIyQ3IyQ5MiQzNjEwMDIjNDEjJDEjJDQjJDgz,다빈치의원,47190,의원,"경상북도 구미시 인동가산로 1, (황상동)",2008-05-28,0,36.108409,128.4180002,False,12.35
JDQ4MTYyMiM4MSMkMiMkMCMkMDAkNDgxOTYxIzIxIyQyIyQ5IyQwMCQyNjEyMjIjODEjJDEjJDYjJDgz,다윈마취통증의학과의원,47190,의원,"경상북도 구미시 옥계북로 36, 4층 401호 (옥계동, 메디칼타워)",2016-03-15,2,36.13813,128.4215447,False,9.72
JDQ4MTYyMiM4MSMkMiMkMCMkMDAkNDgxMTkxIzIxIyQxIyQ1IyQ5MiQ0NjEwMDIjNjEjJDEjJDAjJDgz,닥터미의원,47190,의원,"경상북도 구미시 구미중앙로 142, 3층 (원평동)",2021-07-19,0,36.1261194,128.337454,False,9.18
JDQ4MTYyMiM4MSMkMiMkMCMkMDAkMzgxMTkxIzIxIyQxIyQxIyQxMyQyNjEyMjIjNTEjJDEjJDYjJDgz,닥터홍이비인후과의원,47190,의원,"경상북도 구미시 봉곡남로 83, 2층 (봉곡동, 경우빌딩)",1996-03-15,0,36.1491776,128.3113193,False,7.59
JDQ4MTYyMiM4MSMkMSMkMCMkOTIkMzgxNzAyIzIxIyQyIyQ1IyQwMCQzNjE4MzIjNDEjJDEjJDgjJDgz,대방보건진료소,47190,보건진료소,"경상북도 구미시 고아읍 포아로 636-5, (대방보건진료소)",1981-10-02,0,36.1933994,128.2865012,False,6.38
JDQ4MTYyMiM4MSMkMSMkMCMkNzIkMzgxMTkxIzIxIyQxIyQxIyQ3MiQ0NjE0ODEjNTEjJDEjJDIjJDgz,대학치과의원,47190,치과의원,"경상북도 구미시 수출대로3길 118, 2층 (공단동, 강변파라디아)",2020-04-28,0,36.1210997,128.3724734,False,9.71
JDQ4MTYyMiM4MSMkMiMkMCMkMDAkMzgxNzAyIzUxIyQxIyQ1IyQ5MiQyNjEwMDIjNDEjJDEjJDgjJDgz,대한내과의원,47190,의원,"경상북도 구미시 원남로 7, (남통동)",2008-11-21,0,36.1307814,128.3224416,False,9.02
JDQ4MTYyMiM4MSMkMiMkMCMkMDAkNDgxMTkxIzUxIyQxIyQxIyQ3OSQ0NjE0ODEjNzEjJDEjJDgjJDgz,더 괜찮은 내과의원,47190,의원,"경상북도 구미시 산동읍 신당1로1길 17-3, 3층 301~306호",2025-01-07,0,36.1553213,128.4335163,False,9.09
JDQ4MTYyMiM4MSMkMiMkMCMkMDAkMzgxMTkxIzIxIyQxIyQ5IyQ2MiQzNjE4MzIjNDEjJDEjJDgjJDgz,더블유의원,47190,의원,"경상북도 구미시 인동가산로 31, (황상동)",2008-11-10,0,36.1064439,128.4198356,False,12.62
JDQ4MTYyMiM4MSMkMiMkMCMkMDAkMzgxNzAyIzIxIyQxIyQxIyQ4OSQzNjEwMDIjNjEjJDEjJDQjJDgz,더예쁜성형외과의원,47190,의원,"경상북도 구미시 구미중앙로 57-2, 2층 (원평동)",2022-12-19,0,36.1299007,128.3293154,False,8.93
JDQ4MTYyMiM4MSMkMiMkMCMkMDAkNDgxMTkxIzMxIyQxIyQ3IyQ3OSQyNjE4MzIjNTEjJDEjJDYjJDgz,더웰이비인후과의원,47190,의원,"경상북도 구미시 금오대로 292, (오태동)",2010-04-20,0,36.0707609,128.348845,False,15.2
JDQ4MTYyMiM4MSMkMSMkMCMkNzIkMzgxOTYxIzUxIyQxIyQ1IyQ4MiQzNjE0ODEjNjEjJDEjJDgjJDgz,더조은치과의원,47190,치과의원,"경상북도 구미시 원남로 7, 301호 (남통동)",2009-12-07,0,36.1307814,128.3224416,False,9.02
JDQ4MTYyMiM4MSMkMSMkMCMkMTMkNDgxOTYxIzUxIyQxIyQ1IyQxMyQzNjEyMjIjNjEjJDEjJDAjJDgz,더찾는한의원,47190,한의원,"경상북도 구미시 인동36길 6, 2층 202호 (진평동)",2025-04-22,0,36.0940574,128.432394,False,14.37
JDQ4MTYyMiM4MSMkMiMkMCMkMDAkNDgxMTkxIzMxIyQxIyQzIyQwMyQzNjE0ODEjNTEjJDEjJDYjJDgz,더튼튼마취통증의학과의원,47190,의원,"경상북도 구미시 신시로 61, 3층, 401호(태승빌딩) (형곡동)",2023-03-27,0,36.1134263,128.3387845,False,10.55
JDQ4MTYyMiM4MSMkMSMkMCMkOTIkMzgxNzAyIzIxIyQxIyQ1IyQ2MiQyNjE4MzIjNjEjJDEjJDQjJDgz,덕촌보건진료소,47190,보건진료소,"경상북도 구미시 옥성면 선상서로 528, (옥성면)",1983-10-01,0,36.2577183,128.2545484,False,10.64
JDQ4MTYyMiM4MSMkMSMkMCMkNzIkMzgxMzUxIzQxIyQxIyQ3IyQwMyQyNjE0ODEjNDEjJDEjJDQjJDgz,덴타피아치과의원,47190,치과의원,"경상북도 구미시 인동36길 5, (구평동)",2009-12-01,0,36.0939758,128.4328667,False,14.4
JDQ4MTYyMiM4MSMkMSMkMCMkOTIkMzgxOTYxIzExIyQxIyQzIyQwMyQyNjEwMDIjODEjJDEjJDIjJDgz,도개면보건지소,47190,보건지소,"경상북도 구미시 도개면 궁기4길 15, (도개보건지소)",1988-01-01,0,36.3015593,128.3285683,False,10.75
JDQ4MTYyMiM4MSMkMSMkMCMkMTMkNDgxOTYxIzUxIyQxIyQ1IyQ3MiQyNjEwMDIjNjEjJDEjJDAjJDgz,도담한의원,47190,한의원,"경상북도 구미시 선산읍 선산대로 1399-10, 1층",2024-02-23,0,36.2401404,128.3028347,False,5.96
JDQ4MTYyMiM4MSMkMSMkMCMkNzIkMzgxOTYxIzUxIyQxIyQxIyQ3MiQzNjE0ODEjNTEjJDEjJDIjJDgz,도량모아치과의원,47190,치과의원,"경상북도 구미시 도봉로 76-61, (도량동)",2006-03-06,0,36.1397182,128.316016,False,8.31
JDQ4MTYyMiM4MSMkMiMkMCMkMDAkNDgxMTkxIzExIyQyIyQ3IyQwMCQyNjE0ODEjODEjJDEjJDYjJDgz,도레이첨단소재 부속의원,47190,의원,"경상북도 구미시 구미대로 102, (공단동)",1989-08-08,0,36.0971729,128.3687782,False,12.31
JDQ4MTYyMiM4MSMkMSMkMCMkMTMkNDgxOTYxIzMxIyQyIyQ3IyQwMCQ0NjEwMDIjNjEjJDEjJDgjJDgz,도리한의원,47190,한의원,"경상북도 구미시 고아읍 문장로26길 5-7, (고아읍)",2017-03-10,0,36.1524302,128.3298787,False,6.52
JDQ4MTYyMiM4MSMkMSMkMCMkMTMkMzgxNzAyIzMxIyQxIyQzIyQwMyQyNjEyMjIjODEjJDEjJDIjJDgz,도울한의원,47190,한의원,"경상북도 구미시 송원서로 72, (원평동)",1991-07-24,0,36.124084,128.343527,False,9.32
JDQ4MTYyMiM4MSMkMSMkMCMkMTMkMzgxNzAyIzQxIyQxIyQ3IyQ4OSQzNjE0ODEjNjEjJDEjJDgjJDgz,동방한의원,47190,한의원,"경상북도 구미시 선산읍 남문로 26-7, (선산읍)",1993-04-07,0,36.2400964,128.3024843,False,5.99
JDQ4MTYyMiM4MSMkMiMkMCMkMDAkMzgxOTYxIzExIyQxIyQ3IyQ4MiQyNjEwMDIjNDEjJDEjJDgjJDgz,동산내과의원,47190,의원,"경상북도 구미시 송동로 162, 파크맨션 208호 (도량동)",2015-10-20,0,36.1468911,128.3235941,False,7.31
JDQ4MTYyMiM4MSMkMiMkMCMkMDAkMzgxOTYxIzQxIyQxIyQ3IyQ5OSQzNjEwMDIjNTEjJDEjJDYjJDgz,동산외과의원,47190,의원,"경상북도 구미시 선산읍 선산중앙로18길 17, (선산읍)",1999-07-17,0,36.2414375,128.3026316,False,6.07
JDQ4MTYyMiM4MSMkMiMkMCMkMDAkMzgxMTkxIzUxIyQxIyQ1IyQwMyQzNjEwMDIjNjEjJDEjJDQjJDgz,동산제통마취과의원,47190,의원,"경상북도 구미시 인동중앙로8길 2, (인의동)",2000-01-18,0,36.1077324,128.4223428,False,12.6
JDQ4MTYyMiM4MSMkMSMkMCMkMTMkNDgxMzUxIzMxIyQxIyQzIyQ5OSQ0NjEwMDIjNzEjJDEjJDgjJDgz,동의보감해독한의원,47190,한의원,"경상북도 구미시 신시로 75-1, (형곡동)",2003-04-12,0,36.1147018,128.3388415,False,10.41
JDQ4MTYyMiM4MSMkMSMkMCMkNzIkMzgxMTkxIzIxIyQxIyQxIyQ2MiQzNjE4MzIjNzEjJDEjJDgjJDgz,두드림치과의원,47190,치과의원,"경상북도 구미시 구미중앙로 44, 2층 (원평동, 마이구미빌딩)",2013-10-18,0,36.1301001,128.3276308,False,8.95
JDQ4MTYyMiM4MSMkMiMkMCMkMDAkNDgxOTYxIzUxIyQxIyQ1IyQ4OSQ0NjEwMDIjNTEjJDEjJDYjJDgz,드림소아청소년과의원,47190,의원,"경상북도 구미시 고아읍 문장로26길 3, 2층 202,203호 (낙원프라자)",2017-08-17,0,36.1520904,128.3298875,False,6.56
JDQ4MTYyMiM4MSMkMSMkMCMkMTMkMzgxMTkxIzExIyQxIyQ3IyQ5OSQ0NjEwMDIjNDEjJDEjJDgjJDgz,든든한방병원,47190,한방병원,"경상북도 구미시 1공단로7길 86-15,  2,4,5층 (공단동)",2025-04-15,61,36.1099611,128.3791523,False,11.04
JDQ4MTYyMiM4MSMkMSMkMCMkNjIkMzgxMzUxIzExIyQxIyQzIyQ4MiQyNjE4MzIjNDEjJDEjJDgjJDgz,라온치과병원,47190,치과병원,"경상북도 구미시 송정대로 40-1,  (송정동)",2017-06-02,0,36.1174688,128.3432871,False,10.05
JDQ4MTYyMiM4MSMkMiMkMCMkMDAkNDgxMzUxIzIxIyQxIyQxIyQ5MiQzNjE4MzIjNDEjJDEjJDgjJDgz,라피아의원,47190,의원,"경상북도 구미시 구미대로22길 11, 3층 (신평동, 롯데마트)",2006-02-20,0,36.1136985,128.3654692,False,10.45
JDQ4MTYyMiM4MSMkMSMkMCMkNzIkMzgxOTYxIzIxIyQxIyQ5IyQ3OSQ0NjE0ODEjNTEjJDEjJDYjJDgz,로덴치과의원,47190,치과의원,"경상북도 구미시 구미중앙로 111, 5층 (원평동)",2018-08-24,0,36.1277838,128.3345258,False,9.05
JDQ4MTYyMiM4MSMkMiMkMCMkMDAkNDgxOTYxIzIxIyQxIyQxIyQ3MiQyNjEyMjIjNDEjJDEjJDgjJDgz,류마제일내과의원,47190,의원,"경상북도 구미시 신시로14길 4, (송정동)",2012-08-21,0,36.1153566,128.3395455,False,10.33
JDQ4MTYyMiM4MSMkMiMkMCMkMDAkNDgxMzUxIzQxIyQxIyQ3IyQ4OSQyNjE0ODEjNDEjJDEjJDgjJDgz,리세비뇨기과의원,47190,의원,"경상북도 구미시 옥계북로 36, (옥계동)",2008-08-27,0,36.13813,128.4215447,False,9.72
JDQ4MTYyMiM4MSMkMiMkMCMkMDAkNDgxMTkxIzExIyQxIyQzIyQ4MiQyNjEwMDIjNTEjJDEjJDIjJDgz,리움피부과의원,47190,의원,"경상북도 구미시 산호대로29길 20-7, 2층 (옥계동)",2018-10-10,0,36.1381742,128.4208364,False,9.68
JDQ4MTYyMiM4MSMkMiMkMCMkMDAkNDgxMTkxIzMxIyQxIyQ3IyQ3OSQ0NjE0ODEjNjEjJDEjJDAjJDgz,리즈미의원,47190,의원,"경상북도 구미시 금오대로 291, 3층 (오태동)",2023-06-15,0,36.0711267,128.3484396,False,15.16
JDQ4MTYyMiM4MSMkMiMkMCMkMDAkNDgxOTYxIzUxIyQxIyQxIyQ3MiQ0NjE0ODEjODEjJDEjJDIjJDgz,마디와신경외과의원,47190,의원,"경상북도 구미시 구미대로 409, 2층 (신평동, 구미 신평동 지엘리베라움)",2017-03-17,0,36.1231907,128.3623245,False,9.38
JDQ4MTYyMiM4MSMkMSMkMCMkMTMkNDgxMzUxIzUxIyQxIyQ1IyQ3MiQ0NjE0ODEjNjEjJDEjJDgjJDgz,마미앤키즈 경희한의원,47190,한의원,"경상북도 구미시 상사서로 54, (상모동)",2005-08-02,0,36.0872867,128.3556641,False,13.35
JDQ4MTYyMiM4MSMkMSMkMCMkMTMkNDgxMzUxIzMxIyQxIyQzIyQwMyQyNjE0ODEjNzEjJDEjJDgjJDgz,마음과마음한의원,47190,한의원,"경상북도 구미시 옥계북로 94, (옥계동)",2013-06-28,0,36.1382212,128.4278426,False,10.07
JDQ4MTYyMiM4MSMkMSMkMCMkMTMkNDgxOTYxIzUxIyQxIyQ1IyQ3MiQzNjE0ODEjODEjJDEjJDYjJDgz,마추펴추한의원,47190,한의원,"경상북도 구미시 산동읍 신당1로3길 3, 경상북도 구미시 산동읍 신당1로3길 3, 해송빌딩 3층 301호",2019-09-16,0,36.1543758,128.4311627,False,8.99
JDQ4MTYyMiM4MSMkMSMkMCMkNzIkMzgxMTkxIzUxIyQxIyQxIyQ3MiQzNjE0ODEjODEjJDEjJDIjJDgz,맑은날치과의원,47190,치과의원,"경상북도 구미시 고아읍 평성로 13, (고아읍)",2025-11-06,0,36.15533,128.3358382,False,6.05
JDQ4MTYyMiM4MSMkMiMkMCMkMDAkMzgxNzAyIzIxIyQxIyQ5IyQwMyQzNjE4MzIjNjEjJDEjJDQjJDgz,맑은마음정신과의원,47190,의원,"경상북도 구미시 신시로 75, (형곡동)",2002-01-28,0,36.1145624,128.3387076,False,10.43
JDQ4MTYyMiM4MSMkMiMkMCMkMDAkNDgxOTYxIzUxIyQxIyQxIyQ4MiQyNjEwMDIjODEjJDEjJDIjJDgz,맑은샘내과의원,47190,의원,"경상북도 구미시 신시로 61, 2층 (형곡동)",2017-03-24,0,36.1134263,128.3387845,False,10.55
JDQ4MTYyMiM4MSMkMSMkMCMkMTMkNDgxOTYxIzIxIyQxIyQ1IyQxMyQyNjEwMDIjNjEjJDEjJDQjJDgz,맑은숲한의원,47190,한의원,"경상북도 구미시 인동가산로 17, 4층 (황상동)",2003-10-02,0,36.1074047,128.4189403,False,12.49
JDQ4MTYyMiM4MSMkMSMkMCMkNzIkMzgxMTkxIzIxIyQxIyQxIyQ3OSQ0NjE0ODEjNjEjJDEjJDgjJDgz,맘앤키즈치과의원,47190,치과의원,"경상북도 구미시 옥계북로 40, (옥계동)",2013-03-28,0,36.1380448,128.4218021,False,9.74
JDQ4MTYyMiM4MSMkMSMkMCMkMTMkNDgxOTYxIzUxIyQxIyQ1IyQ5OSQyNjE4MzIjODEjJDEjJDYjJDgz,명성한의원,47190,한의원,"경상북도 구미시 산호대로27길 26, 1~2층 (옥계동)",2005-09-16,8,36.1391188,128.4173986,False,9.41
JDQ4MTYyMiM4MSMkMiMkMCMkMDAkNDgxOTYxIzMxIyQxIyQzIyQ5OSQzNjEyMjIjNDEjJDEjJDgjJDgz,명연합신경과의원,47190,의원,"경상북도 구미시 인동중앙로 39, 2층 (황상동)",2015-03-03,0,36.108639,128.4223396,False,12.51
JDQ4MTYyMiM4MSMkMSMkMCMkMTMkNDgxOTYxIzIxIyQxIyQxIyQxMyQyNjEyMjIjNzEjJDEjJDgjJDgz,명인한의원,47190,한의원,"경상북도 구미시 구미중앙로 56, (원평동)",2012-02-09,10,36.1297121,128.328915,False,8.96
JDQ4MTYyMiM4MSMkMSMkMCMkOTIkMzgxOTYxIzExIyQxIyQzIyQwMyQyNjE0ODEjNDEjJDEjJDQjJDgz,무을면보건지소,47190,보건지소,"경상북도 구미시 무을면 문화마을길 32, (무을보건지소)",1988-01-01,0,36.2608894,128.1989698,False,15.25
JDQ4MTYyMiM4MSMkMiMkMCMkMDAkNDgxOTYxIzUxIyQxIyQ1IyQ4MiQyNjE0ODEjNjEjJDEjJDgjJDgz,문성정형외과의원,47190,의원,"경상북도 구미시 고아읍 들성로7길 6-3, 1,2층",2017-12-29,16,36.1614484,128.3440909,False,5.21
JDQ4MTYyMiM4MSMkMSMkMCMkNzIkMzgxOTYxIzExIyQxIyQ3IyQ3OSQzNjE4MzIjNjEjJDEjJDgjJDgz,문치과의원,47190,치과의원,"경상북도 구미시 송동로 147, 205호 (도량동, 3차주공아파트상가)",1994-05-06,0,36.1463349,128.3220253,False,7.42
JDQ4MTYyMiM4MSMkMSMkMCMkMTMkNDgxOTYxIzIxIyQxIyQ1IyQ2MiQzNjE0ODEjNTEjJDEjJDYjJDgz,미담한의원,47190,한의원,"경상북도 구미시 옥계북로 26, (옥계동)",2012-07-26,13,36.1382147,128.4202436,False,9.64
JDQ4MTYyMiM4MSMkMiMkMCMkMDAkNDgxOTYxIzExIyQxIyQzIyQ4OSQzNjE0ODEjNjEjJDEjJDQjJDgz,미라클의원,47190,의원,"경상북도 구미시 인동가산로 11, (황상동)",2011-01-03,0,36.1076957,128.418683,False,12.45
JDQ4MTYyMiM4MSMkMiMkMCMkMDAkMzgxNzAyIzQxIyQxIyQ3IyQ5MiQyNjEwMDIjODEjJDEjJDIjJDgz,미래내과의원,47190,의원,"경상북도 구미시 송동로 122, (도량동)",2003-04-21,0,36.1433073,128.3227193,False,7.7
JDQ4MTYyMiM4MSMkMiMkMCMkMDAkMzgxMzUxIzUxIyQxIyQ1IyQ2MiQzNjE0ODEjNzEjJDEjJDgjJDgz,미래아이연합소아청소년과의원,47190,의원,"경상북도 구미시 인동27길 2, 4층 (인의동)",2002-04-20,0,36.0961916,128.4301114,False,14.06
JDQ4MTYyMiM4MSMkMiMkMCMkMDAkMzgxNzAyIzUxIyQxIyQxIyQ5OSQ0NjE0ODEjNjEjJDEjJDQjJDgz,미리안산부인과의원,47190,의원,"경상북도 구미시 구미중앙로 149, 4,5층 (원평동)",2003-07-24,26,36.1261695,128.3384624,False,9.16
JDQ4MTYyMiM4MSMkMSMkMCMkNzIkMzgxOTYxIzUxIyQxIyQ1IyQ5MiQzNjE4MzIjODEjJDEjJDIjJDgz,미소랑치과의원,47190,치과의원,"경상북도 구미시 박정희로 599, 4층 407,408호 (송정동, 푸르지오캐슬상가)",2008-10-09,0,36.1233151,128.3395922,False,9.45
JDQ4MTYyMiM4MSMkMiMkMCMkMDAkMzgxNzAyIzIxIyQxIyQ1IyQ4MiQyNjEwMDIjNjEjJDEjJDQjJDgz,미소지앤의원,47190,의원,"경상북도 구미시 구미대로12길 5, (광평동)",2004-02-12,0,36.1053492,128.3635507,False,11.37
JDQ4MTYyMiM4MSMkMSMkMCMkNzIkMzgxMTkxIzIxIyQxIyQ1IyQ4OSQzNjEwMDIjNjEjJDEjJDQjJDgz,미소진치과의원,47190,치과의원,"경상북도 구미시 고아읍 문장로 211, 고아농협 하나로클럽 3층",2014-11-28,0,36.1521367,128.3292943,False,6.57
JDQ4MTYyMiM4MSMkMSMkMCMkNzIkMzgxOTYxIzIxIyQxIyQ1IyQ4OSQyNjEwMDIjNzEjJDEjJDgjJDgz,미주치과의원,47190,치과의원,"경상북도 구미시 구미중앙로 75, 2층 (원평동)",2002-11-01,0,36.1292564,128.3309478,False,8.96
JDQ4MTYyMiM4MSMkMiMkMCMkMDAkMzgxOTYxIzIxIyQxIyQxIyQ3OSQzNjE0ODEjODEjJDEjJDYjJDgz,미즈의원,47190,의원,"경상북도 구미시 산호대로29길 20-12, 4층 (옥계동)",2004-04-14,0,36.1377474,128.4212289,False,9.73
JDQ4MTYyMiM4MSMkMiMkMCMkMDAkNDgxMTkxIzQxIyQxIyQ3IyQwMyQzNjE4MzIjNDEjJDEjJDgjJDgz,미튼의원,47190,의원,"경상북도 구미시 상사서로 33-5, 1,2층 (상모동)",2024-12-06,0,36.0850381,128.3552867,False,13.6
JDQ4MTYyMiM4MSMkMiMkMCMkMDAkMzgxNzAyIzIxIyQxIyQxIyQwMyQzNjE4MzIjNTEjJDEjJDIjJDgz,민연합이비인후과의원,47190,의원,"경상북도 구미시 신시로 67, 2층 (형곡동)",2001-04-26,0,36.1138768,128.3387446,False,10.5
JDQ4MTYyMiM4MSMkMSMkMCMkNzIkMzgxOTYxIzIxIyQxIyQ1IyQ4OSQyNjE4MzIjNTEjJDEjJDYjJDgz,민플러스치과의원,47190,치과의원,"경상북도 구미시 인동가산로 33, 5,6층 (황상동)",2008-01-02,0,36.1062739,128.4199544,False,12.64
JDQ4MTYyMiM4MSMkMiMkMCMkMDAkNDgxMTkxIzQxIyQxIyQ3IyQxMyQyNjEyMjIjNzEjJDEjJDgjJDgz,바로그의원,47190,의원,"경상북도 구미시 구미중앙로 111, 1층 101호 (원평동)",2023-02-03,0,36.1277838,128.3345258,False,9.05
JDQ4MTYyMiM4MSMkMiMkMCMkMDAkMzgxNzAyIzQxIyQxIyQ3IyQ5MiQzNjE4MzIjNzEjJDEjJDgjJDgz,바른길의원,47190,의원,"경상북도 구미시 상사동로 201, 길 201, 길 노인복지센터 지하 1층 (사곡동)",2023-11-01,0,36.1025135,128.3590933,False,11.66
JDQ4MTYyMiM4MSMkMSMkMCMkOTkkMzgxMzUxIzIxIyQxIyQ5IyQ5MiQzNjEwMDIjNDEjJDEjJDgjJDgz,바른유병원,47190,병원,"경상북도 구미시 역전로 28,  (원평동)",2017-04-26,99,36.1310285,128.3326958,True,8.73
JDQ4MTYyMiM4MSMkMSMkMCMkNzIkMzgxOTYxIzExIyQxIyQ3IyQxMyQyNjE0ODEjNjEjJDEjJDAjJDgz,박앤류인철치과의원,47190,치과의원,"경상북도 구미시 구미중앙로 65, (원평동)",2007-03-14,0,36.1295487,128.3301249,False,8.95
JDQ4MTYyMiM4MSMkMSMkMCMkNzIkMzgxMzUxIzMxIyQxIyQzIyQwMyQyNjE0ODEjNzEjJDEjJDgjJDgz,박재오치과의원,47190,치과의원,"경상북도 구미시 수출대로3길 111, (공단동)",1988-09-29,0,36.1209793,128.3715972,False,9.71
JDQ4MTYyMiM4MSMkMiMkMCMkMDAkMzgxMTkxIzExIyQxIyQzIyQ5OSQyNjEwMDIjNDEjJDEjJDgjJDgz,박정돈산부인과의원,47190,의원,"경상북도 구미시 구미대로 409, 302호 (신평동, 구미 신평동 지엘리베라움)",2001-02-01,0,36.1231907,128.3623245,False,9.38
JDQ4MTYyMiM4MSMkMiMkMCMkMDAkMzgxNzAyIzIxIyQxIyQ5IyQxMyQyNjEyMjIjNDEjJDEjJDgjJDgz,밝은안과의원,47190,의원,"경상북도 구미시 구미중앙로 52, (원평동)",2002-02-27,2,36.1296864,128.3285936,False,8.97
JDQ4MTYyMiM4MSMkMiMkMCMkMDAkNDgxMzUxIzQxIyQxIyQ3IyQ4MiQzNjE4MzIjNjEjJDEjJDQjJDgz,베데스다의원,47190,의원,"경상북도 구미시 선산읍 남문로4길 4, (선산읍)",2023-12-13,0,36.2408681,128.3018739,False,6.08
JDQ4MTYyMiM4MSMkMSMkMCMkMTMkNDgxOTYxIzMxIyQxIyQzIyQwMyQyNjEwMDIjNDEjJDEjJDgjJDgz,보리수한의원,47190,한의원,"경상북도 구미시 구미중앙로 111, 202호 (원평동)",2018-04-13,0,36.1277838,128.3345258,False,9.05
JDQ4MTYyMiM4MSMkMSMkMCMkMTMkNDgxOTYxIzMxIyQyIyQzIyQwMCQyNjEyMjIjNTEjJDEjJDIjJDgz,보명한의원,47190,한의원,"경상북도 구미시 인동중앙로 42, (인의동)",2015-05-04,0,36.108669,128.4229074,False,12.53
JDQ4MTYyMiM4MSMkMSMkMCMkMTMkNDgxMzUxIzUxIyQxIyQ1IyQxMyQyNjE0ODEjNDEjJDEjJDQjJDgz,보생한의원,47190,한의원,"경상북도 구미시 옥계북로 36, (옥계동)",2011-06-08,0,36.13813,128.4215447,False,9.72
JDQ4MTYyMiM4MSMkMSMkMCMkMTMkMzgxNzAyIzExIyQxIyQ3IyQ4MiQ0NjEwMDIjNjEjJDEjJDQjJDgz,보화당한의원,47190,한의원,"경상북도 구미시 역전로 20, (원평동) (원평동)",1986-09-10,0,36.1303358,128.3321826,False,8.82
JDQ4MTYyMiM4MSMkMiMkMCMkMDAkNDgxMzUxIzUxIyQxIyQxIyQ5OSQyNjEwMDIjNTEjJDEjJDYjJDgz,본소아청소년과의원,47190,의원,"경상북도 구미시 박정희로 599, 204,205호 (송정동, 푸르지오캐슬 A단지)",2009-05-08,0,36.1233151,128.3395922,False,9.45
JDQ4MTYyMiM4MSMkMSMkMCMkNzIkMzgxOTYxIzUxIyQxIyQxIyQ5OSQyNjEyMjIjNjEjJDEjJDAjJDgz,본치과의원,47190,치과의원,"경상북도 구미시 상사서로 65, 본 빌딩 3층~401호 (상모동)",2005-04-28,0,36.0881563,128.3550363,False,13.25
JDQ4MTYyMiM4MSMkMSMkMCMkNzIkMzgxMTkxIzIxIyQxIyQ5IyQxMyQyNjEyMjIjNjEjJDEjJDQjJDgz,봄날에치과의원,47190,치과의원,"경상북도 구미시 선산읍 남문로4길 19, (선산읍)",2017-07-12,0,36.2410751,128.3037208,False,5.97
JDQ4MTYyMiM4MSMkMiMkMCMkMDAkNDgxMTkxIzIxIyQyIyQ5IyQwMCQzNjEwMDIjODEjJDEjJDYjJDgz,봄마취통증의학과의원,47190,의원,"경상북도 구미시 상사서로 139-3, (사곡동)",2022-02-05,0,36.0948705,128.3553684,False,12.51
JDQ4MTYyMiM4MSMkMiMkMCMkMDAkNDgxOTYxIzExIyQxIyQzIyQ2MiQ0NjE0ODEjNDEjJDEjJDQjJDgz,봄연합소아청소년과의원,47190,의원,"경상북도 구미시 산호대로31길 15, 4층 (옥계동, 메디파크)",2011-03-11,0,36.1377477,128.4220824,False,9.78
JDQ4MTYyMiM4MSMkMSMkMCMkNzIkMzgxMTkxIzIxIyQxIyQxIyQwMyQ0NjE0ODEjNjEjJDEjJDAjJDgz,봄해치과의원,47190,치과의원,"경상북도 구미시 산동읍 신당1로4길 20, 경상북도 구미시 산동읍 신당1로4길 20, 201호",2018-12-31,0,36.1558146,128.43048,False,8.84
JDQ4MTYyMiM4MSMkMSMkMCMkMTMkNDgxMzUxIzIxIyQxIyQ5IyQ4MiQzNjE0ODEjODEjJDEjJDYjJDgz,부광한의원,47190,한의원,"경상북도 구미시 구미중앙로9길 18, (원평동)",2002-05-04,0,36.1310311,128.3303426,False,8.78
JDQ4MTYyMiM4MSMkMiMkMCMkMDAkNDgxMTkxIzQxIyQxIyQ3IyQ4OSQzNjEyMjIjNDEjJDEjJDgjJDgz,블리비의원,47190,의원,"경상북도 구미시 인동가산로 14, 3층 (진평동)",2023-02-13,0,36.1072292,128.4179638,False,12.47
JDQ4MTYyMiM4MSMkMiMkMCMkMDAkMzgxMTkxIzExIyQxIyQ3IyQ5OSQ0NjE0ODEjNjEjJDEjJDQjJDgz,빛사랑안과의원,47190,의원,"경상북도 구미시 금오대로 291, (오태동)",2007-05-03,0,36.0711267,128.3484396,False,15.16
JDQ4MTYyMiM4MSMkMSMkMCMkMTMkNDgxOTYxIzUxIyQxIyQxIyQ5OSQ0NjEwMDIjNDEjJDEjJDgjJDgz,산동경희한의원,47190,한의원,"경상북도 구미시 산동읍 신당2로 29, 303호",2021-04-13,0,36.1558528,128.4317468,False,8.93
JDQ4MTYyMiM4MSMkMSMkMCMkOTIkMzgxOTYxIzIxIyQyIyQxIyQwMCQyNjE4MzIjNDEjJDEjJDgjJDgz,산동읍보건지소,47190,보건지소,"경상북도 구미시 산동읍 강동로 999-6, 경상북도 구미시 산동읍 강동로 999-6 (산동보건소)",1996-12-10,0,36.1680353,128.4372768,False,8.55
JDQ4MTYyMiM4MSMkMiMkMCMkMDAkNDgxMTkxIzQxIyQxIyQ3IyQ5OSQyNjE0ODEjNDEjJDEjJDQjJDgz,산동튼튼정형외과의원,47190,의원,"경상북도 구미시 산동읍 신당4로 115, 경상북도 구미시 산동읍 신당4로 115, 나비메디컬타워 4층 402~406호",2019-09-02,0,36.1552409,128.4286502,False,8.76
JDQ4MTYyMiM4MSMkMSMkMCMkNzIkMzgxMTkxIzExIyQyIyQ3IyQwMCQyNjEwMDIjNjEjJDEjJDAjJDgz,삼성e치과의원,47190,치과의원,"경상북도 구미시 송동로 88, 미도프라자 4층 (도량동)",2011-10-28,0,36.1406195,128.3235138,False,7.96
JDQ4MTYyMiM4MSMkMiMkMCMkMDAkNDgxMTkxIzExIyQxIyQzIyQ2MiQzNjE4MzIjNzEjJDEjJDgjJDgz,삼성서울여성의원,47190,의원,"경상북도 구미시 산호대로31길 15, 4공단메디파크 2층 201호 (옥계동)",2018-08-23,0,36.1377477,128.4220824,False,9.78
JDQ4MTYyMiM4MSMkMiMkMCMkMDAkMzgxNzAyIzMxIyQxIyQ3IyQ3MiQyNjE4MzIjNTEjJDEjJDYjJDgz,삼성연합의원,47190,의원,"경상북도 구미시 인동가산로 19, 2층 (황상동)",2002-10-01,17,36.1070404,128.41925,False,12.54
JDQ4MTYyMiM4MSMkMiMkMCMkMDAkNDgxMzUxIzIxIyQxIyQxIyQ4MiQ0NjEwMDIjNDEjJDEjJDQjJDgz,삼성의원,47190,의원,"경상북도 구미시 야은로 753, (신평동)",2001-12-04,0,36.1241987,128.361525,False,9.26
JDQ4MTYyMiM4MSMkMiMkMCMkMDAkNDgxMzUxIzExIyQxIyQzIyQ3MiQzNjE0ODEjODEjJDEjJDYjJDgz,삼성이비인후과의원,47190,의원,"경상북도 구미시 옥계북로 22, 2층 (옥계동)",2004-10-03,0,36.1382698,128.4198138,False,9.61
JDQ4MTYyMiM4MSMkMiMkMCMkMDAkMzgxOTYxIzIxIyQxIyQ5IyQ5OSQzNjEwMDIjNjEjJDEjJDAjJDgz,삼성전자(주)1공장부속의원,47190,의원,"경상북도 구미시 1공단로 244, (공단동)",1988-10-26,0,36.1005748,128.3909225,False,12.29
JDQ4MTYyMiM4MSMkMiMkMCMkMDAkMzgxOTYxIzMxIyQxIyQzIyQ2MiQ0NjE0ODEjNDEjJDEjJDQjJDgz,삼성전자(주)2공장부속의원,47190,의원,"경상북도 구미시 3공단3로 302, 삼성전자 2공장 E동 2층 (임수동)",1996-09-06,0,36.1103071,128.4114954,False,11.91
JDQ4MTYyMiM4MSMkMSMkMCMkMTMkNDgxOTYxIzExIyQxIyQ3IyQ3MiQzNjEyMjIjNjEjJDEjJDAjJDgz,삼성한의원,47190,한의원,"경상북도 구미시 선산읍 남문로 26-4, (선산읍)",2012-08-10,0,36.240108,128.3025695,False,5.98
JDQ4MTYyMiM4MSMkMiMkMCMkMDAkNDgxOTYxIzIxIyQxIyQ1IyQ5OSQyNjE0ODEjODEjJDEjJDYjJDgz,삼우연합정형외과의원,47190,의원,"경상북도 구미시 금오대로 402, 1~2층 (오태동)",2001-12-24,6,36.0791964,128.3542996,False,14.25
JDQ4MTYyMiM4MSMkMiMkMCMkMDAkNDgxMTkxIzIxIyQxIyQ5IyQ3OSQzNjE4MzIjNTEjJDEjJDYjJDgz,상모대한내과의원,47190,의원,"경상북도 구미시 상사서로 49, 2,3층 (상모동)",2021-11-03,0,36.0868131,128.3551947,False,13.4
JDQ4MTYyMiM4MSMkMiMkMCMkMDAkNDgxOTYxIzMxIyQxIyQ3IyQ3OSQyNjE0ODEjNTEjJDEjJDYjJDgz,상모삼성연합의원,47190,의원,"경상북도 구미시 상모로 55, 201호 (상모동)",2015-09-03,0,36.0899929,128.355992,False,13.05
JDQ4MTYyMiM4MSMkMSMkMCMkMTMkNDgxOTYxIzUxIyQyIyQxIyQwMCQzNjE0ODEjODEjJDEjJDIjJDgz,상모설명한의원,47190,한의원,"경상북도 구미시 상모로 68, 3,4층 (상모동)",2021-04-29,0,36.0900246,128.3574539,False,13.05
JDQ4MTYyMiM4MSMkMSMkMCMkMTMkNDgxMzUxIzMxIyQxIyQzIyQ4MiQyNjEyMjIjODEjJDEjJDYjJDgz,상모한의원,47190,한의원,"경상북도 구미시 상사서로 75, (상모동)",2003-06-09,0,36.0891544,128.3549442,False,13.14
JDQ4MTYyMiM4MSMkMiMkMCMkMDAkNDgxMzUxIzMxIyQxIyQ3IyQ4OSQzNjEyMjIjNjEjJDEjJDAjJDgz,상쾌한이비인후과의원,47190,의원,"경상북도 구미시 도봉로 80, (도량동)",2008-02-29,0,36.1391366,128.3176,False,8.31
JDQ4MTYyMiM4MSMkMSMkMCMkNzIkMzgxMTkxIzQxIyQxIyQ3IyQ5OSQzNjE0ODEjNDEjJDEjJDQjJDgz,새로이치과의원,47190,치과의원,"경상북도 구미시 야은로 267, 6층 (봉곡동)",2023-03-06,0,36.1397842,128.3125314,False,8.44
JDQ4MTYyMiM4MSMkMiMkMCMkMDAkNDgxMzUxIzExIyQxIyQ3IyQwMyQzNjEyMjIjNTEjJDEjJDYjJDgz,새봄산부인과의원,47190,의원,"경상북도 구미시 송원서로 94, (원평동)",2005-06-28,10,36.125647,128.3446184,False,9.14
JDQ4MTYyMiM4MSMkMiMkMCMkMDAkNDgxMTkxIzExIyQyIyQzIyQwMCQ0NjEwMDIjNjEjJDEjJDgjJDgz,서광경대연합의원,47190,의원,"경상북도 구미시 신비로 95, 강변파라디아 A동 2층 201호 (공단동)",2018-08-09,0,36.1207813,128.371934,False,9.74
JDQ4MTYyMiM4MSMkMSMkMCMkOTIkMzgxNzAyIzIxIyQxIyQ1IyQ2MiQyNjEwMDIjODEjJDEjJDYjJDgz,서부보건진료소,47190,보건진료소,"경상북도 구미시 선산읍 배다리길 90, (선산읍)",1984-10-01,0,36.2138761,128.244749,False,9.96
JDQ4MTYyMiM4MSMkMiMkMCMkMDAkMzgxNzAyIzExIyQxIyQ3IyQ5OSQyNjE0ODEjNjEjJDEjJDQjJDgz,서비뇨기과의원,47190,의원,"경상북도 구미시 인동중앙로 42, (인의동)",2000-11-30,0,36.108669,128.4229074,False,12.53
JDQ4MTYyMiM4MSMkMiMkMCMkMDAkNDgxMzUxIzIxIyQxIyQxIyQ2MiQyNjE0ODEjNDEjJDEjJDgjJDgz,서영배강심내과의원,47190,의원,"경상북도 구미시 신시로 77, (형곡동)",2005-11-25,0,36.1148833,128.3387097,False,10.39
JDQ4MTYyMiM4MSMkMiMkMCMkMDAkNDgxMTkxIzMxIyQxIyQzIyQ3OSQ0NjE0ODEjODEjJDEjJDIjJDgz,서울365소아청소년과의원,47190,의원,"경상북도 구미시 인동북길 115, 7,8층 (인의동)",2022-08-18,24,36.0976119,128.4284839,False,13.85
JDQ4MTYyMiM4MSMkMiMkMCMkMDAkNDgxMTkxIzMxIyQxIyQ3IyQ3OSQzNjEwMDIjNDEjJDEjJDQjJDgz,서울아산속내과의원,47190,의원,"경상북도 구미시 인동36길 6, 2층 201호 (진평동)",2023-06-05,0,36.0940574,128.432394,False,14.37
JDQ4MTYyMiM4MSMkMiMkMCMkMDAkMzgxNzAyIzExIyQxIyQ3IyQxMyQyNjEyMjIjNTEjJDEjJDIjJDgz,서울웰빙의원,47190,의원,"경상북도 구미시 산호대로25길 16, (옥계동)",2005-01-28,0,36.1383399,128.4163103,False,9.42
JDQ4MTYyMiM4MSMkMSMkMCMkNzIkMzgxOTYxIzMxIyQxIyQzIyQwMyQyNjEyMjIjODEjJDEjJDYjJDgz,서치과의원,47190,치과의원,"경상북도 구미시 선산읍 남문로 27-1, (선산읍)",1996-05-03,0,36.2401499,128.3014573,False,6.06
JDQ4MTYyMiM4MSMkMiMkMCMkMDAkNDgxMzUxIzIxIyQxIyQ1IyQ4OSQyNjE0ODEjNjEjJDEjJDgjJDgz,석연합의원,47190,의원,"경상북도 구미시 수출대로31길 66, (인의동)",2011-03-02,0,36.1166321,128.425888,False,11.91
JDQ4MTYyMiM4MSMkMiMkMCMkMDAkNDgxMzUxIzMxIyQxIyQzIyQ2MiQzNjE4MzIjODEjJDEjJDIjJDgz,석준호내과의원,47190,의원,"경상북도 구미시 백산로 61, 2층 (송정동, 구성빌딩)",2007-08-30,0,36.1215652,128.3406449,False,9.63
JDQ4MTYyMiM4MSMkMSMkMCMkNzIkMzgxOTYxIzExIyQxIyQ3IyQ2MiQzNjEyMjIjNzEjJDEjJDgjJDgz,석치과의원,47190,치과의원,"경상북도 구미시 상사서로 77, 우주빌딩 3층 (상모동)",2014-10-10,0,36.0893125,128.3549332,False,13.13
JDQ4MTYyMiM4MSMkMiMkMCMkMDAkNDgxMTkxIzIxIyQxIyQxIyQ3OSQzNjE4MzIjNDEjJDEjJDgjJDgz,선산삼성의원,47190,의원,"경상북도 구미시 선산읍 남문로 34, 1,2층",2017-12-13,0,36.2404895,128.3020212,False,6.05
JDQ4MTYyMiM4MSMkMiMkMCMkMDAkNDgxMTkxIzQxIyQxIyQ3IyQ4OSQ0NjEwMDIjNjEjJDEjJDgjJDgz,선산우리의원,47190,의원,"경상북도 구미시 선산읍 동교길 12, (선산읍)",2024-04-25,0,36.2443066,128.3038499,False,6.19
JDQ4MTYyMiM4MSMkMiMkMCMkMDAkNDgxOTYxIzExIyQyIyQzIyQwMCQyNjE4MzIjNDEjJDEjJDgjJDgz,선산의원,47190,의원,"경상북도 구미시 선산읍 남문로 26-2, (선산읍)",2011-02-18,0,36.2398728,128.3020649,False,6.0
JDQ4MTYyMiM4MSMkMiMkMCMkMDAkMzgxMTkxIzIxIyQxIyQ1IyQ5MiQyNjE0ODEjODEjJDEjJDYjJDgz,선산중앙의원,47190,의원,"경상북도 구미시 선산읍 남문로2길 11, (선산읍)",2013-07-02,0,36.2398377,128.3024066,False,5.97
JDQ4MTYyMiM4MSMkMSMkMCMkNzIkMzgxMTkxIzExIyQxIyQzIyQ5OSQ0NjEwMDIjNjEjJDEjJDgjJDgz,선산한빛치과의원,47190,치과의원,"경상북도 구미시 선산읍 남문로4길 10, 2층",2009-12-17,0,36.2409688,128.3026136,False,6.04
JDQ4MTYyMiM4MSMkMSMkMCMkMTMkNDgxOTYxIzMxIyQxIyQ3IyQ4OSQ0NjEwMDIjNDEjJDEjJDgjJDgz,설명한의원,47190,한의원,"경상북도 구미시 형곡서로 76-7, (형곡동)",2016-10-17,0,36.1090727,128.3355214,False,11.07
JDQ4MTYyMiM4MSMkMiMkMCMkMDAkMzgxOTYxIzMxIyQxIyQzIyQ5MiQzNjEyMjIjNjEjJDEjJDQjJDgz,성심의원,47190,의원,"경상북도 구미시 구미중앙로 77, (원평동)",1990-05-23,0,36.1290236,128.3314249,False,8.97
JDQ4MTYyMiM4MSMkMiMkMCMkMDAkMzgxMTkxIzIxIyQxIyQxIyQ3MiQyNjEyMjIjNjEjJDEjJDAjJDgz,성피부과의원,47190,의원,"경상북도 구미시 구미중앙로 149, 7~8층 (원평동)",2003-08-01,0,36.1261695,128.3384624,False,9.16
JDQ4MTYyMiM4MSMkMSMkMCMkMTMkNDgxOTYxIzQxIyQxIyQ3IyQxMyQzNjEwMDIjNTEjJDEjJDYjJDgz,세림한의원,47190,한의원,"경상북도 구미시 원남로 7, 2층 201호 (남통동)",2020-05-28,0,36.1307814,128.3224416,False,9.02
JDQ4MTYyMiM4MSMkMiMkMCMkMDAkNDgxMTkxIzQxIyQxIyQ3IyQ3OSQ0NjE0ODEjNDEjJDEjJDgjJDgz,세명영상의학과의원,47190,의원,"경상북도 구미시 구미대로30길 14, (신평동)",2004-03-09,0,36.117203,128.3640727,False,10.05
JDQ4MTYyMiM4MSMkMiMkMCMkMDAkMzgxNzAyIzExIyQxIyQzIyQxMyQyNjE4MzIjNjEjJDEjJDAjJDgz,세명이비인후과의원,47190,의원,"경상북도 구미시 송동로 105, (도량동)",2003-11-24,0,36.1425999,128.3219194,False,7.8
JDQ4MTYyMiM4MSMkMSMkMCMkNzIkMzgxMzUxIzUxIyQxIyQ1IyQxMyQyNjEwMDIjODEjJDEjJDIjJDgz,세브란스치과의원,47190,치과의원,"경상북도 구미시 신시로 77, (형곡동)",1992-11-13,0,36.1148833,128.3387097,False,10.39
JDQ4MTYyMiM4MSMkMSMkMCMkMTMkMzgxNzAyIzUxIyQxIyQxIyQ2MiQzNjEyMjIjNDEjJDEjJDgjJDgz,소나무한의원,47190,한의원,"경상북도 구미시 인동중앙로10길 5, (인의동)",2003-10-28,0,36.108563,128.423174,False,12.56
JDQ4MTYyMiM4MSMkMSMkMCMkMTMkNDgxMzUxIzUxIyQxIyQxIyQ4OSQyNjE4MzIjNDEjJDEjJDQjJDgz,소담한의원,47190,한의원,"경상북도 구미시 금오대로 294, 1층 (오태동)",2017-06-09,10,36.0708763,128.3489804,False,15.19
JDQ4MTYyMiM4MSMkMSMkMCMkMTMkNDgxMzUxIzIxIyQxIyQ5IyQ4OSQzNjE0ODEjNTEjJDEjJDIjJDgz,소리청한의원,47190,한의원,"경상북도 구미시 형곡중앙로 63, (형곡동)",2007-03-27,0,36.112207,128.338337,False,10.69
JDQ4MTYyMiM4MSMkMSMkMCMkMTMkNDgxMTkxIzExIyQxIyQzIyQ4OSQ0NjE0ODEjNDEjJDEjJDgjJDgz,소망한의원,47190,한의원,"경상북도 구미시 검성로 48, 1층 (황상동)",2019-09-10,0,36.1149092,128.4250568,False,12.03
JDQ4MTYyMiM4MSMkMiMkMCMkMDAkNDgxOTYxIzMxIyQxIyQzIyQ3OSQ0NjE0ODEjNTEjJDEjJDIjJDgz,속편한내과의원,47190,의원,"경상북도 구미시 신시로 69, 미르빌딩 3층 (형곡동)",2006-03-10,0,36.1140836,128.3386517,False,10.48
JDQ4MTYyMiM4MSMkMSMkMCMkMTMkNDgxMzUxIzIxIyQxIyQ1IyQ2MiQyNjE0ODEjNjEjJDEjJDQjJDgz,손앤길한의원,47190,한의원,"경상북도 구미시 옥계2공단로 355, (옥계동)",2007-08-03,0,36.1374904,128.4170875,False,9.54
JDQ4MTYyMiM4MSMkMSMkMCMkNzIkMzgxOTYxIzMxIyQxIyQzIyQ3MiQyNjEyMjIjNzEjJDEjJDgjJDgz,손영진치과의원,47190,치과의원,"경상북도 구미시 옥계북로 22, (옥계동)",2005-01-13,0,36.1382698,128.4198138,False,9.61
JDQ4MTYyMiM4MSMkMSMkMCMkNzIkMzgxOTYxIzExIyQyIyQzIyQwMCQyNjE0ODEjNjEjJDEjJDAjJDgz,송민호연합치과의원,47190,치과의원,"경상북도 구미시 백산로 153, 2층 (송정동, 동양한신아파트)",1993-05-01,0,36.1191437,128.3506335,False,9.82
JDQ4MTYyMiM4MSMkMSMkMCMkOTIkMzgxNzAyIzIxIyQxIyQ1IyQ2MiQzNjEyMjIjNDEjJDEjJDQjJDgz,송백보건진료소,47190,보건진료소,"경상북도 구미시 산동읍 송백로 860, 경상북도 구미시 산동읍 송백로 860 (송백보건진료소)",1982-10-06,0,36.2144935,128.4779704,False,11.02
JDQ4MTYyMiM4MSMkMSMkMCMkMTMkNDgxOTYxIzExIyQxIyQzIyQ4OSQyNjEyMjIjNjEjJDEjJDgjJDgz,송이한의원,47190,한의원,"경상북도 구미시 신비로 81, (공단동)",2008-06-10,0,36.1205651,128.3709122,False,9.75
JDQ4MTYyMiM4MSMkMSMkMCMkNzIkMzgxOTYxIzUxIyQxIyQxIyQ3OSQyNjE4MzIjODEjJDEjJDIjJDgz,송정UDC치과의원,47190,치과의원,"경상북도 구미시 송정대로 110, 203호 (송정동, 한라하우젠트송정)",2005-02-18,0,36.1162273,128.3500413,False,10.14
JDQ4MTYyMiM4MSMkMSMkMCMkMTMkMzgxNzAyIzUxIyQxIyQ1IyQ2MiQzNjEwMDIjODEjJDEjJDYjJDgz,송정코끼리한의원,47190,한의원,"경상북도 구미시 박정희로 599, 211, 212호 (송정동, 푸르지오캐슬 A단지)",1996-09-04,0,36.1233151,128.3395922,False,9.45
JDQ4MTYyMiM4MSMkMiMkMCMkMDAkNDgxOTYxIzExIyQxIyQ3IyQ5MiQyNjEwMDIjNDEjJDEjJDgjJDgz,수연합정형외과의원,47190,의원,"경상북도 구미시 금오대로 291, (오태동)",2012-01-31,18,36.0711267,128.3484396,False,15.16
JDQ4MTYyMiM4MSMkMiMkMCMkMDAkMzgxNzAyIzUxIyQxIyQxIyQ5MiQyNjE0ODEjNjEjJDEjJDgjJDgz,수이비인후과의원,47190,의원,"경상북도 구미시 상사서로 56, 2층 (상모동)",2005-03-11,0,36.0874331,128.3556493,False,13.33
JDQ4MTYyMiM4MSMkMSMkMCMkNzIkMzgxMTkxIzIxIyQxIyQ5IyQwMyQyNjEyMjIjODEjJDEjJDIjJDgz,수치과의원,47190,치과의원,"경상북도 구미시 신시로 68-3, 2층 201호 (형곡동)",2017-05-11,0,36.1140697,128.3396426,False,10.47
JDQ4MTYyMiM4MSMkMSMkMCMkODkkMzgxMzUxIzExIyQxIyQzIyQ2MiQzNjE0ODEjNDEjJDEjJDgjJDgz,순천향대학교 부속 구미병원,47190,종합병원,"경상북도 구미시 1공단로 179,  (공단동)",1979-09-18,301,36.1029182,128.3827377,True,11.87
JDQ4MTYyMiM4MSMkMiMkMCMkMDAkMzgxMTkxIzMxIyQxIyQzIyQ5MiQ0NjE0ODEjNzEjJDEjJDgjJDgz,순천향소아과의원,47190,의원,"경상북도 구미시 비산로1길 20, (비산동)",1998-03-31,0,36.1208643,128.3742008,False,9.76
JDQ4MTYyMiM4MSMkMiMkMCMkMDAkMzgxNzAyIzMxIyQxIyQzIyQxMyQyNjEwMDIjNDEjJDEjJDQjJDgz,순천향정형외과의원,47190,의원,"경상북도 구미시 야은로 421, (도량동)",2002-05-17,0,36.1368724,128.3290896,False,8.19
JDQ4MTYyMiM4MSMkMiMkMCMkMDAkMzgxOTYxIzMxIyQyIyQzIyQwMCQ0NjEwMDIjNDEjJDEjJDgjJDgz,순향산부인과의원,47190,의원,"경상북도 구미시 구미중앙로 96, (원평동)",1990-03-14,3,36.1280183,128.3329966,False,9.05
JDQ4MTYyMiM4MSMkMiMkMCMkMDAkMzgxNzAyIzIxIyQxIyQxIyQ4MiQyNjEyMjIjNzEjJDEjJDgjJDgz,쉬즈산부인과의원,47190,의원,"경상북도 구미시 구미대로 220, (광평동)",2004-01-25,29,36.1063987,128.3635625,False,11.25
JDQ4MTYyMiM4MSMkMSMkMCMkNzIkMzgxMTkxIzQxIyQxIyQ3IyQ3OSQyNjE0ODEjNTEjJDEjJDIjJDgz,스마트치과의원,47190,치과의원,"경상북도 구미시 인동가산로 31, (황상동)",2012-02-21,0,36.1064439,128.4198356,False,12.62
JDQ4MTYyMiM4MSMkMSMkMCMkMTMkNDgxOTYxIzUxIyQxIyQxIyQ2MiQzNjE0ODEjNjEjJDEjJDQjJDgz,슬림앤미한의원,47190,한의원,"경상북도 구미시 인동36길 10, 영진빌딩 3층 (진평동)",2023-07-12,0,36.0938429,128.4322007,False,14.38
JDQ4MTYyMiM4MSMkMiMkMCMkMDAkNDgxOTYxIzQxIyQyIyQ3IyQwMCQzNjEyMjIjNDEjJDEjJDgjJDgz,슬림유외과의원,47190,의원,"경상북도 구미시 구미중앙로 44, (원평동, 멀티복합상가)",2016-05-04,2,36.1301001,128.3276308,False,8.95
JDQ4MTYyMiM4MSMkMiMkMCMkMDAkNDgxOTYxIzIxIyQxIyQxIyQ5MiQzNjEwMDIjNDEjJDEjJDQjJDgz,신내과의원,47190,의원,"경상북도 구미시 선산읍 남문로4길 11, 1층",2012-11-08,0,36.241192,128.3027531,False,6.04
JDQ4MTYyMiM4MSMkMiMkMCMkMDAkMzgxMTkxIzUxIyQxIyQ1IyQ3OSQyNjEwMDIjNjEjJDEjJDAjJDgz,신세계의원,47190,의원,"경상북도 구미시 해평면 강동로 1620, (해평면)",2007-01-23,0,36.195218,128.393113,False,3.64
JDQ4MTYyMiM4MSMkMSMkMCMkNzIkMzgxOTYxIzMxIyQxIyQzIyQ4MiQzNjEwMDIjODEjJDEjJDYjJDgz,신세계치과의원,47190,치과의원,"경상북도 구미시 상사서로 31, 201호 (상모동, 윤경빌딩)",2001-05-25,0,36.0851041,128.3555585,False,13.59
JDQ4MTYyMiM4MSMkMSMkMCMkMTMkNDgxMzUxIzMxIyQxIyQ3IyQ4OSQzNjE0ODEjNjEjJDEjJDQjJDgz,신세계한의원,47190,한의원,"경상북도 구미시 인동북길 83, 2층 (인의동)",2004-02-16,0,36.0995893,128.4260982,False,13.56
JDQ4MTYyMiM4MSMkMiMkMCMkMDAkMzgxNzAyIzExIyQxIyQ3IyQ5OSQzNjE4MzIjNTEjJDEjJDIjJDgz,신평내과의원,47190,의원,"경상북도 구미시 야은로 765, (신평동)",2000-12-08,0,36.1237547,128.3629155,False,9.32
JDQ4MTYyMiM4MSMkMiMkMCMkMDAkNDgxMzUxIzUxIyQyIyQxIyQwMCQzNjEyMjIjNDEjJDEjJDgjJDgz,신평정형외과의원,47190,의원,"경상북도 구미시 칠성로 4, 3,4,5층 (신평동)",2009-06-08,12,36.1207842,128.3625068,False,9.65
JDQ4MTYyMiM4MSMkMSMkMCMkMTMkMzgxNzAyIzUxIyQxIyQ1IyQ4MiQyNjEyMjIjODEjJDEjJDYjJDgz,신평한의원,47190,한의원,"경상북도 구미시 야은로 759, (신평동)",1990-02-03,0,36.1239382,128.3623649,False,9.3
JDQ4MTYyMiM4MSMkMSMkMCMkMTMkMzgxNzAyIzMxIyQxIyQ3IyQxMyQ0NjE0ODEjNDEjJDEjJDgjJDgz,실로암한의원,47190,한의원,"경상북도 구미시 형곡로 207, (형곡동)",1993-02-23,0,36.1076977,128.3383505,False,11.19
JDQ4MTYyMiM4MSMkMiMkMCMkMDAkNDgxOTYxIzUxIyQxIyQ1IyQ5OSQ0NjE0ODEjNTEjJDEjJDIjJDgz,씨앤미의원,47190,의원,"경상북도 구미시 구미중앙로 83, (원평동)",2015-05-12,0,36.1288805,128.3318102,False,8.98
JDQ4MTYyMiM4MSMkMiMkMCMkMDAkNDgxOTYxIzUxIyQxIyQ1IyQ4OSQyNjEwMDIjODEjJDEjJDIjJDgz,아름다운미의원,47190,의원,"경상북도 구미시 신시로 61, 5층 (형곡동)",2017-07-12,0,36.1134263,128.3387845,False,10.55
JDQ4MTYyMiM4MSMkMSMkMCMkNzIkMzgxMzUxIzUxIyQxIyQxIyQ2MiQyNjEyMjIjNTEjJDEjJDYjJDgz,아름다운화이트치과의원,47190,치과의원,"경상북도 구미시 인동가산로 17, (황상동)",2004-09-14,0,36.1074047,128.4189403,False,12.49
JDQ4MTYyMiM4MSMkMiMkMCMkMDAkNDgxMTkxIzUxIyQxIyQxIyQ3MiQzNjEyMjIjNzEjJDEjJDgjJDgz,아리아여성의원,47190,의원,"경상북도 구미시 산동읍 신당1로2길 7, 석세스-2 6층",2025-05-09,4,36.1547331,128.4317353,False,9.01
JDQ4MTYyMiM4MSMkMiMkMCMkMDAkNDgxOTYxIzExIyQyIyQ3IyQwMCQ0NjEwMDIjNzEjJDEjJDgjJDgz,아미엘연합의원,47190,의원,"경상북도 구미시 옥계북로 40, (옥계동)",2011-11-10,0,36.1380448,128.4218021,False,9.74
JDQ4MTYyMiM4MSMkMSMkMCMkNzIkMzgxOTYxIzUxIyQyIyQxIyQwMCQyNjE4MzIjNDEjJDEjJDQjJDgz,아이꿈꾸는치과의원,47190,치과의원,"경상북도 구미시 신시로 97, 5층 (형곡동)",2005-08-03,0,36.116502,128.3388044,False,10.21
JDQ4MTYyMiM4MSMkMiMkMCMkMDAkNDgxOTYxIzExIyQyIyQzIyQwMCQyNjE0ODEjNzEjJDEjJDgjJDgz,아이비성형외과의원,47190,의원,"경상북도 구미시 구미중앙로 128, (원평동)",2011-02-15,0,36.1266064,128.3361733,False,9.14
JDQ4MTYyMiM4MSMkMiMkMCMkMDAkNDgxMTkxIzExIyQxIyQzIyQ5MiQyNjEyMjIjODEjJDEjJDIjJDgz,아이큰소아청소년과의원,47190,의원,"경상북도 구미시 산동면 신당1로3길 19, 2층 203호",2018-10-25,0,36.1558232,128.4312401,False,8.89
JDQ4MTYyMiM4MSMkMiMkMCMkMDAkMzgxOTYxIzUxIyQxIyQxIyQ5MiQyNjEyMjIjNDEjJDEjJDgjJDgz,안재소아과의원,47190,의원,"경상북도 구미시 검성로 76, (황상동)",1992-09-28,0,36.1171625,128.4256359,False,11.84
JDQ4MTYyMiM4MSMkMSMkMCMkNzIkMzgxMTkxIzMxIyQyIyQ3IyQwMCQzNjE0ODEjNDEjJDEjJDgjJDgz,어울림치과의원,47190,치과의원,"경상북도 구미시 구미중앙로 118, 204,205호 (원평동, 동양빌딩)",2013-06-28,0,36.1270734,128.3349552,False,9.11
JDQ4MTYyMiM4MSMkMSMkMCMkNzIkMzgxOTYxIzQxIyQxIyQ3IyQ4MiQ0NjE0ODEjNjEjJDEjJDgjJDgz,에덴치과의원,47190,치과의원,"경상북도 구미시 봉곡남로 85, 3층 (봉곡동)",2011-09-26,0,36.1492054,128.3115401,False,7.57
JDQ4MTYyMiM4MSMkMiMkMCMkMDAkMzgxNzAyIzMxIyQxIyQzIyQ5OSQyNjE0ODEjNDEjJDEjJDgjJDgz,에바마레산부인과의원,47190,의원,"경상북도 구미시 이계북로 141, (진평동)",2007-04-20,29,36.1059142,128.4180198,False,12.6
JDQ4MTYyMiM4MSMkMiMkMCMkMDAkMzgxOTYxIzMxIyQyIyQzIyQwMCQzNjEyMjIjNjEjJDEjJDgjJDgz,에바마레소아청소년과의원,47190,의원,"경상북도 구미시 이계북로 141, 1층 (진평동)",2009-02-02,0,36.1059142,128.4180198,False,12.6
JDQ4MTYyMiM4MSMkMSMkMCMkNzIkMzgxOTYxIzExIyQxIyQ3IyQ4MiQzNjEwMDIjNTEjJDEjJDYjJDgz,엘리트치과의원,47190,치과의원,"경상북도 구미시 구미중앙로 61-10, (원평동)",2006-02-27,0,36.1303009,128.330331,False,8.86
JDQ4MTYyMiM4MSMkMiMkMCMkMDAkNDgxMzUxIzQxIyQxIyQ3IyQ3OSQ0NjE0ODEjNDEjJDEjJDQjJDgz,엘에스전선(주)부속의원,47190,의원,"경상북도 구미시 수출대로 228, (공단동)",1996-07-26,0,36.1106696,128.3896303,False,11.18
JDQ4MTYyMiM4MSMkMiMkMCMkMDAkNDgxOTYxIzExIyQxIyQ3IyQ5OSQyNjEyMjIjNTEjJDEjJDIjJDgz,엘지디스플레이(주) P62부속의원,47190,의원,"경상북도 구미시 3공단2로 181, (시미동)",2011-08-31,0,36.0973671,128.4044099,False,13.0
JDQ4MTYyMiM4MSMkMiMkMCMkMDAkNDgxMzUxIzExIyQxIyQzIyQ3OSQzNjEyMjIjODEjJDEjJDYjJDgz,엘지디스플레이(주)부속의원,47190,의원,"경상북도 구미시 3공단2로 174, (시미동)",2007-04-03,0,36.0976759,128.4075613,False,13.06
JDQ4MTYyMiM4MSMkMSMkMCMkNzIkMzgxMTkxIzMxIyQxIyQ3IyQ3MiQyNjEwMDIjNDEjJDEjJDgjJDgz,연세더편한치과의원,47190,치과의원,"경상북도 구미시 봉곡남로 108, 2,3층 (봉곡동)",2021-06-04,0,36.1497161,128.3138971,False,7.42
JDQ4MTYyMiM4MSMkMSMkMCMkNzIkMzgxMTkxIzExIyQxIyQzIyQxMyQzNjEwMDIjNjEjJDEjJDAjJDgz,연세엠플러스치과교정과치과의원,47190,치과의원,"경상북도 구미시 인동가산로 33, 7층 (인의동)",2011-03-24,0,36.1062739,128.4199544,False,12.64
JDQ4MTYyMiM4MSMkMiMkMCMkMDAkNDgxMTkxIzIxIyQxIyQ5IyQwMyQyNjE4MzIjODEjJDEjJDYjJDgz,연세윤내과의원,47190,의원,"경상북도 구미시 구미중앙로 149, 3층 (원평동)",2004-09-07,0,36.1261695,128.3384624,False,9.16
JDQ4MTYyMiM4MSMkMSMkMCMkNzIkMzgxOTYxIzMxIyQxIyQzIyQwMyQzNjE4MzIjNDEjJDEjJDQjJDgz,연세치과의원,47190,치과의원,"경상북도 구미시 신시로 63, 2층 (형곡동)",2000-11-19,0,36.1135835,128.3388122,False,10.53
JDQ4MTYyMiM4MSMkMSMkMCMkOTIkMzgxNzAyIzIxIyQxIyQ1IyQ2MiQyNjE0ODEjNDEjJDEjJDgjJDgz,연악보건진료소,47190,보건진료소,"경상북도 구미시 무을면 상송길 11-18, (연악보건진료소)",1982-10-06,0,36.2707885,128.1598567,False,18.91
JDQ4MTYyMiM4MSMkMiMkMCMkMDAkMzgxNzAyIzUxIyQxIyQ1IyQ3MiQyNjEyMjIjNjEjJDEjJDAjJDgz,열린마음정신과의원,47190,의원,"경상북도 구미시 구미중앙로 85, (원평동)",2004-03-23,0,36.12877,128.3321213,False,8.99
JDQ4MTYyMiM4MSMkMiMkMCMkMDAkNDgxMzUxIzIxIyQyIyQ1IyQwMCQyNjE4MzIjNjEjJDEjJDQjJDgz,열린연합이비인후과의원,47190,의원,"경상북도 구미시 인동가산로 17, 2층 (황상동)",2006-04-03,4,36.1074047,128.4189403,False,12.49
JDQ4MTYyMiM4MSMkMSMkMCMkNzIkMzgxOTYxIzMxIyQxIyQ3IyQ3OSQyNjEyMjIjNzEjJDEjJDgjJDgz,열린치과의원,47190,치과의원,"경상북도 구미시 인동가산로 25, (황상동)",2001-04-14,0,36.1066181,128.4196436,False,12.6
JDQ4MTYyMiM4MSMkMSMkMCMkMTMkNDgxOTYxIzMxIyQxIyQzIyQ2MiQyNjEwMDIjNDEjJDEjJDgjJDgz,열린한의원,47190,한의원,"경상북도 구미시 산동면 신당1로3길 19, (산동읍)",2015-08-13,10,36.1558232,128.4312401,False,8.89
JDQ4MTYyMiM4MSMkMSMkMCMkMTMkMzgxNzAyIzIxIyQxIyQxIyQwMyQyNjEyMjIjODEjJDEjJDYjJDgz,영기한의원,47190,한의원,"경상북도 구미시 형곡서로 121, (형곡동)",1992-03-07,0,36.1129487,128.334275,False,10.67
JDQ4MTYyMiM4MSMkMiMkMCMkMDAkMzgxNzAyIzExIyQxIyQ3IyQ2MiQyNjE0ODEjNDEjJDEjJDQjJDgz,영남제통마취통증의학과의원,47190,의원,"경상북도 구미시 구미중앙로 46-3, 2층 (원평동)",2017-06-27,0,36.1298355,128.3283431,False,8.96
JDQ4MTYyMiM4MSMkMiMkMCMkMDAkNDgxOTYxIzUxIyQxIyQxIyQ3MiQzNjE4MzIjNDEjJDEjJDQjJDgz,영이비인후과의원,47190,의원,"경상북도 구미시 신시로 61, 1층 (형곡동)",2017-03-22,0,36.1134263,128.3387845,False,10.55
JDQ4MTYyMiM4MSMkMSMkMCMkMTMkMzgxNzAyIzIxIyQxIyQ1IyQ3MiQyNjEyMjIjNTEjJDEjJDYjJDgz,영제한의원,47190,한의원,"경상북도 구미시 송정대로 9, (송정동)",1990-05-08,0,36.1169719,128.3400496,False,10.15
JDQ4MTYyMiM4MSMkMSMkMCMkMTMkMzgxNzAyIzQxIyQxIyQ3IyQ4OSQ0NjEwMDIjNzEjJDEjJDgjJDgz,영주한의원,47190,한의원,"경상북도 구미시 구미중앙로 146, (원평동)",1993-04-20,0,36.1259518,128.3379065,False,9.19
JDQ4MTYyMiM4MSMkMiMkMCMkMDAkNDgxMzUxIzUxIyQxIyQxIyQwMyQyNjE4MzIjNTEjJDEjJDYjJDgz,예스정형외과의원,47190,의원,"경상북도 구미시 산호대로31길 15, 9층 (옥계동)",2009-12-09,0,36.1377477,128.4220824,False,9.78
JDQ4MTYyMiM4MSMkMSMkMCMkMTMkNDgxMzUxIzMxIyQxIyQzIyQ3MiQzNjE4MzIjNTEjJDEjJDIjJDgz,예인당한의원,47190,한의원,"경상북도 구미시 인동36길 15, (구평동)",2003-06-16,0,36.0931718,128.4324968,False,14.46
JDQ4MTYyMiM4MSMkMSMkMCMkNzIkMzgxOTYxIzUxIyQxIyQ1IyQ4OSQyNjE4MzIjNDEjJDEjJDgjJDgz,예인치과의원,47190,치과의원,"경상북도 구미시 송동로 87, 2층 (도량동)",2007-05-04,0,36.1405231,128.3231315,False,7.98
JDQ4MTYyMiM4MSMkMiMkMCMkMDAkNDgxMTkxIzIxIyQxIyQxIyQwMyQyNjE0ODEjNDEjJDEjJDgjJDgz,오앤정연합의원,47190,의원,"경상북도 구미시 인동36길 15, 구평메디칼센터 201호 (구평동)",2020-08-26,0,36.0931718,128.4324968,False,14.46
JDQ4MTYyMiM4MSMkMSMkMCMkMTMkNDgxOTYxIzUxIyQxIyQ1IyQ3MiQzNjEyMjIjNjEjJDEjJDQjJDgz,오월의 한의원,47190,한의원,"경상북도 구미시 봉곡북로 68, 1층 (봉곡동)",2024-04-11,0,36.1539712,128.3113411,False,7.14
JDQ4MTYyMiM4MSMkMSMkMCMkNzIkMzgxOTYxIzQxIyQxIyQ3IyQ3MiQzNjEyMjIjNTEjJDEjJDIjJDgz,오즈치과의원,47190,치과의원,"경상북도 구미시 산호대로31길 20, 3층 (옥계동)",2004-04-19,0,36.1380285,128.4225978,False,9.79
JDQ4MTYyMiM4MSMkMiMkMCMkMDAkNDgxMTkxIzMxIyQxIyQ3IyQ5OSQzNjE4MzIjNDEjJDEjJDgjJDgz,오케이마취통증의학과의원,47190,의원,"경상북도 구미시 구미중앙로 115, 2층 (원평동)",2023-08-16,0,36.1275489,128.3350546,False,9.06
JDQ4MTYyMiM4MSMkMSMkMCMkNzIkMzgxOTYxIzIxIyQxIyQxIyQ5OSQzNjE0ODEjNTEjJDEjJDIjJDgz,오혜명시온백년치과의원,47190,치과의원,"경상북도 구미시 구미대로 389, (신평동)",2019-03-07,0,36.1214042,128.3624865,False,9.58
JDQ4MTYyMiM4MSMkMiMkMCMkMDAkNDgxMzUxIzIxIyQxIyQxIyQ5OSQzNjEwMDIjODEjJDEjJDIjJDgz,옥계내과의원,47190,의원,"경상북도 구미시 옥계북로 36, (옥계동)",2005-10-24,0,36.13813,128.4215447,False,9.72
JDQ4MTYyMiM4MSMkMSMkMCMkNzIkMzgxMTkxIzMxIyQxIyQzIyQ2MiQyNjEwMDIjNzEjJDEjJDgjJDgz,옥계로뎀치과의원,47190,치과의원,"경상북도 구미시 산호대로23길 38, 2층 (옥계동)",2005-04-29,0,36.1386706,128.4167569,False,9.41
JDQ4MTYyMiM4MSMkMiMkMCMkMDAkNDgxMTkxIzQxIyQxIyQ3IyQxMyQzNjE0ODEjNTEjJDEjJDYjJDgz,옥계연합소아청소년과의원,47190,의원,"경상북도 구미시 산동읍 신당1로1길 17-7, 3층",2017-04-10,16,36.1553259,128.4330678,False,9.06
JDQ4MTYyMiM4MSMkMSMkMCMkNzIkMzgxOTYxIzUxIyQxIyQ1IyQ3OSQyNjEwMDIjODEjJDEjJDIjJDgz,옥계원치과의원,47190,치과의원,"경상북도 구미시 산동면 신당1로 30, 탑 스퀘어 301,302호",2013-12-27,0,36.1543156,128.431733,False,9.04
JDQ4MTYyMiM4MSMkMiMkMCMkMDAkMzgxNzAyIzUxIyQxIyQxIyQ3OSQyNjE0ODEjNjEjJDEjJDQjJDgz,옥계정형외과의원,47190,의원,"경상북도 구미시 산동읍 강동로 1009, 3층",2010-02-08,0,36.1684726,128.4368403,False,8.49
JDQ4MTYyMiM4MSMkMSMkMCMkOTIkMzgxOTYxIzIxIyQxIyQxIyQ5OSQyNjEyMjIjNjEjJDEjJDQjJDgz,옥성면보건지소,47190,보건지소,"경상북도 구미시 옥성면 주아령로 411, (옥성종합복지회관)",1988-01-01,0,36.2954688,128.2785775,False,11.98
JDQ4MTYyMiM4MSMkMSMkMCMkNzIkMzgxMTkxIzIxIyQxIyQ5IyQ5MiQ0NjEwMDIjODEjJDEjJDIjJDgz,옥치과의원,47190,치과의원,"경상북도 구미시 선산읍 남문로 39, 2,3층",2017-05-08,0,36.2412702,128.3014394,False,6.14
JDQ4MTYyMiM4MSMkMSMkMCMkNzIkMzgxMTkxIzMxIyQxIyQzIyQ5MiQzNjEwMDIjNDEjJDEjJDgjJDgz,온가족연합 치과의원,47190,치과의원,"경상북도 구미시 산동면 신당1로3길 19, 골드타워 301,302호",2019-04-04,0,36.1558232,128.4312401,False,8.89
JDQ4MTYyMiM4MSMkMSMkMCMkNzIkMzgxOTYxIzExIyQxIyQ3IyQ5MiQ0NjE0ODEjNjEjJDEjJDQjJDgz,온새미로치과의원,47190,치과의원,"경상북도 구미시 봉곡남로 102-1, 2,4층 (봉곡동)",2002-04-01,0,36.1495766,128.3133971,False,7.45
JDQ4MTYyMiM4MSMkMiMkMCMkMDAkNDgxMzUxIzIxIyQxIyQxIyQ4OSQzNjEyMjIjODEjJDEjJDYjJDgz,올리브나무정형외과의원,47190,의원,"경상북도 구미시 산동면 신당2로 29, 8층 802, 803호",2018-09-11,0,36.1558528,128.4317468,False,8.93
JDQ4MTYyMiM4MSMkMSMkMCMkNzIkMzgxMTkxIzMxIyQxIyQzIyQ4OSQyNjEwMDIjNjEjJDEjJDQjJDgz,올바른 현치과의원,47190,치과의원,"경상북도 구미시 산동면 신당2로 29, 대호프라자 403호",2017-12-12,0,36.1558528,128.4317468,False,8.93
JDQ4MTYyMiM4MSMkMiMkMCMkMDAkNDgxMTkxIzMxIyQxIyQ3IyQ5MiQzNjE0ODEjNTEjJDEjJDIjJDgz,올바른속내과의원,47190,의원,"경상북도 구미시 산호대로31길 19, 인동농협4공단지점 3층 (옥계동)",2024-02-07,0,36.1380066,128.4221056,False,9.76
JDQ4MTYyMiM4MSMkMiMkMCMkMDAkMzgxNzAyIzUxIyQxIyQxIyQ4MiQzNjEwMDIjNDEjJDEjJDQjJDgz,용한내과의원,47190,의원,"경상북도 구미시 선산읍 남문로 22-1, (선산읍)",2003-10-18,0,36.2396613,128.3020906,False,5.98
JDQ4MTYyMiM4MSMkMSMkMCMkMTMkNDgxOTYxIzIxIyQxIyQ1IyQxMyQzNjE0ODEjNDEjJDEjJDQjJDgz,용한한의원,47190,한의원,"경상북도 구미시 1공단로 197-7, (공단동)",2013-05-16,0,36.1022997,128.3846041,False,11.97
JDQ4MTYyMiM4MSMkMSMkMCMkMTMkNDgxMzUxIzUxIyQxIyQ1IyQ4MiQyNjE4MzIjNTEjJDEjJDIjJDgz,우리경희한의원,47190,한의원,"경상북도 구미시 백산로 61, 구성빌딩 3층 301호 (송정동)",2008-01-07,0,36.1215652,128.3406449,False,9.63
JDQ4MTYyMiM4MSMkMiMkMCMkMDAkNDgxMzUxIzIxIyQxIyQ5IyQxMyQzNjE4MzIjODEjJDEjJDIjJDgz,우리들연합의원,47190,의원,"경상북도 구미시 구미중앙로 57-3, 2층 (원평동)",2017-10-30,0,36.1300004,128.3290607,False,8.92
JDQ4MTYyMiM4MSMkMSMkMCMkNzIkMzgxMTkxIzMxIyQxIyQ3IyQ2MiQyNjE4MzIjNDEjJDEjJDQjJDgz,우리연치과의원,47190,치과의원,"경상북도 구미시 백산로 61, 구성빌딩 4층 (송정동)",2021-04-29,0,36.1215652,128.3406449,False,9.63
JDQ4MTYyMiM4MSMkMiMkMCMkMDAkNDgxOTYxIzUxIyQxIyQ1IyQ4MiQyNjEyMjIjNTEjJDEjJDIjJDgz,우리이비인후과의원,47190,의원,"경상북도 구미시 산동면 신당2로 29, 대호프라자 203호",2018-01-03,1,36.1558528,128.4317468,False,8.93
JDQ4MTYyMiM4MSMkMiMkMCMkMDAkMzgxNzAyIzIxIyQxIyQ5IyQ4MiQzNjE0ODEjNjEjJDEjJDgjJDgz,우성비뇨기과의원,47190,의원,"경상북도 구미시 신시로 77, (형곡동)",2002-02-01,0,36.1148833,128.3387097,False,10.39
JDQ4MTYyMiM4MSMkMiMkMCMkMDAkMzgxMTkxIzExIyQxIyQ3IyQ4OSQyNjE4MzIjNzEjJDEjJDgjJDgz,우종진산부인과의원,47190,의원,"경상북도 구미시 산호대로29길 20-7, 3층 (옥계동)",2017-05-11,0,36.1381742,128.4208364,False,9.68
JDQ4MTYyMiM4MSMkMSMkMCMkNzIkMzgxMTkxIzIxIyQxIyQ1IyQ4MiQ0NjEwMDIjNjEjJDEjJDAjJDgz,원우치과의원,47190,치과의원,"경상북도 구미시 상사서로 139-3, 그린빌딩동 3층 (사곡동)",2015-08-25,0,36.0948705,128.3553684,False,12.51
JDQ4MTYyMiM4MSMkMSMkMCMkMTMkNDgxOTYxIzIxIyQxIyQ5IyQ3MiQ0NjE0ODEjNDEjJDEjJDQjJDgz,원평한의원,47190,한의원,"경상북도 구미시 구미중앙로21길 5, (원평동)",2014-04-18,0,36.1273408,128.3358002,False,9.07
JDQ4MTYyMiM4MSMkMiMkMCMkMDAkNDgxMTkxIzUxIyQxIyQ1IyQ4OSQ0NjEwMDIjODEjJDEjJDYjJDgz,원호센트럴속내과의원,47190,의원,"경상북도 구미시 고아읍 평성로 13, (고아읍)",2025-12-02,0,36.15533,128.3358382,False,6.05
JDQ4MTYyMiM4MSMkMSMkMCMkNzIkMzgxOTYxIzIxIyQxIyQ1IyQ2MiQzNjEyMjIjNDEjJDEjJDQjJDgz,원호치과의원,47190,치과의원,"경상북도 구미시 고아읍 문장로26길 3, 낙원프라자 303호",1997-04-26,0,36.1520904,128.3298875,False,6.56
JDQ4MTYyMiM4MSMkMSMkMCMkNzIkMzgxOTYxIzUxIyQxIyQxIyQ2MiQyNjEyMjIjODEjJDEjJDYjJDgz,월드치과의원,47190,치과의원,"경상북도 구미시 옥계2공단로 353, (옥계동)",2002-01-15,0,36.1372939,128.4170478,False,9.55
JDQ4MTYyMiM4MSMkMSMkMCMkNzIkMzgxOTYxIzIxIyQyIyQ1IyQwMCQzNjEyMjIjNTEjJDEjJDIjJDgz,웰치과의원,47190,치과의원,"경상북도 구미시 도봉로 78, 302호 (도량동, 아이코아상가)",2005-02-11,0,36.1393661,128.3176361,False,8.29
JDQ4MTYyMiM4MSMkMSMkMCMkNzIkMzgxMTkxIzQxIyQxIyQ3IyQ3OSQ0NjE0ODEjODEjJDEjJDIjJDgz,유디치과의원,47190,치과의원,"경상북도 구미시 구미중앙로11길 6, 9층 (원평동)",2022-11-11,0,36.1296387,128.3308201,False,8.92
JDQ4MTYyMiM4MSMkMSMkMCMkNzIkMzgxOTYxIzIxIyQxIyQ1IyQ3OSQ0NjE0ODEjNzEjJDEjJDgjJDgz,윤동현치과의원,47190,치과의원,"경상북도 구미시 고아읍 들성로 211, 3층",2008-08-05,0,36.1608964,128.3433533,False,5.28
JDQ4MTYyMiM4MSMkMSMkMCMkMTMkNDgxMzUxIzIxIyQxIyQxIyQ2MiQzNjEyMjIjODEjJDEjJDIjJDgz,은성한의원,47190,한의원,"경상북도 구미시 고아읍 문장로 206, (고아읍)",2000-03-25,0,36.151702,128.3300828,False,6.59
JDQ4MTYyMiM4MSMkMSMkMCMkOTkkMzgxMzUxIzIxIyQxIyQ1IyQwMyQzNjE0ODEjNTEjJDEjJDYjJDgz,의료법인 갑을의료재단 갑을구미재활병원,47190,병원,"경상북도 구미시 3공단1로 280-3,  (임수동)",2013-02-07,189,36.107467,128.4027543,True,11.89
JDQ4MTYyMiM4MSMkMSMkMCMkOTkkNTgxOTYxIzExIyQxIyQzIyQ2MiQzNjEwMDIjNTEjJDEjJDIjJDgz,의료법인 민현의료재단 미래로병원,47190,정신병원,"경상북도 구미시 여헌로 30,  (인의동)",2013-08-16,292,36.1041302,128.4254909,True,13.09
JDQ4MTYyMiM4MSMkMSMkMCMkOTkkNTgxOTYxIzExIyQxIyQzIyQ2MiQzNjEyMjIjNDEjJDEjJDgjJDgz,의료법인 베델의료재단 구미천사정신병원,47190,정신병원,"경상북도 구미시 고아읍 이례로 46-0, (고아읍)",2025-07-11,151,36.2056513,128.3205346,True,3.14
JDQ4MTYyMiM4MSMkMSMkMCMkOTkkNTgxMzUxIzIxIyQyIyQ1IyQwMCQzNjE4MzIjNjEjJDEjJDQjJDgz,의료법인 서정의료재단 강동요양병원,47190,요양병원,"경상북도 구미시 인동20길 38-9,  (진평동)",2017-05-02,111,36.0966241,128.4239116,True,13.76
JDQ4MTYyMiM4MSMkMSMkMCMkOTkkMzgxMzUxIzMxIyQxIyQzIyQ3OSQ0NjEwMDIjODEjJDEjJDYjJDgz,의료법인 승미의료재단 구미으뜸병원,47190,병원,"경상북도 구미시 금오산로 198-20,  (남통동)",2023-08-30,148,36.1223233,128.3205294,True,9.96
JDQ4MTYyMiM4MSMkMSMkMCMkNjIkMzgxMzUxIzExIyQxIyQzIyQ3MiQyNjE0ODEjODEjJDEjJDYjJDgz,의료법인 여연의료재단 인동엘리트치과병원,47190,치과병원,"경상북도 구미시 인동가산로 14,  (진평동)",2011-11-29,0,36.1072416,128.4179531,False,12.47
JDQ4MTYyMiM4MSMkMSMkMCMkOTkkNTgxMzUxIzExIyQxIyQ3IyQ3OSQyNjEyMjIjNDEjJDEjJDQjJDgz,의료법인 한백의료재단 구미아성요양병원,47190,요양병원,"경상북도 구미시 선기로 155-23, (선기동)",2007-10-30,99,36.128627,128.3069999,True,9.78
JDQ4MTYyMiM4MSMkMSMkMCMkOTkkNTgxMzUxIzIxIyQxIyQ1IyQ3OSQyNjEyMjIjNTEjJDEjJDIjJDgz,의료법인베델의료재단 구미천사요양병원,47190,요양병원,"경상북도 구미시 고아읍 이례로 46, (고아읍)",2015-01-12,104,36.2056513,128.3205346,True,3.14
JDQ4MTYyMiM4MSMkMSMkMCMkOTkkNTgxMzUxIzIxIyQxIyQ1IyQ5MiQzNjEyMjIjNjEjJDEjJDgjJDgz,의료법인소랑의료재단 구미제일요양병원,47190,요양병원,"경상북도 구미시 고아읍 선산대로 1116-0, 구미제일요양병원",2021-12-28,199,36.2171862,128.316171,True,3.69
JDQ4MTYyMiM4MSMkMSMkMCMkMTMkNDgxOTYxIzExIyQyIyQzIyQwMCQyNjEwMDIjNTEjJDEjJDIjJDgz,의림한의원,47190,한의원,"경상북도 구미시 송정대로 96, 2층 (송정동)",2003-10-06,0,36.1167042,128.3489651,False,10.1
JDQ4MTYyMiM4MSMkMiMkMCMkMDAkMzgxOTYxIzMxIyQxIyQ3IyQ5MiQzNjE0ODEjNjEjJDEjJDQjJDgz,이경수내과의원,47190,의원,"경상북도 구미시 인동중앙로 39, 3층 (황상동)",1991-04-10,0,36.108639,128.4223396,False,12.51
JDQ4MTYyMiM4MSMkMiMkMCMkMDAkNDgxMTkxIzExIyQxIyQzIyQ4OSQzNjE0ODEjNDEjJDEjJDgjJDgz,이든이비인후과의원,47190,의원,"경상북도 구미시 야은로 309, 3층 (도량동)",2018-04-24,0,36.1389772,128.3168105,False,8.36
JDQ4MTYyMiM4MSMkMSMkMCMkMTMkMzgxMTkxIzExIyQxIyQ3IyQ3OSQyNjE0ODEjNTEjJDEjJDIjJDgz,이안한방병원,47190,한방병원,"경상북도 구미시 구미중앙로 149-0,  1동 2,6층 (원평동)",2020-06-03,62,36.1261695,128.3384624,False,9.16
JDQ4MTYyMiM4MSMkMiMkMCMkMDAkMzgxOTYxIzMxIyQxIyQ3IyQ4MiQzNjE0ODEjODEjJDEjJDIjJDgz,이용원내과의원,47190,의원,"경상북도 구미시 구미중앙로13길 3, (원평동)",1991-04-29,0,36.1288394,128.3319487,False,8.98
JDQ4MTYyMiM4MSMkMSMkMCMkNzIkMzgxOTYxIzUxIyQxIyQ1IyQ2MiQyNjEwMDIjNzEjJDEjJDgjJDgz,이운철치과의원,47190,치과의원,"경상북도 구미시 원남로 37, (남통동)",2008-01-07,0,36.12959,128.3252883,False,9.06
JDQ4MTYyMiM4MSMkMiMkMCMkMDAkNDgxOTYxIzQxIyQxIyQ3IyQ5OSQzNjE0ODEjNzEjJDEjJDgjJDgz,이윤석정형외과의원,47190,의원,"경상북도 구미시 야은로 273, 1,4층 (봉곡동)",2016-04-18,22,36.1397091,128.313071,False,8.43
JDQ4MTYyMiM4MSMkMiMkMCMkMDAkMzgxOTYxIzMxIyQxIyQ3IyQ5MiQzNjEwMDIjNTEjJDEjJDYjJDgz,이은영와세다의원,47190,의원,"경상북도 구미시 인동31길 9-2, (인의동)",1991-02-28,0,36.0958381,128.4312725,False,14.15
JDQ4MTYyMiM4MSMkMiMkMCMkMDAkMzgxMTkxIzMxIyQyIyQzIyQwMCQyNjE4MzIjNzEjJDEjJDgjJDgz,이재익내과의원,47190,의원,"경상북도 구미시 금오대로14길 3, (오태동)",1998-01-20,0,36.0716827,128.3498774,False,15.09
JDQ4MTYyMiM4MSMkMiMkMCMkMDAkMzgxMzUxIzQxIyQxIyQ3IyQ3MiQyNjEwMDIjNzEjJDEjJDgjJDgz,이정수이비인후과의원,47190,의원,"경상북도 구미시 송원동로 67, (원평동)",1980-04-03,0,36.1227473,128.3506497,False,9.42
JDQ4MTYyMiM4MSMkMSMkMCMkNzIkMzgxOTYxIzUxIyQxIyQxIyQxMyQ0NjEwMDIjNTEjJDEjJDIjJDgz,이지웰레드치과의원,47190,치과의원,"경상북도 구미시 인동가산로 5, 인동메디칼센터 6층 (황상동)",2017-12-22,0,36.1081596,128.4181876,False,12.38
JDQ4MTYyMiM4MSMkMSMkMCMkNzIkMzgxOTYxIzUxIyQxIyQxIyQxMyQyNjE0ODEjODEjJDEjJDYjJDgz,이지웰블루치과의원,47190,치과의원,"경상북도 구미시 인동가산로 5, 인동메디칼센터 5층 (황상동)",2017-12-22,0,36.1081596,128.4181876,False,12.38
JDQ4MTYyMiM4MSMkMiMkMCMkMDAkNDgxOTYxIzIxIyQxIyQ5IyQ4MiQ0NjEwMDIjODEjJDEjJDIjJDgz,이지함의원,47190,의원,"경상북도 구미시 옥계북로 36, 메디칼타워 2층 202호 (옥계동)",2014-08-21,0,36.13813,128.4215447,False,9.72
JDQ4MTYyMiM4MSMkMSMkMCMkNzIkMzgxMzUxIzQxIyQxIyQ3IyQ5OSQzNjEwMDIjNzEjJDEjJDgjJDgz,이편한치과의원,47190,치과의원,"경상북도 구미시 새마을로 3, 5층 (형곡동)",1990-04-27,0,36.1122576,128.3398767,False,10.67
JDQ4MTYyMiM4MSMkMSMkMCMkMTMkMzgxMTkxIzExIyQyIyQ3IyQwMCQzNjEwMDIjNjEjJDEjJDQjJDgz,이현한방병원,47190,한방병원,"경상북도 구미시 산동읍 신당1로3길 3-0, 6~7층",2025-11-06,46,36.1543758,128.4311627,False,8.99
JDQ4MTYyMiM4MSMkMSMkMCMkMTMkNDgxMzUxIzQxIyQxIyQ3IyQ2MiQ0NjE0ODEjNjEjJDEjJDgjJDgz,인덕한의원,47190,한의원,"경상북도 구미시 상사서로 44, 201호 (상모동, 미성빌라23차)",2004-05-28,0,36.08629,128.3557,False,13.46
JDQ4MTYyMiM4MSMkMSMkMCMkNzIkMzgxOTYxIzUxIyQxIyQ1IyQ5OSQzNjE0ODEjNzEjJDEjJDgjJDgz,인동모아치과의원,47190,치과의원,"경상북도 구미시 인동가산로 19, 6층 (황상동)",2003-07-11,0,36.10706,128.419264,False,12.54
JDQ4MTYyMiM4MSMkMSMkMCMkOTIkMzgxOTYxIzIxIyQyIyQxIyQwMCQzNjE0ODEjODEjJDEjJDYjJDgz,인동보건지소,47190,보건지소,"경상북도 구미시 이계북로 149, (진평동)",2001-02-03,0,36.1060634,128.4186119,False,12.61
JDQ4MTYyMiM4MSMkMSMkMCMkNzIkMzgxMzUxIzMxIyQxIyQzIyQ5MiQ0NjE0ODEjNjEjJDEjJDQjJDgz,인동부부치과의원,47190,치과의원,"경상북도 구미시 인동중앙로 32, (인의동)",1988-08-03,0,36.1075995,128.4221825,False,12.61
JDQ4MTYyMiM4MSMkMiMkMCMkMDAkMzgxNzAyIzMxIyQxIyQ3IyQ3OSQyNjEyMjIjODEjJDEjJDYjJDgz,인동씨엔케이의원,47190,의원,"경상북도 구미시 인동가산로 23, 4층 (황상동, 강동빌딩)",2002-06-07,3,36.1068008,128.4195091,False,12.57
JDQ4MTYyMiM4MSMkMiMkMCMkMDAkNDgxOTYxIzIxIyQxIyQ5IyQ5MiQyNjE4MzIjNjEjJDEjJDgjJDgz,인동정형외과의원,47190,의원,"경상북도 구미시 인동북길 105, (인의동)",2014-09-30,0,36.0981358,128.4278452,False,13.77
JDQ4MTYyMiM4MSMkMSMkMCMkMTMkMzgxNzAyIzIxIyQxIyQ5IyQ5OSQzNjEwMDIjNTEjJDEjJDIjJDgz,인동한의원,47190,한의원,"경상북도 구미시 인동중앙로11길 44, 2층 (황상동)",1991-04-01,0,36.1086479,128.4178839,False,12.32
JDQ4MTYyMiM4MSMkMSMkMCMkMTMkMzgxNzAyIzExIyQxIyQ3IyQ3OSQyNjEyMjIjNjEjJDEjJDAjJDgz,인제한의원,47190,한의원,"경상북도 구미시 송원동로 65, (원평동)",2018-03-09,0,36.1225354,128.3506492,False,9.44
JDQ4MTYyMiM4MSMkMSMkMCMkNzIkMzgxMTkxIzQxIyQxIyQ3IyQwMyQzNjE0ODEjNTEjJDEjJDYjJDgz,인플란트치과의원,47190,치과의원,"경상북도 구미시 신시로 59, 7,8층 (형곡동)",2022-07-05,0,36.1132389,128.3388137,False,10.57
JDQ4MTYyMiM4MSMkMSMkMCMkMTMkNDgxOTYxIzIxIyQxIyQ1IyQ3MiQyNjE4MzIjNTEjJDEjJDIjJDgz,일심당한의원,47190,한의원,"경상북도 구미시 상모로 48, (상모동)",2012-09-10,0,36.0894535,128.3553963,False,13.11
JDQ4MTYyMiM4MSMkMSMkMCMkOTIkMzgxNzAyIzIxIyQxIyQ1IyQ2MiQzNjE0ODEjNTEjJDEjJDYjJDgz,임봉보건진료소,47190,보건진료소,"경상북도 구미시 산동읍 임봉길 47-1, 경상북도 구미시 산동읍 임봉길 47-1",1983-10-01,0,36.1396111,128.4590763,False,11.97
JDQ4MTYyMiM4MSMkMiMkMCMkMDAkMzgxOTYxIzMxIyQxIyQzIyQ2MiQzNjE0ODEjNzEjJDEjJDgjJDgz,임영미산부인과의원,47190,의원,"경상북도 구미시 신시로14길 4, (송정동)",2012-02-24,3,36.1153566,128.3395455,False,10.33
JDQ4MTYyMiM4MSMkMSMkMCMkMTMkNDgxMzUxIzQxIyQxIyQ3IyQ2MiQyNjE0ODEjNDEjJDEjJDgjJDgz,자연한의원,47190,한의원,"경상북도 구미시 봉곡남로 122, (봉곡동)",2005-08-25,0,36.1503757,128.3151894,False,7.29
JDQ4MTYyMiM4MSMkMSMkMCMkMTMkNDgxOTYxIzMxIyQxIyQzIyQ2MiQzNjEyMjIjNTEjJDEjJDIjJDgz,잘보는한의원,47190,한의원,"경상북도 구미시 고아읍 문장로 219, (고아읍)",2015-09-16,0,36.1526106,128.3291104,False,6.53
JDQ4MTYyMiM4MSMkMSMkMCMkNzIkMzgxOTYxIzIxIyQyIyQ5IyQwMCQzNjEyMjIjODEjJDEjJDYjJDgz,장선원치과의원,47190,치과의원,"경상북도 구미시 흥안로 19, (옥계동)",1998-07-22,0,36.1469371,128.4163311,False,8.66
JDQ4MTYyMiM4MSMkMSMkMCMkNzIkMzgxOTYxIzExIyQxIyQzIyQ4MiQzNjEyMjIjNjEjJDEjJDQjJDgz,장영석치과의원,47190,치과의원,"경상북도 구미시 인동가산로 11, (황상동)",1993-07-27,0,36.1076957,128.418683,False,12.45
JDQ4MTYyMiM4MSMkMiMkMCMkMDAkNDgxMTkxIzIxIyQxIyQxIyQxMyQzNjEwMDIjNDEjJDEjJDQjJDgz,장정신과의원,47190,의원,"경상북도 구미시 구미중앙로 111, (원평동)",1997-11-27,0,36.1277838,128.3345258,False,9.05
JDQ4MTYyMiM4MSMkMiMkMCMkMDAkMzgxNzAyIzUxIyQxIyQ1IyQ2MiQ0NjEwMDIjNjEjJDEjJDAjJDgz,장지훈정형외과의원,47190,의원,"경상북도 구미시 상사서로 163, (사곡동)",2004-03-26,29,36.0969526,128.356416,False,12.28
JDQ4MTYyMiM4MSMkMSMkMCMkOTIkMzgxOTYxIzIxIyQxIyQxIyQ5OSQzNjE0ODEjNDEjJDEjJDgjJDgz,장천면보건지소,47190,보건지소,"경상북도 구미시 장천면 강동로 184, (장천면사무소)",1988-01-01,0,36.125907,128.4951,False,15.47
JDQ4MTYyMiM4MSMkMiMkMCMkMDAkMzgxNzAyIzUxIyQxIyQxIyQ3OSQ0NjEwMDIjODEjJDEjJDYjJDgz,장천외과의원,47190,의원,"경상북도 구미시 장천면 강동로 207-5, (장천면)",2003-06-02,0,36.1275645,128.4940598,False,15.28
JDQ4MTYyMiM4MSMkMSMkMCMkMTMkNDgxMzUxIzMxIyQyIyQ3IyQwMCQzNjEwMDIjODEjJDEjJDIjJDgz,장천한의원,47190,한의원,"경상북도 구미시 장천면 강동로 197, (장천면)",2006-08-03,0,36.1270487,128.494775,False,15.37
JDQ4MTYyMiM4MSMkMiMkMCMkMDAkNDgxOTYxIzExIyQxIyQzIyQ2MiQzNjEyMjIjNTEjJDEjJDYjJDgz,장쾌한연합내과의원,47190,의원,"경상북도 구미시 산호대로31길 15, 3층 (옥계동, 4공단메디컬파크)",2011-03-08,0,36.1377477,128.4220824,False,9.78
JDQ4MTYyMiM4MSMkMiMkMCMkMDAkNDgxOTYxIzIxIyQxIyQ1IyQ5MiQyNjE0ODEjNjEjJDEjJDQjJDgz,장태기드림산부인과의원,47190,의원,"경상북도 구미시 신시로 59, 6층 (형곡동, 우인빌딩)",2013-11-08,0,36.1132389,128.3388137,False,10.57
JDQ4MTYyMiM4MSMkMSMkMCMkNzIkMzgxMzUxIzQxIyQxIyQ3IyQ5OSQ0NjE0ODEjNDEjJDEjJDgjJDgz,재성치과의원,47190,치과의원,"경상북도 구미시 구미중앙로 91, (원평동)",1990-04-24,0,36.1285181,128.3326777,False,9.0
JDQ4MTYyMiM4MSMkMSMkMCMkNzIkMzgxOTYxIzUxIyQyIyQxIyQwMCQyNjE0ODEjNjEjJDEjJDQjJDgz,정부부치과의원,47190,치과의원,"경상북도 구미시 신비로 4, (신평동)",2005-07-05,0,36.1230829,128.3631819,False,9.4
JDQ4MTYyMiM4MSMkMSMkMCMkNzIkMzgxMzUxIzMxIyQxIyQzIyQ2MiQyNjE4MzIjNTEjJDEjJDIjJDgz,정성호치과의원,47190,치과의원,"경상북도 구미시 백산로 141, (송정동)",1988-05-07,0,36.1194591,128.3486847,False,9.79
JDQ4MTYyMiM4MSMkMiMkMCMkMDAkMzgxNzAyIzMxIyQxIyQzIyQ5MiQyNjEwMDIjNjEjJDEjJDQjJDgz,정소아과의원,47190,의원,"경상북도 구미시 형곡동로 91, (형곡동)",2002-05-01,0,36.110507,128.3357641,False,10.91
JDQ4MTYyMiM4MSMkMSMkMCMkNzIkMzgxMzUxIzQxIyQxIyQ3IyQ5OSQ0NjEwMDIjNDEjJDEjJDQjJDgz,정우영치과의원,47190,치과의원,"경상북도 구미시 인동중앙로10길 4, 3층 (인의동)",1990-04-23,0,36.1082764,128.4228917,False,12.57
JDQ4MTYyMiM4MSMkMSMkMCMkMTMkNDgxOTYxIzMxIyQxIyQ3IyQ3MiQyNjEwMDIjNjEjJDEjJDQjJDgz,정우한의원,47190,한의원,"경상북도 구미시 선산읍 선산대로 1408, (선산읍)",2006-01-29,0,36.2401952,128.3043702,False,5.86
JDQ4MTYyMiM4MSMkMSMkMCMkNzIkMzgxOTYxIzUxIyQxIyQxIyQ2MiQyNjE0ODEjNTEjJDEjJDIjJDgz,정치과의원,47190,치과의원,"경상북도 구미시 흥안로 22, (옥계동)",2005-11-15,0,36.1471915,128.416509,False,8.65
JDQ4MTYyMiM4MSMkMiMkMCMkMDAkNDgxOTYxIzIxIyQxIyQ5IyQxMyQzNjEyMjIjNjEjJDEjJDQjJDgz,제니스의원,47190,의원,"경상북도 구미시 신시로 67, 우리M타워 3층 (형곡동)",2014-12-03,2,36.1138768,128.3387446,False,10.5
JDQ4MTYyMiM4MSMkMSMkMCMkNzIkMzgxMTkxIzUxIyQyIyQxIyQwMCQyNjEyMjIjNzEjJDEjJDgjJDgz,제우스치과의원,47190,치과의원,"경상북도 구미시 신시로 95, 하버드학원 1,3층 (형곡동)",2022-01-03,0,36.116357,128.3387294,False,10.23
JDQ4MTYyMiM4MSMkMiMkMCMkMDAkNDgxOTYxIzMxIyQxIyQ3IyQ5MiQzNjEyMjIjNTEjJDEjJDYjJDgz,제이엘의원,47190,의원,"경상북도 구미시 산동읍 신당1로4길 20, 4층",2016-01-26,0,36.1558146,128.43048,False,8.84
JDQ4MTYyMiM4MSMkMiMkMCMkMDAkNDgxMTkxIzQxIyQxIyQ3IyQ5OSQ0NjEwMDIjNTEjJDEjJDYjJDgz,제일속편한내과의원,47190,의원,"경상북도 구미시 산동읍 신당1로3길 17-6, 4층 401-402호",2024-06-26,0,36.1558164,128.4309153,False,8.87
JDQ4MTYyMiM4MSMkMiMkMCMkMDAkMzgxMTkxIzIxIyQxIyQxIyQ3OSQ0NjEwMDIjNjEjJDEjJDQjJDgz,제일신경외과의원,47190,의원,"경상북도 구미시 인동중앙로 24, (인의동)",2002-03-02,15,36.107081,128.4217212,False,12.64
JDQ4MTYyMiM4MSMkMiMkMCMkMDAkMzgxNzAyIzUxIyQxIyQ1IyQ3OSQyNjEwMDIjNDEjJDEjJDQjJDgz,제일안과의원,47190,의원,"경상북도 구미시 인동가산로 33, (인의동)",2004-01-29,0,36.1062739,128.4199544,False,12.64
JDQ4MTYyMiM4MSMkMiMkMCMkMDAkNDgxOTYxIzExIyQxIyQ3IyQxMyQ0NjE0ODEjNTEjJDEjJDIjJDgz,제일의원,47190,의원,"경상북도 구미시 선산읍 남문로4길 1, (선산읍)",2012-03-16,0,36.2411744,128.3018086,False,6.11
JDQ4MTYyMiM4MSMkMiMkMCMkMDAkMzgxOTYxIzExIyQxIyQzIyQ2MiQzNjE0ODEjNjEjJDEjJDQjJDgz,조비뇨기과의원,47190,의원,"경상북도 구미시 구미중앙로 85, 204호 (원평동, 금구빌딩)",1984-05-10,0,36.12877,128.3321213,False,8.99
JDQ4MTYyMiM4MSMkMSMkMCMkNzIkMzgxMzUxIzMxIyQxIyQzIyQxMyQzNjEyMjIjNTEjJDEjJDYjJDgz,조영섭치과의원,47190,치과의원,"경상북도 구미시 형곡동로 93, (형곡동)",1990-01-17,0,36.1106402,128.3356921,False,10.9
JDQ4MTYyMiM4MSMkMiMkMCMkMDAkMzgxOTYxIzMxIyQxIyQzIyQ5OSQzNjEwMDIjNDEjJDEjJDgjJDgz,조은I의원,47190,의원,"경상북도 구미시 봉곡남로 128-1, (봉곡동)",1990-02-23,0,36.1506798,128.3160364,False,7.23
JDQ4MTYyMiM4MSMkMiMkMCMkMDAkNDgxOTYxIzMxIyQxIyQ3IyQ4MiQyNjEyMjIjNTEjJDEjJDYjJDgz,조은산부인과의원,47190,의원,"경상북도 구미시 야은로 305, A동 3층 301호 (도량동)",2021-02-24,3,36.1390167,128.3165207,False,8.36
JDQ4MTYyMiM4MSMkMiMkMCMkMDAkMzgxMTkxIzExIyQxIyQ3IyQ5OSQyNjE4MzIjNjEjJDEjJDAjJDgz,조은연합정형외과의원,47190,의원,"경상북도 구미시 인동남길 134, 인봉빌딩 지하1,1,5,7층 (진평동)",2004-06-03,0,36.0956024,128.4294008,False,14.09
JDQ4MTYyMiM4MSMkMiMkMCMkMDAkMzgxNzAyIzMxIyQxIyQzIyQwMyQyNjE4MzIjODEjJDEjJDYjJDgz,조은의원,47190,의원,"경상북도 구미시 문장로 74-1, (도량동)",2011-04-12,0,36.1400367,128.3325298,False,7.76
JDQ4MTYyMiM4MSMkMSMkMCMkMTMkMzgxNzAyIzUxIyQxIyQxIyQ4OSQzNjE0ODEjNTEjJDEjJDIjJDgz,조한의원,47190,한의원,"경상북도 구미시 구미중앙로5길 2, (원평동)",1994-06-14,0,36.1303237,128.32825,False,8.91
JDQ4MTYyMiM4MSMkMiMkMCMkMDAkMzgxMTkxIzUxIyQxIyQxIyQwMyQzNjEwMDIjODEjJDEjJDYjJDgz,중앙내과의원,47190,의원,"경상북도 구미시 형곡동로 53, (형곡동)",1999-09-04,0,36.1070156,128.335786,False,11.3
JDQ4MTYyMiM4MSMkMiMkMCMkMDAkNDgxOTYxIzMxIyQxIyQzIyQxMyQ0NjE0ODEjODEjJDEjJDIjJDgz,중앙마취통증의학과의원,47190,의원,"경상북도 구미시 야은로 443, 1,2층 (도량동)",2015-09-01,0,36.1363911,128.3313252,False,8.18
JDQ4MTYyMiM4MSMkMiMkMCMkMDAkMzgxMTkxIzIxIyQxIyQ5IyQwMyQyNjEyMjIjODEjJDEjJDYjJDgz,중앙이비인후과의원,47190,의원,"경상북도 구미시 구미중앙로 85, 2층 3호 (원평동, 금구빌딩)",1997-08-18,0,36.12877,128.3321213,False,8.99
JDQ4MTYyMiM4MSMkMSMkMCMkMTMkNDgxOTYxIzQxIyQxIyQ3IyQ2MiQ0NjE0ODEjNDEjJDEjJDgjJDgz,지안한의원,47190,한의원,"경상북도 구미시 신비로 118, 1층 (비산동)",2019-05-09,0,36.1209739,128.3749045,False,9.76
JDQ4MTYyMiM4MSMkMiMkMCMkMDAkMzgxOTYxIzIxIyQxIyQ1IyQ5OSQ0NjEwMDIjNDEjJDEjJDgjJDgz,지앤미비뇨기과의원,47190,의원,"경상북도 구미시 신시로 59, 우인빌딩동 5층 (형곡동)",1987-11-18,0,36.1132389,128.3388137,False,10.57
JDQ4MTYyMiM4MSMkMiMkMCMkMDAkNDgxMTkxIzQxIyQxIyQ3IyQ5OSQyNjEwMDIjODEjJDEjJDIjJDgz,지앤연합속내과의원,47190,의원,"경상북도 구미시 구미대로 389-20, 2층 (신평동)",2024-05-20,0,36.1218572,128.3613637,False,9.52
JDQ4MTYyMiM4MSMkMSMkMCMkNzIkMzgxMTkxIzUxIyQxIyQxIyQ4OSQyNjEyMjIjNTEjJDEjJDIjJDgz,진심인치과의원,47190,치과의원,"경상북도 구미시 왕산로 27, 2층 (임은동)",2024-08-21,0,36.0869164,128.364228,False,13.42
JDQ4MTYyMiM4MSMkMiMkMCMkMDAkMzgxMTkxIzExIyQxIyQzIyQ4MiQyNjEwMDIjNDEjJDEjJDgjJDgz,진안과의원,47190,의원,"경상북도 구미시 구미중앙로 85, 3층 1호 (원평동)",1994-05-03,0,36.12877,128.3321213,False,8.99
JDQ4MTYyMiM4MSMkMSMkMCMkODkkMzgxMzUxIzExIyQyIyQzIyQwMCQzNjE0ODEjNTEjJDEjJDYjJDgz,차의과학대학교부속구미차병원,47190,종합병원,"경상북도 구미시 신시로10길 12,  (형곡동)",1995-06-17,384,36.1145325,128.3405414,True,10.41
JDQ4MTYyMiM4MSMkMSMkMCMkMTMkMzgxNzAyIzUxIyQxIyQ1IyQxMyQzNjEwMDIjNjEjJDEjJDQjJDgz,참나무한의원,47190,한의원,"경상북도 구미시 형곡로28길 4, (형곡동)",2007-10-25,0,36.1072865,128.3336433,False,11.3
JDQ4MTYyMiM4MSMkMiMkMCMkMDAkNDgxMTkxIzMxIyQxIyQzIyQ2MiQ0NjEwMDIjNjEjJDEjJDQjJDgz,참바른의원,47190,의원,"경상북도 구미시 고아읍 들성로 267, 2층",2023-01-02,0,36.1619465,128.3493366,False,5.08
JDQ4MTYyMiM4MSMkMiMkMCMkMDAkMzgxMTkxIzIxIyQxIyQ5IyQ3MiQzNjEyMjIjNDEjJDEjJDQjJDgz,참사랑의원,47190,의원,"경상북도 구미시 고아읍 선산대로 981, (고아읍)",1997-05-15,0,36.2103263,128.3280375,False,2.48
JDQ4MTYyMiM4MSMkMSMkMCMkMTMkNDgxMzUxIzExIyQxIyQzIyQ3OSQyNjE4MzIjNDEjJDEjJDgjJDgz,참신통한의원,47190,한의원,"경상북도 구미시 구미중앙로5길 1, 1층 (원평동)",2020-02-07,9,36.1304537,128.3279449,False,8.9
JDQ4MTYyMiM4MSMkMiMkMCMkMDAkNDgxOTYxIzMxIyQxIyQzIyQ5OSQzNjE4MzIjODEjJDEjJDYjJDgz,참이비인후과의원,47190,의원,"경상북도 구미시 옥계북로 26, 302,303,501호 (옥계동)",2015-03-03,1,36.1382147,128.4202436,False,9.64
JDQ4MTYyMiM4MSMkMSMkMCMkMTMkNDgxMzUxIzMxIyQxIyQzIyQ4OSQ0NjE0ODEjNDEjJDEjJDgjJDgz,참한의원,47190,한의원,"경상북도 구미시 옥계남로 76-27, (옥계동)",2006-01-02,0,36.1361252,128.4265147,False,10.17
JDQ4MTYyMiM4MSMkMSMkMCMkMTMkMzgxMTkxIzExIyQxIyQ3IyQ3OSQyNjEwMDIjNDEjJDEjJDgjJDgz,청담한방병원,47190,한방병원,"경상북도 구미시 송원서로 29-0,  (송정동)",2020-06-09,57,36.1203357,128.3424616,False,9.75
JDQ4MTYyMiM4MSMkMSMkMCMkMTMkNDgxOTYxIzUxIyQxIyQxIyQwMyQzNjE0ODEjNjEjJDEjJDAjJDgz,청담한의원,47190,한의원,"경상북도 구미시 선산읍 남문로 21, (선산읍)",2009-05-04,0,36.2395043,128.3018,False,6.0
JDQ4MTYyMiM4MSMkMSMkMCMkMTMkMzgxNzAyIzUxIyQxIyQ1IyQxMyQyNjE4MzIjODEjJDEjJDYjJDgz,청룡한의원,47190,한의원,"경상북도 구미시 흥안로 5, (옥계동)",1996-08-23,0,36.146949,128.417988,False,8.75
JDQ4MTYyMiM4MSMkMSMkMCMkMTMkNDgxOTYxIzIxIyQxIyQxIyQ3OSQ0NjE0ODEjNDEjJDEjJDgjJDgz,청아한의원,47190,한의원,"경상북도 구미시 고아읍 들성로 211, 3층",2021-10-27,0,36.1608964,128.3433533,False,5.28
JDQ4MTYyMiM4MSMkMiMkMCMkMDAkMzgxOTYxIzUxIyQxIyQ1IyQxMyQyNjE4MzIjNDEjJDEjJDgjJDgz,최가정의학과의원,47190,의원,"경상북도 구미시 신시로 59, 2층 (형곡동, 우인빌딩)",2001-06-05,0,36.1132389,128.3388137,False,10.57
JDQ4MTYyMiM4MSMkMSMkMCMkMTMkMzgxNzAyIzMxIyQxIyQzIyQ2MiQyNjE0ODEjNTEjJDEjJDIjJDgz,최영곤한의원,47190,한의원,"경상북도 구미시 형곡동로 91, (형곡동)",1991-03-06,0,36.110507,128.3357641,False,10.91
JDQ4MTYyMiM4MSMkMiMkMCMkMDAkNDgxOTYxIzQxIyQxIyQ3IyQ4OSQyNjEwMDIjNjEjJDEjJDQjJDgz,케이씨에스구미수흉부외과의원,47190,의원,"경상북도 구미시 구미중앙로 44, 3층 (원평동, 멀티복합상가)",2016-03-22,3,36.1301001,128.3276308,False,8.95
JDQ4MTYyMiM4MSMkMSMkMCMkNzIkMzgxMTkxIzMxIyQxIyQ3IyQ3MiQyNjEyMjIjODEjJDEjJDYjJDgz,코끼리치과의원,47190,치과의원,"경상북도 구미시 금오산로 53-4, 코끼리타워 5,6,7층 502호 (원평동)",2011-08-16,0,36.1272116,128.3375983,False,9.05
JDQ4MTYyMiM4MSMkMiMkMCMkMDAkNDgxMzUxIzUxIyQxIyQxIyQwMyQ0NjEwMDIjNTEjJDEjJDIjJDgz,코오롱인더스트리부속의원,47190,의원,"경상북도 구미시 수출대로 48, (공단동)",1994-05-23,0,36.1029792,128.3749856,False,11.74
JDQ4MTYyMiM4MSMkMiMkMCMkMDAkNDgxMzUxIzIxIyQxIyQ5IyQwMyQyNjE4MzIjODEjJDEjJDIjJDgz,쾌항외과의원,47190,의원,"경상북도 구미시 신시로 97, 6,7층 (형곡동)",2007-03-14,7,36.116502,128.3388044,False,10.21
JDQ4MTYyMiM4MSMkMSMkMCMkOTkkNTgxMzUxIzIxIyQxIyQxIyQwMyQzNjE0ODEjNDEjJDEjJDgjJDgz,큰사랑요양병원,47190,요양병원,"경상북도 구미시 산업로 168-8, (원평동)",2014-05-13,228,36.1287933,128.3394091,True,8.85
JDQ4MTYyMiM4MSMkMSMkMCMkNzIkMzgxMTkxIzExIyQyIyQ3IyQwMCQ0NjE0ODEjNDEjJDEjJDgjJDgz,타임치과의원,47190,치과의원,"경상북도 구미시 봉곡로 108, (봉곡동)",2011-12-16,0,36.1483613,128.3107188,False,7.69
JDQ4MTYyMiM4MSMkMiMkMCMkMDAkNDgxMTkxIzUxIyQxIyQxIyQ4MiQzNjEyMjIjNjEjJDEjJDAjJDgz,타토아의원,47190,의원,"경상북도 구미시 산동읍 신당1로3길 17-6, 3층",2025-06-20,0,36.1558164,128.4309153,False,8.87
JDQ4MTYyMiM4MSMkMiMkMCMkMDAkNDgxOTYxIzIxIyQxIyQ1IyQxMyQzNjE0ODEjNTEjJDEjJDIjJDgz,탑비뇨기과의원,47190,의원,"경상북도 구미시 인동가산로 35, 2층 (인의동)",2014-01-15,0,36.1060333,128.4201391,False,12.68
JDQ4MTYyMiM4MSMkMSMkMCMkNzIkMzgxOTYxIzIxIyQxIyQ1IyQ4OSQ0NjEwMDIjNTEjJDEjJDIjJDgz,탑연합치과의원,47190,치과의원,"경상북도 구미시 도봉로 82, (도량동)",2005-11-25,0,36.1387515,128.3175283,False,8.35
JDQ4MTYyMiM4MSMkMiMkMCMkMDAkMzgxNzAyIzUxIyQxIyQ1IyQ2MiQzNjE4MzIjODEjJDEjJDIjJDgz,탑정형외과연합의원,47190,의원,"경상북도 구미시 산호대로 793-1, (옥계동)",2004-03-26,0,36.1371643,128.4167299,False,9.55
JDQ4MTYyMiM4MSMkMiMkMCMkMDAkMzgxNzAyIzUxIyQyIyQ1IyQwMCQzNjEyMjIjNTEjJDEjJDIjJDgz,파티마산부인과의원,47190,의원,"경상북도 구미시 인동27길 2, (인의동)",2004-03-11,8,36.0961916,128.4301114,False,14.06
JDQ4MTYyMiM4MSMkMiMkMCMkMDAkMzgxNzAyIzIxIyQxIyQ1IyQ3MiQyNjE0ODEjNDEjJDEjJDQjJDgz,파티마소아청소년과의원,47190,의원,"경상북도 구미시 상사서로 64, (상모동)",2009-11-02,0,36.0881735,128.3555592,False,13.25
JDQ4MTYyMiM4MSMkMiMkMCMkMDAkNDgxOTYxIzUxIyQxIyQ1IyQxMyQ0NjE0ODEjNTEjJDEjJDYjJDgz,펴나난정신건강의학과의원,47190,의원,"경상북도 구미시 야은로 305, A동 5층 501-1호 (도량동)",2018-04-02,0,36.1390167,128.3165207,False,8.36
JDQ4MTYyMiM4MSMkMSMkMCMkMTMkMzgxNzAyIzMxIyQxIyQzIyQ3MiQyNjE4MzIjNjEjJDEjJDAjJDgz,편한세상한의원,47190,한의원,"경상북도 구미시 상사동로 129-1, (사곡동)",2006-06-01,0,36.096211,128.3585367,False,12.36
JDQ4MTYyMiM4MSMkMiMkMCMkMDAkNDgxMzUxIzExIyQxIyQ3IyQ4OSQyNjEwMDIjNDEjJDEjJDgjJDgz,편한이비인후과의원,47190,의원,"경상북도 구미시 인동36길 6, 401호 (진평동, 성원빌딩)",2008-02-11,1,36.0940477,128.4323824,False,14.37
JDQ4MTYyMiM4MSMkMSMkMCMkMTMkNDgxOTYxIzIxIyQxIyQ5IyQ3OSQyNjE0ODEjODEjJDEjJDIjJDgz,평강한의원,47190,한의원,"경상북도 구미시 인동중앙로 50, (인의동)",2013-06-17,0,36.109338,128.4228053,False,12.46
JDQ4MTYyMiM4MSMkMSMkMCMkMTMkNDgxOTYxIzIxIyQxIyQ1IyQxMyQ0NjEwMDIjNDEjJDEjJDgjJDgz,"평안의원,한의원",47190,한의원,"경상북도 구미시 인동중앙로 50, (인의동)",2013-06-11,0,36.109338,128.4228053,False,12.46
JDQ4MTYyMiM4MSMkMiMkMCMkMDAkNDgxOTYxIzIxIyQxIyQ1IyQ2MiQyNjEyMjIjNDEjJDEjJDQjJDgz,평안의원.한의원,47190,의원,"경상북도 구미시 인동중앙로 50, (인의동)",2013-06-11,0,36.109338,128.4228053,False,12.46
JDQ4MTYyMiM4MSMkMSMkMCMkNzIkMzgxMzUxIzMxIyQxIyQ3IyQ3OSQyNjE0ODEjNjEjJDEjJDQjJDgz,평화당치과의원,47190,치과의원,"경상북도 구미시 형곡중앙로 24, (형곡동)",1992-01-31,0,36.1109665,128.3344832,False,10.88
JDQ4MTYyMiM4MSMkMiMkMCMkMDAkNDgxMzUxIzIxIyQxIyQxIyQ3OSQzNjE4MzIjNDEjJDEjJDQjJDgz,푸른가정의학과의원,47190,의원,"경상북도 구미시 인동36길 23-11, (구평동)",2005-08-26,0,36.0923737,128.4332401,False,14.57
JDQ4MTYyMiM4MSMkMSMkMCMkMTMkNDgxMzUxIzIxIyQxIyQxIyQ3OSQyNjEwMDIjODEjJDEjJDIjJDgz,푸른솔한의원,47190,한의원,"경상북도 구미시 도봉로 76-61, (도량동)",1999-08-02,0,36.1397182,128.316016,False,8.31
JDQ4MTYyMiM4MSMkMiMkMCMkMDAkNDgxOTYxIzMxIyQxIyQzIyQ2MiQzNjEyMjIjNjEjJDEjJDQjJDgz,프렌즈의원,47190,의원,"경상북도 구미시 인동가산로 5, 7.8층 (황상동, 인동메디칼센터)",2015-04-09,0,36.1081596,128.4181876,False,12.38
JDQ4MTYyMiM4MSMkMiMkMCMkMDAkNDgxMTkxIzExIyQxIyQzIyQ4OSQ0NjE0ODEjNTEjJDEjJDYjJDgz,하나연합의원,47190,의원,"경상북도 구미시 흥안로 19, 2층 (옥계동)",2021-10-29,0,36.1469371,128.4163311,False,8.66
JDQ4MTYyMiM4MSMkMiMkMCMkMDAkMzgxMTkxIzIxIyQxIyQ1IyQwMyQzNjEyMjIjNjEjJDEjJDQjJDgz,하나이비인후과의원,47190,의원,"경상북도 구미시 구미중앙로 111, (원평동)",1995-03-06,1,36.1277838,128.3345258,False,9.05
JDQ4MTYyMiM4MSMkMiMkMCMkMDAkNDgxMTkxIzUxIyQxIyQ1IyQ3OSQzNjE0ODEjNDEjJDEjJDgjJDgz,한마음플러스의원,47190,의원,"경상북도 구미시 구미중앙로 44, 멀티복합상가 2층 201호 (원평동)",2025-10-27,0,36.1301001,128.3276308,False,8.95
JDQ4MTYyMiM4MSMkMiMkMCMkMDAkMzgxNzAyIzIxIyQyIyQ5IyQwMCQzNjE4MzIjODEjJDEjJDYjJDgz,한민내과의원,47190,의원,"경상북도 구미시 구미중앙로 58, (원평동)",2001-12-21,0,36.1296865,128.3290704,False,8.96
JDQ4MTYyMiM4MSMkMiMkMCMkMDAkMzgxNzAyIzIxIyQxIyQ1IyQ3OSQzNjE4MzIjNDEjJDEjJDgjJDgz,한빛이비인후과의원,47190,의원,"경상북도 구미시 인동중앙로10길 4, (인의동)",2001-05-04,0,36.1082764,128.4228917,False,12.57
JDQ4MTYyMiM4MSMkMiMkMCMkMDAkMzgxMTkxIzUxIyQxIyQ1IyQ4MiQ0NjE0ODEjNjEjJDEjJDQjJDgz,한사랑의원,47190,의원,"경상북도 구미시 인동중앙로 42, 4층 (인의동)",2000-02-03,0,36.108669,128.4229074,False,12.53
JDQ4MTYyMiM4MSMkMiMkMCMkMDAkMzgxMTkxIzExIyQxIyQ3IyQ2MiQyNjEwMDIjNTEjJDEjJDIjJDgz,한일산부인과의원,47190,의원,"경상북도 구미시 구미중앙로 121, (원평동)",1995-02-14,0,36.1273129,128.3355401,False,9.08
JDQ4MTYyMiM4MSMkMiMkMCMkMDAkMzgxNzAyIzIxIyQxIyQxIyQ3MiQyNjE0ODEjNTEjJDEjJDYjJDgz,한재호내과의원,47190,의원,"경상북도 구미시 백산로 141, (송정동)",2001-03-13,0,36.1194591,128.3486847,False,9.79
JDQ4MTYyMiM4MSMkMSMkMCMkMTMkNDgxMzUxIzUxIyQxIyQxIyQ4MiQzNjE0ODEjNjEjJDEjJDAjJDgz,함소아한의원,47190,한의원,"경상북도 구미시 산동읍 신당1로3길 19, 골드타워 3층 303호",2012-05-01,0,36.1558232,128.4312401,False,8.89
JDQ4MTYyMiM4MSMkMSMkMCMkNzIkMzgxOTYxIzUxIyQxIyQ1IyQ5MiQyNjE0ODEjNDEjJDEjJDgjJDgz,해마루치과의원,47190,치과의원,"경상북도 구미시 산호대로31길 15, 4공단메디파크 5층 (옥계동)",2008-11-03,0,36.1377477,128.4220824,False,9.78
JDQ4MTYyMiM4MSMkMiMkMCMkMDAkNDgxOTYxIzExIyQxIyQ3IyQ3OSQzNjEwMDIjNTEjJDEjJDIjJDgz,해민내과의원,47190,의원,"경상북도 구미시 인동가산로 17, 5층 (황상동)",2011-07-29,0,36.1074047,128.4189403,False,12.49
JDQ4MTYyMiM4MSMkMiMkMCMkMDAkNDgxMzUxIzQxIyQxIyQ3IyQ5MiQyNjE0ODEjNjEjJDEjJDQjJDgz,해바라기소아청소년과의원,47190,의원,"경상북도 구미시 옥계북로 40, (옥계동)",2009-02-13,0,36.1380448,128.4218021,False,9.74
JDQ4MTYyMiM4MSMkMSMkMCMkMTMkNDgxMzUxIzUxIyQxIyQxIyQ5MiQyNjEwMDIjNzEjJDEjJDgjJDgz,해산한의원,47190,한의원,"경상북도 구미시 인동가산로 31, (황상동)",2006-10-31,0,36.1064439,128.4198356,False,12.62
JDQ4MTYyMiM4MSMkMSMkMCMkNzIkMzgxOTYxIzMxIyQxIyQzIyQ4MiQ0NjE0ODEjNTEjJDEjJDYjJDgz,해인치과의원,47190,치과의원,"경상북도 구미시 고아읍 문장로25길 4, 4",2000-05-27,0,36.1518562,128.3294531,False,6.6
JDQ4MTYyMiM4MSMkMSMkMCMkOTIkMzgxOTYxIzIxIyQxIyQxIyQ5OSQyNjE4MzIjNTEjJDEjJDYjJDgz,해평면보건지소,47190,보건지소,"경상북도 구미시 해평면 숭선로 523-14, (해평보건소)",1988-01-01,0,36.1932683,128.3925969,False,3.68
JDQ4MTYyMiM4MSMkMSMkMCMkMTMkNDgxOTYxIzIxIyQxIyQxIyQ4OSQ0NjE0ODEjODEjJDEjJDIjJDgz,해평한의원,47190,한의원,"경상북도 구미시 해평면 강동로 1660-1, (해평면)",2009-02-02,0,36.1986064,128.3916139,False,3.39
JDQ4MTYyMiM4MSMkMiMkMCMkMDAkMzgxMTkxIzExIyQyIyQ3IyQwMCQzNjE4MzIjNjEjJDEjJDAjJDgz,해피맘산부인과의원,47190,의원,"경상북도 구미시 신시로 74, (형곡동)",2004-04-09,15,36.1144165,128.3396439,False,10.43
JDQ4MTYyMiM4MSMkMSMkMCMkMTMkNDgxOTYxIzExIyQxIyQ3IyQ4OSQzNjE0ODEjODEjJDEjJDYjJDgz,행림한의원,47190,한의원,"경상북도 구미시 고아읍 들성로 213, 1,3층",2015-06-22,0,36.1609244,128.3436445,False,5.27
JDQ4MTYyMiM4MSMkMiMkMCMkMDAkMzgxNzAyIzUxIyQxIyQ1IyQ5OSQzNjE4MzIjNTEjJDEjJDYjJDgz,현대안과의원,47190,의원,"경상북도 구미시 신시로14길 4, 1,2.5층 (송정동)",2004-03-10,4,36.1153566,128.3395455,False,10.33
JDQ4MTYyMiM4MSMkMSMkMCMkNzIkMzgxOTYxIzMxIyQyIyQ3IyQwMCQ0NjE0ODEjODEjJDEjJDIjJDgz,현대연합치과의원,47190,치과의원,"경상북도 구미시 봉곡남로 128-1, (봉곡동)",2005-04-20,0,36.1506798,128.3160364,False,7.23
JDQ4MTYyMiM4MSMkMiMkMCMkMDAkNDgxOTYxIzQxIyQxIyQ3IyQ4MiQyNjEyMjIjNDEjJDEjJDQjJDgz,현대제통의원,47190,의원,"경상북도 구미시 구미중앙로 63, (원평동)",2006-04-18,0,36.1297766,128.3299475,False,8.93
JDQ4MTYyMiM4MSMkMSMkMCMkNzIkMzgxOTYxIzUxIyQxIyQxIyQ4OSQzNjE0ODEjNTEjJDEjJDYjJDgz,현대큰치과의원,47190,치과의원,"경상북도 구미시 산호대로31길 19, 2층 (옥계동, 인동농협4공단지점)",2008-10-20,0,36.1380066,128.4221056,False,9.76
JDQ4MTYyMiM4MSMkMiMkMCMkMDAkMzgxNzAyIzUxIyQxIyQxIyQ5OSQ0NjEwMDIjNTEjJDEjJDYjJDgz,현대피부과의원,47190,의원,"경상북도 구미시 구미중앙로 115, 3,4층 (원평동)",2005-11-17,0,36.1275489,128.3350546,False,9.06
JDQ4MTYyMiM4MSMkMiMkMCMkMDAkNDgxOTYxIzMxIyQxIyQ3IyQwMyQzNjE4MzIjODEjJDEjJDYjJDgz,형곡굿모닝의원,47190,의원,"경상북도 구미시 형곡로 70, (형곡동)",2003-11-03,0,36.1149872,128.3321255,False,10.48
JDQ4MTYyMiM4MSMkMiMkMCMkMDAkNDgxMTkxIzExIyQxIyQzIyQwMyQyNjEyMjIjNjEjJDEjJDQjJDgz,형곡연합소아청소년과의원,47190,의원,"경상북도 구미시 신시로 71, 2~5층 (형곡동)",2018-03-05,24,36.114293,128.3386819,False,10.46
JDQ4MTYyMiM4MSMkMiMkMCMkMDAkNDgxMzUxIzMxIyQxIyQzIyQ2MiQyNjEyMjIjNzEjJDEjJDgjJDgz,형곡정형외과의원,47190,의원,"경상북도 구미시 형곡중앙로 53-1, (형곡동)",2001-11-15,29,36.111807,128.337437,False,10.75
JDQ4MTYyMiM4MSMkMSMkMCMkMTMkMzgxNzAyIzExIyQxIyQ3IyQ5MiQyNjEwMDIjNzEjJDEjJDgjJDgz,홍익한의원,47190,한의원,"경상북도 구미시 구미중앙로 156, (원평동)",1978-10-05,0,36.1256009,128.3387526,False,9.21
JDQ4MTYyMiM4MSMkMiMkMCMkMDAkNDgxMTkxIzExIyQxIyQ3IyQ3OSQzNjE0ODEjNDEjJDEjJDQjJDgz,홍희선 산부인과의원,47190,의원,"경상북도 구미시 송원동로 61, 4층 (원평동)",2019-03-06,0,36.1223121,128.3503275,False,9.47
JDQ4MTYyMiM4MSMkMiMkMCMkMDAkMzgxOTYxIzMxIyQxIyQ3IyQxMyQzNjE0ODEjNDEjJDEjJDQjJDgz,황가정의학과의원,47190,의원,"경상북도 구미시 형곡중앙로 34, (형곡동)",1991-04-30,0,36.1106808,128.3355051,False,10.9
JDQ4MTYyMiM4MSMkMiMkMCMkMDAkMzgxMTkxIzExIyQxIyQzIyQ4MiQ0NjE0ODEjODEjJDEjJDIjJDgz,황상가정의학과의원,47190,의원,"경상북도 구미시 검성로 92, (황상동)",1998-10-24,0,36.1176329,128.4271901,False,11.87
JDQ4MTYyMiM4MSMkMiMkMCMkMDAkMzgxNzAyIzIxIyQxIyQ5IyQ2MiQyNjEwMDIjNzEjJDEjJDgjJDgz,황종현내과의원,47190,의원,"경상북도 구미시 형곡로 5, 죽천빌딩 2층 201호 (형곡동)",2001-12-24,0,36.1157636,128.3385256,False,10.3
JDQ4MTYyMiM4MSMkMSMkMCMkNzIkMzgxMTkxIzIxIyQxIyQ1IyQ2MiQyNjE4MzIjNDEjJDEjJDgjJDgz,황치과의원,47190,치과의원,"경상북도 구미시 선산읍 선산대로 1399-10, 2층",2015-04-13,0,36.2401404,128.3028347,False,5.96
JDQ4MTYyMiM4MSMkMSMkMCMkMTMkNDgxOTYxIzMxIyQxIyQzIyQ5OSQzNjE0ODEjNDEjJDEjJDgjJDgz,후한의원,47190,한의원,"경상북도 구미시 인동가산로 9-3, 노블레스타워동 403호 (황상동)",2012-04-26,8,36.1080181,128.4184992,False,12.41
JDQ4MTYyMiM4MSMkMiMkMCMkMDAkMzgxNzAyIzQxIyQxIyQ3IyQ4MiQzNjEyMjIjNDEjJDEjJDgjJDgz,가톨릭의원,47210,의원,"경상북도 영주시 대학로 30, 3층 (휴천동, 그린빌딩)",2003-04-17,0,36.8097156,128.6210752,False,7.06
JDQ4MTYyMiM4MSMkMiMkMCMkMDAkNDgxOTYxIzIxIyQyIyQ1IyQwMCQzNjEyMjIjNjEjJDEjJDQjJDgz,강남비뇨기과의원,47210,의원,"경상북도 영주시 구성로350번길 23, (영주동)",2013-05-27,0,36.8240731,128.623969,False,5.66
JDQ4MTYyMiM4MSMkMSMkMCMkNzIkMzgxMTkxIzQxIyQxIyQ3IyQ5MiQzNjEyMjIjNTEjJDEjJDIjJDgz,강남치과의원,47210,치과의원,"경상북도 영주시 대학로 217, 2층 (가흥동)",2023-12-22,0,36.8146783,128.6051639,False,6.23
JDQ4MTYyMiM4MSMkMiMkMCMkMDAkMzgxNzAyIzUxIyQxIyQxIyQ4MiQ0NjEwMDIjNTEjJDEjJDIjJDgz,경북마취통증의학과의원,47210,의원,"경상북도 영주시 중앙로 122-1, 4층 (하망동)",2003-11-07,0,36.8260153,128.6260631,False,5.55
JDQ4MTYyMiM4MSMkMiMkMCMkMDAkMzgxOTYxIzQxIyQxIyQ3IyQ5MiQyNjE4MzIjNTEjJDEjJDYjJDgz,구본환내과의원,47210,의원,"경상북도 영주시 중앙로 72, (영주동)",1992-01-28,0,36.8218535,128.6241461,False,5.89
JDQ4MTYyMiM4MSMkMiMkMCMkMDAkMzgxNzAyIzMxIyQxIyQzIyQ4MiQzNjE4MzIjNzEjJDEjJDgjJDgz,구성현내과의원,47210,의원,"경상북도 영주시 풍기읍 기주로 91, 2층",2002-04-25,0,36.8699256,128.5257185,False,6.4
JDQ4MTYyMiM4MSMkMSMkMCMkNzIkMzgxOTYxIzIxIyQxIyQ1IyQ3OSQ0NjEwMDIjNjEjJDEjJDQjJDgz,권오연치과의원,47210,치과의원,"경상북도 영주시 중앙로 78, (하망동)",1996-11-08,0,36.8221215,128.6246686,False,5.88
JDQ4MTYyMiM4MSMkMSMkMCMkNzIkMzgxOTYxIzIxIyQxIyQxIyQ3OSQyNjE4MzIjNDEjJDEjJDQjJDgz,권치과의원,47210,치과의원,"경상북도 영주시 중앙로 84, (하망동)",1995-05-24,0,36.8226114,128.6249236,False,5.84
JDQ4MTYyMiM4MSMkMiMkMCMkMDAkNDgxOTYxIzQxIyQxIyQ3IyQ4OSQzNjE4MzIjNjEjJDEjJDAjJDgz,김내과의원,47210,의원,"경상북도 영주시 구성로 357, (영주동)",1988-04-14,0,36.8234432,128.6225108,False,5.67
JDQ4MTYyMiM4MSMkMSMkMCMkNzIkMzgxMzUxIzQxIyQxIyQ3IyQ4OSQyNjEyMjIjNjEjJDEjJDQjJDgz,김대순치과의원,47210,치과의원,"경상북도 영주시 번영로 147, (하망동)",1990-04-19,0,36.824318,128.6253403,False,5.69
JDQ4MTYyMiM4MSMkMiMkMCMkMDAkMzgxOTYxIzUxIyQxIyQxIyQxMyQzNjE0ODEjNTEjJDEjJDIjJDgz,김신경정신과의원,47210,의원,"경상북도 영주시 구성로 346, (영주동)",1993-02-13,0,36.8228527,128.6238623,False,5.78
JDQ4MTYyMiM4MSMkMiMkMCMkMDAkMzgxMTkxIzUxIyQxIyQ1IyQ5MiQyNjEyMjIjNTEjJDEjJDYjJDgz,김제욱비뇨기과의원,47210,의원,"경상북도 영주시 중앙로 122, (하망동)",2000-02-08,1,36.8258995,128.6260424,False,5.56
JDQ4MTYyMiM4MSMkMSMkMCMkNzIkMzgxOTYxIzMxIyQxIyQ3IyQ4MiQ0NjEwMDIjODEjJDEjJDIjJDgz,꽃동산치과의원,47210,치과의원,"경상북도 영주시 지천로 160, (가흥동, 아름다운 손치과)",2011-09-08,0,36.8145537,128.619186,False,6.5
JDQ4MTYyMiM4MSMkMiMkMCMkMDAkMzgxOTYxIzIxIyQxIyQxIyQ4MiQyNjEyMjIjNjEjJDEjJDgjJDgz,남내과의원,47210,의원,"경상북도 영주시 구성로 373, (영주동)",1987-02-23,0,36.8245503,128.6211701,False,5.51
JDQ4MTYyMiM4MSMkMiMkMCMkMDAkMzgxOTYxIzIxIyQyIyQ1IyQwMCQzNjE4MzIjNDEjJDEjJDgjJDgz,다미안의원,47210,의원,"경상북도 영주시 봉화로 2, (상망동)",1976-07-03,0,36.8386082,128.6519075,False,5.98
JDQ4MTYyMiM4MSMkMiMkMCMkMDAkMzgxMTkxIzMxIyQxIyQzIyQ3MiQzNjE4MzIjNjEjJDEjJDAjJDgz,다인산부인과의원,47210,의원,"경상북도 영주시 영주로 205-1, 다인산부인과 3층 (영주동)",1998-03-05,0,36.8262125,128.6223361,False,5.38
JDQ4MTYyMiM4MSMkMSMkMCMkMTMkMzgxNzAyIzMxIyQxIyQzIyQ5MiQyNjEwMDIjNTEjJDEjJDIjJDgz,대동한의원,47210,한의원,"경상북도 영주시 광복로 73, (영주동)",1991-03-25,0,36.8279076,128.6264843,False,5.38
JDQ4MTYyMiM4MSMkMiMkMCMkMDAkMzgxMTkxIzExIyQxIyQ3IyQwMyQzNjEyMjIjNTEjJDEjJDIjJDgz,대영연합의원,47210,의원,"경상북도 영주시 꽃동산로 30, (휴천동)",1995-04-28,0,36.812884,128.6213133,False,6.74
JDQ4MTYyMiM4MSMkMSMkMCMkMTMkNDgxOTYxIzQxIyQxIyQ3IyQ5OSQzNjEyMjIjNDEjJDEjJDgjJDgz,덕산한의원,47210,한의원,"경상북도 영주시 중앙로95번길 5, 1층 (영주동)",2018-12-27,0,36.8237858,128.6248609,False,5.72
JDQ4MTYyMiM4MSMkMiMkMCMkMDAkMzgxMTkxIzUxIyQyIyQxIyQwMCQyNjEyMjIjODEjJDEjJDIjJDgz,도건호마취과의원,47210,의원,"경상북도 영주시 중앙로 105, 2층 (하망동)",1999-06-02,0,36.824665,128.6254344,False,5.66
JDQ4MTYyMiM4MSMkMSMkMCMkMTMkNDgxOTYxIzMxIyQxIyQzIyQ4MiQyNjE4MzIjNTEjJDEjJDIjJDgz,도원한의원,47210,한의원,"경상북도 영주시 중앙로 81, 2층 (영주동)",2015-12-23,0,36.8226426,128.6244465,False,5.82
JDQ4MTYyMiM4MSMkMSMkMCMkMTMkNDgxMzUxIzExIyQyIyQzIyQwMCQ0NjEwMDIjNTEjJDEjJDIjJDgz,도제한의원,47210,한의원,"경상북도 영주시 영주로 198-1, 도제한의원 (영주동)",1997-05-01,0,36.8259224,128.6215163,False,5.38
JDQ4MTYyMiM4MSMkMiMkMCMkMDAkNDgxMzUxIzIxIyQxIyQ1IyQ2MiQ0NjE0ODEjNTEjJDEjJDYjJDgz,동산정형외과의원,47210,의원,"경상북도 영주시 중앙로 125, (영주동)",2006-06-01,0,36.8264639,128.6257021,False,5.49
JDQ4MTYyMiM4MSMkMSMkMCMkMTMkNDgxOTYxIzUxIyQxIyQ1IyQxMyQzNjEwMDIjNjEjJDEjJDgjJDgz,라온365한의원 영주점,47210,한의원,"경상북도 영주시 대학로298번길 17, 2층 (가흥동)",2025-04-15,0,36.8223872,128.6071438,False,5.41
JDQ4MTYyMiM4MSMkMSMkMCMkNzIkMzgxMTkxIzUxIyQxIyQxIyQ5OSQ0NjEwMDIjNzEjJDEjJDgjJDgz,라온치과의원,47210,치과의원,"경상북도 영주시 대학로298번길 17, 3,4층 (가흥동)",2025-02-25,0,36.8223872,128.6071438,False,5.41
JDQ4MTYyMiM4MSMkMSMkMCMkNzIkMzgxOTYxIzExIyQxIyQzIyQ2MiQzNjEwMDIjNTEjJDEjJDIjJDgz,램브란트치과의원,47210,치과의원,"경상북도 영주시 구성로 332-1, (하망동, 동아빌딩)",2005-10-31,0,36.8220682,128.6248665,False,5.9
JDQ4MTYyMiM4MSMkMSMkMCMkNzIkMzgxMTkxIzMxIyQxIyQzIyQ3OSQyNjEwMDIjODEjJDEjJDIjJDgz,리더스치과의원,47210,치과의원,"경상북도 영주시 구성로 333, 2층 (영주동)",2017-10-11,0,36.8219064,128.6243589,False,5.89
JDQ4MTYyMiM4MSMkMiMkMCMkMDAkMzgxOTYxIzIxIyQxIyQ1IyQ4OSQyNjE4MzIjNjEjJDEjJDAjJDgz,마음편한정신건강의학과의원,47210,의원,"경상북도 영주시 광복로 74, 3층 (하망동)",2016-06-24,0,36.8275706,128.6264822,False,5.41
JDQ4MTYyMiM4MSMkMiMkMCMkMDAkNDgxMTkxIzIxIyQxIyQ5IyQ4OSQyNjEyMjIjNDEjJDEjJDQjJDgz,맑은 이비인후과 의원,47210,의원,"경상북도 영주시 중앙로 122-1, 건우빌딩 1층 (하망동)",2021-11-12,0,36.8260153,128.6260631,False,5.55
JDQ4MTYyMiM4MSMkMiMkMCMkMDAkNDgxMzUxIzUxIyQxIyQ1IyQ4MiQyNjE4MzIjNjEjJDEjJDQjJDgz,몸편한재활의학과의원,47210,의원,"경상북도 영주시 중앙로 87, 2층 (영주동)",2016-12-26,0,36.8231214,128.6247089,False,5.78
JDQ4MTYyMiM4MSMkMSMkMCMkNzIkMzgxMzUxIzQxIyQxIyQ3IyQ3OSQyNjEwMDIjNDEjJDEjJDQjJDgz,바른치과의원,47210,치과의원,"경상북도 영주시 중앙로 119-119, 5,6층 (하망동)",1996-11-26,0,36.8259038,128.6255975,False,5.54
JDQ4MTYyMiM4MSMkMiMkMCMkMDAkNDgxOTYxIzQxIyQxIyQ3IyQ5OSQyNjE4MzIjODEjJDEjJDYjJDgz,박상현내과의원,47210,의원,"경상북도 영주시 중앙로 122, (하망동, 제2경북약국)",2016-04-15,0,36.8258995,128.6260424,False,5.56
JDQ4MTYyMiM4MSMkMSMkMCMkMTMkNDgxOTYxIzUxIyQxIyQ1IyQxMyQyNjEyMjIjNDEjJDEjJDgjJDgz,백세한의원,47210,한의원,"경상북도 영주시 중앙로 65, 백세한의원 (영주동)",2025-02-20,0,36.8217997,128.6233188,False,5.87
JDQ4MTYyMiM4MSMkMiMkMCMkMDAkMzgxMTkxIzUxIyQxIyQ1IyQ3OSQyNjEyMjIjNTEjJDEjJDIjJDgz,백현우외과의원,47210,의원,"경상북도 영주시 중앙로 135-1, 1층 (영주동)",1999-10-25,0,36.8273414,128.6259363,False,5.41
JDQ4MTYyMiM4MSMkMSMkMCMkNzIkMzgxMzUxIzUxIyQxIyQ1IyQwMyQyNjE4MzIjNzEjJDEjJDgjJDgz,변상철치과의원,47210,치과의원,"경상북도 영주시 선비로 65-65, (휴천동)",1992-10-09,0,36.8107543,128.6238235,False,7.03
JDQ4MTYyMiM4MSMkMSMkMCMkMTMkNDgxOTYxIzExIyQyIyQzIyQwMCQzNjEyMjIjNTEjJDEjJDYjJDgz,본한의원,47210,한의원,"경상북도 영주시 중앙로 122, (하망동)",2008-10-07,0,36.8258995,128.6260424,False,5.56
JDQ4MTYyMiM4MSMkMSMkMCMkMTMkNDgxOTYxIzMxIyQxIyQ3IyQ5MiQzNjEyMjIjNDEjJDEjJDgjJDgz,부석한의원,47210,한의원,"경상북도 영주시 부석면 소천로 39, (부석면)",2013-03-21,0,36.9790321,128.6558149,False,13.14
JDQ4MTYyMiM4MSMkMiMkMCMkMDAkNDgxMzUxIzIxIyQxIyQ5IyQ2MiQ0NjEwMDIjODEjJDEjJDIjJDgz,삼성안과의원,47210,의원,"경상북도 영주시 중앙로 119, 3층 301호 (하망동, 중앙빌딩)",2008-10-21,0,36.8259038,128.6255975,False,5.54
JDQ4MTYyMiM4MSMkMiMkMCMkMDAkNDgxMzUxIzIxIyQxIyQ1IyQwMyQyNjE0ODEjNzEjJDEjJDgjJDgz,삼성통증의학과의원,47210,의원,"경상북도 영주시 중앙로 113, (하망동)",2006-07-28,0,36.8251637,128.6254841,False,5.61
JDQ4MTYyMiM4MSMkMSMkMCMkMTMkNDgxMzUxIzMxIyQxIyQzIyQ3MiQzNjEwMDIjNjEjJDEjJDgjJDgz,삼성한의원,47210,한의원,"경상북도 영주시 중앙로 129, (영주동, 의성종합철물 2층)",2002-04-27,0,36.8266732,128.625798,False,5.47
JDQ4MTYyMiM4MSMkMiMkMCMkMDAkNDgxMTkxIzIxIyQxIyQxIyQ2MiQyNjEyMjIjODEjJDEjJDYjJDgz,서울마디의원,47210,의원,"경상북도 영주시 영주로 202-1, (영주동)",2020-04-28,0,36.8258409,128.6219351,False,5.41
JDQ4MTYyMiM4MSMkMSMkMCMkNzIkMzgxMTkxIzIxIyQxIyQ5IyQxMyQyNjE0ODEjODEjJDEjJDYjJDgz,서울미소치과의원,47210,치과의원,"경상북도 영주시 대학로 30, (휴천동)",2013-04-24,0,36.8097156,128.6210752,False,7.06
JDQ4MTYyMiM4MSMkMiMkMCMkMDAkNDgxMzUxIzMxIyQxIyQzIyQwMyQ0NjE0ODEjNjEjJDEjJDQjJDgz,서울이비인후과의원,47210,의원,"경상북도 영주시 구성로350번길 2, (영주동)",2007-12-05,0,36.8231339,128.6235222,False,5.74
JDQ4MTYyMiM4MSMkMSMkMCMkNzIkMzgxMzUxIzQxIyQxIyQ3IyQ4OSQzNjEyMjIjODEjJDEjJDIjJDgz,서울치과의원,47210,치과의원,"경상북도 영주시 중앙로 113, (하망동)",1990-04-19,0,36.8251832,128.6254866,False,5.61
JDQ4MTYyMiM4MSMkMSMkMCMkMTMkMzgxNzAyIzExIyQxIyQ3IyQ5MiQzNjEyMjIjODEjJDEjJDIjJDgz,서울한의원,47210,한의원,"경상북도 영주시 풍기읍 동성로 76, 76",1965-04-24,0,36.8709102,128.5279597,False,6.2
JDQ4MTYyMiM4MSMkMSMkMCMkMTMkNDgxMzUxIzIxIyQxIyQ5IyQ2MiQzNjE4MzIjODEjJDEjJDYjJDgz,선제한의원,47210,한의원,"경상북도 영주시 영주로231번길 12, 1층 (하망동)",2002-04-19,0,36.8261971,128.6254328,False,5.5
JDQ4MTYyMiM4MSMkMSMkMCMkMTMkMzgxNzAyIzQxIyQxIyQ3IyQ4MiQ0NjE0ODEjNjEjJDEjJDQjJDgz,성심한의원,47210,한의원,"경상북도 영주시 풍기읍 기주로 83-1, (풍기읍)",1996-01-18,0,36.8696812,128.5263985,False,6.34
JDQ4MTYyMiM4MSMkMSMkMCMkMTMkMzgxNzAyIzIxIyQxIyQ1IyQ4OSQzNjEyMjIjNzEjJDEjJDgjJDgz,세움한의원,47210,한의원,"경상북도 영주시 구성로 369, 2층 (영주동)",2023-09-15,0,36.8242278,128.6215751,False,5.56
JDQ4MTYyMiM4MSMkMSMkMCMkMTMkNDgxMzUxIzExIyQxIyQ3IyQ5OSQzNjE0ODEjNDEjJDEjJDgjJDgz,소백한의원,47210,한의원,"경상북도 영주시 구성로 306, (휴천동)",1998-09-23,0,36.8203742,128.6267302,False,6.14
JDQ4MTYyMiM4MSMkMiMkMCMkMDAkMzgxMTkxIzIxIyQxIyQ5IyQ4OSQyNjE0ODEjNDEjJDEjJDgjJDgz,손현석내과의원,47210,의원,"경상북도 영주시 구성로 354, (영주동)",1997-02-13,0,36.8234998,128.6230695,False,5.69
JDQ4MTYyMiM4MSMkMSMkMCMkNzIkMzgxOTYxIzExIyQxIyQzIyQ5MiQyNjE4MzIjODEjJDEjJDIjJDgz,수치과의원,47210,치과의원,"경상북도 영주시 대학로 222, 5층 (가흥동)",2023-08-23,0,36.8153527,128.6053165,False,6.16
JDQ4MTYyMiM4MSMkMSMkMCMkMTMkNDgxMzUxIzUxIyQxIyQxIyQwMyQzNjE4MzIjNTEjJDEjJDYjJDgz,수한의원,47210,한의원,"경상북도 영주시 원당로 211, 수한의원 1,2층 (하망동)",2018-11-02,0,36.8287574,128.6336396,False,5.63
JDQ4MTYyMiM4MSMkMiMkMCMkMDAkMzgxOTYxIzMxIyQxIyQ3IyQ2MiQ0NjEwMDIjNjEjJDEjJDAjJDgz,신비뇨기과의원,47210,의원,"경상북도 영주시 구성로 338, (영주동)",1991-01-30,0,36.8224719,128.624331,False,5.84
JDQ4MTYyMiM4MSMkMiMkMCMkMDAkNDgxMzUxIzIxIyQxIyQ5IyQ4MiQ0NjEwMDIjNTEjJDEjJDIjJDgz,신영주내과의원,47210,의원,"경상북도 영주시 꽃동산로 28, 1,2층 (휴천동)",2006-03-05,0,36.8128332,128.6214411,False,6.74
JDQ4MTYyMiM4MSMkMSMkMCMkMTMkNDgxOTYxIzIxIyQyIyQ1IyQwMCQyNjE4MzIjODEjJDEjJDIjJDgz,신영주한의원,47210,한의원,"경상북도 영주시 지천로 78, (휴천동)",2012-06-11,0,36.8072605,128.6196582,False,7.29
JDQ4MTYyMiM4MSMkMSMkMCMkMTMkNDgxMzUxIzMxIyQxIyQ3IyQ2MiQzNjEyMjIjNTEjJDEjJDYjJDgz,신한의원,47210,한의원,"경상북도 영주시 영주로 246, (하망동)",2004-06-14,0,36.8253333,128.6267123,False,5.64
JDQ4MTYyMiM4MSMkMiMkMCMkMDAkNDgxMzUxIzIxIyQxIyQ1IyQ5OSQ0NjE0ODEjODEjJDEjJDYjJDgz,아름다운피부과의원,47210,의원,"경상북도 영주시 구성로 350, 2층 (영주동)",2006-04-17,0,36.8233624,128.6232903,False,5.71
JDQ4MTYyMiM4MSMkMiMkMCMkMDAkNDgxMTkxIzUxIyQxIyQxIyQ4OSQzNjEwMDIjNDEjJDEjJDQjJDgz,에이스마취통증의학과의원,47210,의원,"경상북도 영주시 중앙로 106, 1층 (하망동)",2025-02-18,0,36.8244744,128.625887,False,5.69
JDQ4MTYyMiM4MSMkMSMkMCMkNzIkMzgxMTkxIzQxIyQxIyQ3IyQ2MiQzNjE0ODEjNjEjJDEjJDAjJDgz,연세가족치과의원,47210,치과의원,"경상북도 영주시 번영로 147, 1층 (하망동)",2023-05-30,0,36.824318,128.6253403,False,5.69
JDQ4MTYyMiM4MSMkMSMkMCMkNzIkMzgxMTkxIzIxIyQxIyQ1IyQ2MiQzNjE0ODEjODEjJDEjJDYjJDgz,연세소망치과의원,47210,치과의원,"경상북도 영주시 영주로 227, (하망동)",1996-06-19,0,36.8258837,128.6249204,False,5.51
JDQ4MTYyMiM4MSMkMSMkMCMkNzIkMzgxMzUxIzMxIyQxIyQ3IyQ3MiQzNjEyMjIjNDEjJDEjJDgjJDgz,연세송치과의원,47210,치과의원,"경상북도 영주시 구성로 345-1, 2층 (영주동)",2019-06-11,0,36.8227584,128.6233906,False,5.77
JDQ4MTYyMiM4MSMkMSMkMCMkNzIkMzgxMTkxIzIxIyQxIyQ1IyQ5MiQzNjEwMDIjODEjJDEjJDYjJDgz,연세행복치과의원,47210,치과의원,"경상북도 영주시 대동로 19, (가흥동)",2015-10-08,0,36.8152318,128.6045991,False,6.17
JDQ4MTYyMiM4MSMkMSMkMCMkNzIkMzgxMTkxIzIxIyQxIyQ1IyQ5OSQyNjE0ODEjNDEjJDEjJDgjJDgz,연세화이트치과의원,47210,치과의원,"경상북도 영주시 대학로 35, 자유빌딩 2층 (휴천동)",2014-12-26,0,36.8089995,128.6205016,False,7.13
JDQ4MTYyMiM4MSMkMSMkMCMkNzIkMzgxOTYxIzExIyQxIyQzIyQ2MiQzNjEyMjIjNDEjJDEjJDgjJDgz,연합치과의원,47210,치과의원,"경상북도 영주시 영주로 243, 3층 (하망동)",2000-08-01,0,36.825892,128.6265339,False,5.58
JDQ4MTYyMiM4MSMkMSMkMCMkOTkkMzgxMzUxIzExIyQxIyQzIyQ2MiQyNjEwMDIjNDEjJDEjJDgjJDgz,영주기독병원,47210,병원,"경상북도 영주시 구성로 380,  (영주동)",1980-05-13,70,36.8251759,128.6211144,True,5.45
JDQ4MTYyMiM4MSMkMiMkMCMkMDAkNDgxMTkxIzExIyQxIyQ3IyQ4MiQzNjEwMDIjNDEjJDEjJDgjJDgz,영주늘좋은내과의원,47210,의원,"경상북도 영주시 영주로 243, 연합치과 2층 (하망동)",2019-08-08,0,36.825892,128.6265339,False,5.58
JDQ4MTYyMiM4MSMkMSMkMCMkNzIkMzgxMTkxIzQxIyQxIyQ3IyQ3MiQzNjE0ODEjNDEjJDEjJDgjJDgz,영주미플란트치과의원,47210,치과의원,"경상북도 영주시 광복로 74, 2층 (하망동)",2023-07-06,0,36.8275706,128.6264822,False,5.41
JDQ4MTYyMiM4MSMkMiMkMCMkMDAkNDgxOTYxIzQxIyQxIyQ3IyQ4OSQzNjE0ODEjNDEjJDEjJDQjJDgz,영주밝은안과의원,47210,의원,"경상북도 영주시 중앙로 95, (영주동)",2010-03-02,0,36.8239249,128.6251245,False,5.72
JDQ4MTYyMiM4MSMkMSMkMCMkMTMkNDgxOTYxIzExIyQxIyQ3IyQ3OSQ0NjE0ODEjNjEjJDEjJDAjJDgz,영주부부한의원,47210,한의원,"경상북도 영주시 영주로 273, (하망동)",2009-08-04,0,36.825247,128.6296959,False,5.78
JDQ4MTYyMiM4MSMkMSMkMCMkOTkkNTgxOTYxIzExIyQxIyQzIyQ4OSQ0NjE0ODEjNjEjJDEjJDQjJDgz,영주삼봉병원,47210,정신병원,"경상북도 영주시 꽃동산로 43, (가흥동)",2012-01-25,120,36.8132917,128.6197875,True,6.65
JDQ4MTYyMiM4MSMkMiMkMCMkMDAkMzgxMTkxIzQxIyQxIyQ3IyQ2MiQ0NjE0ODEjODEjJDEjJDIjJDgz,영주성모안과의원,47210,의원,"경상북도 영주시 중앙로 120, (하망동)",1999-03-11,0,36.825807,128.626005,False,5.57
JDQ4MTYyMiM4MSMkMSMkMCMkNzIkMzgxMTkxIzIxIyQxIyQ5IyQ5MiQzNjEwMDIjNjEjJDEjJDQjJDgz,영주스마트치과의원,47210,치과의원,"경상북도 영주시 구성로 254, (휴천동)",2017-04-03,0,36.8158066,128.6278271,False,6.64
JDQ4MTYyMiM4MSMkMSMkMCMkOTIkMzgxNzAyIzExIyQxIyQzIyQxMyQzNjEwMDIjODEjJDEjJDYjJDgz,영주시단산면구구보건진료소,47210,보건진료소,"경상북도 영주시 단산면 구구로 22-17, (단산면)",1987-12-01,0,36.9001485,128.6031814,False,3.34
JDQ4MTYyMiM4MSMkMSMkMCMkOTIkMzgxOTYxIzExIyQxIyQzIyQ3MiQzNjE4MzIjNjEjJDEjJDQjJDgz,영주시단산면보건지소,47210,보건지소,"경상북도 영주시 단산면 옥대로 32, (단산면보건지소)",1971-07-25,0,36.9510023,128.6187305,False,9.15
JDQ4MTYyMiM4MSMkMSMkMCMkOTkkNTgxMzUxIzExIyQxIyQ3IyQ3MiQzNjEyMjIjODEjJDEjJDYjJDgz,영주시립노인전문요양병원,47210,요양병원,"경상북도 영주시 안정면 장안로 697, (안정면)",2009-03-03,244,36.8301599,128.5649173,True,5.34
JDQ4MTYyMiM4MSMkMSMkMCMkOTIkMzgxOTYxIzExIyQxIyQzIyQ3MiQyNjEyMjIjNjEjJDEjJDAjJDgz,영주시문수면보건지소,47210,보건지소,"경상북도 영주시 문수면 문수로1363번길 35, (문수면보건지소)",1971-07-25,0,36.7720876,128.6305403,False,11.32
JDQ4MTYyMiM4MSMkMSMkMCMkOTIkMzgxNzAyIzExIyQxIyQ3IyQ3OSQyNjE4MzIjNTEjJDEjJDYjJDgz,영주시문수면조제보건진료소,47210,보건진료소,"경상북도 영주시 문수면 조제로 59, 59",1987-12-01,0,36.7185582,128.6011058,False,16.89
JDQ4MTYyMiM4MSMkMSMkMCMkOTIkMzgxMzUxIzExIyQxIyQzIyQ5OSQzNjEwMDIjNDEjJDEjJDgjJDgz,영주시보건소,47210,보건소,"경상북도 영주시 시청로1번길 19, (휴천동)",1995-01-01,0,36.8061781,128.6216446,False,7.46
JDQ4MTYyMiM4MSMkMSMkMCMkOTIkMzgxNzAyIzExIyQxIyQzIyQxMyQzNjE4MzIjNjEjJDEjJDQjJDgz,영주시봉현면노좌보건진료소,47210,보건진료소,"경상북도 영주시 봉현면 소백로 941, (봉현면)",1987-12-01,0,36.7914934,128.5008892,False,12.3
JDQ4MTYyMiM4MSMkMSMkMCMkOTIkMzgxOTYxIzExIyQxIyQzIyQ3MiQzNjEwMDIjODEjJDEjJDYjJDgz,영주시봉현면보건지소,47210,보건지소,"경상북도 영주시 봉현면 오현로 27, (봉현면보건지소)",2005-04-04,0,36.861424,128.525013,False,6.54
JDQ4MTYyMiM4MSMkMSMkMCMkOTIkMzgxOTYxIzExIyQxIyQzIyQ3MiQ0NjE0ODEjNTEjJDEjJDYjJDgz,영주시부석면보건지소,47210,보건지소,"경상북도 영주시 부석면 부석로 49, (부석면보건지소)",1971-07-25,0,36.9788861,128.6541669,False,13.06
JDQ4MTYyMiM4MSMkMSMkMCMkOTIkMzgxNzAyIzExIyQxIyQzIyQxMyQyNjE4MzIjNTEjJDEjJDIjJDgz,영주시부석면상석보건진료소,47210,보건진료소,"경상북도 영주시 부석면 의상로 1322, 1322",1987-12-01,0,36.9393381,128.6496461,False,8.95
JDQ4MTYyMiM4MSMkMSMkMCMkOTIkMzgxNzAyIzExIyQxIyQzIyQxMyQzNjE0ODEjNDEjJDEjJDgjJDgz,영주시부석면임곡보건진료소,47210,보건진료소,"경상북도 영주시 부석면 영부로106번길 9, (임곡보건진료소)",1987-12-01,0,37.0016894,128.6628729,False,15.7
JDQ4MTYyMiM4MSMkMSMkMCMkOTIkMzgxNzAyIzExIyQxIyQzIyQxMyQzNjEyMjIjNzEjJDEjJDgjJDgz,영주시순흥면배점보건진료소,47210,보건진료소,"경상북도 영주시 순흥면 죽계로293번길 37, (배점리보건진료소)",1987-12-01,0,36.9305776,128.5545285,False,7.71
JDQ4MTYyMiM4MSMkMSMkMCMkOTIkMzgxOTYxIzExIyQxIyQzIyQ3MiQzNjEyMjIjNzEjJDEjJDgjJDgz,영주시순흥면보건지소,47210,보건지소,"경상북도 영주시 순흥면 순흥로 67, (순흥면보건지소)",1971-07-25,0,36.9157914,128.5749063,False,5.44
JDQ4MTYyMiM4MSMkMSMkMCMkOTIkMzgxOTYxIzExIyQxIyQzIyQ3MiQzNjE0ODEjNDEjJDEjJDgjJDgz,영주시안정면보건지소,47210,보건지소,"경상북도 영주시 안정면 신재로 537, (안정면)",1971-07-25,0,36.8459286,128.5566698,False,4.55
JDQ4MTYyMiM4MSMkMSMkMCMkOTIkMzgxNzAyIzExIyQxIyQzIyQxMyQ0NjE0ODEjNTEjJDEjJDYjJDgz,영주시안정면오계보건진료소,47210,보건진료소,"경상북도 영주시 안정면 안정로 342, (오계보건진료소)",1987-12-01,0,36.8687644,128.5794008,False,1.63
JDQ4MTYyMiM4MSMkMSMkMCMkOTIkMzgxNzAyIzExIyQxIyQzIyQxMyQ0NjEwMDIjNDEjJDEjJDgjJDgz,영주시안정면용산보건진료소,47210,보건진료소,"경상북도 영주시 안정면 용주로 925, (안정면)",1987-12-01,0,36.8140554,128.5451546,False,7.82
JDQ4MTYyMiM4MSMkMSMkMCMkOTIkMzgxNzAyIzExIyQxIyQ3IyQ3OSQzNjE0ODEjNDEjJDEjJDgjJDgz,영주시운곡보건진료소,47210,보건진료소,"경상북도 영주시 평은면 북평로 1099, (평은면)",1987-12-01,0,36.7020974,128.7118929,False,21.3
JDQ4MTYyMiM4MSMkMSMkMCMkOTIkMzgxOTYxIzExIyQxIyQzIyQ2MiQ0NjEwMDIjNjEjJDEjJDAjJDgz,영주시이산면보건지소,47210,보건지소,"경상북도 영주시 이산면 이산로621번길 31, (이산면)",1971-07-25,0,36.8356302,128.6967539,False,9.63
JDQ4MTYyMiM4MSMkMSMkMCMkOTIkMzgxNzAyIzExIyQxIyQ3IyQ3OSQzNjEwMDIjNDEjJDEjJDQjJDgz,영주시이산면월림보건진료소,47210,보건진료소,"경상북도 영주시 이산면 영봉로 765, 765",1987-12-01,0,36.8002171,128.6924673,False,11.49
JDQ4MTYyMiM4MSMkMSMkMCMkOTIkMzgxNzAyIzExIyQxIyQ3IyQ3OSQyNjE0ODEjODEjJDEjJDYjJDgz,영주시장수면두전보건진료소,47210,보건진료소,"경상북도 영주시 장수면 장안로 440-6, (장수면)",1987-12-01,0,36.8120468,128.5742828,False,6.82
JDQ4MTYyMiM4MSMkMSMkMCMkOTIkMzgxOTYxIzExIyQxIyQzIyQ3MiQyNjE4MzIjNTEjJDEjJDIjJDgz,영주시장수면보건지소,47210,보건지소,"경상북도 영주시 장수면 장수로 50, (장수면)",1971-07-25,0,36.774708,128.578688,False,10.78
JDQ4MTYyMiM4MSMkMSMkMCMkOTIkMzgxNzAyIzExIyQxIyQ3IyQ3OSQyNjEwMDIjNzEjJDEjJDgjJDgz,영주시장수면성곡보건진료소,47210,보건진료소,"경상북도 영주시 장수면 용주로 483, (성곡보건지소)",1987-12-01,0,36.7815861,128.5317404,False,11.49
JDQ4MTYyMiM4MSMkMSMkMCMkOTIkMzgxNzAyIzExIyQxIyQ3IyQ3OSQyNjEyMjIjNjEjJDEjJDQjJDgz,영주시장수면소룡리보건진료소,47210,보건진료소,"경상북도 영주시 장수면 옥계로 510, 510",1987-12-01,0,36.7373334,128.5749014,False,14.94
JDQ4MTYyMiM4MSMkMSMkMCMkOTIkMzgxOTYxIzExIyQxIyQzIyQ3MiQyNjEwMDIjNjEjJDEjJDgjJDgz,영주시평은면보건지소,47210,보건지소,"경상북도 영주시 평은면 신평로 29, 평은면보건지소",1971-07-25,0,36.7584366,128.688515,False,14.85
JDQ4MTYyMiM4MSMkMSMkMCMkOTIkMzgxOTYxIzExIyQxIyQzIyQ3MiQyNjE0ODEjODEjJDEjJDIjJDgz,영주시풍기읍보건지소,47210,보건지소,"경상북도 영주시 풍기읍 남원로 66, (영주시풍기읍보건지소)",1995-01-01,0,36.8669159,128.5271662,False,6.28
JDQ4MTYyMiM4MSMkMiMkMCMkMDAkNDgxMzUxIzExIyQxIyQzIyQ3OSQ0NjE0ODEjNjEjJDEjJDQjJDgz,영주신통의원,47210,의원,"경상북도 영주시 중앙로 128, (하망동)",2005-12-29,0,36.8264817,128.6261444,False,5.5
JDQ4MTYyMiM4MSMkMiMkMCMkMDAkNDgxMTkxIzMxIyQxIyQ3IyQ3OSQzNjE4MzIjNjEjJDEjJDgjJDgz,영주연합속내과의원,47210,의원,"경상북도 영주시 중앙로 122-1, 2.3층 (하망동)",2023-06-08,0,36.8260153,128.6260631,False,5.55
JDQ4MTYyMiM4MSMkMSMkMCMkNzIkMzgxMTkxIzExIyQxIyQ3IyQ3OSQzNjEyMjIjNTEjJDEjJDYjJDgz,영주예치과의원,47210,치과의원,"경상북도 영주시 중앙로 68, 2층 (영주동)",2016-11-08,0,36.8216292,128.6238095,False,5.9
JDQ4MTYyMiM4MSMkMSMkMCMkOTkkMzgxMzUxIzIxIyQxIyQ1IyQwMyQzNjEwMDIjNDEjJDEjJDgjJDgz,영주자인병원,47210,병원,"경상북도 영주시 대동로31번길 9,  (가흥동)",2013-02-14,192,36.8159307,128.6056003,True,6.1
JDQ4MTYyMiM4MSMkMSMkMCMkODkkMzgxMzUxIzExIyQxIyQzIyQ3MiQyNjEwMDIjNTEjJDEjJDYjJDgz,영주적십자병원,47210,종합병원,"경상북도 영주시 대학로 327-0, 영주적십자병원",2018-05-02,150,36.8252688,128.6039024,True,5.05
JDQ4MTYyMiM4MSMkMiMkMCMkMDAkMzgxMTkxIzUxIyQxIyQ1IyQ3MiQ0NjE0ODEjODEjJDEjJDIjJDgz,영주중앙의원,47210,의원,"경상북도 영주시 구성로142번길 10, (조암동)",2000-01-19,0,36.8057986,128.6296021,False,7.73
JDQ4MTYyMiM4MSMkMiMkMCMkMDAkMzgxNzAyIzExIyQxIyQzIyQ5MiQyNjE4MzIjNDEjJDEjJDQjJDgz,영주진단방사선과의원,47210,의원,"경상북도 영주시 지천로 172, (가흥동)",2000-06-12,0,36.8153543,128.6196978,False,6.43
JDQ4MTYyMiM4MSMkMSMkMCMkNzIkMzgxOTYxIzExIyQxIyQ3IyQ4MiQzNjE0ODEjNjEjJDEjJDQjJDgz,영주치과의원,47210,치과의원,"경상북도 영주시 중앙로 117, (하망동)",1995-04-28,0,36.8257571,128.6255839,False,5.55
JDQ4MTYyMiM4MSMkMiMkMCMkMDAkMzgxOTYxIzUxIyQxIyQ1IyQ3MiQzNjE0ODEjNDEjJDEjJDQjJDgz,영풍제일의원,47210,의원,"경상북도 영주시 풍기읍 기주로 100-13, (풍기읍)",1993-07-14,0,36.8709994,128.5251875,False,6.45
JDQ4MTYyMiM4MSMkMSMkMCMkNzIkMzgxMTkxIzIxIyQxIyQxIyQ2MiQzNjE0ODEjNTEjJDEjJDIjJDgz,우리치과의원,47210,치과의원,"경상북도 영주시 중앙로 73-1, 2층 (영주동)",2013-09-25,0,36.8221812,128.6240447,False,5.86
JDQ4MTYyMiM4MSMkMSMkMCMkMTMkMzgxNzAyIzIxIyQxIyQ1IyQ3MiQzNjE0ODEjNDEjJDEjJDQjJDgz,우리한의원,47210,한의원,"경상북도 영주시 중앙로 46, (영주동)",1979-05-09,0,36.8206037,128.6216051,False,5.94
JDQ4MTYyMiM4MSMkMSMkMCMkMTMkNDgxOTYxIzMxIyQxIyQ3IyQ2MiQyNjE0ODEjNDEjJDEjJDQjJDgz,우성한의원,47210,한의원,"경상북도 영주시 중앙로 68, 1층 (영주동)",2017-03-03,0,36.8216292,128.6238095,False,5.9
JDQ4MTYyMiM4MSMkMSMkMCMkMTMkMzgxNzAyIzIxIyQxIyQ1IyQ3OSQyNjEyMjIjNzEjJDEjJDgjJDgz,유생한의원,47210,한의원,"경상북도 영주시 중앙로 72, (영주동)",1988-03-15,0,36.8218535,128.6241461,False,5.89
JDQ4MTYyMiM4MSMkMiMkMCMkMDAkMzgxOTYxIzIxIyQxIyQ5IyQ4OSQyNjE0ODEjNjEjJDEjJDgjJDgz,은광의원,47210,의원,"경상북도 영주시 부석면 부석로 39, (부석면)",1997-06-10,0,36.9781306,128.6534645,False,12.96
JDQ4MTYyMiM4MSMkMSMkMCMkOTkkNTgxMzUxIzIxIyQxIyQxIyQ3MiQzNjE0ODEjODEjJDEjJDYjJDgz,의료법인 영주의료재단 명품요양병원,47210,요양병원,"경상북도 영주시 반지미로 265,  (가흥동)",2013-05-23,217,36.8248161,128.5975876,True,5.07
JDQ4MTYyMiM4MSMkMSMkMCMkOTkkMzgxMzUxIzMxIyQxIyQzIyQ3OSQzNjEwMDIjNjEjJDEjJDgjJDgz,의료법인 영주의료재단 명품회복병원,47210,병원,"경상북도 영주시 반지미로 265-0, 명품회복병원지하1층B동,1층B동,4층",2023-04-19,131,36.8248161,128.5975876,True,5.07
JDQ4MTYyMiM4MSMkMSMkMCMkOTkkNTgxMzUxIzExIyQxIyQ3IyQ5OSQyNjEwMDIjNjEjJDEjJDgjJDgz,의료법인 영풍의료재단 풍기성심요양병원,47210,요양병원,"경상북도 영주시 풍기읍 소백로1916번길 6, 6",2008-03-19,90,36.8674952,128.5361724,True,5.48
JDQ4MTYyMiM4MSMkMSMkMCMkOTkkNTgxMzUxIzIxIyQyIyQxIyQwMCQ0NjEwMDIjNjEjJDEjJDQjJDgz,의료법인기호의료재단 청하요양병원,47210,요양병원,"경상북도 영주시 신재로24번길 91,  (가흥동)",2012-06-14,298,36.8351263,128.6090253,True,4.05
JDQ4MTYyMiM4MSMkMSMkMCMkMTMkMzgxMTkxIzExIyQxIyQzIyQ2MiQzNjE0ODEjODEjJDEjJDIjJDgz,의료법인일맥의료재단 영주인애가한방병원,47210,한방병원,"경상북도 영주시 지천로 164,  (가흥동)",1998-01-09,50,36.8148347,128.6193753,False,6.48
JDQ4MTYyMiM4MSMkMSMkMCMkOTkkMzgxMzUxIzExIyQxIyQ3IyQxMyQzNjE4MzIjNTEjJDEjJDIjJDgz,의료법인청봉의료재단성누가병원,47210,병원,"경상북도 영주시 구성로 329,  (영주동)",1979-02-23,187,36.8215974,128.6246344,True,5.94
JDQ4MTYyMiM4MSMkMSMkMCMkOTkkNTgxOTYxIzExIyQxIyQzIyQ3OSQzNjE0ODEjNjEjJDEjJDQjJDgz,의료법인태훈의료재단새희망병원,47210,정신병원,"경상북도 영주시 반지미로 275-17, 새희망병원",2006-04-17,240,36.8247,128.59565,True,5.09
JDQ4MTYyMiM4MSMkMiMkMCMkMDAkMzgxMTkxIzExIyQxIyQzIyQ5OSQ0NjEwMDIjNzEjJDEjJDgjJDgz,이강욱내과의원,47210,의원,"경상북도 영주시 구성로 355, (영주동)",1994-02-18,0,36.8233713,128.6226512,False,5.68
JDQ4MTYyMiM4MSMkMiMkMCMkMDAkMzgxMTkxIzIxIyQyIyQ1IyQwMCQyNjEyMjIjNjEjJDEjJDgjJDgz,이기훈정형외과의원,47210,의원,"경상북도 영주시 구성로 344, (영주동)",1996-05-31,0,36.8227147,128.6239873,False,5.8
JDQ4MTYyMiM4MSMkMiMkMCMkMDAkMzgxOTYxIzExIyQxIyQzIyQ4OSQzNjEyMjIjNDEjJDEjJDQjJDgz,이정일산부인과의원,47210,의원,"경상북도 영주시 구성로 403, (영주동)",1984-02-27,0,36.8264049,128.6188809,False,5.25
JDQ4MTYyMiM4MSMkMiMkMCMkMDAkMzgxMTkxIzMxIyQxIyQzIyQ3OSQzNjEyMjIjNDEjJDEjJDQjJDgz,이찬응산부인과의원,47210,의원,"경상북도 영주시 광복로 90, (하망동)",1997-12-05,6,36.8275417,128.6282861,False,5.49
JDQ4MTYyMiM4MSMkMiMkMCMkMDAkMzgxNzAyIzExIyQxIyQ3IyQ4MiQzNjEyMjIjNTEjJDEjJDYjJDgz,인애가의원,47210,의원,"경상북도 영주시 지천로 166, (가흥동)",2000-01-15,0,36.8149564,128.6194396,False,6.46
JDQ4MTYyMiM4MSMkMSMkMCMkMTMkNDgxMzUxIzIxIyQxIyQ1IyQxMyQzNjE4MzIjODEjJDEjJDYjJDgz,자연한의원,47210,한의원,"경상북도 영주시 영주로 230, 1층 (하망동)",2001-10-16,0,36.825567,128.6249666,False,5.55
JDQ4MTYyMiM4MSMkMiMkMCMkMDAkMzgxNzAyIzIxIyQxIyQ5IyQwMyQyNjE4MzIjNTEjJDEjJDIjJDgz,제일신경외과의원,47210,의원,"경상북도 영주시 영주로 234, (하망동)",2002-02-19,19,36.8254877,128.6253536,False,5.57
JDQ4MTYyMiM4MSMkMiMkMCMkMDAkMzgxMTkxIzIxIyQxIyQ5IyQ4OSQzNjE4MzIjODEjJDEjJDYjJDgz,지성안과의원,47210,의원,"경상북도 영주시 중앙로 93, (영주동)",1997-03-06,1,36.8236281,128.6249798,False,5.74
JDQ4MTYyMiM4MSMkMiMkMCMkMDAkMzgxMTkxIzIxIyQxIyQ5IyQ3OSQzNjEwMDIjNjEjJDEjJDQjJDgz,최내과의원,47210,의원,"경상북도 영주시 중앙로126번길 8, (하망동)",1997-02-13,0,36.8261364,128.626286,False,5.54
JDQ4MTYyMiM4MSMkMSMkMCMkNzIkMzgxOTYxIzIxIyQxIyQxIyQ4OSQ0NjE0ODEjODEjJDEjJDIjJDgz,최치과의원,47210,치과의원,"경상북도 영주시 풍기읍 풍기로 66, (풍기읍)",1995-06-30,0,36.8705989,128.5260236,False,6.37
JDQ4MTYyMiM4MSMkMSMkMCMkMTMkNDgxOTYxIzMxIyQxIyQ3IyQ3OSQyNjEwMDIjODEjJDEjJDYjJDgz,태형한의원,47210,한의원,"경상북도 영주시 중앙로134번길 10, 1층 (하망동)",2016-05-19,0,36.8268574,128.6267713,False,5.49
JDQ4MTYyMiM4MSMkMiMkMCMkMDAkNDgxMzUxIzExIyQxIyQ3IyQ5OSQyNjE0ODEjNDEjJDEjJDgjJDgz,파란의원,47210,의원,"경상북도 영주시 구성로 342, 파란이비인후과 2층 (영주동)",2005-03-10,0,36.8226552,128.6241642,False,5.81
JDQ4MTYyMiM4MSMkMSMkMCMkMTMkNDgxOTYxIzUxIyQxIyQ1IyQ2MiQyNjEyMjIjNjEjJDEjJDQjJDgz,풍기이정한의원,47210,한의원,"경상북도 영주시 풍기읍 기주로 88, (풍기읍)",2005-09-27,0,36.8700447,128.5262956,False,6.35
JDQ4MTYyMiM4MSMkMSMkMCMkNzIkMzgxOTYxIzIxIyQxIyQ5IyQwMyQzNjEwMDIjNzEjJDEjJDgjJDgz,풍기치과의원,47210,치과의원,"경상북도 영주시 풍기읍 동성로 80, 80",1999-06-07,0,36.8710404,128.5275812,False,6.23
JDQ4MTYyMiM4MSMkMSMkMCMkMTMkNDgxOTYxIzQxIyQyIyQ3IyQwMCQzNjEyMjIjODEjJDEjJDIjJDgz,풍기한의원,47210,한의원,"경상북도 영주시 풍기읍 기주로 66, 풍기한의원",2019-02-01,29,36.8692968,128.5285711,False,6.15
JDQ4MTYyMiM4MSMkMSMkMCMkNzIkMzgxOTYxIzIxIyQxIyQxIyQ3MiQyNjEyMjIjODEjJDEjJDIjJDgz,풍성한치과의원,47210,치과의원,"경상북도 영주시 지천로 91, (휴천동)",2011-08-30,0,36.8083247,128.6191456,False,7.16
JDQ4MTYyMiM4MSMkMiMkMCMkMDAkMzgxMTkxIzQxIyQxIyQ3IyQ2MiQzNjE0ODEjNjEjJDEjJDQjJDgz,하나삼성의원,47210,의원,"경상북도 영주시 풍기읍 동양대로 3, (풍기읍)",2004-09-13,0,36.8714603,128.5267728,False,6.31
JDQ4MTYyMiM4MSMkMiMkMCMkMDAkNDgxOTYxIzMxIyQxIyQ3IyQwMyQ0NjEwMDIjNjEjJDEjJDQjJDgz,하영욱정형외과의원,47210,의원,"경상북도 영주시 광복로 74, 1~2층 (하망동)",2016-02-29,0,36.8275706,128.6264822,False,5.41
JDQ4MTYyMiM4MSMkMSMkMCMkNzIkMzgxOTYxIzIxIyQyIyQxIyQwMCQzNjEyMjIjNjEjJDEjJDgjJDgz,한마음치과의원,47210,치과의원,"경상북도 영주시 구성로 346, (영주동)",1986-04-25,0,36.8228527,128.6238623,False,5.78
JDQ4MTYyMiM4MSMkMiMkMCMkMDAkMzgxNzAyIzUxIyQxIyQxIyQ3OSQzNjEwMDIjNjEjJDEjJDgjJDgz,행복한세상의원,47210,의원,"경상북도 영주시 중앙로 91, (영주동)",2005-06-15,0,36.8235743,128.6249329,False,5.75
JDQ4MTYyMiM4MSMkMiMkMCMkMDAkMzgxMTkxIzIxIyQxIyQ5IyQ2MiQyNjEwMDIjNDEjJDEjJDgjJDgz,허남근소아과의원,47210,의원,"경상북도 영주시 구성로 340, (영주동)",1997-04-25,0,36.8225346,128.6241926,False,5.82
JDQ4MTYyMiM4MSMkMiMkMCMkMDAkMzgxOTYxIzIxIyQxIyQ5IyQ3MiQyNjEyMjIjNDEjJDEjJDgjJDgz,허찬욱이비인후과의원,47210,의원,"경상북도 영주시 광복로 74, 5층 (하망동)",1995-06-29,0,36.8275706,128.6264822,False,5.41
JDQ4MTYyMiM4MSMkMSMkMCMkNzIkMzgxOTYxIzExIyQxIyQ3IyQxMyQ0NjE0ODEjNDEjJDEjJDQjJDgz,현대치과의원,47210,치과의원,"경상북도 영주시 구성로 338, (영주동)",1995-05-29,0,36.8224719,128.624331,False,5.84
JDQ4MTYyMiM4MSMkMSMkMCMkMTMkNDgxMzUxIzExIyQxIyQ3IyQxMyQzNjEwMDIjNDEjJDEjJDQjJDgz,현대한의원,47210,한의원,"경상북도 영주시 번영로 174, (영주동)",1999-07-23,0,36.8264223,128.6249051,False,5.46
JDQ4MTYyMiM4MSMkMSMkMCMkMTMkNDgxOTYxIzQxIyQxIyQ3IyQ4OSQzNjEwMDIjNjEjJDEjJDQjJDgz,혜민서한의원,47210,한의원,"경상북도 영주시 대학로 258-1, 1층 (가흥동)",2018-09-18,0,36.8185316,128.6049621,False,5.81
JDQ4MTYyMiM4MSMkMSMkMCMkNzIkMzgxMzUxIzIxIyQxIyQ5IyQ2MiQyNjEwMDIjNDEjJDEjJDQjJDgz,황치과의원,47210,치과의원,"경상북도 영주시 풍기읍 기주로 90-1, (풍기읍)",1986-04-25,0,36.8701628,128.5259558,False,6.38
JDQ4MTYyMiM4MSMkMiMkMCMkMDAkMzgxNzAyIzExIyQxIyQ3IyQ4MiQyNjE4MzIjODEjJDEjJDYjJDgz,D편한외과의원,47230,의원,"경상북도 영천시 호국로 93, (야사동)",2009-03-24,4,35.9750205,128.9474978,False,4.55
JDQ4MTYyMiM4MSMkMSMkMCMkNzIkMzgxMzUxIzQxIyQxIyQ3IyQ3MiQ0NjE0ODEjNTEjJDEjJDYjJDgz,YC리더스치과의원,47230,치과의원,"경상북도 영천시 호국로 45, 1~3층 (야사동)",1990-05-10,0,35.9730315,128.9427345,False,4.75
JDQ4MTYyMiM4MSMkMiMkMCMkMDAkNDgxOTYxIzUxIyQxIyQ1IyQ4MiQyNjEwMDIjNjEjJDEjJDAjJDgz,가톨릭연합정형외과의원,47230,의원,"경상북도 영천시 완산로 58, (완산동)",2018-01-04,0,35.9652971,128.9392286,False,5.62
JDQ4MTYyMiM4MSMkMiMkMCMkMDAkNDgxOTYxIzUxIyQxIyQ1IyQ2MiQyNjEyMjIjODEjJDEjJDIjJDgz,강기훈의 당신내과의원,47230,의원,"경상북도 영천시 완산로 68, 2층 (완산동)",2016-08-24,0,35.9662177,128.9392962,False,5.52
JDQ4MTYyMiM4MSMkMiMkMCMkMDAkMzgxOTYxIzIxIyQxIyQ1IyQxMyQyNjE4MzIjNTEjJDEjJDIjJDgz,강내과의원,47230,의원,"경상북도 영천시 시장로 51-1, (완산동)",1988-06-03,0,35.9636001,128.935953,False,5.83
JDQ4MTYyMiM4MSMkMSMkMCMkNzIkMzgxMzUxIzUxIyQxIyQ1IyQ5OSQyNjEyMjIjNjEjJDEjJDQjJDgz,강치과의원,47230,치과의원,"경상북도 영천시 시장로 55, 3층 (완산동)",1993-07-22,0,35.9637128,128.9362866,False,5.82
JDQ4MTYyMiM4MSMkMSMkMCMkMTMkNDgxOTYxIzExIyQxIyQzIyQ5MiQzNjE0ODEjNjEjJDEjJDgjJDgz,강한의원,47230,한의원,"경상북도 영천시 시장로 51, (완산동)",2009-04-09,0,35.9635907,128.9358939,False,5.83
JDQ4MTYyMiM4MSMkMiMkMCMkMDAkNDgxMzUxIzMxIyQxIyQzIyQ5OSQzNjEwMDIjNzEjJDEjJDgjJDgz,경대연합비뇨기과의원,47230,의원,"경상북도 영천시 완산로 52, 4층 (완산동)",2007-05-25,0,35.9648282,128.9392301,False,5.67
JDQ4MTYyMiM4MSMkMiMkMCMkMDAkMzgxMTkxIzMxIyQxIyQ3IyQ2MiQyNjEwMDIjNjEjJDEjJDAjJDgz,경북신경외과의원,47230,의원,"경상북도 영천시 최무선로 355, (문외동)",1998-09-08,0,35.9704216,128.9373356,False,5.06
JDQ4MTYyMiM4MSMkMiMkMCMkMDAkMzgxOTYxIzQxIyQxIyQ3IyQ3OSQzNjE4MzIjNjEjJDEjJDQjJDgz,경북연합의원,47230,의원,"경상북도 영천시 금호읍 금호로 82-1, (금호읍)",1991-05-09,0,35.9307018,128.8707593,False,11.45
JDQ4MTYyMiM4MSMkMSMkMCMkMTMkNDgxOTYxIzExIyQxIyQ3IyQ2MiQyNjEwMDIjNjEjJDEjJDgjJDgz,경애한의원,47230,한의원,"경상북도 영천시 강남길 49, (완산동)",2020-10-07,0,35.9663401,128.9380658,False,5.51
JDQ4MTYyMiM4MSMkMiMkMCMkMDAkNDgxMzUxIzMxIyQxIyQ3IyQ4MiQyNjEyMjIjODEjJDEjJDIjJDgz,굿모닝정형외과연합의원,47230,의원,"경상북도 영천시 금호읍 금호로 78, (금호읍)",2008-05-14,29,35.9305287,128.8703829,False,11.49
JDQ4MTYyMiM4MSMkMiMkMCMkMDAkMzgxNzAyIzExIyQxIyQ3IyQxMyQzNjEwMDIjNzEjJDEjJDgjJDgz,권오양정신건강의학과의원,47230,의원,"경상북도 영천시 완산로 52, 중원메디빌 4층 (완산동)",2001-02-02,0,35.9648282,128.9392301,False,5.67
JDQ4MTYyMiM4MSMkMiMkMCMkMDAkMzgxMTkxIzUxIyQxIyQ1IyQ4MiQyNjE0ODEjNDEjJDEjJDQjJDgz,금호의원,47230,의원,"경상북도 영천시 금호읍 교대길 14, (금호읍)",1998-09-26,0,35.9324001,128.8719819,False,11.24
JDQ4MTYyMiM4MSMkMSMkMCMkMTMkMzgxNzAyIzMxIyQxIyQ3IyQ5MiQzNjEyMjIjNDEjJDEjJDQjJDgz,금호한의원,47230,한의원,"경상북도 영천시 금호읍 금호로 99, (금호읍)",1992-11-18,0,35.9314006,128.8724385,False,11.31
JDQ4MTYyMiM4MSMkMSMkMCMkMTMkNDgxOTYxIzMxIyQxIyQzIyQwMyQzNjE0ODEjNjEjJDEjJDQjJDgz,기운88한의원,47230,한의원,"경상북도 영천시 시장로 57-1, (완산동)",2016-03-21,0,35.9635848,128.936617,False,5.83
JDQ4MTYyMiM4MSMkMiMkMCMkMDAkNDgxOTYxIzMxIyQyIyQ3IyQwMCQzNjEyMjIjNjEjJDEjJDAjJDgz,김건호정형외과의원,47230,의원,"경상북도 영천시 완산로 53, 1층 (완산동)",2015-12-23,0,35.964831,128.9386573,False,5.68
JDQ4MTYyMiM4MSMkMiMkMCMkMDAkMzgxMTkxIzMxIyQxIyQzIyQ3MiQzNjEyMjIjNjEjJDEjJDgjJDgz,김인환내과의원,47230,의원,"경상북도 영천시 완산로 57, (완산동)",1998-02-16,0,35.9651698,128.9386448,False,5.64
JDQ4MTYyMiM4MSMkMiMkMCMkMDAkMzgxOTYxIzMxIyQxIyQzIyQ4MiQ0NjEwMDIjNTEjJDEjJDIjJDgz,김피부과의원,47230,의원,"경상북도 영천시 시장로 55, 3층 (완산동)",1996-05-29,0,35.9637128,128.9362866,False,5.82
JDQ4MTYyMiM4MSMkMiMkMCMkMDAkMzgxOTYxIzQxIyQxIyQ3IyQ3OSQyNjE0ODEjODEjJDEjJDIjJDgz,김헌수안과의원,47230,의원,"경상북도 영천시 시장로 74-1, (완산동)",1991-05-03,0,35.9633206,128.9384217,False,5.84
JDQ4MTYyMiM4MSMkMiMkMCMkMDAkNDgxMTkxIzUxIyQxIyQxIyQxMyQ0NjEwMDIjNDEjJDEjJDgjJDgz,내미(美)안내과의원,47230,의원,"경상북도 영천시 망정2길 213-7, 2~3층 (망정동)",2025-10-10,0,35.9828365,128.9516456,False,3.75
JDQ4MTYyMiM4MSMkMiMkMCMkMDAkMzgxOTYxIzMxIyQyIyQ3IyQwMCQ0NjE0ODEjODEjJDEjJDYjJDgz,녹십자의원,47230,의원,"경상북도 영천시 호국로 69-4, (야사동)",1991-02-13,0,35.9741837,128.9453712,False,4.63
JDQ4MTYyMiM4MSMkMSMkMCMkMTMkNDgxMzUxIzMxIyQxIyQzIyQ2MiQ0NjE0ODEjNTEjJDEjJDYjJDgz,누가한의원,47230,한의원,"경상북도 영천시 완산로 60-6, (완산동)",2003-05-19,0,35.9654764,128.9393863,False,5.6
JDQ4MTYyMiM4MSMkMSMkMCMkMTMkNDgxOTYxIzUxIyQxIyQxIyQ5OSQzNjEyMjIjNzEjJDEjJDgjJDgz,다산한의원,47230,한의원,"경상북도 영천시 역전로 52, 1층 (완산동)",2021-03-08,0,35.9603379,128.9384976,False,6.17
JDQ4MTYyMiM4MSMkMSMkMCMkMTMkMzgxNzAyIzMxIyQxIyQ3IyQ5MiQzNjEwMDIjNDEjJDEjJDgjJDgz,대구한의원,47230,한의원,"경상북도 영천시 신녕면 불바위길 4, (신녕면)",1992-10-02,0,36.0411985,128.7885454,False,14.13
JDQ4MTYyMiM4MSMkMiMkMCMkMDAkMzgxMTkxIzIxIyQxIyQ5IyQ5OSQyNjEyMjIjNjEjJDEjJDQjJDgz,대동정형외과의원,47230,의원,"경상북도 영천시 강변로 51, (금노동)",2001-01-08,29,35.9612214,128.9284181,False,6.2
JDQ4MTYyMiM4MSMkMSMkMCMkMTMkMzgxNzAyIzIxIyQxIyQ5IyQ4MiQzNjE0ODEjNTEjJDEjJDYjJDgz,대원한의원,47230,한의원,"경상북도 영천시 강변로 43, (금노동)",1990-06-08,0,35.9611489,128.9275616,False,6.22
JDQ4MTYyMiM4MSMkMiMkMCMkMDAkMzgxMTkxIzExIyQyIyQ3IyQwMCQzNjEyMjIjNjEjJDEjJDgjJDgz,동산의원,47230,의원,"경상북도 영천시 강변로 45, (금노동)",1995-02-15,0,35.9611136,128.9277469,False,6.22
JDQ4MTYyMiM4MSMkMiMkMCMkMDAkNDgxMzUxIzExIyQyIyQ3IyQwMCQ0NjEwMDIjNDEjJDEjJDgjJDgz,동산정형외과의원,47230,의원,"경상북도 영천시 완산로 70, (완산동)",2005-04-06,0,35.9664117,128.9391545,False,5.5
JDQ4MTYyMiM4MSMkMSMkMCMkNzIkMzgxOTYxIzIxIyQxIyQ1IyQxMyQzNjEwMDIjODEjJDEjJDIjJDgz,동산치과의원,47230,치과의원,"경상북도 영천시 천문로 277, 5층 (금노동)",1998-02-16,0,35.9630594,128.9337225,False,5.91
JDQ4MTYyMiM4MSMkMiMkMCMkMDAkNDgxOTYxIzUxIyQxIyQxIyQ5OSQ0NjEwMDIjNjEjJDEjJDAjJDgz,류정신건강의학과의원,47230,의원,"경상북도 영천시 완산로 46, 3층 (완산동)",2017-02-01,0,35.9641218,128.9392369,False,5.75
JDQ4MTYyMiM4MSMkMiMkMCMkMDAkNDgxMTkxIzIxIyQxIyQ5IyQwMyQyNjE0ODEjNjEjJDEjJDAjJDgz,마디튼튼정형외과의원,47230,의원,"경상북도 영천시 완산로 68, 1층 105,106호 (완산동)",2022-05-24,0,35.9662177,128.9392962,False,5.52
JDQ4MTYyMiM4MSMkMSMkMCMkNzIkMzgxMTkxIzQxIyQyIyQ3IyQwMCQzNjEyMjIjNTEjJDEjJDYjJDgz,마리플란트치과의원,47230,치과의원,"경상북도 영천시 호국로 41, 영천농협동부지점 3,4층 (야사동)",2023-04-21,0,35.9728296,128.9423342,False,4.77
JDQ4MTYyMiM4MSMkMiMkMCMkMDAkMzgxMTkxIzMxIyQxIyQ3IyQ5OSQzNjE4MzIjODEjJDEjJDYjJDgz,미산부인과의원,47230,의원,"경상북도 영천시 호국로 79-1, (야사동)",2004-08-16,0,35.9745227,128.9462326,False,4.6
JDQ4MTYyMiM4MSMkMSMkMCMkNzIkMzgxMTkxIzExIyQxIyQzIyQxMyQzNjEyMjIjNTEjJDEjJDIjJDgz,바른정치과의원,47230,치과의원,"경상북도 영천시 완산로 64, 2층 (완산동)",2011-03-25,0,35.9658579,128.9393418,False,5.56
JDQ4MTYyMiM4MSMkMSMkMCMkMTMkNDgxOTYxIzMxIyQxIyQzIyQ2MiQyNjE4MzIjODEjJDEjJDIjJDgz,바른한의원,47230,한의원,"경상북도 영천시 호국로 94, 2층 (야사동)",2015-08-26,0,35.9746915,128.9477583,False,4.59
JDQ4MTYyMiM4MSMkMSMkMCMkNzIkMzgxMTkxIzUxIyQxIyQxIyQ3MiQyNjE0ODEjNjEjJDEjJDQjJDgz,바위치과의원,47230,치과의원,"경상북도 영천시 금호읍 금호로 82-1, 2~3층",2025-09-30,0,35.9307018,128.8707593,False,11.45
JDQ4MTYyMiM4MSMkMiMkMCMkMDAkNDgxOTYxIzIxIyQxIyQxIyQ3MiQ0NjEwMDIjODEjJDEjJDIjJDgz,박건주신경과의원,47230,의원,"경상북도 영천시 시장로 59, (완산동)",2012-09-10,0,35.963596,128.9367055,False,5.83
JDQ4MTYyMiM4MSMkMSMkMCMkNzIkMzgxOTYxIzExIyQxIyQzIyQ4OSQzNjEyMjIjODEjJDEjJDYjJDgz,박문석치과의원,47230,치과의원,"경상북도 영천시 시장로 58-2, 1층 5호 (완산동)",1993-05-07,0,35.9632214,128.9366513,False,5.87
JDQ4MTYyMiM4MSMkMiMkMCMkMDAkMzgxMTkxIzMxIyQxIyQzIyQ5MiQ0NjEwMDIjNjEjJDEjJDQjJDgz,박안과의원,47230,의원,"경상북도 영천시 시장로 45, (완산동)",1998-04-03,0,35.9636367,128.935095,False,5.84
JDQ4MTYyMiM4MSMkMSMkMCMkMTMkNDgxMzUxIzMxIyQyIyQ3IyQwMCQyNjE4MzIjNDEjJDEjJDgjJDgz,박철우한의원,47230,한의원,"경상북도 영천시 완산로 58, (완산동)",2004-04-17,0,35.9652971,128.9392286,False,5.62
JDQ4MTYyMiM4MSMkMiMkMCMkMDAkNDgxMTkxIzMxIyQxIyQzIyQ3MiQzNjE4MzIjNjEjJDEjJDgjJDgz,베드로속내과의원,47230,의원,"경상북도 영천시 시장로 89, 2층 (완산동)",1998-08-28,0,35.9638662,128.9402941,False,5.78
JDQ4MTYyMiM4MSMkMiMkMCMkMDAkNDgxMTkxIzExIyQxIyQzIyQ3OSQzNjE4MzIjODEjJDEjJDIjJDgz,별앤빛소아청소년과의원,47230,의원,"경상북도 영천시 망정1길 200, 1층 (망정동)",2018-04-18,0,35.9824973,128.9515744,False,3.79
JDQ4MTYyMiM4MSMkMSMkMCMkMTMkNDgxOTYxIzIxIyQxIyQ1IyQ4OSQyNjE4MzIjNTEjJDEjJDYjJDgz,보현한의원,47230,한의원,"경상북도 영천시 호국로 73, (야사동)",2012-04-23,11,35.9741942,128.9455559,False,4.63
JDQ4MTYyMiM4MSMkMSMkMCMkMTMkNDgxOTYxIzIxIyQxIyQ1IyQ4MiQzNjEyMjIjNjEjJDEjJDAjJDgz,본초당한의원,47230,한의원,"경상북도 영천시 담안4길 29, (금노동)",2012-12-03,0,35.9603833,128.9298428,False,6.26
JDQ4MTYyMiM4MSMkMiMkMCMkMDAkMzgxMTkxIzMxIyQxIyQzIyQ3OSQ0NjE0ODEjNjEjJDEjJDgjJDgz,북안동산의원,47230,의원,"경상북도 영천시 북안면 못안길 2-87, (북안면)",1997-11-27,0,35.9157201,129.0104507,False,12.69
JDQ4MTYyMiM4MSMkMiMkMCMkMDAkNDgxOTYxIzMxIyQxIyQzIyQ3OSQyNjEyMjIjNTEjJDEjJDYjJDgz,상쾌한이비인후과의원,47230,의원,"경상북도 영천시 호국로 95, 2층 (야사동)",2014-12-24,0,35.9752442,128.9476897,False,4.53
JDQ4MTYyMiM4MSMkMSMkMCMkMTMkNDgxOTYxIzIxIyQxIyQ5IyQ5OSQyNjEwMDIjNDEjJDEjJDgjJDgz,새경희한의원,47230,한의원,"경상북도 영천시 완산로 44, 1층 (완산동)",2013-09-09,0,35.9639809,128.9391806,False,5.77
JDQ4MTYyMiM4MSMkMiMkMCMkMDAkNDgxOTYxIzExIyQxIyQzIyQ3OSQyNjE4MzIjNDEjJDEjJDQjJDgz,새영천경대연합정형외과의원,47230,의원,"경상북도 영천시 시장로 59, (완산동, 진흥빌딩)",2010-12-02,19,35.963596,128.9367055,False,5.83
JDQ4MTYyMiM4MSMkMSMkMCMkNzIkMzgxMzUxIzIxIyQxIyQ1IyQ2MiQzNjEyMjIjNjEjJDEjJDAjJDgz,새이치과의원,47230,치과의원,"경상북도 영천시 완산로 40, 동구빌딩 2,3층 (완산동)",2019-01-04,0,35.9637151,128.939265,False,5.8
JDQ4MTYyMiM4MSMkMiMkMCMkMDAkMzgxOTYxIzIxIyQxIyQ5IyQ4MiQ0NjE0ODEjODEjJDEjJDIjJDgz,서비뇨기과의원,47230,의원,"경상북도 영천시 시장로 59, 5층 (완산동)",1989-04-29,0,35.963596,128.9367055,False,5.83
JDQ4MTYyMiM4MSMkMSMkMCMkNzIkMzgxMTkxIzMxIyQxIyQzIyQ3MiQzNjEyMjIjNjEjJDEjJDQjJDgz,서울미소치과의원,47230,치과의원,"경상북도 영천시 시장로 53, 다솔 (완산동)",2017-07-06,0,35.9636026,128.9360513,False,5.83
JDQ4MTYyMiM4MSMkMSMkMCMkNzIkMzgxMTkxIzExIyQxIyQzIyQ2MiQzNjEwMDIjODEjJDEjJDIjJDgz,서울치과의원,47230,치과의원,"경상북도 영천시 시장로 59, 4층 (완산동)",2010-06-04,0,35.963596,128.9367055,False,5.83
JDQ4MTYyMiM4MSMkMiMkMCMkMDAkNDgxMzUxIzExIyQyIyQzIyQwMCQyNjEyMjIjODEjJDEjJDIjJDgz,성삼연합의원,47230,의원,"경상북도 영천시 망정1길 15, (망정동)",2008-10-06,0,35.9756373,128.9480733,False,4.49
JDQ4MTYyMiM4MSMkMSMkMCMkMTMkNDgxMzUxIzExIyQxIyQ3IyQ4MiQzNjEwMDIjODEjJDEjJDIjJDgz,소강한의원,47230,한의원,"경상북도 영천시 완산로 33-1, 1층 (완산동)",1999-04-23,0,35.9631675,128.9387622,False,5.86
JDQ4MTYyMiM4MSMkMSMkMCMkNzIkMzgxMTkxIzIxIyQxIyQ1IyQ4MiQyNjE0ODEjNDEjJDEjJDgjJDgz,스마일치과의원,47230,치과의원,"경상북도 영천시 호국로 93, (야사동)",2015-06-08,0,35.9750205,128.9474978,False,4.55
JDQ4MTYyMiM4MSMkMSMkMCMkNzIkMzgxMzUxIzUxIyQxIyQ1IyQ5OSQyNjE0ODEjODEjJDEjJDYjJDgz,신녕치과의원,47230,치과의원,"경상북도 영천시 신녕면 장수로 1678, (신녕면)",2006-12-11,0,36.0414956,128.7883011,False,14.16
JDQ4MTYyMiM4MSMkMSMkMCMkMTMkNDgxMzUxIzQxIyQxIyQ3IyQwMyQzNjEyMjIjODEjJDEjJDYjJDgz,신녕한의원,47230,한의원,"경상북도 영천시 신녕면 본관시장길 14-57, (신녕면)",2006-01-17,0,36.0413964,128.7878519,False,14.2
JDQ4MTYyMiM4MSMkMiMkMCMkMDAkMzgxMTkxIzMxIyQxIyQzIyQ2MiQ0NjEwMDIjNTEjJDEjJDYjJDgz,신령의원,47230,의원,"경상북도 영천시 신녕면 장수로 1688-1, 신령의원",1998-10-10,0,36.042483,128.7882189,False,14.19
JDQ4MTYyMiM4MSMkMSMkMCMkNzIkMzgxMTkxIzIxIyQxIyQ1IyQ3MiQyNjE4MzIjODEjJDEjJDIjJDgz,신세계치과의원,47230,치과의원,"경상북도 영천시 완산로 46, 청통빌딩 4층 (완산동)",2015-10-19,0,35.9641218,128.9392369,False,5.75
JDQ4MTYyMiM4MSMkMiMkMCMkMDAkNDgxMTkxIzQxIyQxIyQ3IyQ4MiQ0NjEwMDIjNTEjJDEjJDIjJDgz,신통튼튼의원,47230,의원,"경상북도 영천시 금호읍 금호로 105, 1층",2024-10-22,0,35.9315241,128.8731149,False,11.26
JDQ4MTYyMiM4MSMkMSMkMCMkMTMkNDgxOTYxIzUxIyQxIyQ1IyQ2MiQzNjE0ODEjNDEjJDEjJDgjJDgz,신한의원,47230,한의원,"경상북도 영천시 완산로 67, (완산동)",2014-09-25,0,35.9661047,128.9385698,False,5.53
JDQ4MTYyMiM4MSMkMiMkMCMkMDAkNDgxMzUxIzIxIyQxIyQxIyQ3MiQyNjEyMjIjNjEjJDEjJDQjJDgz,심박내과의원,47230,의원,"경상북도 영천시 완산로 53, 2층 (완산동)",2005-12-23,0,35.964831,128.9386573,False,5.68
JDQ4MTYyMiM4MSMkMSMkMCMkMTMkNDgxOTYxIzUxIyQxIyQxIyQ3MiQzNjEyMjIjODEjJDEjJDYjJDgz,아침을 여는 한의원,47230,한의원,"경상북도 영천시 언하공단로 81, 1,2층 (망정동)",2007-04-26,0,35.9859041,128.9548408,False,3.5
JDQ4MTYyMiM4MSMkMiMkMCMkMDAkNDgxMzUxIzMxIyQxIyQzIyQ5MiQyNjEwMDIjNDEjJDEjJDgjJDgz,안심의원,47230,의원,"경상북도 영천시 충효로 148, (야사동)",2007-10-08,0,35.9763708,128.9447775,False,4.39
JDQ4MTYyMiM4MSMkMSMkMCMkMTMkNDgxMzUxIzIxIyQyIyQxIyQwMCQyNjEwMDIjNDEjJDEjJDQjJDgz,약천한의원,47230,한의원,"경상북도 영천시 담안1길 9, (금노동)",2004-11-01,0,35.9615093,128.9274037,False,6.19
JDQ4MTYyMiM4MSMkMSMkMCMkODkkMzgxMzUxIzExIyQyIyQzIyQwMCQyNjE4MzIjNjEjJDEjJDQjJDgz,영남대학교의과대학부속영천병원,47230,종합병원,"경상북도 영천시 오수1길 10, (오수동)",1999-09-28,200,35.957285,128.913212,True,7.02
JDQ4MTYyMiM4MSMkMiMkMCMkMDAkMzgxMTkxIzUxIyQxIyQ1IyQ4MiQzNjE4MzIjNzEjJDEjJDgjJDgz,영남마취통증의학과의원,47230,의원,"경상북도 영천시 시장로 55, 3층 (완산동)",2000-01-21,0,35.9637128,128.9362866,False,5.82
JDQ4MTYyMiM4MSMkMSMkMCMkMTMkMzgxNzAyIzQxIyQxIyQ3IyQ4MiQzNjE0ODEjNTEjJDEjJDIjJDgz,영동한의원,47230,한의원,"경상북도 영천시 완산로 72, (완산동)",1993-11-09,0,35.9665358,128.9391436,False,5.48
JDQ4MTYyMiM4MSMkMSMkMCMkNzIkMzgxMzUxIzIxIyQxIyQ5IyQwMyQzNjE0ODEjNTEjJDEjJDYjJDgz,영신이치과의원,47230,치과의원,"경상북도 영천시 시장로 27, 1층 (금노동)",2019-07-08,0,35.9634775,128.9331557,False,5.88
JDQ4MTYyMiM4MSMkMSMkMCMkNzIkMzgxMzUxIzQxIyQyIyQ3IyQwMCQ0NjEwMDIjNzEjJDEjJDgjJDgz,영신치과의원,47230,치과의원,"경상북도 영천시 시장로 27, 2,3층 (금노동)",2003-03-19,0,35.9634775,128.9331557,False,5.88
JDQ4MTYyMiM4MSMkMSMkMCMkMTMkMzgxNzAyIzExIyQxIyQ3IyQwMyQzNjE0ODEjODEjJDEjJDYjJDgz,영신한의원,47230,한의원,"경상북도 영천시 시장로 31, (금노동)",1996-11-14,0,35.9634666,128.9336132,False,5.87
JDQ4MTYyMiM4MSMkMSMkMCMkMTMkMzgxNzAyIzExIyQxIyQ3IyQwMyQ0NjE0ODEjNDEjJDEjJDgjJDgz,영제한의원,47230,한의원,"경상북도 영천시 강변로 45, (금노동)",1986-04-09,0,35.9611136,128.9277469,False,6.22
JDQ4MTYyMiM4MSMkMSMkMCMkMTMkNDgxOTYxIzIxIyQxIyQxIyQ4MiQzNjE0ODEjNDEjJDEjJDgjJDgz,영천경희한의원,47230,한의원,"경상북도 영천시 역전로 7-1, (완산동)",2006-01-26,0,35.9629717,128.9349281,False,5.91
JDQ4MTYyMiM4MSMkMiMkMCMkMDAkNDgxMzUxIzMxIyQxIyQzIyQwMyQ0NjEwMDIjNTEjJDEjJDYjJDgz,영천삼성안과의원,47230,의원,"경상북도 영천시 완산로 52, 3층 (완산동)",2007-12-13,0,35.9648282,128.9392301,False,5.67
JDQ4MTYyMiM4MSMkMiMkMCMkMDAkNDgxMzUxIzIxIyQxIyQ5IyQ3OSQzNjEyMjIjNjEjJDEjJDAjJDgz,영천성모안과의원,47230,의원,"경상북도 영천시 시장로 59, 4층 (완산동)",2006-09-29,0,35.963596,128.9367055,False,5.83
JDQ4MTYyMiM4MSMkMSMkMCMkOTIkMzgxOTYxIzExIyQxIyQzIyQxMyQzNjE4MzIjNjEjJDEjJDAjJDgz,영천시고경면보건지소,47230,보건지소,"경상북도 영천시 고경면 호국로 1065-20, (고경면)",1962-01-01,0,36.0017437,129.0463053,False,9.46
JDQ4MTYyMiM4MSMkMSMkMCMkOTIkMzgxNzAyIzExIyQxIyQ3IyQ4OSQzNjEyMjIjNjEjJDEjJDQjJDgz,영천시고경면삼포보건진료소,47230,보건진료소,"경상북도 영천시 고경면 상계로 278, (삼포보건진료소)",1984-10-30,0,36.0144397,129.1039717,False,14.52
JDQ4MTYyMiM4MSMkMSMkMCMkOTIkMzgxNzAyIzExIyQxIyQ3IyQ4OSQzNjE4MzIjNTEjJDEjJDYjJDgz,영천시고경면파계보건진료소,47230,보건진료소,"경상북도 영천시 고경면 용담로 1805-13, 1805",1983-10-24,0,35.9607117,129.1101493,False,16.27
JDQ4MTYyMiM4MSMkMSMkMCMkOTIkMzgxOTYxIzIxIyQxIyQxIyQ3OSQ0NjE0ODEjNDEjJDEjJDQjJDgz,영천시금호읍보건지소,47230,보건지소,"경상북도 영천시 금호읍 교대8길 13, 6",1962-01-01,0,35.9343643,128.8785867,False,10.73
JDQ4MTYyMiM4MSMkMSMkMCMkOTIkMzgxNzAyIzExIyQxIyQ3IyQ3OSQ0NjEwMDIjNTEjJDEjJDIjJDgz,영천시금호읍호남보건진료소,47230,보건진료소,"경상북도 영천시 금호읍 호남안길 42, (호남보건진료소)",1985-07-24,0,35.8972184,128.9157731,False,13.4
JDQ4MTYyMiM4MSMkMSMkMCMkOTIkMzgxOTYxIzExIyQxIyQzIyQxMyQ0NjE0ODEjNTEjJDEjJDIjJDgz,영천시대창면보건지소,47230,보건지소,"경상북도 영천시 대창면 금박로 1057-7, (대창면)",1962-01-01,0,35.8760649,128.8946401,False,16.12
JDQ4MTYyMiM4MSMkMSMkMCMkOTIkMzgxNzAyIzExIyQxIyQ3IyQ4OSQyNjEwMDIjNjEjJDEjJDAjJDgz,영천시대창면운천보건진료소,47230,보건진료소,"경상북도 영천시 대창면 금창로 1188, (운천보건진료소)",1983-11-03,0,35.8643293,128.9446885,False,16.84
JDQ4MTYyMiM4MSMkMSMkMCMkOTIkMzgxMzUxIzExIyQyIyQzIyQwMCQzNjE4MzIjNjEjJDEjJDQjJDgz,영천시보건소,47230,보건소,"경상북도 영천시 옛군청1길 31, (문내동)",1962-01-01,0,35.9685073,128.9323923,False,5.33
JDQ4MTYyMiM4MSMkMSMkMCMkOTIkMzgxNzAyIzExIyQxIyQ3IyQ4OSQyNjEyMjIjNTEjJDEjJDIjJDgz,영천시북안면명주보건진료소,47230,보건진료소,"경상북도 영천시 북안면 운북로 1445, (명주보건진료소)",1983-10-29,0,35.8730866,128.9947737,False,16.55
JDQ4MTYyMiM4MSMkMSMkMCMkOTIkMzgxOTYxIzExIyQxIyQzIyQxMyQ0NjEwMDIjNDEjJDEjJDgjJDgz,영천시북안면보건지소,47230,보건지소,"경상북도 영천시 북안면 운북로 2051, 2051",1962-01-01,0,35.9200205,129.0074943,False,12.15
JDQ4MTYyMiM4MSMkMSMkMCMkOTIkMzgxOTYxIzExIyQxIyQzIyQxMyQzNjE0ODEjNDEjJDEjJDQjJDgz,영천시신녕면보건지소,47230,보건지소,"경상북도 영천시 신녕면 화성중앙길 30, (신녕면)",1962-01-01,0,36.0453276,128.7897786,False,14.13
JDQ4MTYyMiM4MSMkMSMkMCMkOTIkMzgxNzAyIzExIyQxIyQ3IyQ4OSQyNjE4MzIjNDEjJDEjJDgjJDgz,영천시신녕면부산보건진료소,47230,보건진료소,"경상북도 영천시 신녕면 치산효령로 578-14, (신녕면)",1983-11-04,0,36.064852,128.7332643,False,19.59
JDQ4MTYyMiM4MSMkMSMkMCMkOTIkMzgxOTYxIzExIyQxIyQzIyQxMyQyNjE4MzIjNDEjJDEjJDgjJDgz,영천시임고면보건지소,47230,보건지소,"경상북도 영천시 임고면 포은로 491, (임고면)",1962-01-01,0,36.0215,128.9737655,False,2.88
JDQ4MTYyMiM4MSMkMSMkMCMkOTIkMzgxNzAyIzExIyQxIyQ3IyQ3OSQ0NjE0ODEjNjEjJDEjJDAjJDgz,영천시임고면사리보건진료소,47230,보건진료소,"경상북도 영천시 임고면 운주로 915, (사리보건진료소)",1983-10-25,0,36.0465023,129.0537442,False,10.57
JDQ4MTYyMiM4MSMkMSMkMCMkOTIkMzgxNzAyIzExIyQxIyQ3IyQ4OSQ0NjE0ODEjNDEjJDEjJDgjJDgz,영천시임고면평천보건진료소,47230,보건진료소,"경상북도 영천시 임고면 포은로 736, (임고면)",1984-10-30,0,36.0408634,128.980846,False,4.43
JDQ4MTYyMiM4MSMkMSMkMCMkOTIkMzgxOTYxIzIxIyQxIyQxIyQ3OSQ0NjEwMDIjODEjJDEjJDIjJDgz,영천시자양면보건지소,47230,보건지소,"경상북도 영천시 자양면 포은로 1631, (자양면)",1962-01-01,0,36.0784287,129.0183414,False,9.75
JDQ4MTYyMiM4MSMkMSMkMCMkOTIkMzgxNzAyIzExIyQxIyQ3IyQ3OSQzNjEyMjIjODEjJDEjJDIjJDgz,영천시자양면보현보건진료소,47230,보건진료소,"경상북도 영천시 자양면 별빛로 1126, (보현보건진료소)",1984-10-30,0,36.1343541,129.0409621,False,15.88
JDQ4MTYyMiM4MSMkMSMkMCMkOTIkMzgxOTYxIzExIyQxIyQzIyQxMyQzNjEyMjIjNjEjJDEjJDgjJDgz,영천시청통면보건지소,47230,보건지소,"경상북도 영천시 청통면 청통초등길 11, 청통보건지소",1962-01-01,0,35.9919977,128.8234296,False,11.04
JDQ4MTYyMiM4MSMkMSMkMCMkOTIkMzgxNzAyIzExIyQxIyQ3IyQ3OSQzNjE4MzIjNjEjJDEjJDgjJDgz,영천시청통면우천보건진료소,47230,보건진료소,"경상북도 영천시 청통면 청통로 300, (우천보건진료소)",1984-10-30,0,35.9883172,128.8602243,False,8.01
JDQ4MTYyMiM4MSMkMSMkMCMkOTIkMzgxOTYxIzIxIyQxIyQxIyQ5OSQzNjEwMDIjNDEjJDEjJDQjJDgz,영천시화남면보건지소,47230,보건지소,"경상북도 영천시 화남면 신화로 1193, (화남면)",1962-01-01,0,36.0586803,128.8888804,False,6.79
JDQ4MTYyMiM4MSMkMSMkMCMkOTIkMzgxNzAyIzExIyQxIyQ3IyQ4OSQzNjE0ODEjODEjJDEjJDYjJDgz,영천시화남면안천보건진료소,47230,보건진료소,"경상북도 영천시 화남면 능계1길 26-5, (안천보건진료소)",1984-10-02,0,36.084596,128.8954565,False,8.75
JDQ4MTYyMiM4MSMkMSMkMCMkOTIkMzgxOTYxIzIxIyQxIyQxIyQ3OSQzNjE4MzIjNDEjJDEjJDgjJDgz,영천시화북면보건지소,47230,보건지소,"경상북도 영천시 화북면 화북길 93, (화북면)",1962-01-01,0,36.1082892,128.9193771,False,10.5
JDQ4MTYyMiM4MSMkMSMkMCMkOTIkMzgxNzAyIzExIyQxIyQ3IyQ4OSQzNjEwMDIjNzEjJDEjJDgjJDgz,영천시화북면상송보건진료소,47230,보건진료소,"경상북도 영천시 화북면 상송안길 49, (화북면)",1985-08-02,0,36.1526425,128.9188231,False,15.37
JDQ4MTYyMiM4MSMkMSMkMCMkOTIkMzgxOTYxIzExIyQxIyQzIyQxMyQzNjEwMDIjODEjJDEjJDIjJDgz,영천시화산면보건지소,47230,보건지소,"경상북도 영천시 화산면 연지길 14, 14",1962-01-01,0,36.0202706,128.8527199,False,8.09
JDQ4MTYyMiM4MSMkMSMkMCMkOTIkMzgxNzAyIzExIyQxIyQ3IyQ4OSQyNjE0ODEjNjEjJDEjJDgjJDgz,영천시화산면암기보건진료소,47230,보건진료소,"경상북도 영천시 화산면 가래실로 194, (암기보건진료소)",1984-10-30,0,36.0177984,128.8879293,False,4.92
JDQ4MTYyMiM4MSMkMiMkMCMkMDAkMzgxMTkxIzIxIyQxIyQ1IyQwMyQzNjE0ODEjODEjJDEjJDYjJDgz,영천연합소아청소년과의원,47230,의원,"경상북도 영천시 호국로 93, (야사동)",2001-09-01,0,35.9750205,128.9474978,False,4.55
JDQ4MTYyMiM4MSMkMiMkMCMkMDAkNDgxMzUxIzIxIyQxIyQxIyQwMyQyNjEwMDIjODEjJDEjJDYjJDgz,영천연합의원,47230,의원,"경상북도 영천시 완산로 52, (완산동)",2007-04-13,0,35.9648282,128.9392301,False,5.67
JDQ4MTYyMiM4MSMkMSMkMCMkOTkkNTgxMzUxIzIxIyQyIyQ1IyQwMCQyNjE4MzIjNTEjJDEjJDIjJDgz,영천요양병원,47230,요양병원,"경상북도 영천시 천문로 594-0, 영천요양병원",2017-01-10,232,35.9874443,128.9241995,True,3.56
JDQ4MTYyMiM4MSMkMSMkMCMkNzIkMzgxMTkxIzMxIyQxIyQ3IyQwMyQyNjE4MzIjODEjJDEjJDYjJDgz,영천이플란트치과의원,47230,치과의원,"경상북도 영천시 완산로 68, 3층 (완산동)",2022-03-21,0,35.9662177,128.9392962,False,5.52
JDQ4MTYyMiM4MSMkMSMkMCMkMTMkNDgxMzUxIzExIyQxIyQzIyQ4MiQyNjEyMjIjNzEjJDEjJDgjJDgz,영천일침한의원,47230,한의원,"경상북도 영천시 시장로 58, 1층 (완산동)",2019-05-14,0,35.9632343,128.9365213,False,5.87
JDQ4MTYyMiM4MSMkMiMkMCMkMDAkNDgxMzUxIzQxIyQxIyQ3IyQ4OSQzNjE4MzIjODEjJDEjJDYjJDgz,영천제일내과의원,47230,의원,"경상북도 영천시 완산로 52, (완산동)",2008-09-05,0,35.9648282,128.9392301,False,5.67
JDQ4MTYyMiM4MSMkMiMkMCMkMDAkNDgxMTkxIzExIyQxIyQzIyQ4OSQyNjEwMDIjNjEjJDEjJDgjJDgz,영천중앙이비인후과의원,47230,의원,"경상북도 영천시 완산로 53, 3층 (완산동)",2018-04-20,0,35.964831,128.9386573,False,5.68
JDQ4MTYyMiM4MSMkMSMkMCMkMTMkNDgxMzUxIzUxIyQxIyQxIyQwMyQyNjE0ODEjNjEjJDEjJDgjJDgz,영천태강한의원,47230,한의원,"경상북도 영천시 시장로 60, (완산동)",2015-09-22,0,35.963224,128.9367557,False,5.87
JDQ4MTYyMiM4MSMkMSMkMCMkNzIkMzgxMTkxIzIxIyQxIyQ1IyQ4MiQzNjEyMjIjNDEjJDEjJDQjJDgz,영천퍼스트치과의원,47230,치과의원,"경상북도 영천시 언하공단로 88, 3층 (망정동)",2015-07-22,0,35.9862466,128.9540395,False,3.44
JDQ4MTYyMiM4MSMkMSMkMCMkMTMkNDgxMzUxIzExIyQxIyQ3IyQ3MiQyNjEyMjIjNjEjJDEjJDgjJDgz,영풍한의원,47230,한의원,"경상북도 영천시 강변로 63, (금노동)",2002-04-02,0,35.9618118,128.9292652,False,6.12
JDQ4MTYyMiM4MSMkMSMkMCMkMTMkNDgxMzUxIzMxIyQxIyQzIyQwMyQzNjEwMDIjODEjJDEjJDIjJDgz,오천한의원,47230,한의원,"경상북도 영천시 금호읍 금호로 125, (금호읍)",2013-10-11,0,35.9319905,128.8752758,False,11.11
JDQ4MTYyMiM4MSMkMSMkMCMkNzIkMzgxMzUxIzIxIyQxIyQxIyQ4MiQzNjEwMDIjNjEjJDEjJDAjJDgz,오치과의원,47230,치과의원,"경상북도 영천시 최무선로 297, (창구동)",1982-04-30,0,35.9675804,128.9319602,False,5.44
JDQ4MTYyMiM4MSMkMSMkMCMkODIkMzgxMzUxIzExIyQxIyQzIyQ2MiQ0NjE0ODEjNjEjJDEjJDgjJDgz,온누리조산원,47230,조산원,"경상북도 영천시 강변로 51, 2층 (금노동)",2016-12-21,2,35.9612214,128.9284181,False,6.2
JDQ4MTYyMiM4MSMkMiMkMCMkMDAkNDgxMzUxIzIxIyQxIyQ1IyQ5OSQyNjEyMjIjNDEjJDEjJDQjJDgz,완산내과의원,47230,의원,"경상북도 영천시 완산3길 12, (완산동)",2006-04-14,0,35.9652625,128.9395512,False,5.62
JDQ4MTYyMiM4MSMkMSMkMCMkMTMkNDgxMzUxIzUxIyQxIyQ1IyQxMyQyNjEyMjIjNjEjJDEjJDgjJDgz,용한의원,47230,한의원,"경상북도 영천시 시장로 76-1, (완산동)",2012-04-23,0,35.963279,128.9386362,False,5.85
JDQ4MTYyMiM4MSMkMiMkMCMkMDAkNDgxOTYxIzMxIyQxIyQ3IyQ2MiQyNjEwMDIjNDEjJDEjJDgjJDgz,육군3사관학교의원,47230,의원,"경상북도 영천시 고경면 호국로 495, (고경면)",1996-04-25,0,35.9904997,128.9953443,False,5.52
JDQ4MTYyMiM4MSMkMSMkMCMkNzIkMzgxMTkxIzQxIyQyIyQ3IyQwMCQzNjE0ODEjNzEjJDEjJDgjJDgz,육군3사관학교치과의원,47230,치과의원,"경상북도 영천시 고경면 호국로 495, 의무대대",2023-04-17,0,35.9904997,128.9953443,False,5.52
JDQ4MTYyMiM4MSMkMSMkMCMkNzIkMzgxOTYxIzMxIyQxIyQzIyQ2MiQzNjEyMjIjNTEjJDEjJDIjJDgz,윤치과의원,47230,치과의원,"경상북도 영천시 호국로 95, 4층 (야사동)",2000-04-19,0,35.975236,128.9477201,False,4.53
JDQ4MTYyMiM4MSMkMSMkMCMkMTMkNDgxMzUxIzExIyQyIyQzIyQwMCQ0NjE0ODEjNjEjJDEjJDAjJDgz,율곡한의원,47230,한의원,"경상북도 영천시 강변로 69, (금노동)",1997-04-18,0,35.9619698,128.9299386,False,6.09
JDQ4MTYyMiM4MSMkMSMkMCMkOTkkMzgxMzUxIzIxIyQxIyQ5IyQwMyQ0NjE0ODEjNTEjJDEjJDIjJDgz,의료법인 자혜의료재단 영천제이병원,47230,병원,"경상북도 영천시 호국로 145-0, 영천제이병원",2020-09-21,30,35.9769419,128.9530721,True,4.42
JDQ4MTYyMiM4MSMkMSMkMCMkOTkkNTgxMzUxIzIxIyQxIyQ1IyQwMyQyNjEyMjIjNDEjJDEjJDgjJDgz,의료법인 현보의료재단 해오름요양병원,47230,요양병원,"경상북도 영천시 오수1길 21-0,  (오수동)",2022-06-10,196,35.9585221,128.9141612,True,6.86
JDQ4MTYyMiM4MSMkMSMkMCMkOTkkNTgxMzUxIzIxIyQxIyQxIyQ4OSQzNjE0ODEjNDEjJDEjJDQjJDgz,의료법인 효은의료재단 효사랑요양병원,47230,요양병원,"경상북도 영천시 금호읍 금호로 484, (금호읍)",2007-09-07,173,35.9494903,128.9063725,True,8.06
JDQ4MTYyMiM4MSMkMSMkMCMkOTkkNTgxOTYxIzExIyQxIyQzIyQ4OSQyNjEwMDIjODEjJDEjJDIjJDgz,의료법인고담의료재단마야병원,47230,정신병원,"경상북도 영천시 북안면 내서로 55-25, (북안면)",1996-12-10,660,35.9109577,129.0151237,True,13.36
JDQ4MTYyMiM4MSMkMSMkMCMkOTkkNTgxOTYxIzExIyQyIyQzIyQwMCQzNjEyMjIjNTEjJDEjJDYjJDgz,의료법인동승의료재단동승병원,47230,정신병원,"경상북도 영천시 동강포길 87,  (도남동)",2008-05-30,299,35.9326129,128.92964,True,9.32
JDQ4MTYyMiM4MSMkMSMkMCMkOTkkNTgxMzUxIzIxIyQxIyQxIyQ3OSQ0NjE0ODEjNjEjJDEjJDQjJDgz,의료법인무일의료재단 참좋은요양병원,47230,요양병원,"경상북도 영천시 망정1길 32,  (망정동)",2011-10-18,147,35.9762239,128.9488348,True,4.43
JDQ4MTYyMiM4MSMkMSMkMCMkMTMkMzgxMTkxIzExIyQxIyQzIyQxMyQyNjEyMjIjODEjJDEjJDIjJDgz,의료법인손재림의료재단영천손한방병원,47230,한방병원,"경상북도 영천시 시장로 28,  (금노동)",2007-01-02,31,35.963051,128.933213,False,5.92
JDQ4MTYyMiM4MSMkMiMkMCMkMDAkMzgxOTYxIzIxIyQxIyQ5IyQ5MiQzNjE0ODEjNTEjJDEjJDIjJDgz,이동길내과의원,47230,의원,"경상북도 영천시 시장로 59, 2층 (완산동)",1989-05-03,0,35.963596,128.9367055,False,5.83
JDQ4MTYyMiM4MSMkMiMkMCMkMDAkMzgxMTkxIzUxIyQxIyQ1IyQ4OSQyNjE0ODEjNTEjJDEjJDYjJDgz,이동준내과의원,47230,의원,"경상북도 영천시 동부로 31-16, (야사동)",1999-10-13,0,35.9731004,128.9476076,False,4.77
JDQ4MTYyMiM4MSMkMiMkMCMkMDAkNDgxOTYxIzIxIyQxIyQ1IyQwMyQ0NjEwMDIjNjEjJDEjJDgjJDgz,이정훈속내과의원,47230,의원,"경상북도 영천시 완산로 58, 2층 (완산동)",2014-01-03,0,35.9652971,128.9392286,False,5.62
JDQ4MTYyMiM4MSMkMSMkMCMkNzIkMzgxOTYxIzUxIyQxIyQ1IyQ3OSQzNjEyMjIjODEjJDEjJDYjJDgz,이편한 치과의원,47230,치과의원,"경상북도 영천시 완산로 58, 3층 (완산동)",2014-07-08,0,35.9652971,128.9392286,False,5.62
JDQ4MTYyMiM4MSMkMiMkMCMkMDAkMzgxNzAyIzIxIyQxIyQxIyQ5OSQyNjEwMDIjNDEjJDEjJDQjJDgz,정이비인후과의원,47230,의원,"경상북도 영천시 시장로 66-1, 1층 (완산동)",2001-02-24,0,35.963285,128.9375264,False,5.85
JDQ4MTYyMiM4MSMkMiMkMCMkMDAkMzgxMTkxIzMxIyQxIyQzIyQ5OSQ0NjE0ODEjNDEjJDEjJDgjJDgz,조가정의학과의원,47230,의원,"경상북도 영천시 동부로 35, (야사동)",1999-01-06,0,35.973387,128.9483115,False,4.74
JDQ4MTYyMiM4MSMkMiMkMCMkMDAkMzgxMTkxIzIxIyQxIyQxIyQ5OSQyNjEwMDIjNjEjJDEjJDAjJDgz,중앙연합정형외과의원,47230,의원,"경상북도 영천시 시장로 62-1, (완산동)",2009-05-18,0,35.9631911,128.9370965,False,5.87
JDQ4MTYyMiM4MSMkMSMkMCMkNzIkMzgxOTYxIzExIyQxIyQ3IyQwMyQzNjEwMDIjODEjJDEjJDIjJDgz,중앙치과의원,47230,치과의원,"경상북도 영천시 강변로 37, (금노동)",1995-05-04,0,35.9612438,128.9270186,False,6.22
JDQ4MTYyMiM4MSMkMSMkMCMkMTMkNDgxMzUxIzQxIyQyIyQ3IyQwMCQ0NjEwMDIjNzEjJDEjJDgjJDgz,중앙한의원,47230,한의원,"경상북도 영천시 시장2길 7, (완산동)",2005-08-30,0,35.963731,128.9371165,False,5.81
JDQ4MTYyMiM4MSMkMiMkMCMkMDAkNDgxMTkxIzExIyQxIyQzIyQ5OSQyNjE0ODEjNjEjJDEjJDQjJDgz,참사랑 연합의원,47230,의원,"경상북도 영천시 금호읍 금호로 129, (금호읍)",2018-05-04,0,35.9320899,128.875781,False,11.08
JDQ4MTYyMiM4MSMkMSMkMCMkNzIkMzgxMTkxIzQxIyQxIyQ3IyQ4OSQyNjE4MzIjNjEjJDEjJDAjJDgz,참조은박치과의원,47230,치과의원,"경상북도 영천시 완산로 72, 3층 (완산동)",2020-06-30,0,35.9665358,128.9391436,False,5.48
JDQ4MTYyMiM4MSMkMSMkMCMkMTMkNDgxOTYxIzIxIyQyIyQxIyQwMCQzNjE0ODEjNDEjJDEjJDQjJDgz,척추나한의원,47230,한의원,"경상북도 영천시 시장로 59, 5층 (완산동, 진흥빌딩)",2011-04-22,0,35.963596,128.9367055,False,5.83
JDQ4MTYyMiM4MSMkMiMkMCMkMDAkMzgxMTkxIzIxIyQxIyQ5IyQ3OSQ0NjEwMDIjODEjJDEjJDIjJDgz,최재성이비인후과의원,47230,의원,"경상북도 영천시 완산로 52, (완산동)",1997-02-11,0,35.9648282,128.9392301,False,5.67
JDQ4MTYyMiM4MSMkMiMkMCMkMDAkMzgxNzAyIzUxIyQxIyQxIyQ5MiQ0NjE0ODEjNDEjJDEjJDgjJDgz,파티마내과의원,47230,의원,"경상북도 영천시 시장로 70-1, (완산동)",1991-05-03,0,35.9632738,128.9379335,False,5.85
JDQ4MTYyMiM4MSMkMiMkMCMkMDAkNDgxMzUxIzIxIyQxIyQxIyQxMyQyNjEwMDIjNjEjJDEjJDgjJDgz,편한속내과의원,47230,의원,"경상북도 영천시 시장로 55, 3층 (완산동)",2007-11-30,0,35.9637128,128.9362866,False,5.82
JDQ4MTYyMiM4MSMkMSMkMCMkMTMkNDgxOTYxIzIxIyQxIyQ5IyQ2MiQzNjEwMDIjODEjJDEjJDIjJDgz,포도나무한의원,47230,한의원,"경상북도 영천시 강변로 44, 2층 (금노동)",2014-02-20,0,35.9606353,128.9275513,False,6.28
JDQ4MTYyMiM4MSMkMSMkMCMkMTMkNDgxMzUxIzUxIyQxIyQxIyQ2MiQyNjEyMjIjNTEjJDEjJDYjJDgz,푸른한의원,47230,한의원,"경상북도 영천시 금호읍 금호로 80, (금호읍)",2006-06-29,0,35.9306564,128.8704965,False,11.47
JDQ4MTYyMiM4MSMkMiMkMCMkMDAkMzgxNzAyIzQxIyQxIyQ3IyQ3MiQzNjEwMDIjNjEjJDEjJDgjJDgz,하달봉비뇨기과의원,47230,의원,"경상북도 영천시 강변로 38, 2층 (금노동)",2003-03-28,0,35.9606927,128.9267248,False,6.29
JDQ4MTYyMiM4MSMkMiMkMCMkMDAkMzgxNzAyIzExIyQyIyQzIyQwMCQzNjEyMjIjNjEjJDEjJDQjJDgz,한국제통마취과의원,47230,의원,"경상북도 영천시 완산로 44, (완산동)",2000-04-25,0,35.9639809,128.9391806,False,5.77
JDQ4MTYyMiM4MSMkMSMkMCMkMTMkMzgxNzAyIzUxIyQxIyQ1IyQ3OSQyNjEwMDIjNzEjJDEjJDgjJDgz,한의마을한의원,47230,한의원,"경상북도 영천시 천문로 485, 동의참누리원영천한의마을 (화룡동)",2019-03-21,0,35.9778426,128.9222649,False,4.6
JDQ4MTYyMiM4MSMkMSMkMCMkNzIkMzgxMTkxIzMxIyQxIyQ3IyQ4MiQyNjE0ODEjNDEjJDEjJDQjJDgz,행복나눔부부치과의원,47230,치과의원,"경상북도 영천시 시장로 89, 5층 (완산동)",2012-01-16,0,35.9638662,128.9402941,False,5.78
JDQ4MTYyMiM4MSMkMiMkMCMkMDAkMzgxNzAyIzIxIyQxIyQxIyQwMyQ0NjE0ODEjNDEjJDEjJDgjJDgz,현대연합의원,47230,의원,"경상북도 영천시 신녕면 장수로 1673, (신녕면)",2001-04-21,0,36.0410015,128.7881011,False,14.17
JDQ4MTYyMiM4MSMkMiMkMCMkMDAkMzgxNzAyIzMxIyQxIyQzIyQwMyQyNjEwMDIjNTEjJDEjJDIjJDgz,현대중앙의원,47230,의원,"경상북도 영천시 청솔길 23-6, 2층 (망정동)",2005-04-04,0,35.9889008,128.95512,False,3.19
JDQ4MTYyMiM4MSMkMSMkMCMkNzIkMzgxOTYxIzIxIyQxIyQ5IyQ3OSQyNjE4MzIjNTEjJDEjJDIjJDgz,U유 앤 탑플란트치과의원,47250,치과의원,"경상북도 상주시 동수4길 62, (무양동)",1998-04-28,0,36.422951,128.1545596,False,7.88
JDQ4MTYyMiM4MSMkMiMkMCMkMDAkMzgxMTkxIzMxIyQxIyQzIyQ3OSQyNjE0ODEjNDEjJDEjJDgjJDgz,가톨릭비뇨기과의원,47250,의원,"경상북도 상주시 상산로 269, (남성동)",1997-10-10,0,36.414982,128.159,False,8.4
JDQ4MTYyMiM4MSMkMiMkMCMkMDAkMzgxNzAyIzUxIyQyIyQ1IyQwMCQyNjE0ODEjNTEjJDEjJDYjJDgz,강남마취통증의학과의원,47250,의원,"경상북도 상주시 상산로 255, (남성동, 강남빌딩)",2004-02-26,0,36.4138059,128.1592489,False,8.44
JDQ4MTYyMiM4MSMkMiMkMCMkMDAkMzgxNzAyIzUxIyQxIyQ1IyQ5OSQ0NjEwMDIjNDEjJDEjJDQjJDgz,강남비뇨기과의원,47250,의원,"경상북도 상주시 상산로 255, (남성동)",2004-02-26,0,36.4138059,128.1592489,False,8.44
JDQ4MTYyMiM4MSMkMSMkMCMkNzIkMzgxMTkxIzExIyQxIyQ3IyQ5OSQyNjEyMjIjNjEjJDEjJDQjJDgz,강남치과의원,47250,치과의원,"경상북도 상주시 상서문로 58, (남성동)",2013-12-10,0,36.414951,128.1561858,False,8.15
JDQ4MTYyMiM4MSMkMSMkMCMkMTMkMzgxNzAyIzIxIyQyIyQ1IyQwMCQyNjEwMDIjNDEjJDEjJDgjJDgz,강산한의원,47250,한의원,"경상북도 상주시 상서문3길 121, (남성동)",1995-11-06,0,36.41433,128.1582109,False,8.34
JDQ4MTYyMiM4MSMkMiMkMCMkMDAkNDgxOTYxIzMxIyQxIyQzIyQ5MiQyNjE4MzIjNTEjJDEjJDIjJDgz,강의원,47250,의원,"경상북도 상주시 왕산로 168, 2층 (남성동)",2015-06-23,0,36.4130075,128.1627428,False,8.77
JDQ4MTYyMiM4MSMkMSMkMCMkOTIkMzgxOTYxIzExIyQxIyQ3IyQ2MiQzNjEwMDIjODEjJDEjJDIjJDgz,공검면보건지소,47250,보건지소,"경상북도 상주시 공검면 비재로 1312, (공검면)",1986-01-01,0,36.5121765,128.1592368,False,12.35
JDQ4MTYyMiM4MSMkMSMkMCMkOTIkMzgxOTYxIzExIyQxIyQ3IyQ4MiQzNjE4MzIjODEjJDEjJDYjJDgz,공성면보건지소,47250,보건지소,"경상북도 상주시 공성면 웅산로 1241, (공성면)",1986-01-01,0,36.2821286,128.0900359,False,16.52
JDQ4MTYyMiM4MSMkMiMkMCMkMDAkMzgxMTkxIzQxIyQyIyQ3IyQwMCQzNjE0ODEjODEjJDEjJDIjJDgz,권앤오연합속내과의원,47250,의원,"경상북도 상주시 중앙로 170, 2층 (남성동)",1999-02-25,0,36.4155209,128.1570099,False,8.21
JDQ4MTYyMiM4MSMkMSMkMCMkMTMkNDgxMzUxIzMxIyQxIyQ3IyQ4OSQ0NjEwMDIjNjEjJDEjJDgjJDgz,금산한의원,47250,한의원,"경상북도 상주시 서성3길 58, 1층 (서성동)",2004-03-09,0,36.4177371,128.1623952,False,8.64
JDQ4MTYyMiM4MSMkMiMkMCMkMDAkNDgxMzUxIzMxIyQxIyQ3IyQ2MiQ0NjEwMDIjNDEjJDEjJDgjJDgz,기운찬우리들의원,47250,의원,"경상북도 상주시 상산로 251, (남성동)",2004-10-01,0,36.4133064,128.1592493,False,8.46
JDQ4MTYyMiM4MSMkMiMkMCMkMDAkMzgxNzAyIzIxIyQxIyQxIyQ5MiQzNjEyMjIjNzEjJDEjJDgjJDgz,김경홍산부인과의원,47250,의원,"경상북도 상주시 경상대로 3035, (무양동)",2001-04-18,0,36.4179519,128.1507587,False,7.61
JDQ4MTYyMiM4MSMkMiMkMCMkMDAkNDgxOTYxIzIxIyQxIyQ5IyQ3OSQyNjE4MzIjNjEjJDEjJDQjJDgz,김수웅내과의원,47250,의원,"경상북도 상주시 상산로 263, 2층 (남성동)",2014-02-26,0,36.4143505,128.1591426,False,8.42
JDQ4MTYyMiM4MSMkMiMkMCMkMDAkNDgxOTYxIzMxIyQxIyQzIyQ3MiQyNjE4MzIjODEjJDEjJDIjJDgz,김앤김연합의원,47250,의원,"경상북도 상주시 삼백로 88, 3층 301호 (무양동, 무양다미아S(무양동))",2011-03-08,9,36.4180824,128.1533022,False,7.83
JDQ4MTYyMiM4MSMkMiMkMCMkMDAkNDgxMzUxIzMxIyQxIyQzIyQxMyQzNjE4MzIjNjEjJDEjJDAjJDgz,김원기신경외과의원,47250,의원,"경상북도 상주시 삼백로 89, 2층 (무양동)",2008-01-11,0,36.418614,128.1533892,False,7.83
JDQ4MTYyMiM4MSMkMSMkMCMkOTIkMzgxOTYxIzExIyQxIyQ3IyQ4MiQyNjE4MzIjNjEjJDEjJDgjJDgz,낙동면보건지소,47250,보건지소,"경상북도 상주시 낙동면 상촌1길 50, 50",1985-01-01,0,36.3762334,128.2496471,False,17.4
JDQ4MTYyMiM4MSMkMSMkMCMkOTIkMzgxOTYxIzExIyQxIyQzIyQ5MiQzNjE4MzIjNDEjJDEjJDQjJDgz,내서면보건지소,47250,보건지소,"경상북도 상주시 내서면 신촌2길 10-5, (내서면)",1983-01-01,0,36.4122506,128.067018,False,1.92
JDQ4MTYyMiM4MSMkMSMkMCMkMTMkNDgxMTkxIzExIyQxIyQzIyQ3OSQ0NjEwMDIjNDEjJDEjJDgjJDgz,대모산한의원,47250,한의원,"경상북도 상주시 화남면 임곡길 296, 한울빌딩 2층 201호",2025-07-28,0,36.4345272,127.8748825,False,17.19
JDQ4MTYyMiM4MSMkMSMkMCMkMTMkNDgxOTYxIzQxIyQxIyQ3IyQ4OSQ0NjEwMDIjODEjJDEjJDIjJDgz,동남한의원,47250,한의원,"경상북도 상주시 상산로 340, (냉림동)",2018-11-23,0,36.4212614,128.1594598,False,8.33
JDQ4MTYyMiM4MSMkMiMkMCMkMDAkMzgxMTkxIzIxIyQxIyQ1IyQ5OSQzNjE0ODEjNjEjJDEjJDQjJDgz,동산내과의원,47250,의원,"경상북도 상주시 상산로 263-1, (남성동)",1996-04-24,0,36.4144241,128.1591398,False,8.42
JDQ4MTYyMiM4MSMkMSMkMCMkNzIkMzgxOTYxIzIxIyQxIyQ1IyQ3OSQzNjEwMDIjNTEjJDEjJDIjJDgz,동산치과의원,47250,치과의원,"경상북도 상주시 냉림서성길 7, (냉림동)",1996-08-29,0,36.4203907,128.1597338,False,8.37
JDQ4MTYyMiM4MSMkMSMkMCMkNzIkMzgxMTkxIzQxIyQxIyQ3IyQxMyQzNjEyMjIjNzEjJDEjJDgjJDgz,라온치과의원,47250,치과의원,"경상북도 상주시 경상대로 3068, 2층,3층,4층 (무양동)",2018-12-31,0,36.4210634,128.1513153,False,7.61
JDQ4MTYyMiM4MSMkMSMkMCMkNzIkMzgxMTkxIzExIyQxIyQzIyQ5MiQ0NjEwMDIjNTEjJDEjJDIjJDgz,램브란트치과의원,47250,치과의원,"경상북도 상주시 중앙로 194, 2층 (남성동)",2010-12-23,0,36.4155034,128.1595961,False,8.44
JDQ4MTYyMiM4MSMkMiMkMCMkMDAkNDgxMTkxIzQxIyQxIyQ3IyQxMyQzNjE4MzIjODEjJDEjJDIjJDgz,마을숲의원,47250,의원,"경상북도 상주시 상산로 355, 1층 (냉림동)",2024-12-23,0,36.4227105,128.1587254,False,8.25
JDQ4MTYyMiM4MSMkMSMkMCMkOTIkMzgxOTYxIzIxIyQxIyQxIyQ4OSQ0NjEwMDIjNjEjJDEjJDQjJDgz,모동면보건지소,47250,보건지소,"경상북도 상주시 모동면 중화로 621-5, (모동면)",1985-01-01,0,36.3199867,127.9609478,False,15.44
JDQ4MTYyMiM4MSMkMSMkMCMkOTIkMzgxOTYxIzExIyQxIyQ3IyQ4MiQyNjEwMDIjNDEjJDEjJDQjJDgz,모서면보건지소,47250,보건지소,"경상북도 상주시 모서면 삼포3길 26, 26",1984-01-01,0,36.3414917,127.9621482,False,13.56
JDQ4MTYyMiM4MSMkMSMkMCMkNzIkMzgxMTkxIzMxIyQxIyQzIyQxMyQyNjE4MzIjNDEjJDEjJDQjJDgz,문플란트치과의원,47250,치과의원,"경상북도 상주시 상산로 241, 3층 (남성동)",2019-08-26,0,36.4124967,128.1591643,False,8.47
JDQ4MTYyMiM4MSMkMiMkMCMkMDAkNDgxMzUxIzIxIyQxIyQxIyQ3OSQzNjE0ODEjNjEjJDEjJDQjJDgz,미래소아청소년과의원,47250,의원,"경상북도 상주시 왕산로 332, 3층 (냉림동)",2005-08-30,0,36.4204218,128.1623046,False,8.59
JDQ4MTYyMiM4MSMkMSMkMCMkNzIkMzgxMTkxIzMxIyQxIyQ3IyQxMyQ0NjEwMDIjNjEjJDEjJDQjJDgz,바른이치과의원,47250,치과의원,"경상북도 상주시 상산로 243-1, 2층 (남성동)",2016-02-25,0,36.4126786,128.1593425,False,8.48
JDQ4MTYyMiM4MSMkMSMkMCMkOTkkMzgxMzUxIzMxIyQxIyQzIyQ3OSQyNjEyMjIjNDEjJDEjJDgjJDgz,바른재활의학과병원,47250,병원,"경상북도 상주시 삼백로 66, (무양동)",2017-06-05,96,36.4181528,128.1504108,True,7.58
JDQ4MTYyMiM4MSMkMSMkMCMkNzIkMzgxOTYxIzExIyQyIyQ3IyQwMCQzNjE4MzIjODEjJDEjJDIjJDgz,박수창치과의원,47250,치과의원,"경상북도 상주시 중앙로 170-1, 2층 (남성동)",1994-08-25,0,36.4154582,128.1571681,False,8.23
JDQ4MTYyMiM4MSMkMiMkMCMkMDAkNDgxOTYxIzIxIyQxIyQ1IyQxMyQyNjEwMDIjODEjJDEjJDIjJDgz,박신경외과의원,47250,의원,"경상북도 상주시 상산로 241, 102호 (남성동, 메디컬센터)",2016-07-07,0,36.4124967,128.1591643,False,8.47
JDQ4MTYyMiM4MSMkMSMkMCMkNzIkMzgxMzUxIzUxIyQyIyQ1IyQwMCQzNjE4MzIjNTEjJDEjJDYjJDgz,박치과의원,47250,치과의원,"경상북도 상주시 함창읍 가야로 12, (함창읍)",1992-05-01,0,36.5686782,128.1759264,False,18.28
JDQ4MTYyMiM4MSMkMSMkMCMkMTMkNDgxMzUxIzQxIyQxIyQ3IyQxMyQzNjE0ODEjNDEjJDEjJDQjJDgz,밝은마음한의원,47250,한의원,"경상북도 상주시 왕산로 64, (남성동)",2007-04-26,0,36.4083904,128.1619531,False,8.82
JDQ4MTYyMiM4MSMkMSMkMCMkNzIkMzgxMTkxIzIxIyQxIyQxIyQ3OSQyNjEwMDIjODEjJDEjJDYjJDgz,본치과의원,47250,치과의원,"경상북도 상주시 삼백로 91, 3층 (무양동)",2013-03-19,0,36.4186097,128.1536745,False,7.86
JDQ4MTYyMiM4MSMkMiMkMCMkMDAkNDgxMzUxIzIxIyQxIyQxIyQ5MiQyNjEyMjIjNDEjJDEjJDQjJDgz,사랑연합의원,47250,의원,"경상북도 상주시 왕산로 64, 2층 (남성동, 농협)",2015-09-11,0,36.4083904,128.1619531,False,8.82
JDQ4MTYyMiM4MSMkMSMkMCMkOTIkMzgxOTYxIzExIyQxIyQ3IyQ4MiQ0NjE0ODEjNzEjJDEjJDgjJDgz,사벌면보건지소,47250,보건지소,"경상북도 상주시 사벌면 덕담1길 17, (사벌면보건지소)",1980-01-01,0,36.4651045,128.2069075,False,13.13
JDQ4MTYyMiM4MSMkMiMkMCMkMDAkNDgxMzUxIzMxIyQxIyQ3IyQ4OSQyNjEyMjIjNDEjJDEjJDgjJDgz,삼성연합신경외과의원,47250,의원,"경상북도 상주시 상산로 256, 1층 (남성동)",2008-02-14,0,36.4137361,128.1597144,False,8.49
JDQ4MTYyMiM4MSMkMSMkMCMkNzIkMzgxMTkxIzExIyQxIyQzIyQ3MiQzNjEyMjIjNTEjJDEjJDYjJDgz,상산치과의원,47250,치과의원,"경상북도 상주시 중앙로 212, (남성동)",1963-02-20,0,36.4156866,128.1616437,False,8.61
JDQ4MTYyMiM4MSMkMiMkMCMkMDAkNDgxOTYxIzMxIyQxIyQ3IyQ3MiQ0NjEwMDIjNTEjJDEjJDYjJDgz,상주교도소 부속의원,47250,의원,"경상북도 상주시 사벌국면 목가2길 130, 1, 2층",2014-06-26,29,36.5096314,128.1959956,False,14.58
JDQ4MTYyMiM4MSMkMSMkMCMkNzIkMzgxOTYxIzUxIyQxIyQxIyQ4OSQyNjE0ODEjNDEjJDEjJDgjJDgz,상주미소담치과의원,47250,치과의원,"경상북도 상주시 상산로 282, 3층 (서성동)",2007-05-15,0,36.4160666,128.159485,False,8.42
JDQ4MTYyMiM4MSMkMSMkMCMkMTMkNDgxOTYxIzIxIyQxIyQ1IyQ5OSQyNjEwMDIjNjEjJDEjJDAjJDgz,상주바른한의원,47250,한의원,"경상북도 상주시 상산로 328, (냉림동)",2012-05-07,0,36.420146,128.1593208,False,8.33
JDQ4MTYyMiM4MSMkMSMkMCMkOTIkMzgxNzAyIzIxIyQxIyQ1IyQ3OSQzNjEyMjIjNDEjJDEjJDgjJDgz,상주시공성면봉산지구보건진료소,47250,보건진료소,"경상북도 상주시 공성면 솔미길 6, 6",2001-09-25,0,36.3057431,128.0743372,False,13.78
JDQ4MTYyMiM4MSMkMSMkMCMkOTIkMzgxNzAyIzIxIyQxIyQ1IyQ3MiQyNjE4MzIjNTEjJDEjJDIjJDgz,상주시공성면용안보건진료소,47250,보건진료소,"경상북도 상주시 공성면 신암길 110, (용안보건진료소)",1990-10-22,0,36.2936584,128.1170662,False,15.76
JDQ4MTYyMiM4MSMkMSMkMCMkOTIkMzgxNzAyIzIxIyQxIyQ1IyQ3OSQyNjE4MzIjNjEjJDEjJDgjJDgz,상주시낙동면낙동지구보건진료소,47250,보건진료소,"경상북도 상주시 낙동면 송계길 12, (낙동면)",1986-09-29,0,36.3635991,128.2968165,False,21.84
JDQ4MTYyMiM4MSMkMSMkMCMkOTIkMzgxNzAyIzIxIyQxIyQ1IyQ3OSQzNjE0ODEjNjEjJDEjJDAjJDgz,상주시낙동면신오보건진료소,47250,보건진료소,"경상북도 상주시 낙동면 선상서로 1600-5, (낙동면)",1982-10-04,0,36.3308907,128.2147228,False,17.19
JDQ4MTYyMiM4MSMkMSMkMCMkOTIkMzgxNzAyIzIxIyQxIyQ1IyQ3OSQ0NjEwMDIjNjEjJDEjJDQjJDgz,상주시내서면낙서보건진료소,47250,보건진료소,"경상북도 상주시 내서면 낙서1길 34-5, 34",1984-10-04,0,36.4001684,128.029246,False,4.7
JDQ4MTYyMiM4MSMkMSMkMCMkOTIkMzgxNzAyIzIxIyQxIyQ1IyQ4OSQyNjE0ODEjODEjJDEjJDYjJDgz,상주시내서면서원지구보건진료소,47250,보건진료소,"경상북도 상주시 내서면 서원3길 10, 10",1981-10-04,0,36.4383468,128.0149609,False,4.75
JDQ4MTYyMiM4MSMkMSMkMCMkOTkkNTgxMzUxIzExIyQxIyQ3IyQ5MiQyNjEyMjIjNDEjJDEjJDgjJDgz,상주시립요양병원,47250,요양병원,"경상북도 상주시 용마로 190-45,  (도남동)",2009-11-16,197,36.436911,128.2430901,True,15.78
JDQ4MTYyMiM4MSMkMSMkMCMkOTIkMzgxNzAyIzIxIyQxIyQ1IyQ4OSQyNjEwMDIjNzEjJDEjJDgjJDgz,상주시모동면신흥지구보건진료소,47250,보건진료소,"경상북도 상주시 모동면 수봉신흥길 172, 172",1983-12-15,0,36.2771787,127.9534877,False,19.76
JDQ4MTYyMiM4MSMkMSMkMCMkOTIkMzgxNzAyIzIxIyQxIyQ1IyQ4OSQyNjEyMjIjNjEjJDEjJDQjJDgz,상주시모서면정산보건진료소,47250,보건진료소,"경상북도 상주시 모서면 정산1길 5, 5",1982-10-04,0,36.3070827,127.8711011,False,22.2
JDQ4MTYyMiM4MSMkMSMkMCMkOTIkMzgxMzUxIzExIyQyIyQzIyQwMCQ0NjEwMDIjNDEjJDEjJDgjJDgz,상주시보건소,47250,보건소,"경상북도 상주시 중앙로 111, (무양동)",1962-09-24,0,36.4166063,128.1498196,False,7.56
JDQ4MTYyMiM4MSMkMSMkMCMkOTIkMzgxNzAyIzIxIyQxIyQxIyQxMyQ0NjEwMDIjNjEjJDEjJDAjJDgz,상주시사벌면두릉보건진료소,47250,보건진료소,"경상북도 상주시 사벌면 두릉1길 9, (두릉보건진료소)",1984-10-02,0,36.4910902,128.1888315,False,12.87
JDQ4MTYyMiM4MSMkMSMkMCMkOTIkMzgxNzAyIzIxIyQxIyQ1IyQ3OSQyNjE0ODEjNDEjJDEjJDgjJDgz,상주시사벌면매호지구보건진료소,47250,보건진료소,"경상북도 상주시 사벌면 상풍로 982, (매호보건진료소)",1983-10-04,0,36.491818,128.255075,False,18.2
JDQ4MTYyMiM4MSMkMSMkMCMkOTIkMzgxNzAyIzIxIyQxIyQ1IyQ3OSQyNjEwMDIjNDEjJDEjJDQjJDgz,상주시사벌면삼덕보건진료소,47250,보건진료소,"경상북도 상주시 사벌면 삼덕길 10-13, 10",1985-10-01,0,36.4442413,128.2278177,False,14.49
JDQ4MTYyMiM4MSMkMSMkMCMkOTIkMzgxNzAyIzIxIyQxIyQ1IyQ3OSQzNjE4MzIjODEjJDEjJDYjJDgz,상주시외남면구서보건진료소,47250,보건진료소,"경상북도 상주시 외남면 석단로 705, 705",1981-12-12,0,36.340441,128.0784695,False,9.96
JDQ4MTYyMiM4MSMkMSMkMCMkOTIkMzgxNzAyIzIxIyQxIyQ1IyQ3OSQ0NjE0ODEjNzEjJDEjJDgjJDgz,상주시외남면소은보건진료소,47250,보건진료소,"경상북도 상주시 외남면 석단로 1187-9, 1187",1984-05-18,0,36.3724523,128.1079136,False,7.33
JDQ4MTYyMiM4MSMkMSMkMCMkOTIkMzgxNzAyIzIxIyQxIyQ1IyQ4OSQ0NjE0ODEjNjEjJDEjJDAjJDgz,상주시외서면우산보건진료소,47250,보건진료소,"경상북도 상주시 외서면 우산로 1000, 1000",1981-12-12,0,36.4885531,128.0707543,False,6.57
JDQ4MTYyMiM4MSMkMSMkMCMkOTIkMzgxNzAyIzIxIyQxIyQ1IyQ4OSQ0NjEwMDIjNTEjJDEjJDIjJDgz,상주시은척면무릉보건진료소,47250,보건진료소,"경상북도 상주시 은척면 무릉1길 101, (무릉보건진료소)",1982-10-04,0,36.5768303,128.0878348,False,16.48
JDQ4MTYyMiM4MSMkMSMkMCMkOTIkMzgxNzAyIzIxIyQxIyQ1IyQ5OSQyNjE0ODEjNjEjJDEjJDgjJDgz,상주시이안면중소보건진료소,47250,보건진료소,"경상북도 상주시 공검면 비재로 733, 733",1982-10-04,0,36.5188352,128.1144756,False,10.8
JDQ4MTYyMiM4MSMkMSMkMCMkOTIkMzgxNzAyIzIxIyQxIyQ1IyQ5OSQyNjEwMDIjNjEjJDEjJDAjJDgz,상주시이안면흑암보건진료소,47250,보건진료소,"경상북도 상주시 이안면 공검이안길 927, 927",1983-10-04,0,36.5576111,128.1530988,False,16.19
JDQ4MTYyMiM4MSMkMSMkMCMkOTIkMzgxNzAyIzIxIyQxIyQ1IyQ3MiQyNjEwMDIjNjEjJDEjJDgjJDgz,상주시중덕지구보건진료소,47250,보건진료소,"경상북도 상주시 중덕길 64, (중덕동, 중덕보건진료소)",1984-11-13,0,36.45323,128.1876092,False,11.11
JDQ4MTYyMiM4MSMkMSMkMCMkOTIkMzgxNzAyIzIxIyQxIyQ1IyQ3OSQyNjEyMjIjODEjJDEjJDIjJDgz,상주시중동면신암보건진료소,47250,보건진료소,"경상북도 상주시 중동면 신암1길 27-8, 27",1981-10-05,0,36.4145696,128.3059446,False,21.45
JDQ4MTYyMiM4MSMkMSMkMCMkOTIkMzgxNzAyIzIxIyQxIyQ1IyQ3OSQzNjEwMDIjNTEjJDEjJDIjJDgz,상주시청리면삼괴보건진료소,47250,보건진료소,"경상북도 상주시 청리면 존애원로 362, 362",1985-10-01,0,36.3543647,128.1223111,False,9.72
JDQ4MTYyMiM4MSMkMSMkMCMkOTIkMzgxNzAyIzIxIyQxIyQxIyQxMyQ0NjE0ODEjNjEjJDEjJDgjJDgz,상주시함창읍용곡보건진료소,47250,보건진료소,"경상북도 상주시 함창읍 용곡로 273, 273",1984-10-04,0,36.540654,128.185718,False,16.29
JDQ4MTYyMiM4MSMkMSMkMCMkOTIkMzgxNzAyIzIxIyQxIyQ1IyQ4OSQyNjE4MzIjNTEjJDEjJDYjJDgz,상주시화동면양지보건진료소,47250,보건진료소,"경상북도 상주시 화동면 팔음로 1245, 1245",1984-12-12,0,36.3719385,127.9110619,False,15.35
JDQ4MTYyMiM4MSMkMSMkMCMkOTIkMzgxNzAyIzIxIyQxIyQ1IyQ4OSQzNjEwMDIjNDEjJDEjJDQjJDgz,상주시화북면용화보건진료소,47250,보건진료소,"경상북도 상주시 화북면 운흥4길 3-1, (화북면)",1982-10-04,0,36.6012788,127.8277487,False,28.66
JDQ4MTYyMiM4MSMkMSMkMCMkOTIkMzgxNzAyIzIxIyQxIyQ1IyQ4OSQzNjE4MzIjNjEjJDEjJDgjJDgz,상주시화북면입석보건진료소,47250,보건진료소,"경상북도 상주시 화북면 문장로 2531, (입석리보건진료소)",1985-10-01,0,36.6281162,127.8899352,False,27.16
JDQ4MTYyMiM4MSMkMSMkMCMkOTIkMzgxNzAyIzIxIyQxIyQ1IyQ4OSQzNjE0ODEjNDEjJDEjJDgjJDgz,상주시화서면사산지구보건진료소,47250,보건진료소,"경상북도 상주시 화서면 효자로 173, (화서면)",1984-12-15,0,36.4153987,127.9212375,False,13.13
JDQ4MTYyMiM4MSMkMSMkMCMkODkkMzgxMzUxIzExIyQxIyQzIyQ2MiQyNjE0ODEjODEjJDEjJDIjJDgz,상주적십자병원,47250,종합병원,"경상북도 상주시 상서문로 53,  (남성동)",1994-01-11,205,36.4146221,128.1555556,True,8.1
JDQ4MTYyMiM4MSMkMSMkMCMkOTkkNTgxOTYxIzExIyQxIyQzIyQ5OSQzNjE0ODEjNDEjJDEjJDQjJDgz,상주제일병원,47250,정신병원,"경상북도 상주시 내서면 영남제일로 3659, (내서면)",2009-06-08,199,36.4376763,128.0032625,True,5.77
JDQ4MTYyMiM4MSMkMSMkMCMkMTMkNDgxMzUxIzExIyQxIyQzIyQ3OSQyNjEyMjIjNTEjJDEjJDYjJDgz,상주한의원,47250,한의원,"경상북도 상주시 중앙로 158, (남성동)",1996-08-29,0,36.4154938,128.1555468,False,8.08
JDQ4MTYyMiM4MSMkMiMkMCMkMDAkMzgxNzAyIzIxIyQxIyQxIyQ4MiQzNjE4MzIjODEjJDEjJDIjJDgz,서동혁마취통증의학과의원,47250,의원,"경상북도 상주시 상산로 269, 1층 (남성동)",2001-04-12,0,36.4149818,128.1589966,False,8.4
JDQ4MTYyMiM4MSMkMSMkMCMkNzIkMzgxOTYxIzIxIyQxIyQxIyQxMyQyNjEyMjIjNzEjJDEjJDgjJDgz,서연호구강악안면외과치과의원,47250,치과의원,"경상북도 상주시 풍물시장길 9, (남성동)",1996-06-19,0,36.4131691,128.1602435,False,8.55
JDQ4MTYyMiM4MSMkMSMkMCMkNzIkMzgxOTYxIzUxIyQxIyQ1IyQ2MiQzNjE4MzIjNjEjJDEjJDgjJDgz,서울건치과의원,47250,치과의원,"경상북도 상주시 상산로 263, 3층 (남성동)",2008-04-10,0,36.4143505,128.1591426,False,8.42
JDQ4MTYyMiM4MSMkMSMkMCMkNzIkMzgxMTkxIzIxIyQxIyQ1IyQ2MiQ0NjEwMDIjNDEjJDEjJDQjJDgz,서울보람치과의원,47250,치과의원,"경상북도 상주시 삼백로 78, 3층 (무양동)",2015-05-12,0,36.4181916,128.1519101,False,7.71
JDQ4MTYyMiM4MSMkMiMkMCMkMDAkNDgxMTkxIzIxIyQxIyQ1IyQ5MiQ0NjE0ODEjNjEjJDEjJDgjJDgz,서울안과의원,47250,의원,"경상북도 상주시 삼백로 88, 4층 (무양동)",2008-03-12,0,36.4180824,128.1533022,False,7.83
JDQ4MTYyMiM4MSMkMiMkMCMkMDAkNDgxOTYxIzExIyQxIyQzIyQ4OSQyNjEyMjIjODEjJDEjJDYjJDgz,서울연합내과의원,47250,의원,"경상북도 상주시 상산로 241, 2층 (남성동)",2011-01-03,0,36.4124967,128.1591643,False,8.47
JDQ4MTYyMiM4MSMkMSMkMCMkNzIkMzgxOTYxIzIxIyQxIyQ5IyQwMyQ0NjEwMDIjNDEjJDEjJDQjJDgz,서울치과의원,47250,치과의원,"경상북도 상주시 삼백로 176, (인봉동)",2002-06-29,0,36.4186642,128.1629128,False,8.67
JDQ4MTYyMiM4MSMkMSMkMCMkMTMkMzgxNzAyIzIxIyQxIyQ5IyQxMyQyNjEyMjIjODEjJDEjJDYjJDgz,서울한의원,47250,한의원,"경상북도 상주시 상산로 284, 2층 (서성동)",1990-08-31,0,36.4162891,128.1595055,False,8.41
JDQ4MTYyMiM4MSMkMSMkMCMkMTMkNDgxOTYxIzQxIyQxIyQ3IyQ4OSQzNjE4MzIjNDEjJDEjJDgjJDgz,석한의원,47250,한의원,"경상북도 상주시 상서문2길 133, (남성동)",2018-10-29,0,36.4130998,128.1590072,False,8.44
JDQ4MTYyMiM4MSMkMSMkMCMkMTMkNDgxOTYxIzUxIyQxIyQ1IyQ3MiQyNjE0ODEjNjEjJDEjJDgjJDgz,성주봉한의원,47250,한의원,"경상북도 상주시 은척면 성주봉로 55, 한방건강센터",2024-02-19,0,36.5349342,128.0401458,False,11.96
JDQ4MTYyMiM4MSMkMiMkMCMkMDAkMzgxNzAyIzMxIyQxIyQzIyQ4OSQzNjE4MzIjNDEjJDEjJDgjJDgz,손성락산부인과의원,47250,의원,"경상북도 상주시 삼백로 78, (무양동)",2002-03-15,6,36.4181916,128.1519101,False,7.71
JDQ4MTYyMiM4MSMkMSMkMCMkMTMkNDgxOTYxIzIxIyQxIyQ1IyQ3MiQzNjEyMjIjNzEjJDEjJDgjJDgz,손한의원,47250,한의원,"경상북도 상주시 중앙로 170-1, (남성동)",2012-09-25,0,36.4154582,128.1571681,False,8.23
JDQ4MTYyMiM4MSMkMiMkMCMkMDAkNDgxMzUxIzMxIyQxIyQzIyQwMyQyNjEyMjIjNjEjJDEjJDgjJDgz,송준호레이메디의원,47250,의원,"경상북도 상주시 중앙로 178-24, (2층,3층) (남성동)",2007-11-13,0,36.4147048,128.1577455,False,8.29
JDQ4MTYyMiM4MSMkMSMkMCMkMTMkMzgxNzAyIzMxIyQyIyQ3IyQwMCQzNjE4MzIjODEjJDEjJDYjJDgz,수덕한의원,47250,한의원,"경상북도 상주시 상산로 268, 1,2층 (남성동)",2005-03-11,0,36.4147107,128.1595548,False,8.45
JDQ4MTYyMiM4MSMkMiMkMCMkMDAkNDgxMzUxIzIxIyQyIyQxIyQwMCQzNjE4MzIjNDEjJDEjJDgjJDgz,순피부과의원,47250,의원,"경상북도 상주시 상산로 251, (남성동)",2005-11-30,0,36.4133064,128.1592493,False,8.46
JDQ4MTYyMiM4MSMkMSMkMCMkNzIkMzgxMTkxIzIxIyQxIyQ5IyQxMyQ0NjEwMDIjNTEjJDEjJDIjJDgz,스타치과의원,47250,치과의원,"경상북도 상주시 상서문2길 123, 1층 (남성동)",2017-09-21,0,36.4132938,128.1584509,False,8.39
JDQ4MTYyMiM4MSMkMSMkMCMkNzIkMzgxOTYxIzExIyQxIyQ3IyQ4OSQyNjEwMDIjNjEjJDEjJDAjJDgz,신세계치과의원,47250,치과의원,"경상북도 상주시 중앙로 188, (남성동)",1990-05-04,0,36.4154782,128.1588836,False,8.38
JDQ4MTYyMiM4MSMkMSMkMCMkNzIkMzgxMzUxIzQxIyQyIyQ3IyQwMCQyNjE0ODEjNTEjJDEjJDYjJDgz,아름다운 치과교정과 치과의원,47250,치과의원,"경상북도 상주시 상산로 274, 2층 (남성동)",2013-12-20,0,36.4152021,128.1595581,False,8.44
JDQ4MTYyMiM4MSMkMiMkMCMkMDAkMzgxMTkxIzUxIyQxIyQxIyQ4MiQ0NjEwMDIjNzEjJDEjJDgjJDgz,안소아과의원,47250,의원,"경상북도 상주시 상산로 271, (남성동)",1999-08-03,0,36.4151137,128.1591253,False,8.4
JDQ4MTYyMiM4MSMkMiMkMCMkMDAkNDgxOTYxIzMxIyQyIyQzIyQwMCQyNjE4MzIjNTEjJDEjJDYjJDgz,안심플러스의원,47250,의원,"경상북도 상주시 동수4길 62, 2층 (무양동)",2024-04-18,0,36.422951,128.1545596,False,7.88
JDQ4MTYyMiM4MSMkMiMkMCMkMDAkNDgxMzUxIzQxIyQyIyQ3IyQwMCQyNjEwMDIjNjEjJDEjJDAjJDgz,연세S신경외과의원,47250,의원,"경상북도 상주시 동수1길 19, (무양동)",2008-10-31,29,36.4198216,128.1521088,False,7.7
JDQ4MTYyMiM4MSMkMiMkMCMkMDAkNDgxMzUxIzIxIyQxIyQxIyQwMyQzNjEyMjIjNDEjJDEjJDQjJDgz,영남연합안과의원,47250,의원,"경상북도 상주시 중앙로 172, 3층 영남연합안과의원 (남성동)",2006-03-06,0,36.4155327,128.1573166,False,8.24
JDQ4MTYyMiM4MSMkMSMkMCMkMTMkNDgxOTYxIzQxIyQxIyQ3IyQ4MiQyNjEyMjIjNzEjJDEjJDgjJDgz,영진한의원,47250,한의원,"경상북도 상주시 왕산로 196, (1층, 2층) (성하동)",2019-07-18,0,36.4143117,128.1629548,False,8.76
JDQ4MTYyMiM4MSMkMSMkMCMkMTMkNDgxMTkxIzExIyQxIyQzIyQ4OSQzNjEyMjIjNjEjJDEjJDAjJDgz,오복한의원,47250,한의원,"경상북도 상주시 공성면 공성중앙로 87, 1층",2021-12-22,0,36.2841624,128.0932977,False,16.34
JDQ4MTYyMiM4MSMkMiMkMCMkMDAkNDgxMzUxIzIxIyQxIyQxIyQ3MiQyNjEwMDIjNzEjJDEjJDgjJDgz,옥산의원,47250,의원,"경상북도 상주시 공성면 공성중앙로 81, (공성면)",2006-01-02,0,36.2839636,128.093176,False,16.36
JDQ4MTYyMiM4MSMkMSMkMCMkOTIkMzgxOTYxIzExIyQxIyQ3IyQ4MiQyNjEyMjIjODEjJDEjJDIjJDgz,외남면보건지소,47250,보건지소,"경상북도 상주시 외남면 석단로 926-1, 926",1985-01-01,0,36.356729,128.0889347,False,8.33
JDQ4MTYyMiM4MSMkMSMkMCMkOTIkMzgxOTYxIzExIyQxIyQ3IyQ4MiQzNjEwMDIjNTEjJDEjJDIjJDgz,외서면보건지소,47250,보건지소,"경상북도 상주시 외서면 우산로 602, 602",1984-01-01,0,36.4785914,128.106301,False,6.49
JDQ4MTYyMiM4MSMkMiMkMCMkMDAkNDgxOTYxIzExIyQxIyQ3IyQ3OSQyNjE4MzIjNjEjJDEjJDgjJDgz,용한연합내과의원,47250,의원,"경상북도 상주시 상산로 269, 2층 (남성동)",2011-07-18,0,36.414982,128.159,False,8.4
JDQ4MTYyMiM4MSMkMiMkMCMkMDAkMzgxMTkxIzMxIyQxIyQ3IyQ3MiQzNjEwMDIjNjEjJDEjJDAjJDgz,용한이비인후과의원,47250,의원,"경상북도 상주시 상산로 269, 2층 (남성동)",1998-09-25,2,36.414982,128.159,False,8.4
JDQ4MTYyMiM4MSMkMiMkMCMkMDAkMzgxMzUxIzIxIyQxIyQxIyQ3MiQzNjE0ODEjNDEjJDEjJDQjJDgz,우리들의원,47250,의원,"경상북도 상주시 함창읍 구향로 130-1, (함창읍)",2009-02-27,0,36.5697173,128.1781615,False,18.49
JDQ4MTYyMiM4MSMkMiMkMCMkMDAkNDgxOTYxIzExIyQyIyQ3IyQwMCQzNjE4MzIjNDEjJDEjJDgjJDgz,우리연합제통의원,47250,의원,"경상북도 상주시 성하1길 8, 1층, 2층 (성하동)",2011-11-03,0,36.4141229,128.1632282,False,8.79
JDQ4MTYyMiM4MSMkMSMkMCMkMTMkMzgxNzAyIzIxIyQxIyQ1IyQxMyQzNjEwMDIjNzEjJDEjJDgjJDgz,우리한의원,47250,한의원,"경상북도 상주시 상서문2길 113, (남성동)",1999-02-02,0,36.4129877,128.1578823,False,8.34
JDQ4MTYyMiM4MSMkMSMkMCMkMTMkNDgxMzUxIzIxIyQyIyQxIyQwMCQzNjEwMDIjNTEjJDEjJDIjJDgz,우림한의원,47250,한의원,"경상북도 상주시 함창읍 가야로 14, (함창읍)",2002-01-29,0,36.5685364,128.1761219,False,18.28
JDQ4MTYyMiM4MSMkMiMkMCMkMDAkNDgxMTkxIzUxIyQxIyQxIyQwMyQyNjE4MzIjNjEjJDEjJDAjJDgz,우복동의원,47250,의원,"경상북도 상주시 화남면 임곡길 296, 한울빌딩 3층 301호",2025-07-29,0,36.4345272,127.8748825,False,17.19
JDQ4MTYyMiM4MSMkMSMkMCMkOTIkMzgxOTYxIzExIyQxIyQzIyQ5MiQ0NjEwMDIjNjEjJDEjJDgjJDgz,은척면보건지소,47250,보건지소,"경상북도 상주시 은척면 봉중2길 4-1, 4",1985-01-01,0,36.5313554,128.0714287,False,11.33
JDQ4MTYyMiM4MSMkMSMkMCMkOTkkNTgxOTYxIzExIyQxIyQzIyQ2MiQyNjE0ODEjNDEjJDEjJDgjJDgz,의료법인 성심의료재단 늘푸른병원,47250,정신병원,"경상북도 상주시 함창읍 경서로 8-8, (함창읍)",2021-07-13,241,36.5815688,128.1935859,True,20.34
JDQ4MTYyMiM4MSMkMSMkMCMkOTkkNTgxMzUxIzIxIyQxIyQxIyQ5MiQ0NjE0ODEjNjEjJDEjJDgjJDgz,의료법인 우석의료재단 연세요양병원,47250,요양병원,"경상북도 상주시 낙동면 영남제일로 841, (낙동면)",2013-07-08,132,36.4036022,128.2395597,True,15.72
JDQ4MTYyMiM4MSMkMSMkMCMkODkkMzgxMzUxIzExIyQxIyQzIyQ2MiQzNjEwMDIjODEjJDEjJDYjJDgz,의료법인삼백의료재단상주성모병원,47250,종합병원,"경상북도 상주시 냉림서성길 7,  (냉림동)",1980-03-18,204,36.4203907,128.1597338,True,8.37
JDQ4MTYyMiM4MSMkMiMkMCMkMDAkMzgxNzAyIzExIyQxIyQ3IyQ2MiQyNjEwMDIjODEjJDEjJDIjJDgz,이내과의원,47250,의원,"경상북도 상주시 상산로 253, 2층 (남성동)",2000-12-22,0,36.4135751,128.159281,False,8.45
JDQ4MTYyMiM4MSMkMSMkMCMkNzIkMzgxMTkxIzMxIyQxIyQ3IyQ2MiQzNjE4MzIjNTEjJDEjJDIjJDgz,이사랑치과의원,47250,치과의원,"경상북도 상주시 상산로 256, 2층 (남성동)",2021-05-21,0,36.4137361,128.1597144,False,8.49
JDQ4MTYyMiM4MSMkMiMkMCMkMDAkNDgxMTkxIzIxIyQxIyQ5IyQ4MiQyNjEwMDIjODEjJDEjJDIjJDgz,이상수연합내과의원,47250,의원,"경상북도 상주시 상산로 256, 3, 4층 (남성동)",2022-04-12,0,36.4137361,128.1597144,False,8.49
JDQ4MTYyMiM4MSMkMiMkMCMkMDAkMzgxNzAyIzMxIyQxIyQzIyQ3MiQ0NjEwMDIjNjEjJDEjJDgjJDgz,이성헌정신과의원,47250,의원,"경상북도 상주시 상산로 269, (남성동)",2002-04-22,0,36.414982,128.159,False,8.4
JDQ4MTYyMiM4MSMkMSMkMCMkOTIkMzgxOTYxIzExIyQxIyQ3IyQ4MiQzNjE0ODEjNjEjJDEjJDAjJDgz,이안면보건지소,47250,보건지소,"경상북도 상주시 이안면 양범안룡길 46, (이안면)",1987-01-01,0,36.579433,128.1455,False,18.08
JDQ4MTYyMiM4MSMkMiMkMCMkMDAkMzgxMTkxIzMxIyQxIyQ3IyQ4OSQzNjEwMDIjNjEjJDEjJDQjJDgz,이영희내과의원,47250,의원,"경상북도 상주시 삼백로 93, (무양동)",1998-05-22,0,36.4186083,128.1538557,False,7.87
JDQ4MTYyMiM4MSMkMiMkMCMkMDAkMzgxMTkxIzMxIyQxIyQ3IyQ4MiQzNjEyMjIjNDEjJDEjJDQjJDgz,이원두의원,47250,의원,"경상북도 상주시 상산로 259, (남성동)",1999-11-11,0,36.4140052,128.1590836,False,8.43
JDQ4MTYyMiM4MSMkMSMkMCMkNzIkMzgxOTYxIzExIyQxIyQzIyQ2MiQzNjE4MzIjODEjJDEjJDYjJDgz,이치과의원,47250,치과의원,"경상북도 상주시 중앙로 201, (서성동)",1993-06-14,0,36.415857,128.160487,False,8.51
JDQ4MTYyMiM4MSMkMSMkMCMkMTMkMzgxNzAyIzIxIyQxIyQxIyQ5MiQzNjE4MzIjNTEjJDEjJDIjJDgz,인성한의원,47250,한의원,"경상북도 상주시 풍물시장길 9, 2층 (남성동)",2016-09-07,0,36.4131691,128.1602435,False,8.55
JDQ4MTYyMiM4MSMkMiMkMCMkMDAkMzgxOTYxIzIxIyQxIyQ5IyQ2MiQyNjE4MzIjNTEjJDEjJDIjJDgz,인제의원,47250,의원,"경상북도 상주시 함창읍 함창중앙로 99, (함창읍)",1989-12-08,0,36.5683473,128.1756469,False,18.24
JDQ4MTYyMiM4MSMkMSMkMCMkMTMkMzgxNzAyIzIxIyQxIyQxIyQ4OSQzNjEyMjIjNDEjJDEjJDgjJDgz,일신한의원,47250,한의원,"경상북도 상주시 삼백로 83-16, (무양동)",1985-04-18,0,36.419051,128.152887,False,7.78
JDQ4MTYyMiM4MSMkMiMkMCMkMDAkMzgxMTkxIzIxIyQxIyQxIyQwMyQzNjEwMDIjNDEjJDEjJDgjJDgz,정소아청소년과의원,47250,의원,"경상북도 상주시 중앙로 196, (남성동)",1996-02-14,0,36.4155202,128.1597979,False,8.46
JDQ4MTYyMiM4MSMkMiMkMCMkMDAkNDgxMzUxIzExIyQxIyQ3IyQ2MiQzNjE0ODEjODEjJDEjJDIjJDgz,제일안과의원,47250,의원,"경상북도 상주시 상산로 251, (남성동)",2005-04-22,0,36.4133064,128.1592493,False,8.46
JDQ4MTYyMiM4MSMkMSMkMCMkNzIkMzgxMzUxIzQxIyQxIyQ3IyQ5OSQyNjEyMjIjNTEjJDEjJDIjJDgz,조경환치과의원,47250,치과의원,"경상북도 상주시 중앙로 170, 3층 (남성동)",1990-04-24,0,36.4155209,128.1570099,False,8.21
JDQ4MTYyMiM4MSMkMSMkMCMkMTMkMzgxNzAyIzIxIyQxIyQxIyQ5OSQyNjEwMDIjNzEjJDEjJDgjJDgz,중국한의원,47250,한의원,"경상북도 상주시 상산로 263, (남성동)",2006-03-21,0,36.4143505,128.1591426,False,8.42
JDQ4MTYyMiM4MSMkMSMkMCMkOTIkMzgxOTYxIzExIyQxIyQzIyQ5MiQzNjEyMjIjNDEjJDEjJDgjJDgz,중동면보건지소,47250,보건지소,"경상북도 상주시 중동면 오상1길 22-2, (중동면)",1985-01-01,0,36.4270158,128.2690653,False,18.09
JDQ4MTYyMiM4MSMkMiMkMCMkMDAkMzgxNzAyIzMxIyQxIyQ3IyQ4OSQyNjE0ODEjNDEjJDEjJDQjJDgz,중앙의원,47250,의원,"경상북도 상주시 중앙로 172, 1,2층 (남성동)",2002-06-04,0,36.4155327,128.1573166,False,8.24
JDQ4MTYyMiM4MSMkMSMkMCMkMTMkMzgxNzAyIzUxIyQxIyQ1IyQ5OSQzNjEwMDIjNjEjJDEjJDAjJDgz,청구부부한의원,47250,한의원,"경상북도 상주시 풍물시장길 12, (남성동)",1995-05-24,0,36.412671,128.1605449,False,8.59
JDQ4MTYyMiM4MSMkMSMkMCMkOTIkMzgxOTYxIzIxIyQxIyQxIyQ4OSQ0NjE0ODEjNzEjJDEjJDgjJDgz,청리면보건지소,47250,보건지소,"경상북도 상주시 청리면 남상주로 1163, (청리면)",1987-01-01,0,36.3398196,128.1318835,False,11.55
JDQ4MTYyMiM4MSMkMSMkMCMkMTMkNDgxOTYxIzIxIyQxIyQ5IyQwMyQyNjEwMDIjNjEjJDEjJDAjJDgz,튼튼한의원,47250,한의원,"경상북도 상주시 삼백로 83-22, (무양동)",1996-11-19,0,36.41936,128.15285,False,7.77
JDQ4MTYyMiM4MSMkMiMkMCMkMDAkNDgxMzUxIzMxIyQxIyQzIyQwMyQyNjEwMDIjODEjJDEjJDIjJDgz,하나이비인후과의원,47250,의원,"경상북도 상주시 상산로 266, 2층 (남성동)",2007-11-13,0,36.4145342,128.1596065,False,8.46
JDQ4MTYyMiM4MSMkMSMkMCMkMTMkMzgxNzAyIzUxIyQyIyQxIyQwMCQzNjE4MzIjNDEjJDEjJDgjJDgz,한농한의원,47250,한의원,"경상북도 상주시 외서면 하나동1길 31-1, (외서면)",2016-12-01,0,36.5168694,127.9620342,False,13.5
JDQ4MTYyMiM4MSMkMSMkMCMkMTMkNDgxMzUxIzMxIyQyIyQ3IyQwMCQzNjE0ODEjNDEjJDEjJDQjJDgz,한보한의원,47250,한의원,"경상북도 상주시 함창읍 함창중앙로 116, (함창읍)",1999-12-28,0,36.5688639,128.1772702,False,18.36
JDQ4MTYyMiM4MSMkMiMkMCMkMDAkMzgxMTkxIzUxIyQxIyQ1IyQwMyQzNjE4MzIjNDEjJDEjJDgjJDgz,한일의원,47250,의원,"경상북도 상주시 함창읍 가야로 11, 한일의원",2018-01-02,0,36.5689846,128.1762779,False,18.33
JDQ4MTYyMiM4MSMkMSMkMCMkOTIkMzgxOTYxIzIxIyQxIyQxIyQ4OSQzNjE4MzIjODEjJDEjJDYjJDgz,함창읍보건지소,47250,보건지소,"경상북도 상주시 함창읍 함창중앙로 130, (203-9)",1987-01-01,0,36.5690973,128.1787337,False,18.46
JDQ4MTYyMiM4MSMkMSMkMCMkNzIkMzgxOTYxIzIxIyQxIyQ5IyQ4MiQzNjE4MzIjODEjJDEjJDYjJDgz,함창치과의원,47250,치과의원,"경상북도 상주시 함창읍 함창중앙로 148-1, (함창읍)",1999-04-24,0,36.5689965,128.180668,False,18.54
JDQ4MTYyMiM4MSMkMiMkMCMkMDAkMzgxMTkxIzUxIyQxIyQxIyQ3MiQyNjE4MzIjNDEjJDEjJDgjJDgz,현대정형외과의원,47250,의원,"경상북도 상주시 문무1길 48, (무양동)",1998-09-03,0,36.418026,128.152163,False,7.73
JDQ4MTYyMiM4MSMkMSMkMCMkMTMkMzgxNzAyIzIxIyQxIyQ1IyQ2MiQyNjEyMjIjNjEjJDEjJDgjJDgz,혜인한의원,47250,한의원,"경상북도 상주시 상서문2길 131, 2층 (남성동)",1989-05-13,0,36.4130891,128.1588303,False,8.43
JDQ4MTYyMiM4MSMkMSMkMCMkMTMkNDgxOTYxIzIxIyQxIyQ1IyQ5OSQzNjEyMjIjNjEjJDEjJDQjJDgz,홍성한의원,47250,한의원,"경상북도 상주시 중앙로 174, 1층 (남성동)",2013-11-25,0,36.4155395,128.1574311,False,8.25
JDQ4MTYyMiM4MSMkMSMkMCMkOTIkMzgxOTYxIzIxIyQxIyQxIyQ5OSQ0NjE0ODEjNjEjJDEjJDAjJDgz,화남면보건지소,47250,보건지소,"경상북도 상주시 화남면 영남제일로 4627, 4627",1990-01-01,0,36.447698,127.9060247,False,14.53
JDQ4MTYyMiM4MSMkMSMkMCMkOTIkMzgxOTYxIzIxIyQxIyQxIyQ5OSQyNjE0ODEjODEjJDEjJDYjJDgz,화동면보건지소,47250,보건지소,"경상북도 상주시 화동면 이소1길 24, (화동면)",1986-01-01,0,36.3875883,127.9548754,False,11.06
JDQ4MTYyMiM4MSMkMiMkMCMkMDAkMzgxMTkxIzUxIyQxIyQxIyQ4MiQzNjE0ODEjNjEjJDEjJDgjJDgz,화령외과의원,47250,의원,"경상북도 상주시 화서면 화령북4길 2, 2",1999-07-23,0,36.4441424,127.9488395,False,10.69
JDQ4MTYyMiM4MSMkMSMkMCMkMTMkNDgxOTYxIzUxIyQxIyQ1IyQxMyQyNjE0ODEjNjEjJDEjJDQjJDgz,화령한의원,47250,한의원,"경상북도 상주시 화서면 화령남5길 8, (화서면)",2008-04-08,0,36.4436172,127.9490736,False,10.66
JDQ4MTYyMiM4MSMkMSMkMCMkOTIkMzgxOTYxIzExIyQxIyQzIyQ5MiQ0NjE0ODEjODEjJDEjJDIjJDgz,화북면보건지소,47250,보건지소,"경상북도 상주시 화북면 문장로 1692, 1692",1986-01-01,0,36.5599253,127.9207576,False,19.52
JDQ4MTYyMiM4MSMkMSMkMCMkOTIkMzgxOTYxIzExIyQxIyQ3IyQ4MiQzNjEyMjIjNDEjJDEjJDgjJDgz,화서면보건지소,47250,보건지소,"경상북도 상주시 화서면 화령남2길 5-4, 5",1986-01-01,0,36.443789,127.9514803,False,10.45
JDQ4MTYyMiM4MSMkMSMkMCMkOTIkMzgxOTYxIzExIyQxIyQ3IyQ2MiQzNjE0ODEjNDEjJDEjJDQjJDgz,가은보건지소,47280,보건지소,"경상북도 문경시 가은읍 가은1길 21, (가은읍)",1985-01-02,0,36.6443251,128.0617549,False,9.32
JDQ4MTYyMiM4MSMkMSMkMCMkOTIkMzgxNzAyIzExIyQxIyQzIyQxMyQyNjEwMDIjNjEjJDEjJDgjJDgz,가은상괴보건진료소,47280,보건진료소,"경상북도 문경시 가은읍 대야로 1893, 1893",1984-12-08,0,36.6697787,128.0141304,False,12.22
JDQ4MTYyMiM4MSMkMSMkMCMkNzIkMzgxOTYxIzIxIyQxIyQ5IyQ2MiQ0NjE0ODEjNTEjJDEjJDIjJDgz,강남치과의원,47280,치과의원,"경상북도 문경시 당교3길 19, 3층 (모전동)",2025-08-19,0,36.5852466,128.1898879,False,12.3
JDQ4MTYyMiM4MSMkMSMkMCMkMTMkNDgxOTYxIzIxIyQxIyQ1IyQ5OSQzNjEwMDIjNzEjJDEjJDgjJDgz,강석우한의원,47280,한의원,"경상북도 문경시 상신로 8, (점촌동)",2008-04-14,0,36.5951977,128.1982276,False,11.51
JDQ4MTYyMiM4MSMkMSMkMCMkNzIkMzgxMTkxIzIxIyQxIyQ1IyQ4MiQ0NjE0ODEjNjEjJDEjJDgjJDgz,건치과의원,47280,치과의원,"경상북도 문경시 중앙로 161, (점촌동)",1991-04-20,0,36.5989819,128.2017748,False,11.26
JDQ4MTYyMiM4MSMkMiMkMCMkMDAkMzgxOTYxIzQxIyQxIyQ3IyQ4OSQyNjEwMDIjNTEjJDEjJDYjJDgz,김규태신경정신과의원,47280,의원,"경상북도 문경시 중앙로 161, (점촌동)",1991-05-27,0,36.5989819,128.2017748,False,11.26
JDQ4MTYyMiM4MSMkMiMkMCMkMDAkNDgxMzUxIzIxIyQxIyQ1IyQ3OSQzNjE4MzIjNjEjJDEjJDgjJDgz,김보경마취통증의학과의원,47280,의원,"경상북도 문경시 신흥시장길 12, (흥덕동)",2006-03-30,0,36.6020333,128.2040668,False,11.04
JDQ4MTYyMiM4MSMkMiMkMCMkMDAkMzgxOTYxIzIxIyQyIyQxIyQwMCQyNjEwMDIjNjEjJDEjJDgjJDgz,김성연산부인과의원,47280,의원,"경상북도 문경시 중앙6길 10-1, (점촌동)",1986-08-16,0,36.5954493,128.2007093,False,11.58
JDQ4MTYyMiM4MSMkMiMkMCMkMDAkMzgxNzAyIzMxIyQxIyQzIyQ4MiQ0NjE0ODEjNjEjJDEjJDQjJDgz,김신경외과의원,47280,의원,"경상북도 문경시 신흥시장길 25, (흥덕동)",2002-05-01,18,36.600859,128.20353,False,11.14
JDQ4MTYyMiM4MSMkMSMkMCMkNzIkMzgxOTYxIzIxIyQxIyQxIyQ5MiQ0NjE0ODEjNDEjJDEjJDgjJDgz,김원일치과의원,47280,치과의원,"경상북도 문경시 매봉4길 13, 대동타운 2층 203호 (모전동)",1996-05-02,0,36.5867435,128.183449,False,11.98
JDQ4MTYyMiM4MSMkMSMkMCMkNzIkMzgxOTYxIzExIyQxIyQzIyQ5MiQzNjE0ODEjNjEjJDEjJDgjJDgz,김지호치과의원,47280,치과의원,"경상북도 문경시 중앙로 127, 3층 (점촌동)",2003-09-16,0,36.5965051,128.1999834,False,11.44
JDQ4MTYyMiM4MSMkMSMkMCMkMTMkNDgxOTYxIzQxIyQxIyQ3IyQ3MiQyNjEwMDIjNDEjJDEjJDgjJDgz,김태일한의원,47280,한의원,"경상북도 문경시 신흥시장길 23-8, (흥덕동)",2019-05-14,0,36.6007732,128.2041138,False,11.17
JDQ4MTYyMiM4MSMkMSMkMCMkMTMkNDgxMzUxIzMxIyQxIyQzIyQ5OSQzNjE0ODEjNjEjJDEjJDgjJDgz,김형묵한의원,47280,한의원,"경상북도 문경시 당교로 222, (모전동)",2003-03-17,0,36.5853864,128.1874231,False,12.22
JDQ4MTYyMiM4MSMkMSMkMCMkNzIkMzgxOTYxIzIxIyQxIyQ5IyQwMyQyNjE0ODEjNjEjJDEjJDgjJDgz,남치과의원,47280,치과의원,"경상북도 문경시 문경읍 청운로 54, (문경읍)",1999-03-31,0,36.7365164,128.1069998,False,6.29
JDQ4MTYyMiM4MSMkMSMkMCMkOTIkMzgxNzAyIzExIyQxIyQzIyQwMyQyNjEwMDIjODEjJDEjJDYjJDgz,농암궁기보건진료소,47280,보건진료소,"경상북도 문경시 농암면 궁터길 162, 162",1985-03-31,0,36.6139348,127.965535,False,18.44
JDQ4MTYyMiM4MSMkMSMkMCMkOTIkMzgxOTYxIzExIyQxIyQzIyQ5MiQzNjE0ODEjNjEjJDEjJDQjJDgz,농암보건지소,47280,보건지소,"경상북도 문경시 농암면 농암길 65-5, 65",1986-01-02,0,36.5990743,128.0039249,False,16.45
JDQ4MTYyMiM4MSMkMSMkMCMkOTIkMzgxNzAyIzExIyQxIyQzIyQwMyQyNjE0ODEjNDEjJDEjJDgjJDgz,농암지동보건진료소,47280,보건진료소,"경상북도 문경시 농암면 선바우길 3, 3",1981-12-08,0,36.5533383,128.0509364,False,17.6
JDQ4MTYyMiM4MSMkMiMkMCMkMDAkNDgxMzUxIzIxIyQxIyQ1IyQ5MiQyNjE4MzIjNjEjJDEjJDAjJDgz,대한의원,47280,의원,"경상북도 문경시 중앙로 212, 성진빌딩 3층 (흥덕동)",2025-09-19,0,36.6028575,128.2046454,False,10.98
JDQ4MTYyMiM4MSMkMSMkMCMkNzIkMzgxMTkxIzIxIyQxIyQxIyQ3MiQyNjEwMDIjNjEjJDEjJDQjJDgz,더블유치과의원,47280,치과의원,"경상북도 문경시 당교로 250-1, (모전동)",2011-07-25,0,36.5859693,128.1904686,False,12.24
JDQ4MTYyMiM4MSMkMSMkMCMkOTIkMzgxNzAyIzExIyQxIyQzIyQwMyQyNjE4MzIjNjEjJDEjJDQjJDgz,동로명전보건진료소,47280,보건진료소,"경상북도 문경시 동로면 명전길 13, 13",1983-12-28,0,36.8542602,128.2818401,False,21.7
JDQ4MTYyMiM4MSMkMSMkMCMkOTIkMzgxOTYxIzExIyQxIyQzIyQ5MiQyNjE4MzIjNzEjJDEjJDgjJDgz,동로보건지소,47280,보건지소,"경상북도 문경시 동로면 벌재장터길 20-20, (동로면)",1987-01-02,0,36.772652,128.315722,False,17.45
JDQ4MTYyMiM4MSMkMSMkMCMkOTIkMzgxNzAyIzExIyQxIyQzIyQwMyQzNjE0ODEjNTEjJDEjJDYjJDgz,동로석항보건진료소,47280,보건진료소,"경상북도 문경시 동로면 석항명봉로 547, (동로면)",1985-11-06,0,36.7825586,128.3484332,False,20.52
JDQ4MTYyMiM4MSMkMiMkMCMkMDAkNDgxOTYxIzMxIyQxIyQzIyQ3MiQ0NjE0ODEjODEjJDEjJDYjJDgz,드림비뇨기과의원,47280,의원,"경상북도 문경시 중앙로 127, 2층 (점촌동)",2015-05-04,0,36.5965051,128.1999834,False,11.44
JDQ4MTYyMiM4MSMkMSMkMCMkOTIkMzgxOTYxIzExIyQxIyQzIyQ5MiQzNjEwMDIjNTEjJDEjJDYjJDgz,마성보건지소,47280,보건지소,"경상북도 문경시 마성면 외어1길 11-7, (마성면)",1982-01-02,0,36.6939528,128.1218405,False,2.42
JDQ4MTYyMiM4MSMkMSMkMCMkOTIkMzgxNzAyIzExIyQxIyQzIyQwMyQyNjEyMjIjNzEjJDEjJDgjJDgz,마성하내보건진료소,47280,보건진료소,"경상북도 문경시 마성면 하내1길 95, 95",1984-12-08,0,36.6609782,128.0836604,False,6.68
JDQ4MTYyMiM4MSMkMSMkMCMkMTMkNDgxMzUxIzUxIyQxIyQ1IyQ2MiQ0NjE0ODEjODEjJDEjJDYjJDgz,명광한의원,47280,한의원,"경상북도 문경시 중앙로 138, (점촌동)",2007-10-22,0,36.5970644,128.2009253,False,11.42
JDQ4MTYyMiM4MSMkMiMkMCMkMDAkNDgxMzUxIzUxIyQxIyQxIyQwMyQzNjE0ODEjNDEjJDEjJDgjJDgz,명내과의원,47280,의원,"경상북도 문경시 점촌로 23, (점촌동)",2006-10-17,0,36.5969034,128.2001159,False,11.41
JDQ4MTYyMiM4MSMkMiMkMCMkMDAkMzgxMTkxIzIxIyQxIyQxIyQ4MiQzNjE4MzIjNTEjJDEjJDIjJDgz,문경가톨릭정형외과의원,47280,의원,"경상북도 문경시 중앙로 148, (점촌동)",2023-04-06,0,36.5977367,128.2014003,False,11.37
JDQ4MTYyMiM4MSMkMSMkMCMkOTIkMzgxNzAyIzExIyQxIyQzIyQxMyQyNjEyMjIjNjEjJDEjJDAjJDgz,문경갈평보건진료소,47280,보건진료소,"경상북도 문경시 문경읍 갈평길 36, 36",1983-12-28,0,36.7871303,128.1580599,False,10.74
JDQ4MTYyMiM4MSMkMSMkMCMkOTIkMzgxOTYxIzExIyQxIyQ3IyQ5MiQ0NjEwMDIjNTEjJDEjJDIjJDgz,문경보건지소,47280,보건지소,"경상북도 문경시 문경읍 청운로 55, (문경읍)",1985-01-02,0,36.7373076,128.1070111,False,6.37
JDQ4MTYyMiM4MSMkMSMkMCMkOTIkMzgxMzUxIzExIyQxIyQzIyQ3OSQzNjE0ODEjODEjJDEjJDYjJDgz,문경시보건소,47280,보건소,"경상북도 문경시 점촌1길 9, (점촌동)",1963-01-02,0,36.5961501,128.1974315,False,11.39
JDQ4MTYyMiM4MSMkMSMkMCMkOTkkNTgxMzUxIzIxIyQxIyQ1IyQwMyQ0NjEwMDIjODEjJDEjJDIjJDgz,문경점촌요양병원,47280,요양병원,"경상북도 문경시 영신영강길 30-0,  (영신동)",2023-04-17,240,36.5879863,128.2137606,True,12.82
JDQ4MTYyMiM4MSMkMiMkMCMkMDAkNDgxMTkxIzExIyQxIyQzIyQ4OSQyNjE0ODEjODEjJDEjJDIjJDgz,문경중앙의원,47280,의원,"경상북도 문경시 문경읍 주흘로 47-4, (문경읍)",2018-04-20,0,36.7357411,128.1089131,False,6.13
JDQ4MTYyMiM4MSMkMSMkMCMkNzIkMzgxOTYxIzIxIyQxIyQ1IyQ2MiQyNjE0ODEjNDEjJDEjJDgjJDgz,문경치과의원,47280,치과의원,"경상북도 문경시 점촌로 19, (점촌동)",2005-06-29,0,36.5966091,128.2007657,False,11.46
JDQ4MTYyMiM4MSMkMSMkMCMkMTMkNDgxOTYxIzQxIyQyIyQ3IyQwMCQzNjEwMDIjNDEjJDEjJDQjJDgz,문경한의원,47280,한의원,"경상북도 문경시 문경읍 주흘로 39, 2층",2002-11-30,0,36.7353329,128.1081236,False,6.13
JDQ4MTYyMiM4MSMkMSMkMCMkNzIkMzgxOTYxIzIxIyQxIyQ5IyQxMyQyNjE0ODEjNTEjJDEjJDYjJDgz,미치과의원,47280,치과의원,"경상북도 문경시 중앙로 115, 2층 (점촌동, 동명빌딩)",1999-06-03,0,36.5954912,128.1992756,False,11.52
JDQ4MTYyMiM4MSMkMiMkMCMkMDAkMzgxMTkxIzExIyQxIyQzIyQ4OSQyNjE4MzIjNDEjJDEjJDgjJDgz,민정형외과의원,47280,의원,"경상북도 문경시 점촌로 26, (점촌동)",1994-01-21,0,36.5971807,128.2002859,False,11.38
JDQ4MTYyMiM4MSMkMSMkMCMkMTMkNDgxOTYxIzQxIyQxIyQ3IyQ3OSQzNjE0ODEjNDEjJDEjJDQjJDgz,바른손한의원,47280,한의원,"경상북도 문경시 중앙로 143, (점촌동)",2015-04-20,0,36.5977359,128.2009287,False,11.35
JDQ4MTYyMiM4MSMkMiMkMCMkMDAkNDgxOTYxIzUxIyQyIyQ1IyQwMCQzNjEyMjIjNTEjJDEjJDYjJDgz,바른의원,47280,의원,"경상북도 문경시 중앙로 183-1, (흥덕동)",2020-08-25,0,36.6009795,128.2026374,False,11.09
JDQ4MTYyMiM4MSMkMiMkMCMkMDAkMzgxOTYxIzUxIyQxIyQ1IyQ4MiQzNjE0ODEjNzEjJDEjJDgjJDgz,박내과의원,47280,의원,"경상북도 문경시 중앙로 198, (흥덕동)",1993-09-01,0,36.6018497,128.2037058,False,11.04
JDQ4MTYyMiM4MSMkMiMkMCMkMDAkNDgxMzUxIzMxIyQxIyQ3IyQ5MiQyNjEwMDIjNzEjJDEjJDgjJDgz,박앤박의원,47280,의원,"경상북도 문경시 중앙로 133, 2,3층 (점촌동, 백양빌딩)",2008-06-02,0,36.5967879,128.2001787,False,11.42
JDQ4MTYyMiM4MSMkMiMkMCMkMDAkMzgxNzAyIzExIyQxIyQzIyQ4OSQzNjE0ODEjNjEjJDEjJDAjJDgz,배영철가정의원,47280,의원,"경상북도 문경시 신흥시장길 23-4, 1층 (흥덕동)",2000-03-31,0,36.6009265,128.2037938,False,11.14
JDQ4MTYyMiM4MSMkMSMkMCMkMTMkNDgxMzUxIzMxIyQyIyQzIyQwMCQyNjEyMjIjNzEjJDEjJDgjJDgz,봉생한의원,47280,한의원,"경상북도 문경시 중앙로 144, (점촌동)",2003-04-17,0,36.5974573,128.201175,False,11.39
JDQ4MTYyMiM4MSMkMSMkMCMkOTIkMzgxOTYxIzExIyQxIyQzIyQ5MiQyNjEyMjIjODEjJDEjJDYjJDgz,산북보건지소,47280,보건지소,"경상북도 문경시 산북면 한두리들길 13, 산북보건지소",1985-01-02,0,36.6551783,128.2602116,False,10.71
JDQ4MTYyMiM4MSMkMSMkMCMkOTIkMzgxNzAyIzExIyQxIyQzIyQwMyQzNjEwMDIjNDEjJDEjJDgjJDgz,산북지내보건진료소,47280,보건진료소,"경상북도 문경시 산북면 지산1길 14-3, 14",1985-03-31,0,36.6455006,128.3252067,False,16.53
JDQ4MTYyMiM4MSMkMSMkMCMkOTIkMzgxNzAyIzExIyQxIyQzIyQwMyQzNjEyMjIjNDEjJDEjJDQjJDgz,산북창구보건진료소,47280,보건진료소,"경상북도 문경시 산북면 창구길 14, (산북면)",1983-12-08,0,36.7606273,128.2447489,False,11.56
JDQ4MTYyMiM4MSMkMSMkMCMkOTIkMzgxOTYxIzExIyQxIyQzIyQ5MiQyNjEwMDIjNDEjJDEjJDgjJDgz,산양보건지소,47280,보건지소,"경상북도 문경시 산양면 산양로 95, 95",1986-01-02,0,36.610805,128.2570883,False,13.14
JDQ4MTYyMiM4MSMkMSMkMCMkOTIkMzgxNzAyIzExIyQxIyQzIyQwMyQ0NjE0ODEjNjEjJDEjJDgjJDgz,산양형천보건진료소,47280,보건진료소,"경상북도 문경시 산양면 고모1길 4, 4",1984-12-08,0,36.6451235,128.2912124,False,13.69
JDQ4MTYyMiM4MSMkMiMkMCMkMDAkNDgxMTkxIzUxIyQxIyQ1IyQ3OSQ0NjE0ODEjNTEjJDEjJDYjJDgz,삼성안과의원,47280,의원,"경상북도 문경시 점촌로 23, 4,5층 (점촌동)",2004-12-09,0,36.5969034,128.2001159,False,11.41
JDQ4MTYyMiM4MSMkMiMkMCMkMDAkNDgxOTYxIzExIyQxIyQ3IyQxMyQyNjE4MzIjNDEjJDEjJDgjJDgz,삼성연합의원,47280,의원,"경상북도 문경시 중앙로 138, (점촌동)",2012-03-07,0,36.5970644,128.2009253,False,11.42
JDQ4MTYyMiM4MSMkMiMkMCMkMDAkNDgxMTkxIzExIyQxIyQzIyQ4MiQzNjEwMDIjNjEjJDEjJDQjJDgz,새재의원,47280,의원,"경상북도 문경시 문경읍 문희로 37, (문경읍)",2018-10-15,0,36.7355306,128.1080919,False,6.15
JDQ4MTYyMiM4MSMkMSMkMCMkMTMkNDgxOTYxIzUxIyQxIyQ1IyQ4OSQyNjEwMDIjNjEjJDEjJDQjJDgz,새재한의원,47280,한의원,"경상북도 문경시 중앙로 152, (점촌동)",2023-05-02,0,36.5981108,128.2016673,False,11.34
JDQ4MTYyMiM4MSMkMSMkMCMkNzIkMzgxMTkxIzMxIyQxIyQzIyQwMyQ0NjE0ODEjNTEjJDEjJDYjJDgz,서울강남플란트치과의원,47280,치과의원,"경상북도 문경시 당교로 261, (모전동)",2017-01-11,0,36.5867322,128.1914188,False,12.18
JDQ4MTYyMiM4MSMkMSMkMCMkNzIkMzgxMTkxIzUxIyQxIyQxIyQ5OSQyNjEyMjIjNDEjJDEjJDQjJDgz,서울믿음치과의원,47280,치과의원,"경상북도 문경시 문경읍 주흘로 49, 3층",2024-10-21,0,36.7354635,128.1092005,False,6.09
JDQ4MTYyMiM4MSMkMiMkMCMkMDAkNDgxMzUxIzExIyQxIyQzIyQ4OSQzNjEwMDIjODEjJDEjJDIjJDgz,서울연합내과의원,47280,의원,"경상북도 문경시 중앙로 81, (점촌동)",2004-06-30,0,36.5932515,128.1969833,False,11.67
JDQ4MTYyMiM4MSMkMiMkMCMkMDAkNDgxOTYxIzExIyQxIyQ3IyQ4MiQ0NjE0ODEjNDEjJDEjJDgjJDgz,서울의원,47280,의원,"경상북도 문경시 중앙로 105, (점촌동)",2012-01-10,11,36.5946728,128.1986711,False,11.58
JDQ4MTYyMiM4MSMkMSMkMCMkNzIkMzgxMTkxIzUxIyQxIyQxIyQ4OSQyNjEwMDIjNjEjJDEjJDAjJDgz,서울제일치과의원,47280,치과의원,"경상북도 문경시 매봉6길 3, 2층 (모전동)",2024-08-01,0,36.5860508,128.1815603,False,12.01
JDQ4MTYyMiM4MSMkMSMkMCMkNzIkMzgxMTkxIzIxIyQxIyQ1IyQxMyQzNjE0ODEjNjEjJDEjJDQjJDgz,서울치과의원,47280,치과의원,"경상북도 문경시 상신로 2, (점촌동)",2016-02-11,0,36.5950586,128.1989689,False,11.55
JDQ4MTYyMiM4MSMkMSMkMCMkMTMkNDgxOTYxIzUxIyQxIyQ1IyQ4OSQzNjE0ODEjNDEjJDEjJDQjJDgz,서울한의원,47280,한의원,"경상북도 문경시 문경읍 문희로 18, 새재토탈인테리어",2017-12-01,0,36.7339619,128.108621,False,5.98
JDQ4MTYyMiM4MSMkMiMkMCMkMDAkNDgxMTkxIzQxIyQxIyQ3IyQ4OSQyNjE4MzIjNzEjJDEjJDgjJDgz,성모안과의원,47280,의원,"경상북도 문경시 중앙로 139, (점촌동)",1991-03-13,0,36.5972503,128.2005925,False,11.39
JDQ4MTYyMiM4MSMkMiMkMCMkMDAkMzgxMTkxIzUxIyQxIyQxIyQ3OSQ0NjEwMDIjNTEjJDEjJDYjJDgz,세종의원,47280,의원,"경상북도 문경시 매봉4길 26, (모전동)",1999-04-16,0,36.5867583,128.184625,False,12.01
JDQ4MTYyMiM4MSMkMSMkMCMkNzIkMzgxMTkxIzQxIyQyIyQ3IyQwMCQzNjEwMDIjNjEjJDEjJDQjJDgz,수치과의원,47280,치과의원,"경상북도 문경시 중앙9길 1, 2층 (점촌동)",2023-04-28,0,36.5979478,128.2015171,False,11.35
JDQ4MTYyMiM4MSMkMiMkMCMkMDAkNDgxMTkxIzIxIyQxIyQ1IyQ4OSQyNjEyMjIjNTEjJDEjJDYjJDgz,스마일내과의원,47280,의원,"경상북도 문경시 상신로 4, 2층 (점촌동)",2021-01-06,0,36.5951122,128.1986562,False,11.54
JDQ4MTYyMiM4MSMkMSMkMCMkOTkkNTgxMzUxIzIxIyQxIyQ1IyQxMyQyNjE4MzIjNjEjJDEjJDgjJDgz,시립문경요양병원,47280,요양병원,"경상북도 문경시 문경읍 여우목로 31, (문경읍)",2007-10-04,200,36.7319234,128.1117306,True,5.63
JDQ4MTYyMiM4MSMkMSMkMCMkNzIkMzgxMzUxIzUxIyQxIyQxIyQ4MiQyNjE0ODEjNDEjJDEjJDgjJDgz,신명치과의원,47280,치과의원,"경상북도 문경시 점촌5길 2, (점촌동)",1991-05-01,0,36.5963697,128.1999594,False,11.45
JDQ4MTYyMiM4MSMkMSMkMCMkNzIkMzgxOTYxIzExIyQxIyQzIyQ5OSQyNjEyMjIjNTEjJDEjJDYjJDgz,신정훈치과의원,47280,치과의원,"경상북도 문경시 문경읍 문희로 45, (문경읍)",1993-04-24,0,36.7361728,128.1076666,False,6.23
JDQ4MTYyMiM4MSMkMSMkMCMkMTMkMzgxNzAyIzExIyQxIyQzIyQ2MiQzNjE4MzIjODEjJDEjJDIjJDgz,신한의원,47280,한의원,"경상북도 문경시 운동장로 54, (모전동)",2009-02-17,0,36.5891486,128.1938729,False,12.0
JDQ4MTYyMiM4MSMkMiMkMCMkMDAkNDgxMTkxIzIxIyQxIyQ5IyQ3OSQzNjEwMDIjNzEjJDEjJDgjJDgz,아름다운 얼굴 피부과 의원,47280,의원,"경상북도 문경시 당교3길 19, 4층 (모전동)",2021-10-19,0,36.5852466,128.1898879,False,12.3
JDQ4MTYyMiM4MSMkMSMkMCMkMTMkNDgxOTYxIzUxIyQxIyQ1IyQ4MiQzNjE0ODEjNjEjJDEjJDgjJDgz,안심한의원,47280,한의원,"경상북도 문경시 모전로 61, 세종빌딩 3층 3호 (모전동)",2024-05-28,0,36.5869177,128.1912274,False,12.16
JDQ4MTYyMiM4MSMkMSMkMCMkMTMkMzgxNzAyIzIxIyQxIyQ1IyQxMyQzNjE0ODEjODEjJDEjJDYjJDgz,엄용대한의원,47280,한의원,"경상북도 문경시 영신로 10-1, (점촌동)",1989-09-11,0,36.5943364,128.1998938,False,11.66
JDQ4MTYyMiM4MSMkMiMkMCMkMDAkNDgxMzUxIzUxIyQyIyQ1IyQwMCQzNjEyMjIjODEjJDEjJDIjJDgz,연세사랑의원,47280,의원,"경상북도 문경시 매봉로 21, 1층 (모전동)",2010-04-23,0,36.586452,128.1814084,False,11.97
JDQ4MTYyMiM4MSMkMiMkMCMkMDAkNDgxOTYxIzIxIyQxIyQ1IyQ4MiQyNjEwMDIjNjEjJDEjJDgjJDgz,연우소아청소년과의원,47280,의원,"경상북도 문경시 매봉6길 4-1, (모전동)",2013-10-14,0,36.5861108,128.1809861,False,11.99
JDQ4MTYyMiM4MSMkMiMkMCMkMDAkMzgxNzAyIzExIyQxIyQ3IyQ4OSQyNjEwMDIjNjEjJDEjJDgjJDgz,연합의원,47280,의원,"경상북도 문경시 문경읍 문희로 28, (문경읍)",2008-06-10,0,36.7348875,128.1091097,False,6.04
JDQ4MTYyMiM4MSMkMiMkMCMkMDAkNDgxMTkxIzIxIyQxIyQ5IyQxMyQzNjE4MzIjODEjJDEjJDYjJDgz,영강의원,47280,의원,"경상북도 문경시 중앙로 106, 2층 (점촌동)",2017-04-06,0,36.594504,128.1990661,False,11.61
JDQ4MTYyMiM4MSMkMSMkMCMkOTIkMzgxOTYxIzExIyQxIyQzIyQ4MiQ0NjEwMDIjODEjJDEjJDYjJDgz,영순보건지소,47280,보건지소,"경상북도 문경시 영순면 의곡2길 14-3, 14",1984-01-02,0,36.5813056,128.2368061,False,14.5
JDQ4MTYyMiM4MSMkMSMkMCMkOTIkMzgxNzAyIzExIyQxIyQzIyQxMyQyNjE0ODEjODEjJDEjJDIjJDgz,영순오룡보건진료소,47280,보건진료소,"경상북도 문경시 영순면 영순로 625, 625",1983-12-28,0,36.5757872,128.2716579,False,16.85
JDQ4MTYyMiM4MSMkMSMkMCMkOTIkMzgxNzAyIzExIyQxIyQzIyQwMyQ0NjEwMDIjNjEjJDEjJDAjJDgz,영순율곡보건진료소,47280,보건진료소,"경상북도 문경시 영순면 영풍로 806, (율곡보건진료소)",1985-11-06,0,36.5421326,128.2383166,False,18.37
JDQ4MTYyMiM4MSMkMSMkMCMkNzIkMzgxMTkxIzIxIyQxIyQ5IyQ2MiQzNjEwMDIjNTEjJDEjJDYjJDgz,예솔복지의료소비자생활협동조합 예솔치과의원,47280,치과의원,"경상북도 문경시 점촌5길 7, (점촌동, 서울신통의원)",2016-12-13,0,36.5962961,128.1993472,False,11.44
JDQ4MTYyMiM4MSMkMiMkMCMkMDAkNDgxMzUxIzExIyQxIyQ3IyQ3MiQ0NjEwMDIjNjEjJDEjJDgjJDgz,용이비인후과의원,47280,의원,"경상북도 문경시 중앙로 195, (흥덕동)",2005-04-22,0,36.6018053,128.2031616,False,11.03
JDQ4MTYyMiM4MSMkMiMkMCMkMDAkNDgxMzUxIzExIyQyIyQ3IyQwMCQzNjEyMjIjNzEjJDEjJDgjJDgz,우리연합정형외과의원,47280,의원,"경상북도 문경시 중앙로 203, (흥덕동)",2009-02-11,15,36.6025369,128.2037365,False,10.98
JDQ4MTYyMiM4MSMkMiMkMCMkMDAkMzgxNzAyIzIxIyQxIyQxIyQ5MiQ0NjE0ODEjNTEjJDEjJDYjJDgz,우리이비인후과의원,47280,의원,"경상북도 문경시 중앙로 133, (점촌동)",2009-04-30,0,36.5967879,128.2001787,False,11.42
JDQ4MTYyMiM4MSMkMSMkMCMkMTMkNDgxOTYxIzUxIyQxIyQ1IyQ5OSQzNjEyMjIjNTEjJDEjJDYjJDgz,우리한의원,47280,한의원,"경상북도 문경시 흥덕로 18, 2층 (흥덕동)",2023-08-03,0,36.6010259,128.2054516,False,11.2
JDQ4MTYyMiM4MSMkMSMkMCMkNzIkMzgxMTkxIzMxIyQxIyQzIyQ5MiQyNjEyMjIjNzEjJDEjJDgjJDgz,유치과의원,47280,치과의원,"경상북도 문경시 가은읍 대야로 2460-2, (가은읍)",2019-03-04,0,36.6479865,128.0610281,False,9.15
JDQ4MTYyMiM4MSMkMSMkMCMkODkkMzgxMzUxIzExIyQxIyQzIyQ4OSQyNjE0ODEjNjEjJDEjJDgjJDgz,의료법인동춘의료재단문경제일병원,47280,종합병원,"경상북도 문경시 당교3길 25,  (모전동)",1981-06-05,691,36.58444,128.1892251,True,12.37
JDQ4MTYyMiM4MSMkMSMkMCMkOTkkMzgxMzUxIzIxIyQxIyQxIyQ5OSQyNjEyMjIjNzEjJDEjJDgjJDgz,의료법인서일의료재단문경중앙병원,47280,병원,"경상북도 문경시 중앙로 117-18,  (점촌동)",2006-04-17,85,36.5960035,128.1990814,True,11.46
JDQ4MTYyMiM4MSMkMiMkMCMkMDAkMzgxOTYxIzIxIyQxIyQxIyQ3MiQyNjEyMjIjODEjJDEjJDYjJDgz,이웅렬이비인후과의원,47280,의원,"경상북도 문경시 중앙로 144, (점촌동)",1987-01-05,0,36.5974903,128.2011759,False,11.38
JDQ4MTYyMiM4MSMkMiMkMCMkMDAkNDgxOTYxIzMxIyQxIyQzIyQ4OSQzNjE0ODEjNzEjJDEjJDgjJDgz,이준희내과의원,47280,의원,"경상북도 문경시 당교로 261, (모전동)",2015-01-22,0,36.5867322,128.1914188,False,12.18
JDQ4MTYyMiM4MSMkMSMkMCMkNzIkMzgxOTYxIzExIyQxIyQzIyQ5OSQ0NjE0ODEjNTEjJDEjJDIjJDgz,이철우치과의원,47280,치과의원,"경상북도 문경시 영신로 10, (점촌동)",1993-05-01,0,36.5944836,128.20004,False,11.65
JDQ4MTYyMiM4MSMkMSMkMCMkMTMkNDgxOTYxIzUxIyQxIyQxIyQ2MiQzNjEyMjIjNDEjJDEjJDgjJDgz,임설혜한의원,47280,한의원,"경상북도 문경시 매봉6길 3, 3층 (모전동)",2021-06-28,0,36.5860508,128.1815603,False,12.01
JDQ4MTYyMiM4MSMkMiMkMCMkMDAkMzgxMTkxIzUxIyQxIyQ1IyQwMyQ0NjE0ODEjNDEjJDEjJDQjJDgz,임춘근산부인과의원,47280,의원,"경상북도 문경시 신흥로 160, 2층 (점촌동)",2000-02-29,0,36.5952568,128.2023496,False,11.65
JDQ4MTYyMiM4MSMkMSMkMCMkNzIkMzgxMTkxIzQxIyQxIyQ3IyQ3OSQzNjE0ODEjNjEjJDEjJDQjJDgz,임치과의원,47280,치과의원,"경상북도 문경시 중앙로 203, 2층 202호 (흥덕동)",2022-09-26,0,36.6025369,128.2037365,False,10.98
JDQ4MTYyMiM4MSMkMiMkMCMkMDAkNDgxMzUxIzExIyQxIyQzIyQxMyQyNjEyMjIjNDEjJDEjJDgjJDgz,전종구내과의원,47280,의원,"경상북도 문경시 중앙로 184, (흥덕동)",2005-02-16,0,36.6008168,128.2029863,False,11.12
JDQ4MTYyMiM4MSMkMSMkMCMkNzIkMzgxMzUxIzUxIyQxIyQxIyQ5OSQyNjE4MzIjNzEjJDEjJDgjJDgz,정광연합치과의원,47280,치과의원,"경상북도 문경시 신흥1길 9, (흥덕동)",2016-12-29,0,36.5996737,128.2034248,False,11.25
JDQ4MTYyMiM4MSMkMSMkMCMkMTMkNDgxOTYxIzMxIyQxIyQ3IyQwMyQ0NjEwMDIjNTEjJDEjJDIjJDgz,제일한의원,47280,한의원,"경상북도 문경시 신흥시장길 24, (흥덕동)",2018-03-15,0,36.6011453,128.2033259,False,11.1
JDQ4MTYyMiM4MSMkMiMkMCMkMDAkMzgxMTkxIzMxIyQxIyQzIyQwMyQyNjEyMjIjNjEjJDEjJDQjJDgz,중앙가정의학과의원,47280,의원,"경상북도 문경시 가은읍 대야로 2480-1, (가은읍)",1997-10-10,0,36.646312,128.0617428,False,9.2
JDQ4MTYyMiM4MSMkMSMkMCMkMTMkNDgxOTYxIzIxIyQxIyQ1IyQ4OSQzNjE4MzIjNjEjJDEjJDgjJDgz,중앙한의원,47280,한의원,"경상북도 문경시 중앙로 92, 1,2층 (점촌동)",2012-04-25,0,36.5934011,128.1980681,False,11.69
JDQ4MTYyMiM4MSMkMSMkMCMkNzIkMzgxMTkxIzMxIyQxIyQ3IyQ4MiQzNjEyMjIjODEjJDEjJDYjJDgz,채상식 치과의원,47280,치과의원,"경상북도 문경시 중앙로 156-2, (점촌동)",2021-10-26,0,36.5984417,128.2021724,False,11.33
JDQ4MTYyMiM4MSMkMSMkMCMkMTMkNDgxOTYxIzQxIyQxIyQ3IyQ4MiQyNjE4MzIjNjEjJDEjJDQjJDgz,청담한의원,47280,한의원,"경상북도 문경시 중앙로 183-1, 1층 (흥덕동)",2019-08-09,0,36.6009795,128.2026374,False,11.09
JDQ4MTYyMiM4MSMkMiMkMCMkMDAkMzgxOTYxIzIxIyQxIyQxIyQ2MiQzNjE4MzIjNTEjJDEjJDIjJDgz,평화산부인과의원,47280,의원,"경상북도 문경시 중앙로 154, (점촌동)",1986-11-17,4,36.5982032,128.2018177,False,11.34
JDQ4MTYyMiM4MSMkMSMkMCMkNzIkMzgxOTYxIzUxIyQxIyQxIyQ4OSQzNjE4MzIjODEjJDEjJDIjJDgz,푸른치과의원,47280,치과의원,"경상북도 문경시 중앙로 144-1, (점촌동)",2005-05-09,0,36.5975471,128.2012408,False,11.38
JDQ4MTYyMiM4MSMkMSMkMCMkNzIkMzgxMTkxIzMxIyQxIyQzIyQ5MiQ0NjE0ODEjNjEjJDEjJDgjJDgz,하나치과의원,47280,치과의원,"경상북도 문경시 중앙로 196, 하나치과의원 1층 (흥덕동)",2019-04-19,0,36.6015288,128.2035714,False,11.07
JDQ4MTYyMiM4MSMkMiMkMCMkMDAkNDgxMzUxIzQxIyQxIyQ3IyQwMyQ0NjEwMDIjNjEjJDEjJDgjJDgz,한국의원,47280,의원,"경상북도 문경시 문경읍 문희로 16, (문경읍)",2010-05-20,0,36.7337408,128.1086022,False,5.96
JDQ4MTYyMiM4MSMkMiMkMCMkMDAkNDgxOTYxIzIxIyQxIyQ1IyQ3OSQ0NjEwMDIjODEjJDEjJDIjJDgz,한솔비뇨기과의원,47280,의원,"경상북도 문경시 중앙로 137, (점촌동)",2013-02-21,0,36.5972278,128.2004694,False,11.39
JDQ4MTYyMiM4MSMkMSMkMCMkMTMkNDgxMzUxIzExIyQxIyQ3IyQ3OSQzNjE0ODEjNjEjJDEjJDgjJDgz,함제한의원,47280,한의원,"경상북도 문경시 중앙로 182-1, 1층 (흥덕동)",1998-05-28,0,36.600677,128.2029149,False,11.13
JDQ4MTYyMiM4MSMkMiMkMCMkMDAkMzgxMTkxIzMxIyQxIyQ3IyQ5OSQzNjEyMjIjNDEjJDEjJDgjJDgz,현대내과의원,47280,의원,"경상북도 문경시 중앙로 167, (흥덕동)",1998-06-12,0,36.5995044,128.2020495,False,11.21
JDQ4MTYyMiM4MSMkMSMkMCMkNzIkMzgxOTYxIzMxIyQxIyQzIyQ3OSQ0NjEwMDIjODEjJDEjJDIjJDgz,현대부부치과의원,47280,치과의원,"경상북도 문경시 중앙로 202, (흥덕동)",1999-10-28,0,36.6021353,128.203959,False,11.02
JDQ4MTYyMiM4MSMkMSMkMCMkMTMkNDgxMzUxIzExIyQxIyQzIyQxMyQyNjE0ODEjNTEjJDEjJDIjJDgz,혜명한의원,47280,한의원,"경상북도 문경시 중앙로 198, (흥덕동)",1998-04-10,0,36.6018497,128.2037058,False,11.04
JDQ4MTYyMiM4MSMkMSMkMCMkOTIkMzgxOTYxIzExIyQxIyQzIyQ5MiQyNjE0ODEjNTEjJDEjJDIjJDgz,호계보건지소,47280,보건지소,"경상북도 문경시 호계면 부천로 116, (호계면)",1986-01-02,0,36.6310024,128.2069041,False,8.44
JDQ4MTYyMiM4MSMkMSMkMCMkOTIkMzgxNzAyIzExIyQxIyQzIyQwMyQzNjE4MzIjODEjJDEjJDIjJDgz,호계지천보건진료소,47280,보건진료소,"경상북도 문경시 호계면 부천로 576, (호계면)",1984-12-08,0,36.6607246,128.2312752,False,8.09
JDQ4MTYyMiM4MSMkMSMkMCMkMTMkNDgxMzUxIzIxIyQxIyQ5IyQ4OSQyNjE0ODEjNDEjJDEjJDQjJDgz,회춘한의원,47280,한의원,"경상북도 문경시 가은읍 대야로 2493, (가은읍)",2001-12-22,0,36.6452501,128.062563,False,9.2
JDQ4MTYyMiM4MSMkMiMkMCMkMDAkMzgxOTYxIzQxIyQxIyQ3IyQ5OSQzNjE0ODEjNjEjJDEjJDQjJDgz,(사)대한산업보건협회부설경북의원,47290,의원,"경상북도 경산시 진량읍 공단1로 28, (진량읍)",1995-01-24,0,35.8734517,128.8219741,False,4.54
JDQ4MTYyMiM4MSMkMSMkMCMkNzIkMzgxOTYxIzIxIyQxIyQ5IyQ5OSQyNjE0ODEjNTEjJDEjJDIjJDgz,365 열린치과의원,47290,치과의원,"경상북도 경산시 옥산로 227, 경산이마트 2층 2106호 (중산동)",2006-06-05,0,35.8352147,128.7207432,False,7.96
JDQ4MTYyMiM4MSMkMSMkMCMkNzIkMzgxMTkxIzIxIyQxIyQ1IyQwMyQyNjEwMDIjNTEjJDEjJDYjJDgz,E건강치과의원,47290,치과의원,"경상북도 경산시 진량읍 공단로 475, 475",2015-12-01,0,35.8739518,128.8185507,False,4.53
JDQ4MTYyMiM4MSMkMSMkMCMkMTMkNDgxOTYxIzExIyQxIyQzIyQ3OSQyNjE0ODEjNTEjJDEjJDIjJDgz,가까운한의원,47290,한의원,"경상북도 경산시 하양읍 서사도리4로 1, 3층 301호,302호",2008-04-29,0,35.9186259,128.8083307,False,9.41
JDQ4MTYyMiM4MSMkMSMkMCMkOTIkMzgxNzAyIzExIyQxIyQ3IyQ5OSQyNjEyMjIjNDEjJDEjJDQjJDgz,가일보건진료소,47290,보건진료소,"경상북도 경산시 압량면 가일길 128, 128",1984-04-30,0,35.8416037,128.7845774,False,2.37
JDQ4MTYyMiM4MSMkMSMkMCMkMTMkNDgxOTYxIzQxIyQxIyQ3IyQxMyQzNjEyMjIjNDEjJDEjJDgjJDgz,갈창림 한의원,47290,한의원,"경상북도 경산시 하양읍 동서2길 43, 3층",2020-06-03,0,35.9174266,128.8238232,False,9.37
JDQ4MTYyMiM4MSMkMSMkMCMkMTMkNDgxOTYxIzMxIyQxIyQzIyQ5OSQzNjE4MzIjNjEjJDEjJDgjJDgz,강길만한의원,47290,한의원,"경상북도 경산시 백자로10길 1, 2,3층 (사동)",2015-04-24,9,35.8107298,128.7540491,False,5.59
JDQ4MTYyMiM4MSMkMSMkMCMkMTMkNDgxMzUxIzQxIyQxIyQ3IyQ5MiQyNjE4MzIjNzEjJDEjJDgjJDgz,강남약손한의원,47290,한의원,"경상북도 경산시 경안로 205, 3층 (중방동)",2005-05-04,0,35.8258907,128.7366133,False,6.59
JDQ4MTYyMiM4MSMkMSMkMCMkMTMkNDgxOTYxIzExIyQxIyQzIyQ3MiQzNjE4MzIjNjEjJDEjJDgjJDgz,강서한의원,47290,한의원,"경상북도 경산시 대학로10길 9, 2층 (정평동)",2010-03-04,0,35.8330458,128.7280752,False,7.3
JDQ4MTYyMiM4MSMkMSMkMCMkNzIkMzgxMzUxIzUxIyQxIyQ1IyQ4MiQzNjE4MzIjNjEjJDEjJDQjJDgz,강치과의원,47290,치과의원,"경상북도 경산시 중앙로 51, (중방동)",1992-07-22,0,35.822283,128.732821,False,7.0
JDQ4MTYyMiM4MSMkMiMkMCMkMDAkMzgxMTkxIzQxIyQxIyQ3IyQxMyQzNjEwMDIjNDEjJDEjJDQjJDgz,강호정내과의원,47290,의원,"경상북도 경산시 원효로 2, (중방동)",1999-04-22,0,35.8235937,128.7377397,False,6.53
JDQ4MTYyMiM4MSMkMiMkMCMkMDAkNDgxMTkxIzMxIyQxIyQzIyQ3MiQ0NjE0ODEjNjEjJDEjJDAjJDgz,건강한뇌신경과의원,47290,의원,"경상북도 경산시 백자로 78, 302, 303호 (사동)",2023-02-02,0,35.812509,128.7557768,False,5.37
JDQ4MTYyMiM4MSMkMiMkMCMkMDAkNDgxOTYxIzIxIyQxIyQxIyQwMyQzNjE4MzIjNTEjJDEjJDYjJDgz,건강한장연합내과의원,47290,의원,"경상북도 경산시 백자로 65, 4층 (사동)",2013-01-18,0,35.8119799,128.7545687,False,5.49
JDQ4MTYyMiM4MSMkMiMkMCMkMDAkNDgxMTkxIzMxIyQxIyQ3IyQ3MiQ0NjEwMDIjODEjJDEjJDYjJDgz,경대연합용한속내과의원,47290,의원,"경상북도 경산시 경안로 202, (중방동)",2011-08-19,0,35.8255842,128.7373615,False,6.53
JDQ4MTYyMiM4MSMkMSMkMCMkOTkkMzgxMzUxIzIxIyQxIyQ5IyQxMyQyNjE0ODEjNjEjJDEjJDAjJDgz,경북권역재활병원,47290,병원,"경상북도 경산시 미래로 120-0,  (평산동)",2021-01-18,150,35.8149451,128.7653058,True,4.48
JDQ4MTYyMiM4MSMkMiMkMCMkMDAkNDgxMzUxIzExIyQxIyQ3IyQ5OSQzNjE4MzIjODEjJDEjJDIjJDgz,경북신경외과의원,47290,의원,"경상북도 경산시 중앙로 85, (중방동)",2005-03-09,0,35.8237736,128.7362396,False,6.66
JDQ4MTYyMiM4MSMkMiMkMCMkMDAkMzgxMTkxIzQxIyQxIyQ3IyQxMyQ0NjE0ODEjNjEjJDEjJDAjJDgz,경북연합내과의원,47290,의원,"경상북도 경산시 중앙로 81, 2층 (중방동)",1999-04-23,0,35.8236043,128.7358187,False,6.7
JDQ4MTYyMiM4MSMkMSMkMCMkMTMkMzgxNzAyIzUxIyQxIyQxIyQxMyQzNjE4MzIjNjEjJDEjJDQjJDgz,경북한의원,47290,한의원,"경상북도 경산시 자인면 자인로 181, 181",1991-03-19,0,35.815933,128.824913,False,2.46
JDQ4MTYyMiM4MSMkMSMkMCMkMTMkMzgxNzAyIzUxIyQxIyQ1IyQ4OSQzNjE4MzIjNTEjJDEjJDYjJDgz,경산단한의원,47290,한의원,"경상북도 경산시 성동로 14, 2층 (정평동)",2011-09-05,0,35.8359145,128.7256047,False,7.53
JDQ4MTYyMiM4MSMkMiMkMCMkMDAkNDgxOTYxIzUxIyQyIyQ1IyQwMCQyNjE0ODEjNjEjJDEjJDAjJDgz,경산대경영상의학과의원,47290,의원,"경상북도 경산시 경안로 204, 경도빌딩 3층 (중방동)",2017-09-13,0,35.8257123,128.7370995,False,6.55
JDQ4MTYyMiM4MSMkMSMkMCMkMTMkNDgxOTYxIzUxIyQxIyQxIyQ4OSQyNjE4MzIjNjEjJDEjJDQjJDgz,경산동의한방촌 한의원,47290,한의원,"경상북도 경산시 남산면 삼성현공원로 38, (남산면)",2020-11-19,0,35.7997363,128.7991292,False,3.91
JDQ4MTYyMiM4MSMkMSMkMCMkNjIkMzgxMzUxIzExIyQxIyQzIyQ2MiQ0NjE0ODEjNzEjJDEjJDgjJDgz,경산라온치과병원,47290,치과병원,"경상북도 경산시 경안로 186-0,  2층 (중방동)",2011-07-20,0,35.8242493,128.7376086,False,6.53
JDQ4MTYyMiM4MSMkMSMkMCMkNjIkMzgxMzUxIzExIyQxIyQzIyQ3MiQyNjE4MzIjNTEjJDEjJDYjJDgz,경산미르치과병원,47290,치과병원,"경상북도 경산시 경안로65길 5-10,  (대평동)",2005-07-19,0,35.8347404,128.7339375,False,6.77
JDQ4MTYyMiM4MSMkMiMkMCMkMDAkMzgxNzAyIzUxIyQxIyQxIyQwMyQyNjEwMDIjNDEjJDEjJDgjJDgz,경산밝은안과의원,47290,의원,"경상북도 경산시 중방로 17, 4층 (중방동)",2003-12-06,0,35.8303321,128.736076,False,6.59
JDQ4MTYyMiM4MSMkMiMkMCMkMDAkMzgxMTkxIzIxIyQxIyQ5IyQ4MiQzNjEyMjIjNzEjJDEjJDgjJDgz,경산산부인과의원,47290,의원,"경상북도 경산시 중앙로 63, 2층 (중방동)",1997-05-27,0,35.8226853,128.7338083,False,6.9
JDQ4MTYyMiM4MSMkMiMkMCMkMDAkMzgxMTkxIzMxIyQxIyQzIyQ5OSQyNjE4MzIjNDEjJDEjJDQjJDgz,경산수연합가정의학과의원,47290,의원,"경상북도 경산시 백양로 180, 2층 (사동)",2009-10-09,0,35.8103303,128.7603995,False,5.12
JDQ4MTYyMiM4MSMkMSMkMCMkOTIkMzgxMzUxIzExIyQxIyQzIyQ2MiQyNjEwMDIjNTEjJDEjJDYjJDgz,경산시보건소,47290,보건소,"경상북도 경산시 남매로 158, (중방동)",1961-01-01,0,35.8251125,128.7432823,False,6.01
JDQ4MTYyMiM4MSMkMiMkMCMkMDAkMzgxMTkxIzIxIyQxIyQ1IyQ3OSQzNjEwMDIjODEjJDEjJDYjJDgz,경산안과의원,47290,의원,"경상북도 경산시 경안로 202, 3층 (중방동)",1996-04-15,0,35.8255842,128.7373615,False,6.53
JDQ4MTYyMiM4MSMkMSMkMCMkMTMkNDgxOTYxIzQxIyQxIyQ3IyQ2MiQzNjEwMDIjNzEjJDEjJDgjJDgz,경산에스(S)한의원,47290,한의원,"경상북도 경산시 남매공원로1길 9, 임당타워 3층 (계양동)",2020-12-29,9,35.8337248,128.7418527,False,6.06
JDQ4MTYyMiM4MSMkMiMkMCMkMDAkMzgxMTkxIzIxIyQxIyQ1IyQ4MiQ0NjEwMDIjNjEjJDEjJDQjJDgz,경산연합이비인후과의원,47290,의원,"경상북도 경산시 경안로 191, (중방동)",1996-08-20,0,35.8245052,128.7368409,False,6.6
JDQ4MTYyMiM4MSMkMSMkMCMkMTMkMzgxNzAyIzIxIyQxIyQxIyQwMyQ0NjE0ODEjODEjJDEjJDIjJDgz,경산영남한의원,47290,한의원,"경상북도 경산시 경안로48길 5, 1,2층 (중방동)",2018-01-29,12,35.8283931,128.7368369,False,6.54
JDQ4MTYyMiM4MSMkMSMkMCMkNzIkMzgxMzUxIzUxIyQxIyQxIyQ4MiQyNjEyMjIjODEjJDEjJDIjJDgz,경산우리치과의원,47290,치과의원,"경상북도 경산시 삼풍로 11, 201동 202호 (삼풍동, 경산 태왕드림하이츠)",2025-04-11,0,35.8218604,128.7546068,False,5.09
JDQ4MTYyMiM4MSMkMiMkMCMkMDAkNDgxOTYxIzMxIyQxIyQ3IyQ4OSQyNjE4MzIjNjEjJDEjJDQjJDgz,경산으뜸정형외과의원,47290,의원,"경상북도 경산시 압량면 대학로 388, (압량읍)",2015-10-07,0,35.8421606,128.7625889,False,4.29
JDQ4MTYyMiM4MSMkMSMkMCMkMTMkNDgxMzUxIzUxIyQxIyQ1IyQ3OSQzNjE0ODEjNzEjJDEjJDgjJDgz,경산일침한의원,47290,한의원,"경상북도 경산시 경안로 195, 1층 (중방동)",2007-03-19,0,35.8248718,128.7368585,False,6.59
JDQ4MTYyMiM4MSMkMiMkMCMkMDAkMzgxMTkxIzUxIyQxIyQxIyQ5MiQyNjEyMjIjNzEjJDEjJDgjJDgz,경산정신과의원,47290,의원,"경상북도 경산시 중앙로 69, (중방동)",1999-08-11,0,35.82295,128.7346625,False,6.82
JDQ4MTYyMiM4MSMkMiMkMCMkMDAkMzgxNzAyIzExIyQxIyQzIyQ5OSQyNjEwMDIjNzEjJDEjJDgjJDgz,경산정형외과연합의원,47290,의원,"경상북도 경산시 중앙로 25, (사정동)",2000-04-26,27,35.820925,128.73005,False,7.27
JDQ4MTYyMiM4MSMkMiMkMCMkMDAkMzgxNzAyIzIxIyQxIyQ5IyQ5OSQzNjEyMjIjNTEjJDEjJDYjJDgz,경산제일신경외과의원,47290,의원,"경상북도 경산시 경안로 203, 1,2,5,6층 (중방동)",2001-11-30,0,35.8256719,128.7365568,False,6.6
JDQ4MTYyMiM4MSMkMiMkMCMkMDAkNDgxMzUxIzIxIyQxIyQxIyQ3MiQzNjEyMjIjODEjJDEjJDIjJDgz,경산제일안과의원,47290,의원,"경상북도 경산시 중앙로 78, 3층 (중방동)",2006-01-11,0,35.8228687,128.7355,False,6.75
JDQ4MTYyMiM4MSMkMSMkMCMkMTMkNDgxMzUxIzExIyQxIyQzIyQwMyQzNjE4MzIjNTEjJDEjJDIjJDgz,경산제일한의원,47290,한의원,"경상북도 경산시 경청로221길 3, 백천빌딩 4층 (백천동)",2014-06-24,0,35.8041558,128.7386363,False,7.16
JDQ4MTYyMiM4MSMkMiMkMCMkMDAkMzgxMTkxIzUxIyQxIyQxIyQ3MiQ0NjEwMDIjNDEjJDEjJDQjJDgz,경산제통의원,47290,의원,"경상북도 경산시 경안로 195, 2층 (중방동)",2004-03-05,0,35.8248718,128.7368585,False,6.59
JDQ4MTYyMiM4MSMkMSMkMCMkNzIkMzgxOTYxIzIxIyQxIyQ5IyQ5OSQzNjEwMDIjNTEjJDEjJDYjJDgz,경산행복을심는치과의원,47290,치과의원,"경상북도 경산시 대학로 44, 4층 (정평동)",2008-08-18,0,35.8338387,128.7274942,False,7.35
JDQ4MTYyMiM4MSMkMiMkMCMkMDAkNDgxMTkxIzIxIyQxIyQ5IyQ4OSQzNjEyMjIjNTEjJDEjJDIjJDgz,경산혜인내과의원,47290,의원,"경상북도 경산시 강변서로 141, 3~4층 (사정동)",2015-06-05,0,35.8203117,128.7306354,False,7.23
JDQ4MTYyMiM4MSMkMSMkMCMkOTkkNTgxMzUxIzExIyQxIyQzIyQ3OSQzNjE0ODEjNDEjJDEjJDQjJDgz,경상북도립경산노인전문요양병원,47290,요양병원,"경상북도 경산시 경안로 23-10,  (상방동)",2001-01-09,298,35.809358,128.7392,True,6.87
JDQ4MTYyMiM4MSMkMSMkMCMkMTMkNDgxOTYxIzUxIyQxIyQ1IyQ5MiQyNjEwMDIjODEjJDEjJDYjJDgz,경희차율한의원 경산점,47290,한의원,"경상북도 경산시 펜타힐즈2로 65, 305호, 306호 (중산동)",2024-08-21,0,35.8295195,128.7199445,False,8.05
JDQ4MTYyMiM4MSMkMSMkMCMkMTMkNDgxOTYxIzIxIyQyIyQ5IyQwMCQyNjE0ODEjNDEjJDEjJDQjJDgz,경희한의원,47290,한의원,"경상북도 경산시 대학로 63, 3~4층 (정평동)",2013-11-04,23,35.8344228,128.7294985,False,7.17
JDQ4MTYyMiM4MSMkMiMkMCMkMDAkMzgxNzAyIzExIyQxIyQ3IyQxMyQyNjE0ODEjNjEjJDEjJDgjJDgz,계양연합의원,47290,의원,"경상북도 경산시  장산로 260, (사동)",2013-05-29,0,35.81725,128.752775,False,5.41
JDQ4MTYyMiM4MSMkMiMkMCMkMDAkMzgxNzAyIzUxIyQxIyQxIyQ2MiQyNjE0ODEjNjEjJDEjJDAjJDgz,고운의원,47290,의원,"경상북도 경산시 하양읍 하양로 92, 2층",2013-06-03,0,35.9126265,128.8180665,False,8.78
JDQ4MTYyMiM4MSMkMSMkMCMkNzIkMzgxOTYxIzExIyQyIyQ3IyQwMCQzNjE0ODEjNTEjJDEjJDYjJDgz,고운치과의원,47290,치과의원,"경상북도 경산시 대학로12길 23, (정평동)",1991-10-07,0,35.8317248,128.7296055,False,7.17
JDQ4MTYyMiM4MSMkMiMkMCMkMDAkNDgxOTYxIzMxIyQxIyQ3IyQ4OSQzNjE4MzIjODEjJDEjJDIjJDgz,곰돌이연합소아청소년과의원,47290,의원,"경상북도 경산시 경안로 202, 3층 (중방동)",2015-11-02,0,35.8255842,128.7373615,False,6.53
JDQ4MTYyMiM4MSMkMSMkMCMkMTMkNDgxMzUxIzIxIyQxIyQ5IyQ2MiQ0NjE0ODEjNzEjJDEjJDgjJDgz,공단한의원,47290,한의원,"경상북도 경산시 진량읍 다문로 62, (진량읍)",2021-04-26,0,35.8745678,128.8179938,False,4.58
JDQ4MTYyMiM4MSMkMSMkMCMkMTMkMzgxNzAyIzIxIyQxIyQxIyQxMyQzNjEwMDIjNDEjJDEjJDgjJDgz,광명한의원,47290,한의원,"경상북도 경산시 자인면 설총로 901, (자인면)",1988-04-09,0,35.816475,128.825538,False,2.45
JDQ4MTYyMiM4MSMkMSMkMCMkMTMkNDgxMzUxIzExIyQxIyQzIyQ4MiQzNjE0ODEjNTEjJDEjJDYjJDgz,광제한의원,47290,한의원,"경상북도 경산시 하양읍 서사도리9로 25, 드림스퀘어1차 2층 203호",2003-03-28,0,35.9167739,128.8132062,False,9.21
JDQ4MTYyMiM4MSMkMiMkMCMkMDAkMzgxNzAyIzExIyQxIyQ3IyQxMyQzNjE0ODEjODEjJDEjJDYjJDgz,구정형외과의원,47290,의원,"경상북도 경산시 경안로 232, 구정형외과연합의원 지하~3층 (중방동)",2023-12-13,0,35.8282436,128.7364396,False,6.58
JDQ4MTYyMiM4MSMkMSMkMCMkOTkkMzgxMzUxIzExIyQxIyQzIyQ4MiQzNjE4MzIjNjEjJDEjJDAjJDgz,국군대구병원,47290,병원,"경상북도 경산시 하양읍 대경로 425-41, (하양읍)",1994-12-17,100,35.9024751,128.7887915,True,7.83
JDQ4MTYyMiM4MSMkMSMkMCMkNzIkMzgxMTkxIzIxIyQxIyQ5IyQ4OSQzNjEwMDIjNDEjJDEjJDgjJDgz,권승훈치과의원,47290,치과의원,"경상북도 경산시 대학로 46, 4층 (정평동)",2018-10-29,0,35.8337425,128.7277482,False,7.33
JDQ4MTYyMiM4MSMkMSMkMCMkNzIkMzgxMzUxIzMxIyQxIyQzIyQ4MiQyNjEyMjIjODEjJDEjJDYjJDgz,권치과의원,47290,치과의원,"경상북도 경산시 경안로 180, (중방동)",2001-10-13,0,35.8234446,128.7377484,False,6.54
JDQ4MTYyMiM4MSMkMSMkMCMkOTIkMzgxNzAyIzExIyQxIyQ3IyQ5OSQyNjE0ODEjNTEjJDEjJDYjJDgz,금곡보건진료소,47290,보건진료소,"경상북도 경산시 남천면 관방로 1150, (남천면)",1983-12-17,0,35.7583301,128.7495475,False,9.98
JDQ4MTYyMiM4MSMkMSMkMCMkNzIkMzgxMzUxIzMxIyQyIyQ3IyQwMCQyNjEyMjIjNTEjJDEjJDYjJDgz,김동길치과의원,47290,치과의원,"경상북도 경산시 하양읍 하양로 84-1, 3층",1993-04-09,0,35.9121419,128.8174876,False,8.72
JDQ4MTYyMiM4MSMkMiMkMCMkMDAkNDgxOTYxIzUxIyQyIyQxIyQwMCQyNjE0ODEjODEjJDEjJDIjJDgz,김동희속내과의원,47290,의원,"경상북도 경산시 경안로 186, (중방동)",2017-02-10,0,35.8242493,128.7376086,False,6.53
JDQ4MTYyMiM4MSMkMiMkMCMkMDAkMzgxMTkxIzMxIyQxIyQzIyQxMyQyNjEwMDIjNjEjJDEjJDAjJDgz,김병훈내과의원,47290,의원,"경상북도 경산시 하양읍 하양로 101, (하양읍)",1998-04-15,0,35.9134889,128.8185762,False,8.88
JDQ4MTYyMiM4MSMkMiMkMCMkMDAkMzgxMTkxIzExIyQxIyQ3IyQwMyQyNjEwMDIjNDEjJDEjJDgjJDgz,김연합소아청소년과의원,47290,의원,"경상북도 경산시 성암로 43, (옥산동)",1995-04-28,0,35.8231882,128.7224016,False,7.91
JDQ4MTYyMiM4MSMkMiMkMCMkMDAkNDgxMTkxIzIxIyQxIyQ1IyQxMyQzNjE0ODEjODEjJDEjJDIjJDgz,김주현신경과의원,47290,의원,"경상북도 경산시 대학로 46, 2층 (정평동)",2021-09-15,0,35.8337425,128.7277482,False,7.33
JDQ4MTYyMiM4MSMkMiMkMCMkMDAkNDgxMzUxIzMxIyQxIyQ3IyQ3OSQyNjEwMDIjNjEjJDEjJDgjJDgz,김창연제통의원,47290,의원,"경상북도 경산시 하양읍 하양로 112, 4층 401호",2008-01-14,0,35.9139092,128.8196946,False,8.94
JDQ4MTYyMiM4MSMkMiMkMCMkMDAkMzgxNzAyIzMxIyQxIyQzIyQ5MiQ0NjE0ODEjNTEjJDEjJDIjJDgz,김태영정형외과의원,47290,의원,"경상북도 경산시 하양읍 하양로 93, 1,5층",2019-01-16,0,35.9129724,128.8178095,False,8.82
JDQ4MTYyMiM4MSMkMSMkMCMkMTMkNDgxMzUxIzExIyQxIyQzIyQ2MiQzNjEyMjIjNjEjJDEjJDQjJDgz,김현일한의원,47290,한의원,"경상북도 경산시 진량읍 공단2로 76, (진량읍)",2018-10-22,19,35.8713084,128.8272503,False,4.46
JDQ4MTYyMiM4MSMkMSMkMCMkOTkkMzgxOTYxIzExIyQxIyQzIyQ4OSQzNjE0ODEjODEjJDEjJDYjJDgz,꿈그린소아청소년과병원,47290,병원,"경상북도 경산시 대학로 11,  (중산동)",2015-11-27,40,35.835345,128.7240224,True,7.67
JDQ4MTYyMiM4MSMkMSMkMCMkOTIkMzgxOTYxIzExIyQxIyQ3IyQwMyQyNjEwMDIjNjEjJDEjJDAjJDgz,남산보건지소,47290,보건지소,"경상북도 경산시 남산면 하남로 323, (남산면)",1964-01-01,0,35.7931821,128.8379761,False,5.23
JDQ4MTYyMiM4MSMkMSMkMCMkOTIkMzgxOTYxIzExIyQxIyQ3IyQ2MiQ0NjEwMDIjNDEjJDEjJDgjJDgz,남천보건지소,47290,보건지소,"경상북도 경산시 남천면 남천로 465, 465",1964-01-01,0,35.766667,128.72685,False,10.54
JDQ4MTYyMiM4MSMkMSMkMCMkMTMkNDgxMzUxIzUxIyQxIyQxIyQ3MiQyNjE0ODEjNjEjJDEjJDAjJDgz,노정일한의원,47290,한의원,"경상북도 경산시 중앙로 67, 3층 (중방동)",2006-08-23,0,35.8228441,128.7344117,False,6.84
JDQ4MTYyMiM4MSMkMSMkMCMkMTMkNDgxOTYxIzExIyQxIyQzIyQ5MiQyNjEyMjIjNDEjJDEjJDQjJDgz,누가 한의원,47290,한의원,"경상북도 경산시 원효로42길 68, 2층 (사동)",2019-11-05,0,35.8133084,128.7550584,False,5.39
JDQ4MTYyMiM4MSMkMSMkMCMkNzIkMzgxMTkxIzIxIyQxIyQxIyQ4MiQyNjE0ODEjNjEjJDEjJDAjJDgz,뉴욕치과의원,47290,치과의원,"경상북도 경산시 하양읍 하양로 120-1, 3층",2013-12-18,0,35.9144092,128.8203644,False,9.0
JDQ4MTYyMiM4MSMkMiMkMCMkMDAkNDgxMzUxIzMxIyQxIyQ3IyQ4MiQyNjEwMDIjNDEjJDEjJDQjJDgz,늘편한내과의원,47290,의원,"경상북도 경산시 진량읍 선화로20길 23-1, 2층",2008-04-30,0,35.8649539,128.7947577,False,3.68
JDQ4MTYyMiM4MSMkMSMkMCMkOTIkMzgxNzAyIzExIyQxIyQ3IyQ5OSQzNjE4MzIjNDEjJDEjJDgjJDgz,다문보건진료소,47290,보건진료소,"경상북도 경산시 진량읍 다문로70길 66, (진량읍)",1983-12-17,0,35.8713533,128.848887,False,5.49
JDQ4MTYyMiM4MSMkMiMkMCMkMDAkNDgxMTkxIzUxIyQxIyQxIyQ4MiQzNjEwMDIjNjEjJDEjJDgjJDgz,닥터리메이드앤서울드림연합의원,47290,의원,"경상북도 경산시 성동로 8, 2,4,5층 (정평동)",2025-07-09,0,35.8354225,128.7258806,False,7.5
JDQ4MTYyMiM4MSMkMSMkMCMkNzIkMzgxMTkxIzMxIyQxIyQ3IyQ5MiQyNjEyMjIjNTEjJDEjJDYjJDgz,닥터정치과의원,47290,치과의원,"경상북도 경산시 원효로 158, 3층 (계양동)",2021-12-20,0,35.8205345,128.7538454,False,5.2
JDQ4MTYyMiM4MSMkMiMkMCMkMDAkNDgxOTYxIzIxIyQxIyQ5IyQ3OSQyNjEyMjIjNzEjJDEjJDgjJDgz,달팽이신경과의원,47290,의원,"경상북도 경산시 중앙로 81, 3층 (중방동)",2014-02-17,0,35.8236043,128.7358187,False,6.7
JDQ4MTYyMiM4MSMkMiMkMCMkMDAkMzgxMTkxIzQxIyQxIyQ3IyQ5MiQzNjE0ODEjNzEjJDEjJDgjJDgz,대경비뇨기과의원,47290,의원,"경상북도 경산시 하양읍 하양로 119, (하양읍)",1999-03-27,0,35.9145739,128.8200081,False,9.02
JDQ4MTYyMiM4MSMkMSMkMCMkOTIkMzgxNzAyIzExIyQxIyQ3IyQ5OSQzNjE0ODEjNjEjJDEjJDgjJDgz,대왕보건진료소,47290,보건진료소,"경상북도 경산시 남산면 대왕로 339-9, 339",1983-12-17,0,35.7642736,128.8309599,False,8.0
JDQ4MTYyMiM4MSMkMSMkMCMkOTIkMzgxNzAyIzExIyQxIyQ3IyQ4OSQ0NjEwMDIjNDEjJDEjJDQjJDgz,대원보건진료소,47290,보건진료소,"경상북도 경산시 진량읍 진성로 232, (진량읍)",1988-11-08,0,35.8576631,128.8266077,False,3.07
JDQ4MTYyMiM4MSMkMSMkMCMkMTMkNDgxMzUxIzMxIyQxIyQzIyQ4OSQzNjEwMDIjNzEjJDEjJDgjJDgz,대활한의원,47290,한의원,"경상북도 경산시 대학로9길 8, 201호 (정평동, 현대타운상가)",2003-08-27,0,35.8360019,128.7284607,False,7.27
JDQ4MTYyMiM4MSMkMSMkMCMkNzIkMzgxMTkxIzMxIyQxIyQ3IyQ5OSQyNjE4MzIjNjEjJDEjJDQjJDgz,더 편한 치과의원,47290,치과의원,"경상북도 경산시 백자로10길 3-11, 2층 (사동)",2020-05-15,0,35.8114358,128.7547807,False,5.5
JDQ4MTYyMiM4MSMkMSMkMCMkMTMkNDgxOTYxIzQxIyQxIyQ3IyQ3MiQzNjE0ODEjNjEjJDEjJDgjJDgz,더채운한의원,47290,한의원,"경상북도 경산시 펜타힐즈2로 37, 201호 (중산동)",2019-06-03,0,35.8274286,128.7186611,False,8.18
JDQ4MTYyMiM4MSMkMSMkMCMkNzIkMzgxMzUxIzUxIyQxIyQxIyQ3MiQ0NjEwMDIjODEjJDEjJDIjJDgz,덕성치과의원,47290,치과의원,"경상북도 경산시 경안로 190, (중방동)",1991-05-20,0,35.8245379,128.7374047,False,6.55
JDQ4MTYyMiM4MSMkMSMkMCMkOTIkMzgxNzAyIzExIyQxIyQ3IyQ5OSQzNjEwMDIjNjEjJDEjJDAjJDgz,도덕보건진료소,47290,보건진료소,"경상북도 경산시 용성면 용대로 220, 220",1984-04-30,0,35.810457,128.8797479,False,6.89
JDQ4MTYyMiM4MSMkMSMkMCMkNzIkMzgxMTkxIzMxIyQxIyQzIyQ5OSQyNjEwMDIjNTEjJDEjJDIjJDgz,도레미키즈치과의원,47290,치과의원,"경상북도 경산시 대학로 11, 2층 201호 (중산동)",2018-02-23,0,35.8353356,128.7240148,False,7.67
JDQ4MTYyMiM4MSMkMSMkMCMkNzIkMzgxMzUxIzMxIyQxIyQ3IyQ5MiQyNjE4MzIjNDEjJDEjJDgjJDgz,도치과의원,47290,치과의원,"경상북도 경산시 경안로 197, (중방동)",1989-07-18,0,35.8250703,128.7367554,False,6.59
JDQ4MTYyMiM4MSMkMSMkMCMkMTMkMzgxNzAyIzQxIyQxIyQ3IyQ3MiQyNjE0ODEjNTEjJDEjJDIjJDgz,동방한의원,47290,한의원,"경상북도 경산시 백자로 131, (사동)",1993-07-23,0,35.8167321,128.7586912,False,4.93
JDQ4MTYyMiM4MSMkMSMkMCMkMTMkNDgxOTYxIzExIyQxIyQ3IyQ2MiQ0NjE0ODEjNTEjJDEjJDYjJDgz,동인당한의원,47290,한의원,"경상북도 경산시 하양읍 하양로 107, 4층",2010-02-22,0,35.9138772,128.8189684,False,8.93
JDQ4MTYyMiM4MSMkMiMkMCMkMDAkNDgxOTYxIzUxIyQxIyQ1IyQ3MiQyNjE0ODEjODEjJDEjJDYjJDgz,등편한신경외과의원,47290,의원,"경상북도 경산시 하양읍 하양로 107, 2층",2017-11-29,0,35.9138772,128.8189684,False,8.93
JDQ4MTYyMiM4MSMkMiMkMCMkMDAkNDgxMTkxIzExIyQxIyQzIyQ5MiQyNjE0ODEjNDEjJDEjJDgjJDgz,라소아청소년과의원,47290,의원,"경상북도 경산시 대학로 46, 1층 (정평동)",2018-10-29,0,35.8337425,128.7277482,False,7.33
JDQ4MTYyMiM4MSMkMSMkMCMkNzIkMzgxOTYxIzExIyQxIyQ3IyQ3MiQzNjE4MzIjNTEjJDEjJDIjJDgz,라엘치과의원,47290,치과의원,"경상북도 경산시 압량면 압독3로 31, 3층",2016-04-11,0,35.8424634,128.7648199,False,4.1
JDQ4MTYyMiM4MSMkMSMkMCMkNzIkMzgxMTkxIzMxIyQxIyQzIyQ3MiQyNjE4MzIjNDEjJDEjJDgjJDgz,라온S치과의원,47290,치과의원,"경상북도 경산시 경안로 186, 3층 (중방동)",2018-10-22,0,35.8242493,128.7376086,False,6.53
JDQ4MTYyMiM4MSMkMSMkMCMkNzIkMzgxOTYxIzExIyQxIyQzIyQ4OSQ0NjE0ODEjNjEjJDEjJDQjJDgz,램브란트치과의원,47290,치과의원,"경상북도 경산시 중앙로 85, 4층 (중방동, 대구은행)",1993-05-12,0,35.8237736,128.7362396,False,6.66
JDQ4MTYyMiM4MSMkMiMkMCMkMDAkNDgxMTkxIzQxIyQxIyQ3IyQwMyQyNjEyMjIjNDEjJDEjJDQjJDgz,루니아의원 경산점,47290,의원,"경상북도 경산시 대학로 44, 3층 (정평동)",2024-11-27,0,35.8338387,128.7274942,False,7.35
JDQ4MTYyMiM4MSMkMiMkMCMkMDAkMzgxNzAyIzIxIyQyIyQ1IyQwMCQ0NjE0ODEjNDEjJDEjJDgjJDgz,류앤닥터스내과의원,47290,의원,"경상북도 경산시 대학로10길 1, 유진빌딩 2층 (정평동)",2001-06-21,0,35.8336963,128.7280023,False,7.31
JDQ4MTYyMiM4MSMkMSMkMCMkMTMkNDgxOTYxIzMxIyQxIyQ3IyQ4MiQ0NjEwMDIjODEjJDEjJDIjJDgz,리뉴한의원,47290,한의원,"경상북도 경산시 대학로8길 21, 4층 (정평동)",2024-03-20,0,35.8327861,128.7273515,False,7.37
JDQ4MTYyMiM4MSMkMSMkMCMkOTkkNTgxMzUxIzIxIyQxIyQ1IyQwMyQzNjEyMjIjNTEjJDEjJDYjJDgz,리암요양병원,47290,요양병원,"경상북도 경산시 원효로 172-0, (사동)",2022-09-20,105,35.8197585,128.7553861,True,5.09
JDQ4MTYyMiM4MSMkMiMkMCMkMDAkNDgxOTYxIzMxIyQxIyQ3IyQ3OSQyNjEwMDIjNDEjJDEjJDgjJDgz,마디신통의원,47290,의원,"경상북도 경산시 장산로 258, 2층 (사동, 계림빌딩)",2015-09-04,0,35.8174096,128.752416,False,5.43
JDQ4MTYyMiM4MSMkMiMkMCMkMDAkNDgxOTYxIzIxIyQxIyQ5IyQ5OSQzNjE4MzIjNTEjJDEjJDIjJDgz,마디튼튼연합의원,47290,의원,"경상북도 경산시 펜타힐즈2로 27, 6층 602,603호 (중산동)",2014-04-21,0,35.8271546,128.7179627,False,8.25
JDQ4MTYyMiM4MSMkMiMkMCMkMDAkNDgxMTkxIzMxIyQyIyQzIyQwMCQ0NjEwMDIjODEjJDEjJDIjJDgz,마미안산부인과의원,47290,의원,"경상북도 경산시 중앙로 77, 3층 (중방동)",2022-12-06,0,35.8234618,128.735146,False,6.77
JDQ4MTYyMiM4MSMkMSMkMCMkNzIkMzgxMTkxIzExIyQxIyQ3IyQwMyQyNjEyMjIjODEjJDEjJDYjJDgz,맥치과의원,47290,치과의원,"경상북도 경산시 경안로 202, 5층 (중방동)",2012-10-23,0,35.8255842,128.7373615,False,6.53
JDQ4MTYyMiM4MSMkMSMkMCMkMTMkNDgxMzUxIzUxIyQxIyQxIyQ4MiQyNjEyMjIjODEjJDEjJDIjJDgz,명성당한의원,47290,한의원,"경상북도 경산시 중앙로17길 3, 2층 (중방동)",2017-06-07,0,35.8236376,128.7355085,False,6.73
JDQ4MTYyMiM4MSMkMSMkMCMkNzIkMzgxMzUxIzIxIyQxIyQ1IyQwMyQzNjE0ODEjNzEjJDEjJDgjJDgz,명치과의원,47290,치과의원,"경상북도 경산시 중앙로 79, (중방동)",1985-04-26,0,35.8234177,128.7355074,False,6.74
JDQ4MTYyMiM4MSMkMiMkMCMkMDAkMzgxNzAyIzExIyQxIyQ3IyQ3OSQ0NjE0ODEjNjEjJDEjJDgjJDgz,미래연합의원,47290,의원,"경상북도 경산시 장산로 265, (사동)",2000-10-25,0,35.8174363,128.7534384,False,5.34
JDQ4MTYyMiM4MSMkMSMkMCMkNzIkMzgxMTkxIzMxIyQxIyQzIyQ5MiQyNjEwMDIjODEjJDEjJDYjJDgz,미소심는치과의원,47290,치과의원,"경상북도 경산시 펜타힐즈2로 27, 중산타워 4층 402호 (중산동)",2019-02-21,0,35.8271546,128.7179627,False,8.25
JDQ4MTYyMiM4MSMkMSMkMCMkNzIkMzgxMTkxIzIxIyQxIyQ5IyQ5OSQyNjE0ODEjODEjJDEjJDIjJDgz,민치과의원,47290,치과의원,"경상북도 경산시 중앙로 81, 4층 (중방동)",2019-02-15,0,35.8236043,128.7358187,False,6.7
JDQ4MTYyMiM4MSMkMSMkMCMkMTMkNDgxMzUxIzUxIyQxIyQ1IyQwMyQyNjEwMDIjNDEjJDEjJDgjJDgz,바로선한의원,47290,한의원,"경상북도 경산시 펜타힐즈로 74, 4층 404호 (중산동)",2022-08-19,0,35.8300949,128.719891,False,8.05
JDQ4MTYyMiM4MSMkMSMkMCMkNzIkMzgxMTkxIzIxIyQxIyQxIyQ4OSQyNjE4MzIjNTEjJDEjJDIjJDgz,바른길치과의원,47290,치과의원,"경상북도 경산시 백자로 78, (사동)",2013-05-07,0,35.812509,128.7557768,False,5.37
JDQ4MTYyMiM4MSMkMSMkMCMkMTMkNDgxOTYxIzExIyQxIyQ3IyQ3MiQzNjE0ODEjODEjJDEjJDIjJDgz,바른몸한의원,47290,한의원,"경상북도 경산시 중앙로 73, 2층 (중방동)",2010-03-17,0,35.8231443,128.73499,False,6.79
JDQ4MTYyMiM4MSMkMiMkMCMkMDAkNDgxOTYxIzQxIyQxIyQ3IyQxMyQyNjEwMDIjNTEjJDEjJDYjJDgz,바른속내과의원,47290,의원,"경상북도 경산시 성암로 42, 1층 (옥산동)",2016-09-22,0,35.8227741,128.722328,False,7.92
JDQ4MTYyMiM4MSMkMSMkMCMkMTMkNDgxMzUxIzIxIyQxIyQ5IyQ5MiQyNjE0ODEjNTEjJDEjJDYjJDgz,바른척척한의원,47290,한의원,"경상북도 경산시 중앙로 91, 2층 (중방동)",2018-05-21,0,35.8239423,128.7367435,False,6.62
JDQ4MTYyMiM4MSMkMiMkMCMkMDAkNDgxMzUxIzIxIyQxIyQ5IyQ3MiQ0NjE0ODEjNzEjJDEjJDgjJDgz,박내과의원,47290,의원,"경상북도 경산시 하양읍 서사도리4로 1, 2층 201호",2022-06-24,0,35.9186259,128.8083307,False,9.41
JDQ4MTYyMiM4MSMkMSMkMCMkOTIkMzgxNzAyIzExIyQxIyQ3IyQ5OSQ0NjE0ODEjODEjJDEjJDYjJDgz,박사보건진료소,47290,보건진료소,"경상북도 경산시 와촌면 박사길 55, 55",1981-11-30,0,35.9621285,128.8068591,False,14.25
JDQ4MTYyMiM4MSMkMiMkMCMkMDAkMzgxMTkxIzExIyQxIyQ3IyQwMyQzNjE4MzIjNDEjJDEjJDgjJDgz,박종각비뇨기과의원,47290,의원,"경상북도 경산시 경안로 204, 4층 (중방동, 경도빌딩)",1995-04-28,0,35.8257123,128.7370995,False,6.55
JDQ4MTYyMiM4MSMkMSMkMCMkNzIkMzgxOTYxIzExIyQxIyQ3IyQ4OSQyNjE4MzIjNDEjJDEjJDgjJDgz,반치과의원,47290,치과의원,"경상북도 경산시 경안로 204, (중방동)",1995-05-23,0,35.8257123,128.7370995,False,6.55
JDQ4MTYyMiM4MSMkMiMkMCMkMDAkNDgxOTYxIzIxIyQxIyQ5IyQ5MiQ0NjEwMDIjNjEjJDEjJDQjJDgz,밝은미래안과의원,47290,의원,"경상북도 경산시 대학로 46, 2층 (정평동)",2021-09-15,0,35.8337425,128.7277482,False,7.33
JDQ4MTYyMiM4MSMkMSMkMCMkNzIkMzgxMzUxIzIxIyQxIyQ1IyQ5OSQzNjEyMjIjNDEjJDEjJDQjJDgz,밝은미소준치과의원,47290,치과의원,"경상북도 경산시 성암로 42, 2층 (옥산동)",2001-04-12,0,35.8227741,128.722328,False,7.92
JDQ4MTYyMiM4MSMkMSMkMCMkNzIkMzgxMzUxIzQxIyQxIyQ3IyQ4MiQzNjEyMjIjNjEjJDEjJDAjJDgz,배성룡치과의원,47290,치과의원,"경상북도 경산시 하양읍 대학로 1536, 4층 (청수빌딩)",1990-05-17,0,35.9148918,128.8204792,False,9.06
JDQ4MTYyMiM4MSMkMSMkMCMkMTMkMzgxNzAyIzIxIyQxIyQ5IyQ2MiQzNjE0ODEjODEjJDEjJDYjJDgz,백천생한의원,47290,한의원,"경상북도 경산시 경청로 1105, (백천동)",2006-09-06,0,35.803784,128.7387725,False,7.17
JDQ4MTYyMiM4MSMkMSMkMCMkNzIkMzgxOTYxIzUxIyQxIyQ1IyQ3MiQzNjE0ODEjODEjJDEjJDYjJDgz,백천우리치과의원,47290,치과의원,"경상북도 경산시 경청로221길 3, 3층 2호 (백천동)",2010-01-04,0,35.8041558,128.7386363,False,7.16
JDQ4MTYyMiM4MSMkMSMkMCMkNzIkMzgxMTkxIzIxIyQxIyQxIyQ2MiQyNjE4MzIjNjEjJDEjJDAjJDgz,백천제일치과의원,47290,치과의원,"경상북도 경산시 경청로221길 1, 2층 (백천동)",2018-06-15,0,35.8040407,128.7388851,False,7.15
JDQ4MTYyMiM4MSMkMiMkMCMkMDAkMzgxOTYxIzUxIyQxIyQ1IyQwMyQzNjE4MzIjNjEjJDEjJDgjJDgz,백천평안내과의원,47290,의원,"경상북도 경산시 경청로221길 3, 2층 (백천동)",2006-06-26,0,35.8041558,128.7386363,False,7.16
JDQ4MTYyMiM4MSMkMSMkMCMkMTMkNDgxOTYxIzMxIyQxIyQzIyQwMyQyNjE0ODEjNTEjJDEjJDIjJDgz,본한의원,47290,한의원,"경상북도 경산시 대학로10길 1, 302호 (정평동)",2020-10-26,0,35.8336963,128.7280023,False,7.31
JDQ4MTYyMiM4MSMkMSMkMCMkNzIkMzgxMTkxIzQxIyQxIyQ3IyQ5MiQzNjE4MzIjNDEjJDEjJDgjJDgz,봄니치과의원,47290,치과의원,"경상북도 경산시 하양읍 대학로 1517-6, 2층 203호",2024-01-11,0,35.9134765,128.820498,False,8.9
JDQ4MTYyMiM4MSMkMiMkMCMkMDAkNDgxOTYxIzUxIyQxIyQxIyQ2MiQ0NjE0ODEjNDEjJDEjJDgjJDgz,봄정신건강의학과의원,47290,의원,"경상북도 경산시 경안로 202, 5층 (중방동)",2017-02-27,0,35.8255842,128.7373615,False,6.53
JDQ4MTYyMiM4MSMkMSMkMCMkOTkkNTgxMzUxIzExIyQxIyQzIyQ4OSQzNjE0ODEjNzEjJDEjJDgjJDgz,부림요양병원,47290,요양병원,"경상북도 경산시 와촌면 하양로 359, (와촌면)",2003-12-26,142,35.9229929,128.84325,True,10.37
JDQ4MTYyMiM4MSMkMSMkMCMkMTMkNDgxOTYxIzMxIyQxIyQzIyQ2MiQyNjE0ODEjNTEjJDEjJDYjJDgz,부민당한의원,47290,한의원,"경상북도 경산시 장산로 260, 2층 (사동)",2001-01-04,0,35.81725,128.752775,False,5.41
JDQ4MTYyMiM4MSMkMSMkMCMkMTMkMzgxNzAyIzMxIyQxIyQzIyQ4MiQ0NjE0ODEjNTEjJDEjJDIjJDgz,부부한의원,47290,한의원,"경상북도 경산시 하양읍 하양로 126, (하양읍)",1999-10-22,0,35.914648,128.8208307,False,9.03
JDQ4MTYyMiM4MSMkMSMkMCMkNzIkMzgxMTkxIzQxIyQxIyQ3IyQ5OSQzNjE4MzIjNjEjJDEjJDAjJDgz,브라운치과의원,47290,치과의원,"경상북도 경산시 펜타힐즈2로 45, 203, 204호 (중산동)",2023-03-10,0,35.828022,128.7193156,False,8.12
JDQ4MTYyMiM4MSMkMiMkMCMkMDAkNDgxMzUxIzMxIyQxIyQzIyQ5OSQyNjE0ODEjNjEjJDEjJDgjJDgz,사과나무소아청소년과의원,47290,의원,"경상북도 경산시 압량읍 압독3로 15, 303호",2022-02-09,0,35.8411522,128.7641013,False,4.13
JDQ4MTYyMiM4MSMkMSMkMCMkNzIkMzgxOTYxIzExIyQxIyQ3IyQwMyQzNjEyMjIjNjEjJDEjJDgjJDgz,사동온치과의원,47290,치과의원,"경상북도 경산시 백자로 77, 4층 (사동)",2023-01-19,0,35.8127551,128.755222,False,5.4
JDQ4MTYyMiM4MSMkMiMkMCMkMDAkMzgxOTYxIzIxIyQxIyQ1IyQ5OSQyNjEwMDIjNjEjJDEjJDQjJDgz,사랑애의원,47290,의원,"경상북도 경산시 경산로44길 11, (옥산동)",2005-03-02,0,35.827546,128.7264391,False,7.48
JDQ4MTYyMiM4MSMkMiMkMCMkMDAkNDgxOTYxIzUxIyQxIyQ1IyQxMyQzNjEwMDIjODEjJDEjJDYjJDgz,삼성내과의원,47290,의원,"경상북도 경산시 하양읍 하양로 119, 2층",2018-03-30,0,35.9145739,128.8200081,False,9.02
JDQ4MTYyMiM4MSMkMiMkMCMkMDAkNDgxMTkxIzQxIyQxIyQ3IyQ4MiQyNjEwMDIjNzEjJDEjJDgjJDgz,삼성바른내과의원,47290,의원,"경상북도 경산시 압량읍 압독2로2길 12, 2층",2024-09-26,0,35.8415176,128.7617967,False,4.34
JDQ4MTYyMiM4MSMkMiMkMCMkMDAkNDgxOTYxIzIxIyQxIyQ5IyQ3OSQzNjE0ODEjNTEjJDEjJDYjJDgz,삼성연합내과의원,47290,의원,"경상북도 경산시 대학로 63, (정평동, 5층)",2007-03-09,0,35.8344228,128.7294985,False,7.17
JDQ4MTYyMiM4MSMkMSMkMCMkMTMkMzgxNzAyIzUxIyQxIyQxIyQ5OSQyNjE4MzIjNDEjJDEjJDgjJDgz,삼양한의원,47290,한의원,"경상북도 경산시 진량읍 다문로 3, (진량읍)",1994-01-18,0,35.8750321,128.8116625,False,4.57
JDQ4MTYyMiM4MSMkMSMkMCMkNzIkMzgxOTYxIzIxIyQxIyQ5IyQ2MiQyNjEwMDIjNjEjJDEjJDQjJDgz,삼주미소치과의원,47290,치과의원,"경상북도 경산시 진량읍 봉황길 27, 301호 (상가)",2005-11-09,0,35.8846997,128.8208696,False,5.74
JDQ4MTYyMiM4MSMkMiMkMCMkMDAkNDgxOTYxIzIxIyQxIyQxIyQwMyQ0NjE0ODEjNDEjJDEjJDgjJDgz,상쾌한이비인후과의원,47290,의원,"경상북도 경산시 백양로35길 1-3, (사동)",2013-01-18,0,35.811386,128.7591719,False,5.15
JDQ4MTYyMiM4MSMkMiMkMCMkMDAkNDgxMTkxIzExIyQxIyQ3IyQ4OSQzNjE4MzIjNDEjJDEjJDgjJDgz,새롬정신건강의학과의원,47290,의원,"경상북도 경산시 대학로10길 1, 4층 (정평동)",2019-03-28,0,35.8336963,128.7280023,False,7.31
JDQ4MTYyMiM4MSMkMiMkMCMkMDAkNDgxMTkxIzIxIyQyIyQ1IyQwMCQzNjE4MzIjODEjJDEjJDYjJDgz,새본 정형외과의원,47290,의원,"경상북도 경산시 백자로 77, 1~2층 (사동)",2021-03-25,0,35.8127551,128.755222,False,5.4
JDQ4MTYyMiM4MSMkMSMkMCMkNzIkMzgxMTkxIzQxIyQxIyQ3IyQ5OSQyNjEwMDIjNjEjJDEjJDQjJDgz,새하양서울치과의원,47290,치과의원,"경상북도 경산시 하양읍 서사도리4로 2, 3층",2023-01-30,0,35.9187084,128.808774,False,9.42
JDQ4MTYyMiM4MSMkMiMkMCMkMDAkNDgxMTkxIzMxIyQxIyQzIyQ5OSQzNjEyMjIjNjEjJDEjJDgjJDgz,새하양정형외과의원,47290,의원,"경상북도 경산시 하양읍 서사도리9로 27, 1층,5층",2022-10-13,0,35.9165704,128.8129432,False,9.19
JDQ4MTYyMiM4MSMkMiMkMCMkMDAkNDgxMTkxIzMxIyQxIyQzIyQ3OSQyNjE0ODEjNTEjJDEjJDIjJDgz,샘속내과의원,47290,의원,"경상북도 경산시 하양읍 동서2길 43, 2층",2022-08-09,0,35.9174266,128.8238232,False,9.37
JDQ4MTYyMiM4MSMkMSMkMCMkOTkkNTgxMzUxIzExIyQxIyQ3IyQ5OSQzNjEwMDIjODEjJDEjJDYjJDgz,서요양병원,47290,요양병원,"경상북도 경산시 계양로 193,  (계양동)",2008-04-11,199,35.8327876,128.7483846,True,5.47
JDQ4MTYyMiM4MSMkMiMkMCMkMDAkNDgxMTkxIzMxIyQxIyQ3IyQ3MiQyNjEwMDIjNTEjJDEjJDYjJDgz,서울삼성정형외과의원,47290,의원,"경상북도 경산시 중앙로 77, 2층 201호 (중방동)",2023-11-02,0,35.8234606,128.7351457,False,6.77
JDQ4MTYyMiM4MSMkMiMkMCMkMDAkMzgxMTkxIzUxIyQxIyQxIyQ3OSQzNjE4MzIjNzEjJDEjJDgjJDgz,서울연합의원,47290,의원,"경상북도 경산시 대학로 336, (조영동)",2010-04-19,0,35.8393232,128.7579441,False,4.65
JDQ4MTYyMiM4MSMkMiMkMCMkMDAkNDgxOTYxIzExIyQxIyQzIyQwMyQzNjE0ODEjNjEjJDEjJDgjJDgz,서울이비인후과의원,47290,의원,"경상북도 경산시 하양읍 대학로 1536, 2층",2011-05-19,2,35.9148918,128.8204792,False,9.06
JDQ4MTYyMiM4MSMkMSMkMCMkNzIkMzgxMTkxIzExIyQxIyQ3IyQ3OSQyNjEwMDIjNTEjJDEjJDIjJDgz,서울치과의원,47290,치과의원,"경상북도 경산시 자인면 자인로 189, 2층 (서울치과의원)",2011-04-21,0,35.8158892,128.8239683,False,2.42
JDQ4MTYyMiM4MSMkMiMkMCMkMDAkNDgxMTkxIzMxIyQxIyQ3IyQ2MiQ0NjE0ODEjNTEjJDEjJDYjJDgz,서울탑재활의학과의원,47290,의원,"경상북도 경산시 하양읍 대학로 1517-6, 3층 301호",2023-10-24,0,35.9134765,128.820498,False,8.9
JDQ4MTYyMiM4MSMkMiMkMCMkMDAkMzgxNzAyIzExIyQxIyQ3IyQ3MiQ0NjE0ODEjNTEjJDEjJDIjJDgz,서현호성형외과의원,47290,의원,"경상북도 경산시 경안로 197, 2층 (중방동)",2009-02-19,0,35.8250703,128.7367554,False,6.59
JDQ4MTYyMiM4MSMkMSMkMCMkMTMkNDgxMzUxIzExIyQxIyQ3IyQ3MiQzNjE4MzIjNzEjJDEjJDgjJDgz,석한의원,47290,한의원,"경상북도 경산시 경안로 202, 1층 (중방동)",2006-02-06,0,35.8255842,128.7373615,False,6.53
JDQ4MTYyMiM4MSMkMSMkMCMkOTkkNTgxMzUxIzIxIyQxIyQ1IyQ3MiQyNjEwMDIjNDEjJDEjJDgjJDgz,선요양병원,47290,요양병원,"경상북도 경산시 중앙로16길 49,  (삼북동)",2014-09-04,107,35.8187931,128.7364249,True,6.76
JDQ4MTYyMiM4MSMkMiMkMCMkMDAkNDgxMzUxIzIxIyQxIyQ1IyQ5MiQyNjEyMjIjNjEjJDEjJDgjJDgz,성모연합내과의원,47290,의원,"경상북도 경산시 중앙로 13, 1,2,4층 (사정동)",2002-04-19,0,35.8203572,128.7291308,False,7.36
JDQ4MTYyMiM4MSMkMSMkMCMkNzIkMzgxOTYxIzMxIyQxIyQzIyQ5OSQ0NjE0ODEjNjEjJDEjJDAjJDgz,성심치과의원,47290,치과의원,"경상북도 경산시 진량읍 봉황길 22, 2층",1999-12-01,0,35.8843301,128.820294,False,5.69
JDQ4MTYyMiM4MSMkMSMkMCMkMTMkNDgxOTYxIzQxIyQxIyQ3IyQ5MiQzNjEwMDIjODEjJDEjJDYjJDgz,성지한의원,47290,한의원,"경상북도 경산시 대학로10길 24, 2층 (정평동)",2015-06-16,0,35.832017,128.727688,False,7.34
JDQ4MTYyMiM4MSMkMSMkMCMkNzIkMzgxOTYxIzQxIyQxIyQ3IyQ4OSQyNjEwMDIjNTEjJDEjJDIjJDgz,세명치과의원,47290,치과의원,"경상북도 경산시 경안로 206, 2층 (중방동)",2007-05-28,0,35.8259693,128.7370078,False,6.56
JDQ4MTYyMiM4MSMkMiMkMCMkMDAkMzgxNzAyIzMxIyQyIyQ3IyQwMCQzNjEyMjIjNTEjJDEjJDYjJDgz,소망의원,47290,의원,"경상북도 경산시 진량읍 황제1길 86-31, 202호 (아파트상가)",2006-10-16,0,35.858227,128.8188137,False,2.84
JDQ4MTYyMiM4MSMkMSMkMCMkNzIkMzgxMTkxIzMxIyQyIyQzIyQwMCQyNjEyMjIjODEjJDEjJDIjJDgz,소중한이치과의원,47290,치과의원,"경상북도 경산시 중방로 17, 3층 (중방동)",2018-03-30,0,35.8303321,128.736076,False,6.59
JDQ4MTYyMiM4MSMkMiMkMCMkMDAkNDgxOTYxIzMxIyQxIyQ3IyQxMyQ0NjEwMDIjNTEjJDEjJDIjJDgz,속보는종합내과의원,47290,의원,"경상북도 경산시 압량면 압독3로 25, (압량읍)",2016-03-07,0,35.841917,128.7645251,False,4.11
JDQ4MTYyMiM4MSMkMSMkMCMkNzIkMzgxOTYxIzIxIyQxIyQ5IyQ2MiQ0NjEwMDIjNDEjJDEjJDgjJDgz,손강하치과의원,47290,치과의원,"경상북도 경산시 펜타힐즈2로 41, 2층 201호 (중산동)",1999-02-04,0,35.827734,128.7190243,False,8.15
JDQ4MTYyMiM4MSMkMiMkMCMkMDAkMzgxNzAyIzExIyQxIyQ3IyQ5OSQ0NjEwMDIjODEjJDEjJDYjJDgz,손현호제통의원,47290,의원,"경상북도 경산시 하양읍 하양로 110, 이슈타워빌딩 202호",2015-02-09,0,35.9138119,128.8195075,False,8.93
JDQ4MTYyMiM4MSMkMSMkMCMkMTMkMzgxNzAyIzIxIyQxIyQ1IyQ5OSQzNjEyMjIjNjEjJDEjJDAjJDgz,송호한의원,47290,한의원,"경상북도 경산시 하양읍 하양로 142-1, 2층",1992-08-27,0,35.9156267,128.8222162,False,9.16
JDQ4MTYyMiM4MSMkMSMkMCMkNzIkMzgxOTYxIzUxIyQxIyQxIyQ4MiQyNjE0ODEjNzEjJDEjJDgjJDgz,수연합치과의원,47290,치과의원,"경상북도 경산시 경청로221길 5, 3층 301호 (백천동)",2006-03-31,0,35.8041898,128.7383864,False,7.18
JDQ4MTYyMiM4MSMkMiMkMCMkMDAkNDgxOTYxIzQxIyQxIyQ3IyQ5OSQ0NjE0ODEjNDEjJDEjJDQjJDgz,수피아소아청소년과의원,47290,의원,"경상북도 경산시 경산로 43, 대원빌딩 3층 (옥곡동)",2014-02-28,0,35.8131382,128.7324694,False,7.28
JDQ4MTYyMiM4MSMkMSMkMCMkNzIkMzgxMTkxIzIxIyQxIyQ5IyQ5MiQzNjE0ODEjNzEjJDEjJDgjJDgz,스마일웰치과의원,47290,치과의원,"경상북도 경산시 대학로 23, 월드스퀘어 6층 603호 (정평동)",2013-06-27,0,35.8349899,128.7255394,False,7.53
JDQ4MTYyMiM4MSMkMiMkMCMkMDAkNDgxMTkxIzExIyQxIyQ3IyQ2MiQyNjE0ODEjNjEjJDEjJDgjJDgz,스마일피부과의원,47290,의원,"경상북도 경산시 중앙로 77, 4층 (중방동)",2019-05-01,0,35.8234618,128.735146,False,6.77
JDQ4MTYyMiM4MSMkMSMkMCMkNzIkMzgxOTYxIzMxIyQxIyQ3IyQ5MiQ0NjEwMDIjNjEjJDEjJDQjJDgz,승원치과의원,47290,치과의원,"경상북도 경산시 진량읍 다문로 67, 2층",2010-04-26,0,35.8753886,128.8184832,False,4.68
JDQ4MTYyMiM4MSMkMiMkMCMkMDAkNDgxMTkxIzIxIyQxIyQxIyQ5OSQzNjEyMjIjNzEjJDEjJDgjJDgz,신 이비인후과의원,47290,의원,"경상북도 경산시 펜타힐즈2로 37, 3층 302,303호 (중산동)",2020-02-26,0,35.8274286,128.7186611,False,8.18
JDQ4MTYyMiM4MSMkMiMkMCMkMDAkNDgxMTkxIzMxIyQyIyQzIyQwMCQyNjE0ODEjNjEjJDEjJDAjJDgz,신계양정형외과의원,47290,의원,"경상북도 경산시 원효로 159, (삼풍동)",2010-07-15,0,35.8208058,128.7544119,False,5.14
JDQ4MTYyMiM4MSMkMSMkMCMkNzIkMzgxMTkxIzExIyQxIyQ3IyQ4OSQ0NjE0ODEjNzEjJDEjJDgjJDgz,신대탑치과의원,47290,치과의원,"경상북도 경산시 압량읍 압독3로 25, 4층",2015-12-04,0,35.841917,128.7645251,False,4.11
JDQ4MTYyMiM4MSMkMSMkMCMkMTMkNDgxMTkxIzExIyQxIyQzIyQ3OSQzNjE0ODEjNDEjJDEjJDgjJDgz,신대한의원,47290,한의원,"경상북도 경산시 압량읍 압독3로 19, 1층",2025-06-30,0,35.8414168,128.7642153,False,4.13
JDQ4MTYyMiM4MSMkMiMkMCMkMDAkMzgxNzAyIzQxIyQxIyQ3IyQ4MiQ0NjE0ODEjODEjJDEjJDIjJDgz,신세계내과의원,47290,의원,"경상북도 경산시 하양읍 대학로296길 7, (하양읍)",2003-04-19,0,35.9102451,128.8242741,False,8.59
JDQ4MTYyMiM4MSMkMiMkMCMkMDAkMzgxMTkxIzIxIyQyIyQ5IyQwMCQyNjE4MzIjNDEjJDEjJDgjJDgz,신세계연합의원,47290,의원,"경상북도 경산시 진량읍 봉황길 24, (진량읍)",1999-01-12,0,35.8843184,128.8207451,False,5.7
JDQ4MTYyMiM4MSMkMSMkMCMkMTMkMzgxNzAyIzIxIyQxIyQ1IyQ3OSQyNjE4MzIjNjEjJDEjJDQjJDgz,심천한의원,47290,한의원,"경상북도 경산시 원효로 5, (중방동)",1990-07-11,0,35.823992,128.738387,False,6.47
JDQ4MTYyMiM4MSMkMSMkMCMkNzIkMzgxMTkxIzMxIyQxIyQzIyQxMyQzNjEyMjIjNjEjJDEjJDAjJDgz,아이로움키즈치과의원,47290,치과의원,"경상북도 경산시 펜타힐즈2로 57, 4층 401,402호 (중산동)",2019-09-20,0,35.8287306,128.7197706,False,8.07
JDQ4MTYyMiM4MSMkMSMkMCMkNzIkMzgxMTkxIzQxIyQxIyQ3IyQwMyQ0NjEwMDIjNjEjJDEjJDAjJDgz,아이린치과의원,47290,치과의원,"경상북도 경산시 남매공원로1길 5, 2층 (계양동)",2024-04-30,0,35.8331135,128.7415583,False,6.09
JDQ4MTYyMiM4MSMkMiMkMCMkMDAkNDgxOTYxIzIxIyQxIyQ5IyQxMyQzNjE0ODEjODEjJDEjJDYjJDgz,아이맘소아청소년과의원,47290,의원,"경상북도 경산시 대학로 63, 2층 (정평동)",2008-07-03,0,35.8344228,128.7294985,False,7.17
JDQ4MTYyMiM4MSMkMSMkMCMkOTIkMzgxOTYxIzExIyQxIyQ3IyQxMyQzNjEyMjIjNTEjJDEjJDIjJDgz,압량보건지소,47290,보건지소,"경상북도 경산시 압량면 부적길 56, 56",1964-01-01,0,35.844311,128.7613618,False,4.45
JDQ4MTYyMiM4MSMkMSMkMCMkMTMkNDgxMzUxIzIxIyQxIyQ1IyQ4OSQyNjE0ODEjNTEjJDEjJDYjJDgz,양시홍한의원,47290,한의원,"경상북도 경산시 장산로 256, 2층 (계양동)",2000-10-25,0,35.8176102,128.7521064,False,5.45
JDQ4MTYyMiM4MSMkMiMkMCMkMDAkNDgxMTkxIzMxIyQxIyQzIyQ3OSQ0NjEwMDIjNjEjJDEjJDgjJDgz,에스척센정형외과의원,47290,의원,"경상북도 경산시 대학로 73, 1층 (정평동)",2022-08-23,15,35.8343947,128.7305452,False,7.08
JDQ4MTYyMiM4MSMkMiMkMCMkMDAkNDgxMTkxIzIxIyQxIyQ1IyQwMyQ0NjE0ODEjNTEjJDEjJDYjJDgz,에이스연합의원,47290,의원,"경상북도 경산시 원효로 154, 1,2층 (계양동)",2021-12-02,0,35.8205951,128.7536783,False,5.21
JDQ4MTYyMiM4MSMkMSMkMCMkNzIkMzgxOTYxIzExIyQxIyQ3IyQ3MiQ0NjEwMDIjODEjJDEjJDYjJDgz,에이스치과의원,47290,치과의원,"경상북도 경산시 대학로 30, 3층 (정평동)",2012-05-30,0,35.8341121,128.7260504,False,7.48
JDQ4MTYyMiM4MSMkMiMkMCMkMDAkNDgxOTYxIzQxIyQxIyQ3IyQ5MiQyNjEwMDIjODEjJDEjJDYjJDgz,연세미의원,47290,의원,"경상북도 경산시 대학로 73, 4층 (정평동)",2024-11-25,0,35.8343947,128.7305452,False,7.08
JDQ4MTYyMiM4MSMkMiMkMCMkMDAkNDgxOTYxIzUxIyQxIyQ1IyQ5MiQzNjE0ODEjNjEjJDEjJDgjJDgz,연세속시원내과의원,47290,의원,"경상북도 경산시 성동로 2, 2,3층 (정평동)",2018-02-06,0,35.8350268,128.7261347,False,7.48
JDQ4MTYyMiM4MSMkMSMkMCMkMTMkNDgxOTYxIzMxIyQxIyQ3IyQ5MiQzNjE0ODEjNjEjJDEjJDAjJDgz,연제한의원,47290,한의원,"경상북도 경산시 대학로 23, 월드스퀘어 2층 201호 (정평동)",2021-03-04,0,35.8349899,128.7255394,False,7.53
JDQ4MTYyMiM4MSMkMiMkMCMkMDAkMzgxOTYxIzUxIyQxIyQ1IyQ2MiQ0NjE0ODEjNjEjJDEjJDQjJDgz,영남외과연합의원,47290,의원,"경상북도 경산시 대학로 309, 3,4층 (조영동)",2011-01-10,2,35.8382157,128.7550469,False,4.89
JDQ4MTYyMiM4MSMkMiMkMCMkMDAkMzgxOTYxIzMxIyQxIyQ3IyQ2MiQyNjEyMjIjNzEjJDEjJDgjJDgz,영남이비인후과의원,47290,의원,"경상북도 경산시 대학로 291, 2층 (대동)",2021-02-04,0,35.8371534,128.7537516,False,5.0
JDQ4MTYyMiM4MSMkMiMkMCMkMDAkNDgxOTYxIzExIyQxIyQzIyQ3OSQyNjE0ODEjNjEjJDEjJDQjJDgz,영남제일외과의원,47290,의원,"경상북도 경산시 대학로 333, 2,3층 (조영동)",2010-12-01,0,35.8398022,128.7572378,False,4.72
JDQ4MTYyMiM4MSMkMiMkMCMkMDAkNDgxMzUxIzUxIyQxIyQ1IyQ4OSQzNjE4MzIjNDEjJDEjJDgjJDgz,영이비인후과의원,47290,의원,"경상북도 경산시 대학로 39, 3층 (정평동)",2010-03-08,0,35.834611,128.7272621,False,7.38
JDQ4MTYyMiM4MSMkMSMkMCMkNzIkMzgxOTYxIzQxIyQyIyQ3IyQwMCQyNjEyMjIjNjEjJDEjJDQjJDgz,예스치과의원,47290,치과의원,"경상북도 경산시 중앙로 78, 5층 (중방동)",2005-12-02,0,35.8228687,128.7355,False,6.75
JDQ4MTYyMiM4MSMkMSMkMCMkNzIkMzgxOTYxIzIxIyQxIyQ5IyQ4OSQyNjEwMDIjNTEjJDEjJDYjJDgz,오케이라인치과의원,47290,치과의원,"경상북도 경산시 진량읍 공단로 467, 467",1998-03-31,0,35.8731739,128.8186018,False,4.44
JDQ4MTYyMiM4MSMkMiMkMCMkMDAkNDgxMzUxIzUxIyQxIyQ1IyQwMyQzNjEwMDIjNjEjJDEjJDgjJDgz,옥곡이비인후과의원,47290,의원,"경상북도 경산시 경산로 43, 2층 (옥곡동)",2010-10-01,0,35.8131382,128.7324694,False,7.28
JDQ4MTYyMiM4MSMkMiMkMCMkMDAkNDgxMTkxIzUxIyQxIyQxIyQ4MiQzNjE0ODEjODEjJDEjJDIjJDgz,옥산제일정형외과의원,47290,의원,"경상북도 경산시 성암로 19, 1~4층 (옥산동)",2020-05-28,20,35.8223473,128.7198069,False,8.15
JDQ4MTYyMiM4MSMkMSMkMCMkNzIkMzgxMzUxIzUxIyQxIyQ1IyQ2MiQyNjE4MzIjODEjJDEjJDIjJDgz,옥산치과의원,47290,치과의원,"경상북도 경산시 성암로 37, (옥산동)",1993-09-14,0,35.8229687,128.7217354,False,7.97
JDQ4MTYyMiM4MSMkMSMkMCMkMTMkNDgxMzUxIzIxIyQxIyQ1IyQ3MiQyNjE4MzIjNzEjJDEjJDgjJDgz,온누리한의원,47290,한의원,"경상북도 경산시 성암로 41, (옥산동)",2001-04-26,0,35.8231187,128.7221664,False,7.93
JDQ4MTYyMiM4MSMkMiMkMCMkMDAkNDgxMzUxIzUxIyQxIyQ1IyQ4MiQzNjE0ODEjNTEjJDEjJDYjJDgz,올바른정형외과의원,47290,의원,"경상북도 경산시 진량읍 다문로 58, 2층",2010-08-09,0,35.8746548,128.8175549,False,4.59
JDQ4MTYyMiM4MSMkMSMkMCMkMTMkNDgxOTYxIzMxIyQyIyQzIyQwMCQyNjE0ODEjNjEjJDEjJDgjJDgz,올진한의원,47290,한의원,"경상북도 경산시 백자로10길 3-11, 2층203호 (사동)",2015-05-06,0,35.8114358,128.7547807,False,5.5
JDQ4MTYyMiM4MSMkMSMkMCMkOTIkMzgxOTYxIzExIyQxIyQ3IyQ3MiQyNjE0ODEjNjEjJDEjJDAjJDgz,와촌보건지소,47290,보건지소,"경상북도 경산시 와촌면 금송로 416, 416",1964-01-01,0,35.9465455,128.8365635,False,12.76
JDQ4MTYyMiM4MSMkMiMkMCMkMDAkNDgxOTYxIzMxIyQxIyQ3IyQ4OSQ0NjE0ODEjNjEjJDEjJDgjJDgz,와촌의원,47290,의원,"경상북도 경산시 와촌면 금송로 409, 2,3층",2014-08-29,0,35.945643,128.8355749,False,12.64
JDQ4MTYyMiM4MSMkMSMkMCMkMTMkNDgxOTYxIzExIyQxIyQ3IyQ4MiQyNjE4MzIjNzEjJDEjJDgjJDgz,왕한의원,47290,한의원,"경상북도 경산시 중앙로 79, 5층 (중방동)",2010-04-29,0,35.8234177,128.7355074,False,6.74
JDQ4MTYyMiM4MSMkMSMkMCMkOTIkMzgxOTYxIzExIyQxIyQ3IyQ2MiQzNjE4MzIjNjEjJDEjJDAjJDgz,용성보건지소,47290,보건지소,"경상북도 경산시 용성면 용성당리1길 26, (용성면)",1962-01-01,0,35.794942,128.8754176,False,7.39
JDQ4MTYyMiM4MSMkMSMkMCMkMTMkNDgxOTYxIzExIyQxIyQzIyQ3OSQzNjEwMDIjNTEjJDEjJDYjJDgz,용성한의원,47290,한의원,"경상북도 경산시 용성면 원효로 1375, (용성면)",2008-05-01,0,35.7953247,128.8726597,False,7.17
JDQ4MTYyMiM4MSMkMiMkMCMkMDAkMzgxMTkxIzQxIyQxIyQ3IyQ3OSQyNjEwMDIjNDEjJDEjJDgjJDgz,우경호연합안과의원,47290,의원,"경상북도 경산시 하양읍 하양로 107, (하양읍)",1999-01-16,0,35.9138772,128.8189684,False,8.93
JDQ4MTYyMiM4MSMkMiMkMCMkMDAkNDgxOTYxIzExIyQxIyQ3IyQwMyQ0NjE0ODEjNjEjJDEjJDQjJDgz,우리연합의원,47290,의원,"경상북도 경산시 진량읍 봉황길 29, 106동 203호 (경산1차삼주봉황타운상가)",2014-12-10,0,35.884932,128.82135,False,5.77
JDQ4MTYyMiM4MSMkMiMkMCMkMDAkNDgxMzUxIzIxIyQxIyQ1IyQ4OSQ0NjE0ODEjNDEjJDEjJDgjJDgz,우리의원,47290,의원,"경상북도 경산시 중앙로 67, 2층 (중방동)",2006-04-13,0,35.8228441,128.7344117,False,6.84
JDQ4MTYyMiM4MSMkMiMkMCMkMDAkMzgxNzAyIzUxIyQxIyQ1IyQwMyQzNjE0ODEjNTEjJDEjJDIjJDgz,우리이비인후과의원,47290,의원,"경상북도 경산시 장산로 257, 2층 (사동)",2004-04-21,0,35.8176529,128.7527376,False,5.39
JDQ4MTYyMiM4MSMkMiMkMCMkMDAkNDgxOTYxIzUxIyQxIyQ1IyQ2MiQ0NjEwMDIjNjEjJDEjJDQjJDgz,우리집연합소아청소년과의원,47290,의원,"경상북도 경산시 백자로 78, 2층 (사동)",2004-12-31,0,35.812509,128.7557768,False,5.37
JDQ4MTYyMiM4MSMkMSMkMCMkMTMkNDgxOTYxIzExIyQyIyQzIyQwMCQyNjE4MzIjODEjJDEjJDYjJDgz,우리한의원,47290,한의원,"경상북도 경산시 경안로 249, (중방동)",2009-09-24,0,35.8296072,128.7355719,False,6.64
JDQ4MTYyMiM4MSMkMiMkMCMkMDAkNDgxMTkxIzQxIyQxIyQ3IyQ3MiQzNjEyMjIjNDEjJDEjJDgjJDgz,원이비인후과의원,47290,의원,"경상북도 경산시 압량읍 압독3로 21, 6층",2024-09-23,0,35.8416116,128.7643261,False,4.12
JDQ4MTYyMiM4MSMkMSMkMCMkNzIkMzgxMTkxIzMxIyQxIyQzIyQxMyQyNjEwMDIjNTEjJDEjJDYjJDgz,웰치과교정과치과의원,47290,치과의원,"경상북도 경산시 대학로 23, (정평동)",2019-08-21,0,35.8349899,128.7255394,False,7.53
JDQ4MTYyMiM4MSMkMSMkMCMkMTMkMzgxNzAyIzIxIyQyIyQ5IyQwMCQzNjE4MzIjNjEjJDEjJDgjJDgz,유성한의원,47290,한의원,"경상북도 경산시 하양읍 하양로 119-3, 1,2층",2023-07-31,0,35.9147402,128.8199419,False,9.03
JDQ4MTYyMiM4MSMkMSMkMCMkMTMkMzgxNzAyIzExIyQxIyQ3IyQ2MiQyNjE0ODEjNzEjJDEjJDgjJDgz,육대밝달한의원,47290,한의원,"경상북도 경산시 하양읍 한사길 38-2, (하양읍)",1996-10-28,0,35.926856,128.8213898,False,10.39
JDQ4MTYyMiM4MSMkMSMkMCMkOTIkMzgxNzAyIzExIyQxIyQ3IyQ5OSQzNjEyMjIjNTEjJDEjJDIjJDgz,육동보건진료소,47290,보건진료소,"경상북도 경산시 용성면 육동로 643, (용성면)",1981-11-30,0,35.7647519,128.9135036,False,12.16
JDQ4MTYyMiM4MSMkMSMkMCMkMTMkNDgxOTYxIzMxIyQxIyQzIyQwMyQzNjEwMDIjNTEjJDEjJDYjJDgz,육성수한의원,47290,한의원,"경상북도 경산시 압량읍 압독3로 21, 4,5층",2016-04-05,8,35.8416116,128.7643261,False,4.12
JDQ4MTYyMiM4MSMkMiMkMCMkMDAkNDgxMTkxIzExIyQxIyQzIyQ5MiQyNjEwMDIjNDEjJDEjJDQjJDgz,윤영득신&장내과의원,47290,의원,"경상북도 경산시 대학로 46, 3층 (정평동)",2018-10-29,0,35.8337425,128.7277482,False,7.33
JDQ4MTYyMiM4MSMkMiMkMCMkMDAkNDgxOTYxIzUxIyQxIyQ1IyQ4OSQyNjE4MzIjNjEjJDEjJDAjJDgz,윤이비인후과의원,47290,의원,"경상북도 경산시 중앙로 78, 4층 (중방동, 삼원빌딩)",2017-07-21,1,35.8228687,128.7355,False,6.75
JDQ4MTYyMiM4MSMkMiMkMCMkMDAkMzgxNzAyIzIxIyQxIyQxIyQwMyQyNjE4MzIjNDEjJDEjJDQjJDgz,윤종수내과의원,47290,의원,"경상북도 경산시 성암로 37, (옥산동)",2001-04-21,0,35.8229687,128.7217354,False,7.97
JDQ4MTYyMiM4MSMkMSMkMCMkNzIkMzgxMTkxIzIxIyQxIyQxIyQ3OSQ0NjEwMDIjNjEjJDEjJDAjJDgz,으뜸치과의원,47290,치과의원,"경상북도 경산시 진량읍 다문로 58, 3층",2017-06-29,0,35.8746567,128.8175507,False,4.59
JDQ4MTYyMiM4MSMkMSMkMCMkODkkMzgxMzUxIzExIyQxIyQzIyQ2MiQ0NjE0ODEjNTEjJDEjJDYjJDgz,의료법인 근원의료재단 경산중앙병원,47290,종합병원,"경상북도 경산시 경안로 11,  (백천동)",2011-02-25,438,35.8088799,128.7401912,True,6.81
JDQ4MTYyMiM4MSMkMSMkMCMkOTkkNTgxOTYxIzExIyQyIyQzIyQwMCQyNjEyMjIjNDEjJDEjJDgjJDgz,의료법인 벽삼의료재단 우리세명병원,47290,정신병원,"경상북도 경산시 화랑로8길 26,  (갑제동)",2011-10-21,299,35.81886,128.77184,True,3.75
JDQ4MTYyMiM4MSMkMSMkMCMkODkkMzgxMzUxIzExIyQxIyQzIyQ4MiQyNjE0ODEjNTEjJDEjJDIjJDgz,의료법인 서명의료재단 세명종합병원,47290,종합병원,"경상북도 경산시 경안로 208, (중방동)",2003-09-25,299,35.8263331,128.7371689,True,6.54
JDQ4MTYyMiM4MSMkMSMkMCMkOTkkNTgxMzUxIzExIyQxIyQzIyQ5OSQyNjE0ODEjNDEjJDEjJDgjJDgz,의료법인동오의료재단 도움요양병원,47290,요양병원,"경상북도 경산시 평산1길 37-35,  (평산동)",2004-06-01,289,35.7990474,128.7632304,True,5.67
JDQ4MTYyMiM4MSMkMSMkMCMkOTkkNTgxMzUxIzIxIyQxIyQxIyQxMyQ0NjEwMDIjODEjJDEjJDYjJDgz,의료법인송백의료재단 늘푸른요양병원,47290,요양병원,"경상북도 경산시 경안로 158, (중방동)",2014-11-28,185,35.8217951,128.7381638,True,6.53
JDQ4MTYyMiM4MSMkMSMkMCMkOTkkNTgxMzUxIzExIyQxIyQzIyQ5MiQzNjEyMjIjNzEjJDEjJDgjJDgz,의료법인수성의료재단영남요양병원,47290,요양병원,"경상북도 경산시 강변동로 110,  (중방동)",2007-04-19,277,35.8205933,128.7324381,True,7.07
JDQ4MTYyMiM4MSMkMSMkMCMkOTkkMzgxMzUxIzIxIyQxIyQ5IyQxMyQzNjE0ODEjNzEjJDEjJDgjJDgz,의료법인양지의료재단 양지기쁨병원,47290,병원,"경상북도 경산시 경산로 174-0,  A동 (옥산동,양지기쁨병원(A동)1층~4층)",2021-12-28,166,35.8240249,128.726913,True,7.49
JDQ4MTYyMiM4MSMkMSMkMCMkOTkkNTgxMzUxIzIxIyQxIyQxIyQxMyQyNjE0ODEjNjEjJDEjJDQjJDgz,의료법인양지의료재단 양지요양병원,47290,요양병원,"경상북도 경산시 경산로 174-0,  B동 1~2,4~7층 (옥산동,양지요양병원)",2014-08-20,160,35.824025,128.726913,True,7.49
JDQ4MTYyMiM4MSMkMSMkMCMkOTIkMzgxNzAyIzExIyQxIyQ3IyQ5OSQyNjEwMDIjNDEjJDEjJDgjJDgz,의송보건진료소,47290,보건진료소,"경상북도 경산시 압량면 의송길 92, 92",1983-12-17,0,35.8591937,128.7966412,False,3.02
JDQ4MTYyMiM4MSMkMSMkMCMkMTMkNDgxMzUxIzIxIyQxIyQ5IyQ4MiQyNjEyMjIjNTEjJDEjJDIjJDgz,이기준한의원,47290,한의원,"경상북도 경산시 압량면 대학로 367, (압량면)",2002-03-13,0,35.8414796,128.7603299,False,4.47
JDQ4MTYyMiM4MSMkMiMkMCMkMDAkNDgxOTYxIzExIyQxIyQ3IyQ3MiQyNjEwMDIjNjEjJDEjJDgjJDgz,이김신경과의원,47290,의원,"경상북도 경산시 경안로 202, 4층 (중방동)",2011-12-13,0,35.8255842,128.7373615,False,6.53
JDQ4MTYyMiM4MSMkMSMkMCMkNzIkMzgxMTkxIzIxIyQxIyQ5IyQ4MiQyNjEyMjIjNTEjJDEjJDYjJDgz,이니드연합치과의원,47290,치과의원,"경상북도 경산시 대학로 309, 2층 (조영동)",2017-02-10,0,35.8382157,128.7550469,False,4.89
JDQ4MTYyMiM4MSMkMSMkMCMkNzIkMzgxOTYxIzIxIyQxIyQ1IyQxMyQyNjE0ODEjNzEjJDEjJDgjJDgz,이대호치과의원,47290,치과의원,"경상북도 경산시 대학로 338, (조영동)",1993-11-10,0,35.8395165,128.7581551,False,4.63
JDQ4MTYyMiM4MSMkMiMkMCMkMDAkNDgxMTkxIzExIyQxIyQ3IyQ5MiQzNjE4MzIjNjEjJDEjJDQjJDgz,이든 연합의원,47290,의원,"경상북도 경산시 대학로 23, 2층 202,203호 (정평동)",2019-09-20,0,35.8349899,128.7255394,False,7.53
JDQ4MTYyMiM4MSMkMSMkMCMkNzIkMzgxMTkxIzQxIyQxIyQ3IyQwMyQyNjE0ODEjNDEjJDEjJDgjJDgz,이봄치과의원,47290,치과의원,"경상북도 경산시 압량읍 압독3로 21, 3층",2015-10-30,0,35.8416116,128.7643261,False,4.12
JDQ4MTYyMiM4MSMkMSMkMCMkNzIkMzgxOTYxIzMxIyQxIyQ3IyQ4OSQyNjEyMjIjNjEjJDEjJDAjJDgz,이사랑연합치과의원,47290,치과의원,"경상북도 경산시 경산로 43, (옥곡동)",2004-07-09,0,35.8131382,128.7324694,False,7.28
JDQ4MTYyMiM4MSMkMSMkMCMkNzIkMzgxMTkxIzQxIyQxIyQ3IyQ5OSQyNjEyMjIjNTEjJDEjJDYjJDgz,이사랑치과의원,47290,치과의원,"경상북도 경산시 중앙로 67, 2층 201호 (중방동)",2023-02-02,0,35.8228441,128.7344117,False,6.84
JDQ4MTYyMiM4MSMkMSMkMCMkNzIkMzgxMTkxIzMxIyQxIyQ3IyQ2MiQzNjEwMDIjNjEjJDEjJDgjJDgz,이사이치과의원,47290,치과의원,"경상북도 경산시 펜타힐즈2로 37, 4층 403~404호 (중산동)",2021-05-11,0,35.8274286,128.7186611,False,8.18
JDQ4MTYyMiM4MSMkMSMkMCMkNzIkMzgxMzUxIzIxIyQxIyQ1IyQ2MiQyNjEyMjIjNDEjJDEjJDgjJDgz,이상진치과의원,47290,치과의원,"경상북도 경산시 하양읍 하양로 106, 3층",1989-04-29,0,35.9135707,128.8191606,False,8.9
JDQ4MTYyMiM4MSMkMiMkMCMkMDAkMzgxMTkxIzUxIyQxIyQ1IyQ2MiQyNjEwMDIjNTEjJDEjJDYjJDgz,이수한비뇨기과의원,47290,의원,"경상북도 경산시 중앙로 79, (중방동)",1999-12-29,0,35.8234177,128.7355074,False,6.74
JDQ4MTYyMiM4MSMkMSMkMCMkNzIkMzgxMTkxIzExIyQxIyQzIyQ4MiQzNjEwMDIjNTEjJDEjJDIjJDgz,이편한장치과의원,47290,치과의원,"경상북도 경산시 하양읍 하양로 92, 3층",2011-11-09,0,35.9126265,128.8180665,False,8.78
JDQ4MTYyMiM4MSMkMSMkMCMkNzIkMzgxOTYxIzIxIyQxIyQ1IyQ5MiQ0NjEwMDIjNjEjJDEjJDgjJDgz,이편한치과의원,47290,치과의원,"경상북도 경산시 성암로8길 7, (옥산동)",1995-04-28,0,35.8223151,128.722477,False,7.91
JDQ4MTYyMiM4MSMkMiMkMCMkMDAkMzgxOTYxIzIxIyQxIyQ1IyQ4OSQyNjEwMDIjODEjJDEjJDIjJDgz,임비뇨기과의원,47290,의원,"경상북도 경산시 중앙로 78, 5층 (중방동)",2000-12-19,0,35.8228687,128.7355,False,6.75
JDQ4MTYyMiM4MSMkMiMkMCMkMDAkMzgxOTYxIzUxIyQxIyQ1IyQxMyQ0NjE0ODEjNDEjJDEjJDgjJDgz,자인고려의원,47290,의원,"경상북도 경산시 자인면 일연로 74, (자인면)",1993-12-07,0,35.8198099,128.8229069,False,2.01
JDQ4MTYyMiM4MSMkMSMkMCMkMTMkMzgxNzAyIzUxIyQxIyQ1IyQ4OSQzNjE0ODEjODEjJDEjJDYjJDgz,자인단오한의원,47290,한의원,"경상북도 경산시 자인면 자인로 178, (자인면)",2016-12-29,0,35.8162477,128.8254363,False,2.46
JDQ4MTYyMiM4MSMkMSMkMCMkOTIkMzgxOTYxIzExIyQxIyQ3IyQwMyQyNjEyMjIjNTEjJDEjJDIjJDgz,자인보건지소,47290,보건지소,"경상북도 경산시 자인면 일연로 82, (자인면)",1962-01-01,0,35.820858,128.8226,False,1.9
JDQ4MTYyMiM4MSMkMiMkMCMkMDAkNDgxMTkxIzExIyQxIyQzIyQ4MiQzNjE0ODEjNzEjJDEjJDgjJDgz,장병두정형외과의원,47290,의원,"경상북도 경산시 대학로 46, 1,5층 (정평동)",2018-10-17,0,35.8337425,128.7277482,False,7.33
JDQ4MTYyMiM4MSMkMiMkMCMkMDAkNDgxMTkxIzIxIyQxIyQxIyQ3MiQ0NjE0ODEjNjEjJDEjJDQjJDgz,장보는 덕원 내과의원,47290,의원,"경상북도 경산시 중앙로 77, 2층 (중방동)",2020-05-30,0,35.8234606,128.7351457,False,6.77
JDQ4MTYyMiM4MSMkMiMkMCMkMDAkNDgxMTkxIzIxIyQxIyQ5IyQ4MiQyNjE4MzIjNjEjJDEjJDAjJDgz,장앤김더나은속내과의원,47290,의원,"경상북도 경산시 백자로 77, 3층 (사동)",2022-04-20,0,35.8127551,128.755222,False,5.4
JDQ4MTYyMiM4MSMkMiMkMCMkMDAkMzgxOTYxIzUxIyQxIyQ1IyQ5OSQ0NjEwMDIjODEjJDEjJDYjJDgz,장연합내과외과의원,47290,의원,"경상북도 경산시 하양읍 하양로 108-1, 2,5층",1993-05-01,0,35.9136829,128.8193572,False,8.91
JDQ4MTYyMiM4MSMkMSMkMCMkMTMkMzgxNzAyIzIxIyQxIyQ1IyQ4OSQ0NjEwMDIjNDEjJDEjJDgjJDgz,장한의원,47290,한의원,"경상북도 경산시 하양읍 대학로 1522, (하양읍)",1988-05-03,0,35.913966,128.8213717,False,8.96
JDQ4MTYyMiM4MSMkMSMkMCMkMTMkNDgxMzUxIzMxIyQxIyQ3IyQ4MiQ0NjE0ODEjNjEjJDEjJDAjJDgz,재생한의원,47290,한의원,"경상북도 경산시 원효로 16, (중방동)",2015-02-17,0,35.8236907,128.7393988,False,6.38
JDQ4MTYyMiM4MSMkMiMkMCMkMDAkMzgxNzAyIzIxIyQxIyQ5IyQ5OSQyNjEwMDIjNTEjJDEjJDIjJDgz,전미경산부인과의원,47290,의원,"경상북도 경산시 원효로 4, (중방동)",2001-11-27,0,35.8235864,128.7380693,False,6.5
JDQ4MTYyMiM4MSMkMSMkMCMkNzIkMzgxOTYxIzMxIyQxIyQ3IyQ5OSQyNjEyMjIjNDEjJDEjJDgjJDgz,전유택치과의원,47290,치과의원,"경상북도 경산시 원효로 2, 2층 (중방동)",2001-05-07,0,35.8235937,128.7377397,False,6.53
JDQ4MTYyMiM4MSMkMSMkMCMkOTIkMzgxNzAyIzExIyQxIyQ3IyQ5OSQyNjE4MzIjODEjJDEjJDIjJDgz,전지보건진료소,47290,보건진료소,"경상북도 경산시 남산면 전지길 64, (남산면)",1986-03-29,0,35.792325,128.812762,False,4.64
JDQ4MTYyMiM4MSMkMSMkMCMkMTMkNDgxMzUxIzIxIyQxIyQ1IyQ2MiQyNjEyMjIjNDEjJDEjJDgjJDgz,전해오한의원,47290,한의원,"경상북도 경산시 대학로 30, 세왕메디빌 3층 301호 (정평동)",2001-03-27,0,35.8341121,128.7260504,False,7.48
JDQ4MTYyMiM4MSMkMiMkMCMkMDAkNDgxMTkxIzExIyQxIyQzIyQ4MiQyNjEyMjIjNDEjJDEjJDgjJDgz,정소영산부인과의원,47290,의원,"경상북도 경산시 대학로 46, 4층 (정평동)",2018-10-10,0,35.8337425,128.7277482,False,7.33
JDQ4MTYyMiM4MSMkMSMkMCMkMTMkMzgxNzAyIzMxIyQyIyQ3IyQwMCQyNjEwMDIjNDEjJDEjJDQjJDgz,정암한의원,47290,한의원,"경상북도 경산시 경안로 177, (중방동)",2012-08-28,0,35.8232767,128.7371752,False,6.59
JDQ4MTYyMiM4MSMkMiMkMCMkMDAkNDgxMTkxIzExIyQyIyQ3IyQwMCQyNjEyMjIjNjEjJDEjJDQjJDgz,정요한연합속내과의원,47290,의원,"경상북도 경산시 중앙로 78, 2층 (중방동)",2019-04-24,0,35.8228687,128.7355,False,6.75
JDQ4MTYyMiM4MSMkMiMkMCMkMDAkMzgxMTkxIzIxIyQxIyQ5IyQ3MiQyNjEwMDIjODEjJDEjJDYjJDgz,정이비인후과의원,47290,의원,"경상북도 경산시 백자로10길 3-11, (사동)",1997-05-01,0,35.8114358,128.7547807,False,5.5
JDQ4MTYyMiM4MSMkMiMkMCMkMDAkNDgxMTkxIzMxIyQxIyQ3IyQ4MiQ0NjE0ODEjODEjJDEjJDIjJDgz,정평365의원,47290,의원,"경상북도 경산시 성동로 8, 3층 (정평동)",2024-01-29,0,35.8354225,128.7258806,False,7.5
JDQ4MTYyMiM4MSMkMiMkMCMkMDAkNDgxMTkxIzExIyQxIyQzIyQ3OSQ0NjE0ODEjNjEjJDEjJDgjJDgz,정평경대연합신경외과의원,47290,의원,"경상북도 경산시 대학로10길 1, 1,3층 (정평동)",2018-04-23,0,35.8336963,128.7280023,False,7.31
JDQ4MTYyMiM4MSMkMSMkMCMkNzIkMzgxMTkxIzIxIyQxIyQ5IyQxMyQzNjE0ODEjNDEjJDEjJDgjJDgz,정평대연치과의원,47290,치과의원,"경상북도 경산시 대학로 39, 2층 (정평동)",2017-08-08,0,35.834611,128.7272621,False,7.38
JDQ4MTYyMiM4MSMkMiMkMCMkMDAkNDgxOTYxIzIxIyQxIyQ1IyQ3OSQyNjE4MzIjODEjJDEjJDYjJDgz,정평마디앤제통의원,47290,의원,"경상북도 경산시 대학로 44, 청호빌딩 2층 (정평동)",2025-05-30,0,35.8338387,128.7274942,False,7.35
JDQ4MTYyMiM4MSMkMiMkMCMkMDAkNDgxMTkxIzQxIyQxIyQ3IyQ2MiQ0NjE0ODEjNDEjJDEjJDQjJDgz,정평봄산부인과의원,47290,의원,"경상북도 경산시 대학로 63, 7층 (정평동)",2024-09-02,0,35.8344228,128.7294985,False,7.17
JDQ4MTYyMiM4MSMkMiMkMCMkMDAkMzgxNzAyIzQxIyQxIyQ3IyQ5OSQyNjEwMDIjNDEjJDEjJDgjJDgz,정평연합의원,47290,의원,"경상북도 경산시 대학로8길 21, (정평동)",2012-09-07,0,35.8327861,128.7273515,False,7.37
JDQ4MTYyMiM4MSMkMiMkMCMkMDAkMzgxNzAyIzMxIyQxIyQzIyQwMyQzNjE4MzIjNDEjJDEjJDgjJDgz,정평정형외과의원,47290,의원,"경상북도 경산시 남매로 42-3, (상방동)",2005-04-26,0,35.8146966,128.7421418,False,6.4
JDQ4MTYyMiM4MSMkMSMkMCMkNzIkMzgxMTkxIzQxIyQxIyQ3IyQ3OSQyNjEyMjIjODEjJDEjJDYjJDgz,정평탑치과의원,47290,치과의원,"경상북도 경산시 대학로8길 21, 4층 (정평동)",2022-09-22,0,35.8327861,128.7273515,False,7.37
JDQ4MTYyMiM4MSMkMiMkMCMkMDAkMzgxMTkxIzExIyQxIyQ3IyQxMyQzNjEwMDIjNDEjJDEjJDgjJDgz,제일산부인과의원,47290,의원,"경상북도 경산시 하양읍 하양로 101, 4층",1995-05-01,0,35.9134889,128.8185762,False,8.88
JDQ4MTYyMiM4MSMkMiMkMCMkMDAkMzgxMTkxIzMxIyQyIyQ3IyQwMCQ0NjE0ODEjNjEjJDEjJDAjJDgz,제일연합신경외과의원,47290,의원,"경상북도 경산시 진량읍 공단로 496, 1,3,4층",2008-09-18,29,35.875706,128.8193686,False,4.73
JDQ4MTYyMiM4MSMkMiMkMCMkMDAkMzgxNzAyIzMxIyQxIyQzIyQ4OSQ0NjEwMDIjNzEjJDEjJDgjJDgz,제일정형외과의원,47290,의원,"경상북도 경산시 하양읍 하양로 132, (하양읍)",2002-03-18,0,35.9149386,128.821395,False,9.07
JDQ4MTYyMiM4MSMkMiMkMCMkMDAkNDgxMTkxIzMxIyQyIyQzIyQwMCQzNjEwMDIjNjEjJDEjJDQjJDgz,제일편한속내과의원,47290,의원,"경상북도 경산시 하양읍 서사도리9로 27, 3층 301~302호",2022-11-08,0,35.9165704,128.8129432,False,9.19
JDQ4MTYyMiM4MSMkMSMkMCMkNzIkMzgxMzUxIzUxIyQxIyQ1IyQ5OSQzNjE0ODEjNDEjJDEjJDgjJDgz,조상래치과의원,47290,치과의원,"경상북도 경산시 중앙로 77, 3층 (중방동)",1992-04-30,0,35.8234606,128.7351457,False,6.77
JDQ4MTYyMiM4MSMkMSMkMCMkMTMkNDgxMzUxIzExIyQxIyQzIyQ3MiQ0NjEwMDIjNzEjJDEjJDgjJDgz,조희창한의원,47290,한의원,"경상북도 경산시 장산로 105, (삼북동)",2000-09-06,0,35.818086,128.7364298,False,6.78
JDQ4MTYyMiM4MSMkMiMkMCMkMDAkNDgxMzUxIzIxIyQxIyQ5IyQ4MiQzNjEyMjIjODEjJDEjJDIjJDgz,준이비인후과의원,47290,의원,"경상북도 경산시 경청로221길 1, 2층 (백천동)",2007-02-08,0,35.8040407,128.7388851,False,7.15
JDQ4MTYyMiM4MSMkMSMkMCMkNzIkMzgxMTkxIzIxIyQxIyQxIyQ5OSQyNjEwMDIjNTEjJDEjJDYjJDgz,준치과의원,47290,치과의원,"경상북도 경산시 하양읍 하양로 110, 4층 401호",2013-06-27,0,35.9138119,128.8195075,False,8.93
JDQ4MTYyMiM4MSMkMiMkMCMkMDAkNDgxMTkxIzMxIyQxIyQ3IyQ5OSQyNjEwMDIjNDEjJDEjJDgjJDgz,중산바른신경외과의원,47290,의원,"경상북도 경산시 펜타힐즈2로 57, 3층 304~307호 (중산동)",2023-07-28,0,35.8287306,128.7197706,False,8.07
JDQ4MTYyMiM4MSMkMiMkMCMkMDAkNDgxMTkxIzIxIyQxIyQ1IyQ5OSQyNjEyMjIjNDEjJDEjJDgjJDgz,중산참비뇨의학과의원,47290,의원,"경상북도 경산시 펜타힐즈2로 27, 중산타워 4층 401호 (중산동)",2021-02-10,0,35.8271546,128.7179627,False,8.25
JDQ4MTYyMiM4MSMkMiMkMCMkMDAkMzgxNzAyIzExIyQxIyQ3IyQ4OSQ0NjEwMDIjNDEjJDEjJDgjJDgz,중앙안과의원,47290,의원,"경상북도 경산시 중앙로 79, 3층 (중방동, 제일빌딩)",2000-12-01,0,35.8234177,128.7355074,False,6.74
JDQ4MTYyMiM4MSMkMiMkMCMkMDAkMzgxMTkxIzExIyQxIyQzIyQxMyQyNjE4MzIjODEjJDEjJDYjJDgz,중앙의원,47290,의원,"경상북도 경산시 자인면 일연로 47, 1층",2003-10-01,0,35.817924,128.821237,False,2.1
JDQ4MTYyMiM4MSMkMSMkMCMkNzIkMzgxOTYxIzIxIyQxIyQ5IyQxMyQyNjE4MzIjODEjJDEjJDIjJDgz,즐거운치과의원,47290,치과의원,"경상북도 경산시 대학로10길 1, 유진빌딩 4층 (정평동)",1999-06-26,0,35.8336963,128.7280023,False,7.31
JDQ4MTYyMiM4MSMkMiMkMCMkMDAkNDgxMTkxIzIxIyQyIyQ5IyQwMCQyNjEyMjIjNjEjJDEjJDAjJDgz,지안마디내과의원,47290,의원,"경상북도 경산시 경산로7길 2, 2층 (옥곡동)",2022-01-28,0,35.8129709,128.7325992,False,7.28
JDQ4MTYyMiM4MSMkMSMkMCMkOTIkMzgxOTYxIzExIyQxIyQ3IyQwMyQyNjE0ODEjNjEjJDEjJDgjJDgz,진량보건지소,47290,보건지소,"경상북도 경산시 진량읍 다문로 21, (진량읍)",1962-01-01,0,35.8748283,128.8135048,False,4.56
JDQ4MTYyMiM4MSMkMiMkMCMkMDAkNDgxMTkxIzIxIyQxIyQ5IyQ3MiQzNjEyMjIjNDEjJDEjJDgjJDgz,진량속편한연합내과의원,47290,의원,"경상북도 경산시 진량읍 다문로 58, 4층",2022-03-31,0,35.8746548,128.8175549,False,4.59
JDQ4MTYyMiM4MSMkMiMkMCMkMDAkMzgxOTYxIzMxIyQyIyQ3IyQwMCQzNjEwMDIjNjEjJDEjJDAjJDgz,진량연합내과의원,47290,의원,"경상북도 경산시 진량읍 공단로 475, 2층",2008-04-15,0,35.8739518,128.8185507,False,4.53
JDQ4MTYyMiM4MSMkMiMkMCMkMDAkNDgxMzUxIzMxIyQxIyQzIyQ3OSQyNjE4MzIjNjEjJDEjJDgjJDgz,진량정형외과의원,47290,의원,"경상북도 경산시 진량읍 다문로 65, (진량읍)",2007-04-24,29,35.8754216,128.8182642,False,4.68
JDQ4MTYyMiM4MSMkMSMkMCMkNzIkMzgxMzUxIzIxIyQxIyQ5IyQxMyQzNjEwMDIjODEjJDEjJDYjJDgz,진량치과의원,47290,치과의원,"경상북도 경산시 진량읍 대학로 1062, (진량읍)",1995-03-08,0,35.875969,128.8122164,False,4.68
JDQ4MTYyMiM4MSMkMSMkMCMkMTMkNDgxMzUxIzUxIyQxIyQxIyQ5MiQyNjEyMjIjNjEjJDEjJDQjJDgz,진량한의원,47290,한의원,"경상북도 경산시 진량읍 대학로 1061, (진량읍)",2020-06-17,0,35.8760942,128.8118848,False,4.69
JDQ4MTYyMiM4MSMkMiMkMCMkMDAkNDgxMTkxIzExIyQxIyQ3IyQ5OSQzNjEyMjIjNDEjJDEjJDgjJDgz,진피부과의원,47290,의원,"경상북도 경산시 펜타힐즈2로 37, 힐즈스퀘어3차 501호~504호 (중산동)",2019-04-12,0,35.8274286,128.7186611,False,8.18
JDQ4MTYyMiM4MSMkMiMkMCMkMDAkMzgxMTkxIzIxIyQyIyQxIyQwMCQzNjEwMDIjNjEjJDEjJDAjJDgz,참빛연합의원,47290,의원,"경상북도 경산시 경청로 1105, 금강빌딩 4층 (백천동)",2006-04-17,0,35.803784,128.7387725,False,7.17
JDQ4MTYyMiM4MSMkMSMkMCMkNzIkMzgxMzUxIzMxIyQxIyQzIyQ5MiQyNjE0ODEjNDEjJDEjJDQjJDgz,참사랑치과의원,47290,치과의원,"경상북도 경산시 진량읍 봉황길 41, 2층 201호",2011-02-28,0,35.8844884,128.8224582,False,5.74
JDQ4MTYyMiM4MSMkMiMkMCMkMDAkNDgxMzUxIzUxIyQxIyQxIyQ2MiQ0NjE0ODEjNjEjJDEjJDQjJDgz,참이비인후과의원,47290,의원,"경상북도 경산시 하양읍 하양로 110, 3층 301호",2009-07-01,0,35.9138119,128.8195075,False,8.93
JDQ4MTYyMiM4MSMkMiMkMCMkMDAkNDgxMTkxIzIxIyQxIyQ5IyQ3MiQzNjEwMDIjNTEjJDEjJDYjJDgz,참조은산부인과의원,47290,의원,"경상북도 경산시 경안로 204, 경도빌딩 2층 (중방동)",2022-03-22,0,35.8257123,128.7370995,False,6.55
JDQ4MTYyMiM4MSMkMiMkMCMkMDAkMzgxNzAyIzIxIyQyIyQ1IyQwMCQyNjEwMDIjNTEjJDEjJDYjJDgz,참조은이비인후과의원,47290,의원,"경상북도 경산시 대학로10길 24, 1층 (정평동)",2013-05-20,0,35.8320623,128.7275118,False,7.36
JDQ4MTYyMiM4MSMkMSMkMCMkNzIkMzgxOTYxIzMxIyQxIyQ3IyQ5MiQyNjE0ODEjNDEjJDEjJDgjJDgz,참조은치과의원,47290,치과의원,"경상북도 경산시 대학로 336, (조영동)",2002-05-22,0,35.8393232,128.7579441,False,4.65
JDQ4MTYyMiM4MSMkMiMkMCMkMDAkMzgxNzAyIzMxIyQxIyQ3IyQwMyQ0NjE0ODEjNjEjJDEjJDgjJDgz,채한수이비인후과의원,47290,의원,"경상북도 경산시 중앙로 79, (중방동)",2002-12-23,0,35.8234177,128.7355074,False,6.74
JDQ4MTYyMiM4MSMkMiMkMCMkMDAkNDgxOTYxIzMxIyQxIyQzIyQ5MiQ0NjEwMDIjNDEjJDEjJDgjJDgz,척재활의학과의원,47290,의원,"경상북도 경산시 중앙로 76, 3층 (중방동)",2015-07-01,0,35.8227333,128.7352125,False,6.78
JDQ4MTYyMiM4MSMkMSMkMCMkMTMkNDgxOTYxIzUxIyQxIyQ1IyQ3MiQyNjE4MzIjNDEjJDEjJDgjJDgz,척척척한의원,47290,한의원,"경상북도 경산시 백자로 65, 201, 202호 (사동)",2024-03-13,0,35.8119799,128.7545687,False,5.49
JDQ4MTYyMiM4MSMkMSMkMCMkMTMkMzgxNzAyIzQxIyQyIyQ3IyQwMCQ0NjE0ODEjNTEjJDEjJDYjJDgz,천수한의원,47290,한의원,"경상북도 경산시 성암로 37, (옥산동)",2001-02-21,0,35.8229687,128.7217354,False,7.97
JDQ4MTYyMiM4MSMkMSMkMCMkMTMkNDgxOTYxIzQxIyQxIyQ3IyQ4OSQyNjE0ODEjNjEjJDEjJDAjJDgz,천심한의원,47290,한의원,"경상북도 경산시 경청로217길 3-17, 1층 (백천동)",2018-07-26,0,35.8011119,128.7371679,False,7.44
JDQ4MTYyMiM4MSMkMSMkMCMkMTMkNDgxMzUxIzQxIyQxIyQ3IyQxMyQzNjEwMDIjODEjJDEjJDIjJDgz,천지인한의원,47290,한의원,"경상북도 경산시 경안로 197, (중방동)",2006-03-31,0,35.8250703,128.7367554,False,6.59
JDQ4MTYyMiM4MSMkMiMkMCMkMDAkMzgxOTYxIzIxIyQxIyQxIyQ4MiQzNjE0ODEjNTEjJDEjJDIjJDgz,청십자유외과의원,47290,의원,"경상북도 경산시 중앙로 76, 1층 (중방동)",1987-02-20,3,35.8227333,128.7352125,False,6.78
JDQ4MTYyMiM4MSMkMSMkMCMkMTMkNDgxMTkxIzExIyQxIyQzIyQ3OSQyNjEwMDIjNjEjJDEjJDgjJDgz,청추나한의원,47290,한의원,"경상북도 경산시 대학로 39, 4층 (정평동)",2025-05-28,0,35.834611,128.7272621,False,7.38
JDQ4MTYyMiM4MSMkMiMkMCMkMDAkMzgxMTkxIzIxIyQxIyQ5IyQ4MiQzNjE0ODEjNDEjJDEjJDgjJDgz,최기숙산부인과의원,47290,의원,"경상북도 경산시 하양읍 하양로 110, 110",1997-04-24,0,35.9138119,128.8195075,False,8.93
JDQ4MTYyMiM4MSMkMiMkMCMkMDAkMzgxOTYxIzMxIyQxIyQ3IyQxMyQyNjEwMDIjNjEjJDEjJDQjJDgz,최내과김영상의학과의원,47290,의원,"경상북도 경산시 경안로 192-1, (중방동)",1991-04-24,1,35.8247216,128.7373435,False,6.55
JDQ4MTYyMiM4MSMkMiMkMCMkMDAkMzgxMTkxIzUxIyQxIyQxIyQ3MiQyNjE0ODEjNjEjJDEjJDgjJDgz,최용식이비인후과의원,47290,의원,"경상북도 경산시 성암로 37, (옥산동)",1999-05-31,0,35.8229687,128.7217354,False,7.97
JDQ4MTYyMiM4MSMkMiMkMCMkMDAkNDgxMzUxIzIxIyQyIyQ1IyQwMCQzNjE4MzIjODEjJDEjJDIjJDgz,최이비인후과의원,47290,의원,"경상북도 경산시 진량읍 봉황길 23, (삼주봉황타운 3단지)",2006-04-17,0,35.8846633,128.8206299,False,5.73
JDQ4MTYyMiM4MSMkMiMkMCMkMDAkMzgxMTkxIzIxIyQxIyQ1IyQxMyQyNjEwMDIjNDEjJDEjJDgjJDgz,최한철외과의원,47290,의원,"경상북도 경산시 자인면 금학로 8-12, (자인면)",1997-01-09,0,35.8198187,128.8231177,False,2.02
JDQ4MTYyMiM4MSMkMiMkMCMkMDAkNDgxOTYxIzUxIyQxIyQxIyQxMyQ0NjE0ODEjNzEjJDEjJDgjJDgz,코뿔소이비인후과의원,47290,의원,"경상북도 경산시 대학로 73, 3층 (정평동)",2017-06-21,0,35.8343947,128.7305452,False,7.08
JDQ4MTYyMiM4MSMkMiMkMCMkMDAkNDgxMzUxIzIxIyQxIyQ1IyQ3OSQzNjEyMjIjODEjJDEjJDIjJDgz,크린피부과의원,47290,의원,"경상북도 경산시 중앙로 81, 4층 (중방동)",2006-03-21,0,35.8236043,128.7358187,False,6.7
JDQ4MTYyMiM4MSMkMiMkMCMkMDAkNDgxOTYxIzIxIyQxIyQ1IyQxMyQ0NjEwMDIjNTEjJDEjJDYjJDgz,키드키드 소아청소년과의원,47290,의원,"경상북도 경산시 펜타힐즈2로 27, 중산타워 304호 (중산동)",2020-08-19,0,35.8271546,128.7179627,False,8.25
JDQ4MTYyMiM4MSMkMiMkMCMkMDAkNDgxMTkxIzExIyQxIyQ3IyQ4MiQzNjE4MzIjODEjJDEjJDIjJDgz,파티마연합 정 소아청소년과의원,47290,의원,"경상북도 경산시 펜타힐즈2로 57, 4층, 9층 (중산동)",2019-08-23,10,35.8287306,128.7197706,False,8.07
JDQ4MTYyMiM4MSMkMiMkMCMkMDAkMzgxNzAyIzMxIyQxIyQzIyQ2MiQzNjE0ODEjODEjJDEjJDIjJDgz,파티마연합마취통증의학과의원,47290,의원,"경상북도 경산시 중앙로 81, (중방동)",2002-04-17,0,35.8236043,128.7358187,False,6.7
JDQ4MTYyMiM4MSMkMSMkMCMkMTMkNDgxOTYxIzIxIyQyIyQ5IyQwMCQyNjEwMDIjODEjJDEjJDIjJDgz,펜타힐즈명가한의원,47290,한의원,"경상북도 경산시 펜타힐즈2로 41, 2층 202호 (중산동)",2018-04-30,0,35.827734,128.7190243,False,8.15
JDQ4MTYyMiM4MSMkMiMkMCMkMDAkNDgxOTYxIzUxIyQxIyQ1IyQ4MiQzNjEyMjIjNjEjJDEjJDQjJDgz,펜타힐즈속연합내과의원,47290,의원,"경상북도 경산시 펜타힐즈로 74, 2층 206,207호 (중산동)",2018-01-15,0,35.8300949,128.719891,False,8.05
JDQ4MTYyMiM4MSMkMSMkMCMkNzIkMzgxMTkxIzMxIyQyIyQzIyQwMCQyNjE0ODEjNDEjJDEjJDgjJDgz,펜타힐즈치과의원,47290,치과의원,"경상북도 경산시 펜타힐즈로 74, 3층 306호 (중산동)",2018-03-16,0,35.8300949,128.719891,False,8.05
JDQ4MTYyMiM4MSMkMiMkMCMkMDAkNDgxMzUxIzIxIyQyIyQ1IyQwMCQzNjE0ODEjNTEjJDEjJDYjJDgz,푸른마취통증의학과의원,47290,의원,"경상북도 경산시 대학로 63, 6층 (정평동)",2010-10-05,0,35.8344228,128.7294985,False,7.17
JDQ4MTYyMiM4MSMkMSMkMCMkMTMkNDgxMzUxIzUxIyQxIyQxIyQ4OSQzNjE0ODEjODEjJDEjJDIjJDgz,하양365한의원,47290,한의원,"경상북도 경산시 하양읍 하양로 117, (하양읍)",2024-09-26,0,35.9144582,128.8198339,False,9.0
JDQ4MTYyMiM4MSMkMSMkMCMkNzIkMzgxMTkxIzQxIyQxIyQ3IyQ3MiQzNjEwMDIjNDEjJDEjJDQjJDgz,하양라온치과의원,47290,치과의원,"경상북도 경산시 하양읍 대경로 646, 2~4층",2022-07-13,0,35.9071463,128.8125859,False,8.14
JDQ4MTYyMiM4MSMkMiMkMCMkMDAkNDgxOTYxIzMxIyQxIyQzIyQ4OSQyNjE4MzIjODEjJDEjJDYjJDgz,하양맑은신경과의원,47290,의원,"경상북도 경산시 하양읍 대학로 1536, 3층",2015-01-26,0,35.9148918,128.8204792,False,9.06
JDQ4MTYyMiM4MSMkMSMkMCMkNzIkMzgxOTYxIzIxIyQyIyQ1IyQwMCQzNjEwMDIjNjEjJDEjJDAjJDgz,하양미르치과의원,47290,치과의원,"경상북도 경산시 하양읍 하양로 93, 3층, 4층",1997-04-03,0,35.9129724,128.8178095,False,8.82
JDQ4MTYyMiM4MSMkMSMkMCMkOTIkMzgxOTYxIzExIyQxIyQ3IyQxMyQzNjE4MzIjNDEjJDEjJDgjJDgz,하양보건지소,47290,보건지소,"경상북도 경산시 하양읍 문화로 36, 36",1964-01-01,0,35.9123859,128.8122901,False,8.72
JDQ4MTYyMiM4MSMkMiMkMCMkMDAkNDgxMTkxIzUxIyQxIyQ1IyQ4OSQ0NjE0ODEjNDEjJDEjJDgjJDgz,하양삼성안과의원,47290,의원,"경상북도 경산시 하양읍 하양로 119, 119",2007-01-19,0,35.9145739,128.8200081,False,9.02
JDQ4MTYyMiM4MSMkMiMkMCMkMDAkMzgxOTYxIzIxIyQxIyQ5IyQ4MiQzNjE4MzIjNDEjJDEjJDQjJDgz,하양삼성의원,47290,의원,"경상북도 경산시 하양읍 대경로 795, 1,2,3층",2019-04-12,0,35.9151273,128.826064,False,9.15
JDQ4MTYyMiM4MSMkMSMkMCMkNzIkMzgxMTkxIzMxIyQyIyQzIyQwMCQzNjEwMDIjNTEjJDEjJDIjJDgz,하양서울파티마치과의원,47290,치과의원,"경상북도 경산시 하양읍 하양로 112, 5층",2018-04-19,0,35.9139092,128.8196946,False,8.94
JDQ4MTYyMiM4MSMkMiMkMCMkMDAkNDgxMzUxIzMxIyQxIyQ3IyQ3MiQyNjEwMDIjNTEjJDEjJDIjJDgz,하양속시원내과의원,47290,의원,"경상북도 경산시 하양읍 대학로 1524, 1층",2008-04-15,0,35.9143552,128.8214577,False,9.01
JDQ4MTYyMiM4MSMkMiMkMCMkMDAkMzgxNzAyIzExIyQxIyQzIyQ4OSQzNjE4MzIjODEjJDEjJDYjJDgz,하양연합소아청소년과의원,47290,의원,"경상북도 경산시 하양읍 하양로 112, 3층",2004-04-26,0,35.9139092,128.8196946,False,8.94
JDQ4MTYyMiM4MSMkMSMkMCMkNzIkMzgxMTkxIzMxIyQxIyQ3IyQ5OSQ0NjE0ODEjNjEjJDEjJDgjJDgz,하양연합치과의원,47290,치과의원,"경상북도 경산시 하양읍 대학로 1524, (하양읍)",2004-12-01,0,35.9143552,128.8214577,False,9.01
JDQ4MTYyMiM4MSMkMSMkMCMkNzIkMzgxMTkxIzQxIyQxIyQ3IyQxMyQyNjEwMDIjNjEjJDEjJDgjJDgz,하양오늘치과의원,47290,치과의원,"경상북도 경산시 하양읍 서사도리9로 27, 4층",2024-05-22,0,35.9165704,128.8129432,False,9.19
JDQ4MTYyMiM4MSMkMiMkMCMkMDAkNDgxMTkxIzMxIyQxIyQzIyQ4MiQ0NjE0ODEjNDEjJDEjJDgjJDgz,하양중앙내과의원,47290,의원,"경상북도 경산시 하양읍 하양로 125, (하양읍)",2000-03-16,0,35.9148789,128.820681,False,9.06
JDQ4MTYyMiM4MSMkMSMkMCMkNzIkMzgxMTkxIzMxIyQxIyQ3IyQxMyQzNjE0ODEjNjEjJDEjJDAjJDgz,하양탑치과의원,47290,치과의원,"경상북도 경산시 하양읍 하양로 46, 2층",2022-07-05,0,35.909613,128.8146093,False,8.43
JDQ4MTYyMiM4MSMkMiMkMCMkMDAkNDgxMTkxIzExIyQxIyQzIyQ3OSQzNjEyMjIjNDEjJDEjJDQjJDgz,하양파티마연합속내과의원,47290,의원,"경상북도 경산시 하양읍 하양로 112, 2~3층",2018-04-19,0,35.9139092,128.8196946,False,8.94
JDQ4MTYyMiM4MSMkMSMkMCMkNzIkMzgxMzUxIzUxIyQxIyQ1IyQ5MiQzNjEyMjIjNjEjJDEjJDAjJDgz,하은치과의원,47290,치과의원,"경상북도 경산시 성암로21길 73, 201호 (중산동)",2001-10-22,0,35.831017,128.725413,False,7.55
JDQ4MTYyMiM4MSMkMiMkMCMkMDAkNDgxOTYxIzMxIyQxIyQzIyQ4OSQ0NjE0ODEjNDEjJDEjJDQjJDgz,한결비뇨기과의원,47290,의원,"경상북도 경산시 하양읍 하양로 110, 2층 (이슈빌딩)",2015-02-17,0,35.9138119,128.8195075,False,8.93
JDQ4MTYyMiM4MSMkMSMkMCMkNzIkMzgxMzUxIzQxIyQxIyQ3IyQ5OSQzNjE4MzIjNTEjJDEjJDYjJDgz,한남치과의원,47290,치과의원,"경상북도 경산시 중앙로 72, (중방동)",1990-05-04,0,35.8226921,128.7348653,False,6.81
JDQ4MTYyMiM4MSMkMiMkMCMkMDAkMzgxNzAyIzUxIyQyIyQxIyQwMCQ0NjEwMDIjNDEjJDEjJDgjJDgz,한마음산부인과의원,47290,의원,"경상북도 경산시 중앙로 69, (중방동)",2003-08-28,0,35.82295,128.7346625,False,6.82
JDQ4MTYyMiM4MSMkMSMkMCMkNzIkMzgxMzUxIzUxIyQxIyQxIyQ5OSQzNjE4MzIjNDEjJDEjJDQjJDgz,한사랑치과의원,47290,치과의원,"경상북도 경산시 성암로8길 33, (옥산동)",2011-02-01,0,35.8200608,128.723532,False,7.87
JDQ4MTYyMiM4MSMkMiMkMCMkMDAkMzgxOTYxIzIxIyQxIyQxIyQwMyQzNjEyMjIjNTEjJDEjJDYjJDgz,한피부과의원,47290,의원,"경상북도 경산시 경안로39길 2, (중방동)",1988-01-11,0,35.824831,128.7367254,False,6.6
JDQ4MTYyMiM4MSMkMSMkMCMkNzIkMzgxMzUxIzIxIyQxIyQxIyQwMyQyNjE4MzIjNTEjJDEjJDIjJDgz,함치과의원,47290,치과의원,"경상북도 경산시 하양읍 하양로 108-1, (하양읍)",1983-02-26,0,35.9136829,128.8193572,False,8.91
JDQ4MTYyMiM4MSMkMSMkMCMkMTMkMzgxNzAyIzQxIyQxIyQ3IyQ3OSQzNjE0ODEjODEjJDEjJDYjJDgz,해동한의원,47290,한의원,"경상북도 경산시 대학로 336, (조영동)",1997-05-21,0,35.8393232,128.7579441,False,4.65
JDQ4MTYyMiM4MSMkMSMkMCMkMTMkNDgxMzUxIzQxIyQxIyQ3IyQ4MiQyNjEwMDIjNTEjJDEjJDYjJDgz,해오름한의원,47290,한의원,"경상북도 경산시 경산로 43, 3층 (옥곡동)",2005-11-10,0,35.8131382,128.7324694,False,7.28
JDQ4MTYyMiM4MSMkMiMkMCMkMDAkNDgxMTkxIzIxIyQxIyQxIyQwMyQzNjEwMDIjNTEjJDEjJDIjJDgz,햇살연합소아청소년과의원,47290,의원,"경상북도 경산시 진량읍 다문로 60, 2층",2020-09-03,0,35.8746025,128.817765,False,4.58
JDQ4MTYyMiM4MSMkMiMkMCMkMDAkNDgxMTkxIzIxIyQxIyQ1IyQ5OSQyNjE0ODEjNjEjJDEjJDAjJDgz,행복드림의원,47290,의원,"경상북도 경산시 압량읍 압독3로 25, 2층",2016-06-08,0,35.841917,128.7645251,False,4.11
JDQ4MTYyMiM4MSMkMiMkMCMkMDAkMzgxNzAyIzQxIyQxIyQ3IyQ5OSQyNjE0ODEjNTEjJDEjJDYjJDgz,현대연합내과의원,47290,의원,"경상북도 경산시 중앙로 79, 2층 (중방동)",2003-01-21,0,35.8234177,128.7355074,False,6.74
JDQ4MTYyMiM4MSMkMiMkMCMkMDAkMzgxMTkxIzUxIyQxIyQxIyQ3OSQzNjE0ODEjNTEjJDEjJDIjJDgz,현대외과의원,47290,의원,"경상북도 경산시 압량면 대학로 345, (압량읍)",1999-04-21,0,35.8402061,128.7582989,False,4.63
JDQ4MTYyMiM4MSMkMSMkMCMkMTMkNDgxMzUxIzIxIyQxIyQxIyQ5MiQzNjE0ODEjNTEjJDEjJDYjJDgz,혜민한의원,47290,한의원,"경상북도 경산시 진량읍 봉황길 29, 106동 2층 202호 (삼주봉황1차)",2000-06-07,0,35.8850895,128.8214266,False,5.79
JDQ4MTYyMiM4MSMkMiMkMCMkMDAkMzgxNzAyIzUxIyQyIyQxIyQwMCQzNjE4MzIjNjEjJDEjJDAjJDgz,호산부인과의원,47290,의원,"경상북도 경산시 대학로 323, 2층 (조영동)",2003-08-14,0,35.8391706,128.7563596,False,4.79
JDQ4MTYyMiM4MSMkMiMkMCMkMDAkMzgxMTkxIzIxIyQxIyQxIyQ4MiQyNjE4MzIjNDEjJDEjJDQjJDgz,호야성형외과의원,47290,의원,"경상북도 경산시 대학로28길 6-5, CGV 2층 201호 (중방동)",2013-12-11,0,35.8330604,128.7366774,False,6.53
JDQ4MTYyMiM4MSMkMSMkMCMkNzIkMzgxMTkxIzMxIyQxIyQzIyQ4MiQyNjEwMDIjNDEjJDEjJDgjJDgz,호치과의원,47290,치과의원,"경상북도 경산시 대학로 73, 3층 (정평동)",2018-08-08,0,35.8343947,128.7305452,False,7.08
JDQ4MTYyMiM4MSMkMSMkMCMkMTMkNDgxMzUxIzIxIyQyIyQxIyQwMCQ0NjEwMDIjNjEjJDEjJDQjJDgz,화목한의원,47290,한의원,"경상북도 경산시 자인면 자인로 189, 1층",2003-10-24,0,35.8159969,128.8239444,False,2.41
JDQ4MTYyMiM4MSMkMiMkMCMkMDAkNDgxOTYxIzExIyQxIyQ3IyQ2MiQyNjEwMDIjODEjJDEjJDYjJDgz,화이트필의원,47290,의원,"경상북도 경산시 경안로 202, 6층 (중방동)",2011-11-14,0,35.8255842,128.7373615,False,6.53
JDQ4MTYyMiM4MSMkMSMkMCMkNzIkMzgxOTYxIzMxIyQxIyQzIyQwMyQyNjE4MzIjNzEjJDEjJDgjJDgz,환한미소치과의원,47290,치과의원,"경상북도 경산시 경산로 47, (옥곡동)",2011-03-10,0,35.8134128,128.7322359,False,7.3
JDQ4MTYyMiM4MSMkMSMkMCMkNzIkMzgxOTYxIzMxIyQyIyQ3IyQwMCQzNjE4MzIjNDEjJDEjJDQjJDgz,황태석치과의원,47290,치과의원,"경상북도 경산시 원효로32길 23, (사동)",2001-08-02,0,35.8188727,128.7533067,False,5.3
JDQ4MTYyMiM4MSMkMSMkMCMkNzIkMzgxOTYxIzIxIyQxIyQ5IyQ5OSQyNjE4MzIjNzEjJDEjJDgjJDgz,효성연합치과의원,47290,치과의원,"경상북도 경산시 장산로 257, 2층 (사동)",2002-09-02,0,35.8176529,128.7527376,False,5.39
JDQ4MTYyMiM4MSMkMiMkMCMkMDAkMzgxNzAyIzIxIyQxIyQ5IyQ5MiQzNjE0ODEjNTEjJDEjJDYjJDgz,효성의원,47290,의원,"경상북도 경산시 경안로 123, 2층 (삼북동)",2006-06-21,0,35.818607,128.737968,False,6.63
JDQ4MTYyMiM4MSMkMSMkMCMkOTIkMzgxOTYxIzExIyQyIyQ3IyQwMCQyNjE0ODEjNDEjJDEjJDQjJDgz,가음보건지소,47730,보건지소,"경상북도 의성군 가음면 금성현서로 455, (가음면)",1972-03-09,0,36.234135,128.724662,False,17.29
JDQ4MTYyMiM4MSMkMiMkMCMkMDAkMzgxMTkxIzIxIyQxIyQ1IyQxMyQyNjE4MzIjODEjJDEjJDIjJDgz,경북외과의원,47730,의원,"경상북도 의성군 안계면 용기4길 12, (안계면)",1997-01-08,0,36.3888254,128.4337229,False,16.51
JDQ4MTYyMiM4MSMkMSMkMCMkMTMkMzgxNzAyIzIxIyQxIyQxIyQ4MiQyNjEwMDIjNjEjJDEjJDgjJDgz,경희한의원,47730,한의원,"경상북도 의성군 의성읍 군청길 12, (의성읍)",2003-11-14,0,36.3529793,128.6951807,False,7.24
JDQ4MTYyMiM4MSMkMSMkMCMkOTIkMzgxNzAyIzExIyQxIyQzIyQ3MiQyNjE0ODEjODEjJDEjJDYjJDgz,구계보건진료소,47730,보건진료소,"경상북도 의성군 단촌면 고운사길 139, (단촌면)",1981-10-23,0,36.4592842,128.7187464,False,14.25
JDQ4MTYyMiM4MSMkMSMkMCMkOTIkMzgxNzAyIzExIyQxIyQzIyQ2MiQ0NjEwMDIjNjEjJDEjJDQjJDgz,구암보건진료소,47730,보건진료소,"경상북도 의성군 점곡면 의성길안로 637, 637",1984-04-26,0,36.3707021,128.7586749,False,12.89
JDQ4MTYyMiM4MSMkMSMkMCMkOTIkMzgxOTYxIzExIyQyIyQ3IyQwMCQyNjEyMjIjNjEjJDEjJDgjJDgz,구천보건지소,47730,보건지소,"경상북도 의성군 구천면 소보안계로 1603, 1603",1972-03-09,0,36.3481333,128.4325931,False,16.41
JDQ4MTYyMiM4MSMkMiMkMCMkMDAkNDgxMzUxIzIxIyQxIyQ1IyQwMyQzNjE0ODEjNDEjJDEjJDQjJDgz,권의원,47730,의원,"경상북도 의성군 안계면 안계길 149, 1층",2004-02-24,0,36.3848008,128.4364756,False,16.19
JDQ4MTYyMiM4MSMkMSMkMCMkOTIkMzgxOTYxIzExIyQxIyQ3IyQwMyQ0NjEwMDIjNDEjJDEjJDQjJDgz,금성보건지소,47730,보건지소,"경상북도 의성군 금성면 동부로 2402, 금성보건지소",1972-03-09,0,36.261189,128.6795004,False,12.61
JDQ4MTYyMiM4MSMkMSMkMCMkOTIkMzgxNzAyIzExIyQxIyQzIyQ2MiQzNjEwMDIjNTEjJDEjJDIjJDgz,금오보건진료소,47730,보건진료소,"경상북도 의성군 춘산면 금오길 421, (춘산면)",1981-11-30,0,36.2173499,128.8757466,False,28.37
JDQ4MTYyMiM4MSMkMSMkMCMkNzIkMzgxMzUxIzQxIyQxIyQ3IyQ2MiQyNjEwMDIjODEjJDEjJDYjJDgz,김종수치과의원,47730,치과의원,"경상북도 의성군 의성읍 문소3길 104, (의성읍)",1990-04-20,0,36.3551309,128.6945539,False,7.16
JDQ4MTYyMiM4MSMkMSMkMCMkOTIkMzgxOTYxIzExIyQxIyQ3IyQ3MiQ0NjE0ODEjNDEjJDEjJDQjJDgz,다인보건지소,47730,보건지소,"경상북도 의성군 다인면 서릉1길 25-21, 다인보건지소",1972-03-09,0,36.4497651,128.3588462,False,24.92
JDQ4MTYyMiM4MSMkMSMkMCMkOTIkMzgxOTYxIzExIyQyIyQ3IyQwMCQzNjE0ODEjNTEjJDEjJDIjJDgz,단밀보건지소,47730,보건지소,"경상북도 의성군 단밀면 중동단밀로 965, 965",1998-08-11,0,36.375929,128.3833967,False,20.8
JDQ4MTYyMiM4MSMkMSMkMCMkOTIkMzgxOTYxIzExIyQyIyQ3IyQwMCQzNjEwMDIjNDEjJDEjJDgjJDgz,단북보건지소,47730,보건지소,"경상북도 의성군 단북면 단북다인로 168, 168",1972-03-09,0,36.387474,128.404775,False,19.04
JDQ4MTYyMiM4MSMkMSMkMCMkOTIkMzgxOTYxIzExIyQxIyQzIyQ4OSQyNjE0ODEjODEjJDEjJDYjJDgz,단촌보건지소,47730,보건지소,"경상북도 의성군 단촌면 장터길 23, (단촌면)",1989-06-19,0,36.4220822,128.6743162,False,8.53
JDQ4MTYyMiM4MSMkMSMkMCMkOTIkMzgxNzAyIzExIyQxIyQzIyQ3MiQyNjE4MzIjNTEjJDEjJDYjJDgz,달제보건진료소,47730,보건진료소,"경상북도 의성군 다인면 자미로 503-2, (다인면)",1984-04-26,0,36.4732749,128.3856188,False,23.97
JDQ4MTYyMiM4MSMkMSMkMCMkNzIkMzgxMzUxIzUxIyQxIyQ1IyQ4MiQzNjEyMjIjNzEjJDEjJDgjJDgz,대구부부치과의원,47730,치과의원,"경상북도 의성군 안계면 안계길 160-1, (안계면)",1992-07-10,0,36.3857333,128.4358181,False,16.26
JDQ4MTYyMiM4MSMkMSMkMCMkMTMkMzgxNzAyIzMxIyQxIyQ3IyQ4OSQ0NjEwMDIjNDEjJDEjJDgjJDgz,대세한의원,47730,한의원,"경상북도 의성군 안계면 용기11길 28-6, (안계면)",2001-12-21,0,36.3832352,128.4383077,False,16.0
JDQ4MTYyMiM4MSMkMiMkMCMkMDAkMzgxMTkxIzQxIyQxIyQ3IyQxMyQ0NjEwMDIjNTEjJDEjJDIjJDgz,대신의원,47730,의원,"경상북도 의성군 봉양면 도리원1길 56-1, (봉양면)",1999-04-08,0,36.299046,128.5802058,False,7.67
JDQ4MTYyMiM4MSMkMSMkMCMkMTMkNDgxOTYxIzIxIyQxIyQ1IyQwMyQ0NjE0ODEjNjEjJDEjJDQjJDgz,대학한의원,47730,한의원,"경상북도 의성군 안계면 용기5길 13, (안계면)",2013-04-01,0,36.3865742,128.4331284,False,16.52
JDQ4MTYyMiM4MSMkMSMkMCMkOTIkMzgxNzAyIzExIyQxIyQzIyQ2MiQyNjE0ODEjNDEjJDEjJDgjJDgz,동부보건진료소,47730,보건진료소,"경상북도 의성군 비안면 동부안길 4-1, (동부보건진료소)",1982-10-01,0,36.3256948,128.4976899,False,11.26
JDQ4MTYyMiM4MSMkMiMkMCMkMDAkMzgxOTYxIzIxIyQxIyQ5IyQ2MiQyNjE0ODEjODEjJDEjJDIjJDgz,동산연합의원,47730,의원,"경상북도 의성군 안계면 안계길 154, (안계면)",1989-02-04,0,36.3854067,128.436253,False,16.22
JDQ4MTYyMiM4MSMkMSMkMCMkOTIkMzgxNzAyIzExIyQxIyQzIyQ2MiQzNjEyMjIjNDEjJDEjJDgjJDgz,매곡보건진료소,47730,보건진료소,"경상북도 의성군 사곡면 의성사곡로 1300, (사곡면)",1984-04-26,0,36.2951482,128.8187812,False,19.71
JDQ4MTYyMiM4MSMkMSMkMCMkNzIkMzgxOTYxIzIxIyQxIyQ5IyQwMyQ0NjE0ODEjNDEjJDEjJDgjJDgz,박준모치과의원,47730,치과의원,"경상북도 의성군 봉양면 도리원1길 53-1, (봉양면)",1999-04-07,0,36.2990846,128.5798477,False,7.68
JDQ4MTYyMiM4MSMkMSMkMCMkMTMkMzgxNzAyIzIxIyQxIyQ1IyQ3MiQzNjEwMDIjODEjJDEjJDIjJDgz,백산한의원,47730,한의원,"경상북도 의성군 의성읍 군청길 16, (의성읍)",2003-03-13,0,36.3527664,128.6955158,False,7.28
JDQ4MTYyMiM4MSMkMSMkMCMkOTIkMzgxOTYxIzExIyQyIyQ3IyQwMCQyNjEwMDIjODEjJDEjJDIjJDgz,봉양보건지소,47730,보건지소,"경상북도 의성군 봉양면 도리원3길 31, (봉양면)",1972-03-09,0,36.3007596,128.576354,False,7.65
JDQ4MTYyMiM4MSMkMSMkMCMkOTIkMzgxOTYxIzExIyQyIyQ3IyQwMCQyNjE4MzIjNjEjJDEjJDAjJDgz,비안보건지소,47730,보건지소,"경상북도 의성군 비안면 강변길 59, 59",1972-03-09,0,36.337349,128.490187,False,11.52
JDQ4MTYyMiM4MSMkMSMkMCMkOTIkMzgxOTYxIzExIyQxIyQzIyQ4OSQyNjE4MzIjNTEjJDEjJDYjJDgz,사곡보건지소,47730,보건지소,"경상북도 의성군 사곡면 의성사곡로 966, 966",1972-03-09,0,36.3062126,128.7863964,False,16.56
JDQ4MTYyMiM4MSMkMSMkMCMkOTIkMzgxNzAyIzExIyQyIyQzIyQwMCQ0NjEwMDIjODEjJDEjJDIjJDgz,산제보건진료소,47730,보건진료소,"경상북도 의성군 비안면 교화길 874, 산제보건진료소",1984-04-26,0,36.3480189,128.5458899,False,6.39
JDQ4MTYyMiM4MSMkMiMkMCMkMDAkMzgxNzAyIzMxIyQyIyQ3IyQwMCQ0NjEwMDIjODEjJDEjJDIjJDgz,삼성연합의원,47730,의원,"경상북도 의성군 안계면 안계길 171, (안계면)",2002-09-04,29,36.3863225,128.4345927,False,16.38
JDQ4MTYyMiM4MSMkMSMkMCMkOTIkMzgxNzAyIzExIyQyIyQzIyQwMCQ0NjE0ODEjNDEjJDEjJDQjJDgz,생송보건진료소,47730,보건진료소,"경상북도 의성군 단밀면 생송1길 7, 생송보건진료소",1981-10-02,0,36.3751597,128.3507051,False,23.71
JDQ4MTYyMiM4MSMkMiMkMCMkMDAkMzgxMTkxIzMxIyQxIyQ3IyQxMyQyNjEwMDIjNDEjJDEjJDgjJDgz,서울마취통증의학과의원,47730,의원,"경상북도 의성군 다인면 다인장길 9-1, (다인면)",2002-09-11,0,36.4497541,128.3552218,False,25.22
JDQ4MTYyMiM4MSMkMiMkMCMkMDAkNDgxMzUxIzExIyQxIyQ3IyQ4OSQzNjEwMDIjNjEjJDEjJDAjJDgz,서울중앙안과의원,47730,의원,"경상북도 의성군 의성읍 후죽3길 8, (의성읍)",2005-02-28,0,36.3555155,128.6949987,False,7.19
JDQ4MTYyMiM4MSMkMSMkMCMkMTMkNDgxOTYxIzUxIyQxIyQxIyQ3MiQyNjEwMDIjODEjJDEjJDIjJDgz,서울한의원,47730,한의원,"경상북도 의성군 안계면 안계길 197, 197",2002-02-19,0,36.3881637,128.4327313,False,16.58
JDQ4MTYyMiM4MSMkMSMkMCMkOTIkMzgxNzAyIzExIyQyIyQzIyQwMCQzNjE4MzIjNDEjJDEjJDgjJDgz,성암보건진료소,47730,보건진료소,"경상북도 의성군 단북면 단북다인로 426, 426",1983-10-01,0,36.3999505,128.3837484,False,21.13
JDQ4MTYyMiM4MSMkMSMkMCMkOTIkMzgxNzAyIzExIyQxIyQ3IyQ2MiQyNjEyMjIjNjEjJDEjJDAjJDgz,소호보건진료소,47730,보건진료소,"경상북도 의성군 구천면 소호1길 111, (구천면)",1981-10-02,0,36.3454382,128.4219903,False,17.39
JDQ4MTYyMiM4MSMkMSMkMCMkOTIkMzgxNzAyIzExIyQxIyQzIyQ2MiQyNjE4MzIjNjEjJDEjJDgjJDgz,순호보건진료소,47730,보건진료소,"경상북도 의성군 가음면 순호마을길 52, 순호보건진료소",1982-10-01,0,36.2109216,128.7270384,False,19.57
JDQ4MTYyMiM4MSMkMSMkMCMkOTIkMzgxOTYxIzExIyQyIyQ3IyQwMCQzNjEyMjIjODEjJDEjJDYjJDgz,신평보건지소,47730,보건지소,"경상북도 의성군 신평면 봉호로 2446-3, (신평면)",1972-03-09,0,36.4732329,128.5035075,False,15.89
JDQ4MTYyMiM4MSMkMSMkMCMkOTIkMzgxNzAyIzExIyQxIyQzIyQ3MiQzNjEwMDIjNDEjJDEjJDQjJDgz,실업보건진료소,47730,보건진료소,"경상북도 의성군 옥산면 양지실업길 588, 588",1992-11-23,0,36.3434412,128.7966751,False,16.4
JDQ4MTYyMiM4MSMkMSMkMCMkOTIkMzgxOTYxIzExIyQxIyQ3IyQwMyQ0NjE0ODEjNDEjJDEjJDgjJDgz,안계보건지소,47730,보건지소,"경상북도 의성군 안계면 안계시장길 30, 안계행복플랫폼",1972-03-09,0,36.3849001,128.4378438,False,16.07
JDQ4MTYyMiM4MSMkMiMkMCMkMDAkNDgxMzUxIzQxIyQxIyQ3IyQ4MiQzNjEwMDIjODEjJDEjJDYjJDgz,안계정형외과의원,47730,의원,"경상북도 의성군 안계면 용기2길 8, 1층",2009-02-06,25,36.3843353,128.4388718,False,15.97
JDQ4MTYyMiM4MSMkMSMkMCMkNzIkMzgxMTkxIzMxIyQxIyQ3IyQ5OSQyNjEyMjIjNzEjJDEjJDgjJDgz,안계참좋은치과의원,47730,치과의원,"경상북도 의성군 안계면 안계길 171, 2층",2020-05-11,0,36.3863225,128.4345927,False,16.38
JDQ4MTYyMiM4MSMkMSMkMCMkOTIkMzgxOTYxIzIxIyQxIyQxIyQ5OSQ0NjEwMDIjNTEjJDEjJDIjJDgz,안사보건지소,47730,보건지소,"경상북도 의성군 안사면 안신로 645, (안사면)",1972-03-09,0,36.4310873,128.4616504,False,15.73
JDQ4MTYyMiM4MSMkMSMkMCMkOTIkMzgxOTYxIzExIyQyIyQ3IyQwMCQzNjE4MzIjNzEjJDEjJDgjJDgz,안평보건지소,47730,보건지소,"경상북도 의성군 안평면 기도길 14, 14",1972-03-09,0,36.3753888,128.5794443,False,3.52
JDQ4MTYyMiM4MSMkMSMkMCMkOTIkMzgxNzAyIzExIyQxIyQzIyQ3MiQzNjE0ODEjNDEjJDEjJDgjJDgz,양서보건진료소,47730,보건진료소,"경상북도 의성군 다인면 덕미3길 18, 18",1983-10-01,0,36.5076161,128.3576245,False,28.15
JDQ4MTYyMiM4MSMkMSMkMCMkNzIkMzgxMTkxIzUxIyQxIyQxIyQ5OSQzNjE0ODEjNjEjJDEjJDgjJDgz,연세영치과의원,47730,치과의원,"경상북도 의성군 의성읍 문소3길 110-1, 4~5층",2024-11-25,0,36.3557995,128.6944748,False,7.14
JDQ4MTYyMiM4MSMkMSMkMCMkNzIkMzgxMTkxIzExIyQxIyQ3IyQ4MiQzNjEyMjIjNzEjJDEjJDgjJDgz,오복치과의원,47730,치과의원,"경상북도 의성군 의성읍 문소3길 110, (의성읍)",2009-04-27,0,36.3556972,128.6944934,False,7.15
JDQ4MTYyMiM4MSMkMSMkMCMkOTIkMzgxOTYxIzExIyQxIyQzIyQ4OSQyNjEyMjIjNjEjJDEjJDQjJDgz,옥산보건지소,47730,보건지소,"경상북도 의성군 옥산면 신감옥산로 1226, (옥산면)",1972-03-09,0,36.3941802,128.8053214,False,17.4
JDQ4MTYyMiM4MSMkMSMkMCMkOTIkMzgxNzAyIzExIyQxIyQzIyQ2MiQyNjEyMjIjODEjJDEjJDIjJDgz,운곡보건진료소,47730,보건진료소,"경상북도 의성군 금성면 탑운길 537, 537",1983-10-01,0,36.2868308,128.7182409,False,12.47
JDQ4MTYyMiM4MSMkMSMkMCMkOTIkMzgxNzAyIzExIyQxIyQzIyQ3MiQyNjEwMDIjNzEjJDEjJDgjJDgz,월소보건진료소,47730,보건진료소,"경상북도 의성군 안사면 월소3길 65, (안사면)",1984-04-26,0,36.4926873,128.4235676,False,22.46
JDQ4MTYyMiM4MSMkMSMkMCMkOTkkMzgxMzUxIzExIyQxIyQzIyQ4OSQzNjEyMjIjNDEjJDEjJDQjJDgz,의료법인 제중원 제남병원,47730,병원,"경상북도 의성군 봉양면 도리원2길 41, (봉양면)",1977-08-03,98,36.2999848,128.5821659,True,7.5
JDQ4MTYyMiM4MSMkMSMkMCMkOTkkNTgxOTYxIzExIyQyIyQzIyQwMCQyNjEwMDIjNTEjJDEjJDIjJDgz,의료법인 해안의료재단 해안1병원,47730,정신병원,"경상북도 의성군 의성읍 경북대로 5732, (의성읍)",2014-03-18,192,36.3536926,128.6812267,True,6.0
JDQ4MTYyMiM4MSMkMiMkMCMkMDAkNDgxMzUxIzUxIyQxIyQxIyQ2MiQzNjEyMjIjODEjJDEjJDYjJDgz,의료법인광보의료재단의성튼튼연합의원,47730,의원,"경상북도 의성군 의성읍 북부길 1, (의성읍)",2009-07-01,7,36.3565466,128.6937373,False,7.07
JDQ4MTYyMiM4MSMkMSMkMCMkOTkkNTgxMzUxIzExIyQxIyQzIyQ3MiQzNjEyMjIjNTEjJDEjJDIjJDgz,의료법인성제의료재단 성제요양병원,47730,요양병원,"경상북도 의성군 안계면 안계길 200, (안계면)",2006-08-25,116,36.3885974,128.4330026,True,16.56
JDQ4MTYyMiM4MSMkMSMkMCMkOTkkNTgxMzUxIzIxIyQxIyQxIyQ5MiQyNjE0ODEjNDEjJDEjJDgjJDgz,의료법인염광의료재단성심요양병원,47730,요양병원,"경상북도 의성군 금성면 탑리길 8-2, (금성면)",2006-04-01,80,36.252438,128.683509,True,13.64
JDQ4MTYyMiM4MSMkMSMkMCMkOTkkMzgxMzUxIzIxIyQxIyQxIyQ4MiQyNjEwMDIjODEjJDEjJDIjJDgz,의료법인영제의료재단영남제일병원,47730,병원,"경상북도 의성군 안계면 용기4길 36, (안계면)",2000-08-01,75,36.3892714,128.434316,True,16.46
JDQ4MTYyMiM4MSMkMSMkMCMkOTkkNTgxMzUxIzExIyQxIyQ3IyQ5OSQzNjEyMjIjNzEjJDEjJDgjJDgz,의료법인재효의료재단의성요양병원,47730,요양병원,"경상북도 의성군 점곡면 의성길안로 575, (점곡면)",2008-03-28,158,36.370426,128.7518295,True,12.28
JDQ4MTYyMiM4MSMkMiMkMCMkMDAkMzgxMTkxIzUxIyQxIyQ1IyQ4MiQyNjEyMjIjNjEjJDEjJDgjJDgz,의성경북의원,47730,의원,"경상북도 의성군 의성읍 동서2길 19, (의성읍)",2000-01-20,4,36.3507547,128.6961138,False,7.37
JDQ4MTYyMiM4MSMkMSMkMCMkOTkkNTgxMzUxIzIxIyQxIyQ1IyQ5OSQyNjEwMDIjODEjJDEjJDYjJDgz,의성군공립요양병원,47730,요양병원,"경상북도 의성군 의성읍 안평의성로 1122-30, (의성읍)",2016-04-18,196,36.3596685,128.6809769,True,5.91
JDQ4MTYyMiM4MSMkMSMkMCMkOTIkMzgxMzUxIzExIyQxIyQzIyQ5OSQyNjE4MzIjNjEjJDEjJDQjJDgz,의성군보건소,47730,보건소,"경상북도 의성군 의성읍 구봉길 228, 의성군보건소",1962-09-04,0,36.3456001,128.6976948,False,7.62
JDQ4MTYyMiM4MSMkMSMkMCMkNzIkMzgxMTkxIzIxIyQxIyQ1IyQxMyQyNjEyMjIjODEjJDEjJDYjJDgz,의성스마트치과의원,47730,치과의원,"경상북도 의성군 의성읍 문소3길 102-1, (의성읍)",2016-01-29,0,36.3550038,128.6945505,False,7.16
JDQ4MTYyMiM4MSMkMiMkMCMkMDAkMzgxMTkxIzUxIyQxIyQ1IyQ5OSQzNjE4MzIjODEjJDEjJDIjJDgz,의성신통의원,47730,의원,"경상북도 의성군 의성읍 문소3길 110, (의성읍)",2008-09-24,0,36.3556972,128.6944934,False,7.15
JDQ4MTYyMiM4MSMkMiMkMCMkMDAkNDgxOTYxIzQxIyQxIyQ3IyQ4MiQyNjE4MzIjODEjJDEjJDIjJDgz,의성아산의원,47730,의원,"경상북도 의성군 의성읍 문소3길 103, 2층",2016-06-29,0,36.3550561,128.693901,False,7.1
JDQ4MTYyMiM4MSMkMSMkMCMkOTkkNTgxMzUxIzIxIyQxIyQ1IyQ2MiQyNjE4MzIjNDEjJDEjJDQjJDgz,의성제일요양병원,47730,요양병원,"경상북도 의성군 의성읍 홍술로 94, (의성읍)",2017-09-29,171,36.3542603,128.6888992,True,6.67
JDQ4MTYyMiM4MSMkMSMkMCMkNzIkMzgxMzUxIzIxIyQyIyQ5IyQwMCQ0NjE0ODEjNDEjJDEjJDQjJDgz,이종만치과의원,47730,치과의원,"경상북도 의성군 의성읍 문소3길 90, (의성읍)",1986-04-25,0,36.3539632,128.6948507,False,7.2
JDQ4MTYyMiM4MSMkMSMkMCMkMTMkMzgxNzAyIzMxIyQxIyQzIyQ3OSQyNjE4MzIjODEjJDEjJDIjJDgz,일심한의원,47730,한의원,"경상북도 의성군 금성면 탑리길 8, (금성면)",1990-09-12,0,36.2521539,128.68354,False,13.67
JDQ4MTYyMiM4MSMkMSMkMCMkOTIkMzgxNzAyIzExIyQxIyQzIyQ2MiQzNjE4MzIjODEjJDEjJDYjJDgz,작승보건진료소,47730,보건진료소,"경상북도 의성군 사곡면 사미신감로 803, 803",1982-11-30,0,36.3058205,128.7528451,False,13.84
JDQ4MTYyMiM4MSMkMSMkMCMkOTIkMzgxNzAyIzExIyQxIyQzIyQ2MiQyNjEwMDIjNDEjJDEjJDQjJDgz,장대보건진료소,47730,보건진료소,"경상북도 의성군 봉양면 조문로 355, 장대보건진료소",1983-10-01,0,36.2864005,128.622081,False,8.44
JDQ4MTYyMiM4MSMkMSMkMCMkOTIkMzgxNzAyIzExIyQxIyQzIyQ2MiQ0NjE0ODEjNzEjJDEjJDgjJDgz,전흥보건진료소,47730,보건진료소,"경상북도 의성군 옥산면 전흥1길 10-2, (옥산면)",1981-10-02,0,36.3795702,128.8331931,False,19.63
JDQ4MTYyMiM4MSMkMSMkMCMkOTIkMzgxOTYxIzExIyQxIyQzIyQ4OSQyNjEwMDIjNzEjJDEjJDgjJDgz,점곡보건지소,47730,보건지소,"경상북도 의성군 점곡면 명고길 676, (점곡면)",1972-03-09,0,36.4240541,128.7646681,False,15.06
JDQ4MTYyMiM4MSMkMSMkMCMkNzIkMzgxOTYxIzExIyQxIyQ3IyQ4MiQyNjE4MzIjNzEjJDEjJDgjJDgz,정상현치과의원,47730,치과의원,"경상북도 의성군 의성읍 문소3길 106, 2층",1995-04-28,0,36.3554022,128.6946392,False,7.16
JDQ4MTYyMiM4MSMkMiMkMCMkMDAkMzgxNzAyIzMxIyQxIyQzIyQwMyQzNjEwMDIjNjEjJDEjJDQjJDgz,제일외과의원,47730,의원,"경상북도 의성군 금성면 탑리길 15, 1층",2004-05-04,0,36.2529688,128.6830582,False,13.57
JDQ4MTYyMiM4MSMkMSMkMCMkOTIkMzgxNzAyIzExIyQxIyQzIyQ3MiQyNjEyMjIjNjEjJDEjJDQjJDgz,중률보건진료소,47730,보건진료소,"경상북도 의성군 신평면 왜가리길 1388, (신평면)",1981-12-01,0,36.4948955,128.5118298,False,17.42
JDQ4MTYyMiM4MSMkMiMkMCMkMDAkNDgxMzUxIzMxIyQxIyQzIyQ3OSQyNjEyMjIjODEjJDEjJDIjJDgz,진연합의원,47730,의원,"경상북도 의성군 의성읍 문소3길 109, (의성읍)",2006-10-12,29,36.3554007,128.6938418,False,7.09
JDQ4MTYyMiM4MSMkMSMkMCMkMTMkNDgxMzUxIzQxIyQxIyQ3IyQwMyQyNjE4MzIjNjEjJDEjJDAjJDgz,창일한의원,47730,한의원,"경상북도 의성군 봉양면 도리원1길 70, 70",2006-01-31,0,36.2998082,128.5813116,False,7.55
JDQ4MTYyMiM4MSMkMSMkMCMkOTIkMzgxOTYxIzExIyQxIyQ3IyQ5OSQ0NjEwMDIjNjEjJDEjJDgjJDgz,춘산보건지소,47730,보건지소,"경상북도 의성군 춘산면 금성현서로 1481, 1481",1972-03-09,0,36.2375392,128.8117085,False,22.41
JDQ4MTYyMiM4MSMkMiMkMCMkMDAkNDgxMTkxIzIxIyQxIyQ1IyQ5MiQyNjEyMjIjNzEjJDEjJDgjJDgz,튼튼한정형외과의원,47730,의원,"경상북도 의성군 의성읍 문소3길 102-1, (의성읍)",2021-06-23,0,36.3550038,128.6945505,False,7.16
JDQ4MTYyMiM4MSMkMSMkMCMkOTIkMzgxNzAyIzExIyQyIyQzIyQwMCQzNjEwMDIjNjEjJDEjJDQjJDgz,하령보건진료소,47730,보건진료소,"경상북도 의성군 안평면 하령1길 63, (안평면)",1983-11-30,0,36.406038,128.5698689,False,6.35
JDQ4MTYyMiM4MSMkMiMkMCMkMDAkMzgxMTkxIzQxIyQxIyQ3IyQxMyQyNjE0ODEjODEjJDEjJDYjJDgz,한길성내과의원,47730,의원,"경상북도 의성군 의성읍 문소3길 110-1, (의성읍)",1999-04-22,0,36.3557995,128.6944748,False,7.14
JDQ4MTYyMiM4MSMkMiMkMCMkMDAkMzgxMTkxIzQxIyQxIyQ3IyQwMyQzNjEwMDIjNTEjJDEjJDIjJDgz,한사랑의원,47730,의원,"경상북도 의성군 금성면 탑리길 21-1, (금성면)",1999-03-26,0,36.2534765,128.6830132,False,13.52
JDQ4MTYyMiM4MSMkMSMkMCMkMTMkNDgxOTYxIzMxIyQxIyQzIyQ5OSQyNjEyMjIjNjEjJDEjJDQjJDgz,화랑한의원,47730,한의원,"경상북도 의성군 의성읍 군청길 32, 1층 (화랑한의원)",2015-04-16,0,36.3517564,128.6969048,False,7.42
JDQ4MTYyMiM4MSMkMSMkMCMkOTIkMzgxNzAyIzExIyQxIyQzIyQ2MiQzNjE0ODEjNjEjJDEjJDAjJDgz,효선보건진료소,47730,보건진료소,"경상북도 의성군 춘산면 효선1길 4, 4",1984-04-26,0,36.2664844,128.7620499,False,16.92
JDQ4MTYyMiM4MSMkMiMkMCMkMDAkNDgxOTYxIzMxIyQxIyQ3IyQ3MiQyNjE0ODEjNDEjJDEjJDQjJDgz,경북북부제1교도소부속의원,47750,의원,"경상북도 청송군 진보면 양정길 231, (진보면)",2005-09-27,0,36.5515755,129.056679,False,21.64
JDQ4MTYyMiM4MSMkMiMkMCMkMDAkNDgxOTYxIzMxIyQxIyQ3IyQ2MiQ0NjE0ODEjODEjJDEjJDIjJDgz,경북북부제2교도소 부속의원,47750,의원,"경상북도 청송군 진보면 양정길 110, (진보면)",2005-09-23,0,36.5446748,129.0561465,False,20.87
JDQ4MTYyMiM4MSMkMiMkMCMkMDAkNDgxOTYxIzMxIyQxIyQ3IyQ2MiQzNjEwMDIjNTEjJDEjJDYjJDgz,경북북부제3교도소 부속의원,47750,의원,"경상북도 청송군 진보면 양정길 231, (진보면)",2005-09-21,0,36.5515755,129.056679,False,21.64
JDQ4MTYyMiM4MSMkMiMkMCMkMDAkNDgxOTYxIzMxIyQxIyQ3IyQ2MiQ0NjEwMDIjNjEjJDEjJDgjJDgz,경북북부직업훈련교도소부속의원,47750,의원,"경상북도 청송군 진보면 양정길 231, (진보면)",2005-09-27,0,36.5515755,129.056679,False,21.64
JDQ4MTYyMiM4MSMkMSMkMCMkNzIkMzgxOTYxIzExIyQxIyQzIyQ5OSQyNjE4MzIjNDEjJDEjJDgjJDgz,경북치과의원,47750,치과의원,"경상북도 청송군 청송읍 중앙로 243, 2층",2025-12-29,0,36.4338857,129.0557291,False,8.56
JDQ4MTYyMiM4MSMkMiMkMCMkMDAkMzgxOTYxIzUxIyQxIyQxIyQ5MiQzNjEwMDIjNjEjJDEjJDgjJDgz,금생외과의원,47750,의원,"경상북도 청송군 진보면 진보로 118-2, (진보면)",1992-11-04,0,36.528383,129.0444192,False,19.1
JDQ4MTYyMiM4MSMkMSMkMCMkNzIkMzgxOTYxIzExIyQxIyQzIyQ2MiQyNjE0ODEjNDEjJDEjJDgjJDgz,김치과의원,47750,치과의원,"경상북도 청송군 진보면 진보로 122, (진보면)",1993-04-21,0,36.5285255,129.044841,False,19.11
JDQ4MTYyMiM4MSMkMiMkMCMkMDAkNDgxMzUxIzExIyQxIyQzIyQwMyQzNjEwMDIjODEjJDEjJDYjJDgz,녹십자의원,47750,의원,"경상북도 청송군 현서면 구산북로 67, (현서면)",2008-01-03,0,36.2761055,128.896604,False,16.98
JDQ4MTYyMiM4MSMkMiMkMCMkMDAkNDgxMTkxIzUxIyQxIyQ1IyQ4OSQzNjEwMDIjNjEjJDEjJDgjJDgz,대구의원,47750,의원,"경상북도 청송군 청송읍 금월로 265, (청송읍)",1997-05-02,0,36.4327419,129.0560061,False,8.43
JDQ4MTYyMiM4MSMkMiMkMCMkMDAkMzgxOTYxIzIxIyQxIyQ1IyQ2MiQzNjE0ODEjNjEjJDEjJDAjJDgz,동아의원,47750,의원,"경상북도 청송군 진보면 진보로 108-1, (진보면)",2006-08-01,0,36.5289279,129.0433421,False,19.16
JDQ4MTYyMiM4MSMkMiMkMCMkMDAkMzgxNzAyIzIxIyQxIyQ1IyQ3OSQzNjEwMDIjNjEjJDEjJDAjJDgz,삼성의원,47750,의원,"경상북도 청송군 청송읍 강변로 43, (청송읍)",2001-04-27,0,36.4359292,129.0514556,False,8.8
JDQ4MTYyMiM4MSMkMSMkMCMkNzIkMzgxMTkxIzIxIyQxIyQxIyQxMyQyNjE0ODEjNjEjJDEjJDgjJDgz,서울치과의원,47750,치과의원,"경상북도 청송군 진보면 진보로 137, 137",2014-05-14,0,36.52876,129.0467421,False,19.13
JDQ4MTYyMiM4MSMkMSMkMCMkMTMkNDgxMzUxIzMxIyQxIyQ3IyQ5MiQzNjEwMDIjNzEjJDEjJDgjJDgz,안덕한의원,47750,한의원,"경상북도 청송군 안덕면 안덕로 51, (안덕면)",1994-10-25,0,36.2878441,128.9569985,False,11.83
JDQ4MTYyMiM4MSMkMiMkMCMkMDAkNDgxOTYxIzIxIyQxIyQ5IyQ5MiQyNjEwMDIjNDEjJDEjJDQjJDgz,안동성소안과의원,47750,의원,"경상북도 청송군 진보면 진보로 115, 115",2014-09-12,0,36.5287978,129.0443496,False,19.14
JDQ4MTYyMiM4MSMkMSMkMCMkMTMkNDgxMzUxIzQxIyQxIyQ3IyQwMyQyNjEyMjIjNjEjJDEjJDgjJDgz,안성한의원,47750,한의원,"경상북도 청송군 청송읍 주왕산로 90-99, (청송읍)",2012-11-02,0,36.3927273,129.0664489,False,4.06
JDQ4MTYyMiM4MSMkMSMkMCMkMTMkNDgxOTYxIzUxIyQyIyQxIyQwMCQyNjE4MzIjNDEjJDEjJDQjJDgz,용한의원,47750,한의원,"경상북도 청송군 진보면 진보로 118, (진보면)",2006-10-04,0,36.5284749,129.0442765,False,19.11
JDQ4MTYyMiM4MSMkMSMkMCMkNzIkMzgxOTYxIzIxIyQxIyQxIyQwMyQzNjE0ODEjNjEjJDEjJDgjJDgz,윤재준치과의원,47750,치과의원,"경상북도 청송군 진보면 진보로 108-1, (진보면)",1996-04-25,0,36.5289279,129.0433421,False,19.16
JDQ4MTYyMiM4MSMkMSMkMCMkMTMkMzgxNzAyIzUxIyQxIyQxIyQ5OSQyNjEwMDIjNjEjJDEjJDQjJDgz,준영한의원,47750,한의원,"경상북도 청송군 진보면 진보로 83, (진보면)",2007-02-08,0,36.530161,129.0412315,False,19.31
JDQ4MTYyMiM4MSMkMSMkMCMkMTMkNDgxOTYxIzExIyQxIyQ3IyQ3OSQyNjE4MzIjNTEjJDEjJDYjJDgz,진보손한의원,47750,한의원,"경상북도 청송군 진보면 진보로 111, 진안동 472-3호",2009-07-10,0,36.5289484,129.0439748,False,19.16
JDQ4MTYyMiM4MSMkMSMkMCMkOTIkNDgxNzAyIzExIyQxIyQzIyQ3OSQyNjEwMDIjNTEjJDEjJDIjJDgz,청송군보건의료원,47750,보건의료원,"경상북도 청송군 청송읍 의료원길 19-19, 19",1988-10-15,48,36.4317359,129.0523021,True,8.33
JDQ4MTYyMiM4MSMkMSMkMCMkOTIkMzgxOTYxIzExIyQxIyQ3IyQwMyQzNjE4MzIjNTEjJDEjJDYjJDgz,청송군보건의료원(안덕보건지소),47750,보건지소,"경상북도 청송군 안덕면 안덕로 80, 80",1963-09-30,0,36.2888615,128.9596098,False,11.57
JDQ4MTYyMiM4MSMkMSMkMCMkOTIkMzgxOTYxIzExIyQxIyQzIyQ4OSQzNjE0ODEjNDEjJDEjJDgjJDgz,청송군보건의료원(현서보건지소),47750,보건지소,"경상북도 청송군 현서면 구산북로 90, 90",1969-04-09,0,36.2780556,128.8957852,False,16.92
JDQ4MTYyMiM4MSMkMSMkMCMkOTIkMzgxOTYxIzExIyQyIyQzIyQwMCQyNjEwMDIjNDEjJDEjJDgjJDgz,청송군보건의료원현동보건지소,47750,보건지소,"경상북도 청송군 현동면 도평1길 3, (현동면)",1973-01-15,0,36.2902654,129.0152232,False,8.32
JDQ4MTYyMiM4MSMkMSMkMCMkOTIkMzgxNzAyIzIxIyQxIyQ1IyQ5OSQzNjEyMjIjNjEjJDEjJDQjJDgz,청송군부남면구천보건진료소,47750,보건진료소,"경상북도 청송군 부남면 안평길 7, 7",1988-01-01,0,36.3116327,129.0991725,False,6.28
JDQ4MTYyMiM4MSMkMSMkMCMkOTIkMzgxOTYxIzExIyQxIyQ3IyQ4MiQyNjE0ODEjNDEjJDEjJDgjJDgz,청송군부남면보건지소,47750,보건지소,"경상북도 청송군 부남면 대전로 117, (부남보건지소)",1965-11-19,0,36.3444538,129.0636918,False,1.5
JDQ4MTYyMiM4MSMkMSMkMCMkOTIkMzgxNzAyIzIxIyQxIyQ1IyQ5OSQzNjE0ODEjODEjJDEjJDYjJDgz,청송군부동면내룡보건진료소,47750,보건진료소,"경상북도 청송군 부동면 팔각산로 17, (내룡보건진료소)",1981-10-01,0,36.3181425,129.2074118,False,14.12
JDQ4MTYyMiM4MSMkMSMkMCMkOTIkMzgxNzAyIzIxIyQxIyQ1IyQ5OSQ0NjEwMDIjNDEjJDEjJDQjJDgz,청송군안덕면성재보건진료소,47750,보건진료소,"경상북도 청송군 안덕면 성덕댐로 1359, (안덕면)",1982-11-02,0,36.2524874,128.9604752,False,14.5
JDQ4MTYyMiM4MSMkMSMkMCMkOTIkMzgxNzAyIzIxIyQyIyQ1IyQwMCQzNjEwMDIjNjEjJDEjJDAjJDgz,청송군안덕면지소보건진료소,47750,보건진료소,"경상북도 청송군 안덕면 백석탄로 487-9, 487",1988-01-01,0,36.3535165,128.9949308,False,5.6
JDQ4MTYyMiM4MSMkMSMkMCMkOTIkMzgxOTYxIzExIyQyIyQzIyQwMCQyNjEyMjIjNDEjJDEjJDQjJDgz,청송군주왕산면보건지소,47750,보건지소,"경상북도 청송군 부동면 이전새마을길 15, (주왕산면)",1968-05-17,0,36.3581887,129.1617221,False,9.35
JDQ4MTYyMiM4MSMkMSMkMCMkOTIkMzgxOTYxIzExIyQxIyQ3IyQ3MiQ0NjEwMDIjODEjJDEjJDIjJDgz,청송군진보면보건지소,47750,보건지소,"경상북도 청송군 진보면 진보로 181, (진보면)",1965-11-09,0,36.5293923,129.0512777,False,19.18
JDQ4MTYyMiM4MSMkMSMkMCMkOTIkMzgxNzAyIzIxIyQyIyQ1IyQwMCQzNjE0ODEjNjEjJDEjJDgjJDgz,청송군진보면신촌보건진료소,47750,보건진료소,"경상북도 청송군 진보면 신촌1길 4-1, (진보면)",1986-10-01,0,36.50501,129.1184766,False,17.35
JDQ4MTYyMiM4MSMkMSMkMCMkOTIkMzgxNzAyIzIxIyQxIyQ1IyQ3MiQzNjE0ODEjNDEjJDEjJDgjJDgz,청송군파천면관리보건진료소,47750,보건진료소,"경상북도 청송군 파천면 청송로 5548-13, (파천면)",1998-09-30,0,36.463487,129.0381752,False,11.97
JDQ4MTYyMiM4MSMkMSMkMCMkOTIkMzgxNzAyIzIxIyQyIyQ1IyQwMCQyNjEyMjIjNDEjJDEjJDQjJDgz,청송군파천면신기보건진료소,47750,보건진료소,"경상북도 청송군 파천면 신기길 19, 19",1982-11-02,0,36.4841043,129.0322221,False,14.32
JDQ4MTYyMiM4MSMkMSMkMCMkOTIkMzgxNzAyIzIxIyQyIyQ1IyQwMCQyNjE0ODEjNTEjJDEjJDYjJDgz,청송군현서면월정보건진료소,47750,보건진료소,"경상북도 청송군 현서면 청송로 346-1, (현서면)",1984-10-01,0,36.2073598,128.9082505,False,21.34
JDQ4MTYyMiM4MSMkMSMkMCMkMTMkNDgxOTYxIzUxIyQxIyQxIyQ5MiQzNjEyMjIjNTEjJDEjJDYjJDgz,청송부부한의원,47750,한의원,"경상북도 청송군 청송읍 중앙로 239-2, (청송읍)",2007-09-04,0,36.4341005,129.0555012,False,8.58
JDQ4MTYyMiM4MSMkMSMkMCMkOTkkNTgxOTYxIzExIyQxIyQzIyQ5OSQ0NjEwMDIjNDEjJDEjJDgjJDgz,청송진보병원,47750,정신병원,"경상북도 청송군 진보면 경동로 4003, (진보면)",2001-07-21,271,36.5357901,129.0266045,True,20.07
JDQ4MTYyMiM4MSMkMSMkMCMkNzIkMzgxMzUxIzIxIyQxIyQxIyQxMyQyNjE0ODEjNjEjJDEjJDQjJDgz,청송치과의원,47750,치과의원,"경상북도 청송군 청송읍 중앙로 219, 219",2008-03-06,0,36.4349465,129.0535321,False,8.68
JDQ4MTYyMiM4MSMkMiMkMCMkMDAkNDgxMzUxIzUxIyQxIyQ1IyQ4MiQ0NjEwMDIjNjEjJDEjJDAjJDgz,청진의원,47750,의원,"경상북도 청송군 진보면 진보로 98, 98",2014-07-30,0,36.5293496,129.0423532,False,19.22
JDQ4MTYyMiM4MSMkMSMkMCMkMTMkNDgxOTYxIzIxIyQxIyQ1IyQ4MiQyNjE0ODEjNjEjJDEjJDQjJDgz,현서한의원,47750,한의원,"경상북도 청송군 현서면 구산북로 77, (현서면)",2020-01-13,0,36.2768865,128.8961536,False,16.96
JDQ4MTYyMiM4MSMkMSMkMCMkMTMkNDgxMTkxIzExIyQxIyQzIyQ5OSQyNjE0ODEjNTEjJDEjJDIjJDgz,길한의원,47760,한의원,"경상북도 영양군 영양읍 시장3길 13, 1층",1999-01-19,0,36.6641864,129.1152268,False,4.47
JDQ4MTYyMiM4MSMkMSMkMCMkNzIkMzgxOTYxIzIxIyQxIyQxIyQ5MiQyNjE0ODEjNjEjJDEjJDgjJDgz,김석현치과의원,47760,치과의원,"경상북도 영양군 영양읍 동서대로 56, 1층",2012-05-23,0,36.6624015,129.1149347,False,4.64
JDQ4MTYyMiM4MSMkMSMkMCMkMTMkMzgxNzAyIzUxIyQxIyQ1IyQ4OSQyNjE4MzIjNDEjJDEjJDgjJDgz,김영한의원,47760,한의원,"경상북도 영양군 영양읍 동서대로 56, (영양읍)",1995-04-14,0,36.6624015,129.1149347,False,4.64
JDQ4MTYyMiM4MSMkMSMkMCMkOTIkMzgxNzAyIzIxIyQxIyQxIyQ4MiQzNjEwMDIjNDEjJDEjJDQjJDgz,당리보건진료소,47760,보건진료소,"경상북도 영양군 청기면 재일로 1377-3, (청기면)",1983-02-03,0,36.7558552,129.0527345,False,10.56
JDQ4MTYyMiM4MSMkMSMkMCMkOTIkMzgxNzAyIzIxIyQxIyQxIyQ4MiQzNjE4MzIjNjEjJDEjJDgjJDgz,대천보건진료소,47760,보건진료소,"경상북도 영양군 입암면 선바위로 460, (입암면)",1985-02-25,0,36.6219552,129.0420407,False,12.37
JDQ4MTYyMiM4MSMkMSMkMCMkOTIkMzgxNzAyIzIxIyQxIyQxIyQ4MiQ0NjE0ODEjNjEjJDEjJDAjJDgz,무창보건진료소,47760,보건진료소,"경상북도 영양군 영양읍 화무로 1988, 1988",1984-11-14,0,36.6315016,129.2007002,False,8.76
JDQ4MTYyMiM4MSMkMSMkMCMkOTIkMzgxNzAyIzIxIyQxIyQxIyQ4MiQzNjEyMjIjODEjJDEjJDIjJDgz,상청보건진료소,47760,보건진료소,"경상북도 영양군 청기면 청기로 553, (청기면)",1982-09-29,0,36.6353129,129.0648451,False,9.87
JDQ4MTYyMiM4MSMkMSMkMCMkOTIkMzgxOTYxIzExIyQxIyQ3IyQ2MiQyNjEyMjIjNTEjJDEjJDYjJDgz,석보보건지소,47760,보건지소,"경상북도 영양군 석보면 두들마을길 51, (석보면)",1986-01-01,0,36.5599201,129.1262906,False,15.27
JDQ4MTYyMiM4MSMkMSMkMCMkOTIkMzgxNzAyIzIxIyQxIyQxIyQ4MiQyNjEyMjIjNjEjJDEjJDQjJDgz,송하보건진료소,47760,보건진료소,"경상북도 영양군 수비면 가천로 629, 629",1985-02-25,0,36.7009842,129.1938962,False,4.38
JDQ4MTYyMiM4MSMkMSMkMCMkOTIkMzgxOTYxIzIxIyQxIyQxIyQ3OSQzNjEyMjIjNTEjJDEjJDYjJDgz,수비보건지소,47760,보건지소,"경상북도 영양군 수비면 한티로 479-5, (수비면)",1987-01-01,0,36.766205,129.2001396,False,9.18
JDQ4MTYyMiM4MSMkMSMkMCMkOTIkMzgxNzAyIzIxIyQxIyQxIyQ4MiQyNjE4MzIjNTEjJDEjJDYjJDgz,수하보건진료소,47760,보건진료소,"경상북도 영양군 수비면 낙동정맥로 3457, (수비면)",1983-09-15,0,36.8276532,129.2590124,False,17.77
JDQ4MTYyMiM4MSMkMiMkMCMkMDAkMzgxMTkxIzMxIyQxIyQ3IyQ3OSQyNjE4MzIjNDEjJDEjJDgjJDgz,영남의원,47760,의원,"경상북도 영양군 영양읍 석영로 1418, (영양읍)",2002-12-30,0,36.6615949,129.1135801,False,4.78
JDQ4MTYyMiM4MSMkMSMkMCMkNzIkMzgxMTkxIzIxIyQxIyQ1IyQ3MiQzNjE4MzIjNDEjJDEjJDgjJDgz,영양 서울치과의원,47760,치과의원,"경상북도 영양군 영양읍 동서대로 43, (영양읍)",2015-06-03,0,36.6628144,129.1137459,False,4.67
JDQ4MTYyMiM4MSMkMSMkMCMkOTIkMzgxMzUxIzExIyQxIyQzIyQ5OSQ0NjEwMDIjNjEjJDEjJDAjJDgz,영양군보건소,47760,보건소,"경상북도 영양군 영양읍 동서대로 82, (영양읍)",1962-01-01,0,36.6619459,129.1180642,False,4.53
JDQ4MTYyMiM4MSMkMSMkMCMkNzIkMzgxOTYxIzMxIyQxIyQ3IyQ4MiQzNjEyMjIjNTEjJDEjJDYjJDgz,영양치과의원,47760,치과의원,"경상북도 영양군 영양읍 동서대로 70, 2층",2002-04-30,0,36.6621975,129.1165967,False,4.58
JDQ4MTYyMiM4MSMkMSMkMCMkOTIkMzgxNzAyIzIxIyQxIyQxIyQ4MiQzNjE0ODEjNDEjJDEjJDgjJDgz,용화보건진료소,47760,보건진료소,"경상북도 영양군 일월면 영양로 3773, (일월면)",1983-09-15,0,36.7890223,129.1502846,False,10.31
JDQ4MTYyMiM4MSMkMSMkMCMkOTkkMzgxMzUxIzExIyQxIyQzIyQ5MiQ0NjE0ODEjNDEjJDEjJDQjJDgz,의료법인명성의료재단영양병원,47760,병원,"경상북도 영양군 영양읍 동서대로 75, (영양읍)",1988-02-17,50,36.6626832,129.1171477,True,4.5
JDQ4MTYyMiM4MSMkMSMkMCMkOTIkMzgxOTYxIzExIyQxIyQ3IyQ3MiQzNjE4MzIjNDEjJDEjJDgjJDgz,일월보건지소,47760,보건지소,"경상북도 영양군 일월면 영양로 2405, (일월면)",1987-01-01,0,36.7022073,129.1271881,False,1.72
JDQ4MTYyMiM4MSMkMSMkMCMkOTIkMzgxOTYxIzExIyQxIyQ3IyQ2MiQyNjE4MzIjNDEjJDEjJDgjJDgz,입암보건지소,47760,보건지소,"경상북도 영양군 입암면 조기리길 18, (입암면)",1986-01-01,0,36.5941833,129.0903638,False,12.37
JDQ4MTYyMiM4MSMkMSMkMCMkOTIkMzgxOTYxIzExIyQxIyQ3IyQ3MiQzNjEyMjIjNTEjJDEjJDYjJDgz,청기보건지소,47760,보건지소,"경상북도 영양군 청기면 청기2길 2, (청기면)",1987-01-01,0,36.6606191,129.0633103,False,8.31
JDQ4MTYyMiM4MSMkMSMkMCMkOTIkMzgxNzAyIzIxIyQxIyQxIyQ4MiQyNjEwMDIjNzEjJDEjJDgjJDgz,화매보건진료소,47760,보건진료소,"경상북도 영양군 석보면 석보로 1189, 1189",1981-12-01,0,36.5150085,129.1809219,False,20.42
JDQ4MTYyMiM4MSMkMiMkMCMkMDAkNDgxMTkxIzQxIyQxIyQ3IyQ4MiQzNjEwMDIjNDEjJDEjJDQjJDgz,강구성모의원,47770,의원,"경상북도 영덕군 강구면 강구대게2길 11-1, 강구성모의원 1층",2024-10-06,0,36.3595702,129.3834896,False,14.87
JDQ4MTYyMiM4MSMkMiMkMCMkMDAkMzgxMTkxIzExIyQxIyQ3IyQwMyQ0NjEwMDIjNzEjJDEjJDgjJDgz,강구외과의원,47770,의원,"경상북도 영덕군 강구면 영덕대게로 31-6, (강구면)",1995-04-27,0,36.360654,129.3830854,False,14.75
JDQ4MTYyMiM4MSMkMSMkMCMkNzIkMzgxOTYxIzMxIyQxIyQzIyQ4MiQzNjEyMjIjNzEjJDEjJDgjJDgz,강구치과의원,47770,치과의원,"경상북도 영덕군 강구면 영덕대게로 31, (강구면)",2000-04-28,0,36.3606797,129.3825784,False,14.73
JDQ4MTYyMiM4MSMkMiMkMCMkMDAkNDgxMTkxIzIxIyQxIyQ5IyQ5OSQ0NjEwMDIjNjEjJDEjJDAjJDgz,경대연합의원,47770,의원,"경상북도 영덕군 영덕읍 중앙길 96-16, (영덕읍)",2022-01-17,4,36.4116902,129.3700142,False,9.15
JDQ4MTYyMiM4MSMkMiMkMCMkMDAkNDgxOTYxIzMxIyQxIyQzIyQ3MiQyNjE0ODEjNTEjJDEjJDYjJDgz,경대이비인후과의원,47770,의원,"경상북도 영덕군 영덕읍 중앙길 91, 2층",2015-04-22,0,36.4105351,129.3699581,False,9.26
JDQ4MTYyMiM4MSMkMiMkMCMkMDAkMzgxMTkxIzIxIyQxIyQ1IyQ2MiQzNjEwMDIjODEjJDEjJDIjJDgz,권외과의원,47770,의원,"경상북도 영덕군 영해면 예주시장길 8, (영해면)",1996-06-29,0,36.538419,129.4049018,False,9.98
JDQ4MTYyMiM4MSMkMSMkMCMkMTMkNDgxMzUxIzIxIyQxIyQxIyQ3MiQ0NjEwMDIjNDEjJDEjJDQjJDgz,기백한의원,47770,한의원,"경상북도 영덕군 영덕읍 덕곡2길 8, 2층",2000-04-21,0,36.4124385,129.3698613,False,9.07
JDQ4MTYyMiM4MSMkMiMkMCMkMDAkNDgxOTYxIzUxIyQxIyQ1IyQwMyQzNjEwMDIjNDEjJDEjJDgjJDgz,김수환내과의원,47770,의원,"경상북도 영덕군 영덕읍 중앙길 106, (영덕읍)",2018-03-05,0,36.4112459,129.3685696,False,9.13
JDQ4MTYyMiM4MSMkMiMkMCMkMDAkNDgxOTYxIzUxIyQxIyQxIyQ5OSQyNjE0ODEjNDEjJDEjJDgjJDgz,김연수신경외과의원,47770,의원,"경상북도 영덕군 영해면 예주시장길 10, (영해면)",2017-01-04,0,36.5384631,129.4051558,False,10.0
JDQ4MTYyMiM4MSMkMSMkMCMkNzIkMzgxMzUxIzUxIyQxIyQ1IyQ4OSQyNjEwMDIjNDEjJDEjJDQjJDgz,김영구치과의원,47770,치과의원,"경상북도 영덕군 영해면 예주시장7길 4-1, (영해면)",1992-04-25,0,36.5400281,129.4088828,False,10.37
JDQ4MTYyMiM4MSMkMSMkMCMkNzIkMzgxOTYxIzMxIyQxIyQ3IyQwMyQ0NjEwMDIjNTEjJDEjJDIjJDgz,남치과의원,47770,치과의원,"경상북도 영덕군 강구면 동해대로 4467-1, 4467",2002-09-09,0,36.3562143,129.3804444,False,15.11
JDQ4MTYyMiM4MSMkMSMkMCMkMTMkNDgxMzUxIzMxIyQxIyQ3IyQxMyQzNjE4MzIjODEjJDEjJDIjJDgz,동창한의원,47770,한의원,"경상북도 영덕군 강구면 강구대게1길 9, (강구면)",2006-03-30,0,36.359343,129.3831011,False,14.88
JDQ4MTYyMiM4MSMkMiMkMCMkMDAkNDgxMzUxIzExIyQxIyQ3IyQ3MiQzNjEwMDIjNTEjJDEjJDYjJDgz,동해의원,47770,의원,"경상북도 영덕군 축산면 영덕대게로 2073-1, (축산면)",2005-04-28,0,36.5071346,129.4431662,False,11.56
JDQ4MTYyMiM4MSMkMSMkMCMkNzIkMzgxMTkxIzUxIyQxIyQxIyQ4OSQyNjE0ODEjNjEjJDEjJDgjJDgz,드림치과의원,47770,치과의원,"경상북도 영덕군 강구면 강구시장길 40-6, (강구면)",2012-07-02,0,36.3599009,129.3783025,False,14.66
JDQ4MTYyMiM4MSMkMSMkMCMkNzIkMzgxMTkxIzMxIyQxIyQzIyQ5MiQ0NjEwMDIjNjEjJDEjJDAjJDgz,믿음서울치과의원,47770,치과의원,"경상북도 영덕군 영해면 예주시장길 4, 2층",2019-05-07,0,36.5383602,129.4046668,False,9.96
JDQ4MTYyMiM4MSMkMiMkMCMkMDAkNDgxMTkxIzQxIyQxIyQ3IyQ5OSQzNjEwMDIjNDEjJDEjJDgjJDgz,봄날의원,47770,의원,"경상북도 영덕군 영덕읍 중앙길 87, (영덕읍)",2024-04-04,0,36.4105364,129.3703858,False,9.28
JDQ4MTYyMiM4MSMkMiMkMCMkMDAkNDgxOTYxIzIxIyQxIyQxIyQ3OSQzNjEyMjIjNzEjJDEjJDgjJDgz,서울연합의원,47770,의원,"경상북도 영덕군 영덕읍 남석길 76-1, (영덕읍)",2008-04-15,15,36.410866,129.368346,False,9.15
JDQ4MTYyMiM4MSMkMiMkMCMkMDAkNDgxMTkxIzIxIyQxIyQ1IyQwMyQyNjE0ODEjODEjJDEjJDIjJDgz,서울차비뇨기과의원,47770,의원,"경상북도 영덕군 영덕읍 중앙길 94, (대진빌딩) 2층",2021-07-21,0,36.4110638,129.3698194,False,9.2
JDQ4MTYyMiM4MSMkMiMkMCMkMDAkNDgxMTkxIzExIyQxIyQ3IyQ3MiQyNjEwMDIjNDEjJDEjJDgjJDgz,서울한결의원,47770,의원,"경상북도 영덕군 영해면 318만세길 161, 2층",2019-05-22,0,36.5402972,129.4087535,False,10.38
JDQ4MTYyMiM4MSMkMiMkMCMkMDAkMzgxOTYxIzUxIyQxIyQ1IyQ2MiQyNjEyMjIjNjEjJDEjJDgjJDgz,서창수외과의원,47770,의원,"경상북도 영덕군 영덕읍 덕곡길 101, 101",1993-05-24,3,36.4119584,129.368447,False,9.05
JDQ4MTYyMiM4MSMkMSMkMCMkNzIkMzgxMzUxIzQxIyQyIyQ3IyQwMCQyNjE4MzIjODEjJDEjJDIjJDgz,송치과의원,47770,치과의원,"경상북도 영덕군 영덕읍 덕곡길 110, 새마을금고 2층",1990-04-20,0,36.4125691,129.3676674,False,8.96
JDQ4MTYyMiM4MSMkMiMkMCMkMDAkMzgxMTkxIzUxIyQyIyQ1IyQwMCQyNjE4MzIjNTEjJDEjJDIjJDgz,신세계가정의학과의원,47770,의원,"경상북도 영덕군 강구면 동해대로 4465, (강구면)",1999-12-13,0,36.3559736,129.3804368,False,15.14
JDQ4MTYyMiM4MSMkMSMkMCMkMTMkNDgxMzUxIzExIyQxIyQzIyQ4MiQzNjEyMjIjNDEjJDEjJDQjJDgz,안동한의원,47770,한의원,"경상북도 영덕군 영덕읍 중앙길 72, (영덕읍)",1997-11-07,0,36.4104237,129.371975,False,9.36
JDQ4MTYyMiM4MSMkMiMkMCMkMDAkMzgxMTkxIzIxIyQxIyQ5IyQ5MiQzNjEyMjIjNjEjJDEjJDAjJDgz,영남의원,47770,의원,"경상북도 영덕군 영덕읍 덕곡2길 8, 1층",1997-07-11,0,36.4124385,129.3698613,False,9.07
JDQ4MTYyMiM4MSMkMiMkMCMkMDAkNDgxMzUxIzIxIyQxIyQxIyQ4MiQzNjE0ODEjODEjJDEjJDYjJDgz,영덕경대안과의원,47770,의원,"경상북도 영덕군 영덕읍 중앙길 90, (영덕읍)",2009-03-11,0,36.4109442,129.3702092,False,9.23
JDQ4MTYyMiM4MSMkMSMkMCMkMTMkMzgxNzAyIzMxIyQxIyQ3IyQ4MiQyNjE4MzIjODEjJDEjJDIjJDgz,영덕경희한의원,47770,한의원,"경상북도 영덕군 강구면 강구시장길 40-6, (강구면)",2011-03-28,0,36.3598724,129.3783197,False,14.66
JDQ4MTYyMiM4MSMkMSMkMCMkOTIkMzgxOTYxIzIxIyQxIyQxIyQ3OSQzNjEwMDIjNjEjJDEjJDQjJDgz,영덕군강구면보건지소,47770,보건지소,"경상북도 영덕군 강구면 강구시장길 15, (강구보건지소)",1987-11-09,0,36.3581026,129.3787075,False,14.86
JDQ4MTYyMiM4MSMkMSMkMCMkOTIkMzgxNzAyIzIxIyQxIyQxIyQ3OSQyNjEwMDIjNTEjJDEjJDYjJDgz,영덕군강구면원직보건진료소,47770,보건진료소,"경상북도 영덕군 강구면 직천2길 37, (원직보건소)",1987-12-18,0,36.3797248,129.3637243,False,12.14
JDQ4MTYyMiM4MSMkMSMkMCMkOTIkMzgxNzAyIzIxIyQxIyQxIyQ3OSQyNjEyMjIjNDEjJDEjJDgjJDgz,영덕군남정면도천보건진료소,47770,보건진료소,"경상북도 영덕군 남정면 도천1길 17, (도천리 보건지료소)",1987-12-18,0,36.3097529,129.3526326,False,19.45
JDQ4MTYyMiM4MSMkMSMkMCMkOTIkMzgxOTYxIzExIyQxIyQzIyQ4OSQzNjEyMjIjODEjJDEjJDIjJDgz,영덕군남정면보건지소,47770,보건지소,"경상북도 영덕군 남정면 진불4길 4, (남정면)",1986-09-10,0,36.2855491,129.3722435,False,22.43
JDQ4MTYyMiM4MSMkMSMkMCMkOTIkMzgxOTYxIzExIyQxIyQzIyQ4OSQzNjE4MzIjNjEjJDEjJDgjJDgz,영덕군달산면보건지소,47770,보건지소,"경상북도 영덕군 달산면 팔각산로 1857, (달산면)",1984-05-16,0,36.4010961,129.3016726,False,9.15
JDQ4MTYyMiM4MSMkMSMkMCMkOTIkMzgxNzAyIzIxIyQxIyQxIyQ3OSQyNjE4MzIjNDEjJDEjJDQjJDgz,영덕군달산면옥산보건진료소,47770,보건진료소,"경상북도 영덕군 달산면 팔각산로 1143, 1143",1987-12-18,0,36.3576058,129.2822093,False,14.23
JDQ4MTYyMiM4MSMkMSMkMCMkOTIkMzgxNzAyIzIxIyQxIyQxIyQ3OSQzNjE0ODEjODEjJDEjJDIjJDgz,영덕군달산면용전보건진료소,47770,보건진료소,"경상북도 영덕군 달산면 용전길 6, 6",1987-12-18,0,36.3941171,129.2566908,False,11.23
JDQ4MTYyMiM4MSMkMSMkMCMkOTIkMzgxNzAyIzIxIyQxIyQxIyQ3OSQ0NjEwMDIjODEjJDEjJDYjJDgz,영덕군병곡면금곡보건진료소,47770,보건진료소,"경상북도 영덕군 병곡면 거무실길 9, (금곡보건지료소)",1987-12-18,0,36.6378258,129.4149577,False,19.35
JDQ4MTYyMiM4MSMkMSMkMCMkOTIkMzgxOTYxIzExIyQxIyQzIyQ4OSQ0NjEwMDIjNTEjJDEjJDIjJDgz,영덕군병곡면보건지소,47770,보건지소,"경상북도 영덕군 병곡면 병곡길 74, 74",1979-12-24,0,36.6023872,129.410351,False,15.71
JDQ4MTYyMiM4MSMkMSMkMCMkOTIkMzgxNzAyIzIxIyQxIyQxIyQ3OSQ0NjE0ODEjNDEjJDEjJDgjJDgz,영덕군병곡면원황보건진료소,47770,보건진료소,"경상북도 영덕군 병곡면 원황길 79, (병곡면)",1987-12-18,0,36.5683723,129.3915662,False,11.62
JDQ4MTYyMiM4MSMkMSMkMCMkOTIkMzgxMzUxIzExIyQxIyQzIyQ5OSQyNjE0ODEjNDEjJDEjJDgjJDgz,영덕군보건소,47770,보건소,"경상북도 영덕군 영덕읍 군청길 53, 보건소",1962-05-01,0,36.413473,129.37359,False,9.15
JDQ4MTYyMiM4MSMkMSMkMCMkOTIkMzgxNzAyIzIxIyQxIyQxIyQ3OSQyNjE0ODEjNjEjJDEjJDQjJDgz,영덕군영덕읍오보보건진료소,47770,보건진료소,"경상북도 영덕군 영덕읍 매정길 359, (오보보건진료소)",1987-12-18,0,36.4410423,129.4303332,False,11.08
JDQ4MTYyMiM4MSMkMSMkMCMkOTIkMzgxNzAyIzExIyQxIyQ3IyQxMyQ0NjEwMDIjODEjJDEjJDIjJDgz,영덕군영덕읍창포보건진료소,47770,보건진료소,"경상북도 영덕군 영덕읍 영덕대게로 767-6, (영덕읍)",1987-12-18,0,36.4071801,129.4251696,False,12.75
JDQ4MTYyMiM4MSMkMSMkMCMkOTIkMzgxOTYxIzExIyQxIyQ3IyQ3MiQyNjE4MzIjODEjJDEjJDYjJDgz,영덕군영해면보건지소,47770,보건지소,"경상북도 영덕군 영해면 예주목은길 87, (영해면)",1985-08-20,0,36.5415122,129.4062146,False,10.29
JDQ4MTYyMiM4MSMkMSMkMCMkOTIkMzgxNzAyIzIxIyQxIyQxIyQ3OSQzNjE4MzIjNTEjJDEjJDIjJDgz,영덕군영해면사진보건진료소,47770,보건진료소,"경상북도 영덕군 영해면 괴시사진길 327-26, (영해면)",1987-12-18,0,36.5311689,129.4390264,False,12.13
JDQ4MTYyMiM4MSMkMSMkMCMkOTIkMzgxOTYxIzExIyQxIyQ3IyQ2MiQ0NjE0ODEjNTEjJDEjJDIjJDgz,영덕군지품면보건지소,47770,보건지소,"경상북도 영덕군 지품면 신안1길 3-4, (지품면)",1986-09-03,0,36.4481038,129.2820094,False,4.97
JDQ4MTYyMiM4MSMkMSMkMCMkOTIkMzgxNzAyIzIxIyQxIyQxIyQ3OSQzNjEwMDIjNjEjJDEjJDgjJDgz,영덕군지품면원전보건진료소,47770,보건진료소,"경상북도 영덕군 지품면 경동로 5984, 5984",1987-12-18,0,36.4852321,129.1881566,False,11.58
JDQ4MTYyMiM4MSMkMSMkMCMkOTIkMzgxOTYxIzExIyQxIyQzIyQ5OSQyNjE0ODEjNjEjJDEjJDgjJDgz,영덕군창수면보건지소,47770,보건지소,"경상북도 영덕군 창수면 신기길 8-7, (창수면)",1985-12-19,0,36.5462265,129.3494209,False,7.65
JDQ4MTYyMiM4MSMkMSMkMCMkOTIkMzgxNzAyIzIxIyQxIyQxIyQ4OSQyNjEwMDIjNDEjJDEjJDgjJDgz,영덕군창수면신리보건진료소,47770,보건진료소,"경상북도 영덕군 창수면 영양창수로 2307, (신리보건진료소)",1987-12-18,0,36.5767146,129.2763888,False,11.12
JDQ4MTYyMiM4MSMkMSMkMCMkOTIkMzgxNzAyIzIxIyQxIyQxIyQ4OSQyNjE0ODEjNTEjJDEjJDIjJDgz,영덕군창수면오촌보건진료소,47770,보건진료소,"경상북도 영덕군 창수면 오서로 951, (오촌리보건진료소)",1987-12-18,0,36.6125884,129.3215286,False,14.48
JDQ4MTYyMiM4MSMkMSMkMCMkOTIkMzgxOTYxIzExIyQxIyQzIyQ4OSQ0NjE0ODEjNjEjJDEjJDAjJDgz,영덕군축산면보건지소,47770,보건지소,"경상북도 영덕군 축산면 영덕대게로 2056, (축산면)",1984-05-16,0,36.5058186,129.4423225,False,11.45
JDQ4MTYyMiM4MSMkMSMkMCMkOTIkMzgxNzAyIzIxIyQxIyQxIyQ3OSQzNjEyMjIjNjEjJDEjJDAjJDgz,영덕군축산면상원보건진료소,47770,보건진료소,"경상북도 영덕군 축산면 영축로 969, (축산면)",1987-12-18,0,36.5088917,129.4050868,False,8.36
JDQ4MTYyMiM4MSMkMSMkMCMkOTkkMzgxMzUxIzExIyQxIyQ3IyQ5OSQ0NjE0ODEjNDEjJDEjJDQjJDgz,영덕아산병원,47770,병원,"경상북도 영덕군 영해면 영덕로 1621, (영해면)",1979-02-05,73,36.5236797,129.4023435,True,8.86
JDQ4MTYyMiM4MSMkMSMkMCMkOTkkNTgxMzUxIzIxIyQxIyQ1IyQ4MiQzNjE4MzIjNzEjJDEjJDgjJDgz,영덕제일요양병원,47770,요양병원,"경상북도 영덕군 영덕읍 우곡길 52-0, (영덕읍)",2019-10-24,152,36.4085624,129.3727643,True,9.58
JDQ4MTYyMiM4MSMkMiMkMCMkMDAkMzgxNzAyIzIxIyQxIyQ5IyQ3MiQzNjE0ODEjODEjJDEjJDYjJDgz,영덕파티마마취통증의학과의원,47770,의원,"경상북도 영덕군 영덕읍 덕곡길 91, (영덕읍)",2013-12-02,0,36.4117175,129.3694746,False,9.12
JDQ4MTYyMiM4MSMkMSMkMCMkMTMkNDgxMzUxIzQxIyQxIyQ3IyQ4OSQyNjE0ODEjODEjJDEjJDYjJDgz,영덕한의원,47770,한의원,"경상북도 영덕군 영덕읍 중앙길 112, 영덕한의원 1층",2008-12-03,0,36.4114076,129.3679339,False,9.08
JDQ4MTYyMiM4MSMkMiMkMCMkMDAkNDgxOTYxIzUxIyQxIyQxIyQ3OSQyNjEyMjIjNTEjJDEjJDIjJDgz,영해선한가정의학과의원,47770,의원,"경상북도 영덕군 영해면 예주시장6길 4-10, (영해면)",2016-11-01,0,36.5398578,129.4086098,False,10.34
JDQ4MTYyMiM4MSMkMSMkMCMkMTMkNDgxOTYxIzUxIyQxIyQxIyQ4MiQyNjEyMjIjNTEjJDEjJDYjJDgz,우리한의원,47770,한의원,"경상북도 영덕군 영해면 예주시장길 21, (영해면)",2010-12-14,0,36.5391181,129.4063956,False,10.14
JDQ4MTYyMiM4MSMkMSMkMCMkOTkkNTgxMzUxIzIxIyQxIyQ1IyQ2MiQzNjE0ODEjODEjJDEjJDIjJDgz,의료법인 영덕의료재단 영덕효요양병원,47770,요양병원,"경상북도 영덕군 영덕읍 영덕로 72-12, (영덕읍)",2012-06-18,138,36.4010044,129.3733478,True,10.33
JDQ4MTYyMiM4MSMkMSMkMCMkNzIkMzgxMTkxIzExIyQxIyQ3IyQ4MiQyNjE0ODEjODEjJDEjJDIjJDgz,이튼치과의원,47770,치과의원,"경상북도 영덕군 영덕읍 덕곡길 105, 2층",2012-04-30,0,36.4120854,129.3678596,False,9.02
JDQ4MTYyMiM4MSMkMSMkMCMkNzIkMzgxMzUxIzUxIyQxIyQxIyQ4MiQyNjE4MzIjNjEjJDEjJDgjJDgz,임치과의원,47770,치과의원,"경상북도 영덕군 영덕읍 덕곡길 101, 101",1991-05-27,0,36.4119584,129.368447,False,9.05
JDQ4MTYyMiM4MSMkMSMkMCMkMTMkNDgxMzUxIzUxIyQxIyQxIyQ3OSQyNjEyMjIjNjEjJDEjJDAjJDgz,제일한의원,47770,한의원,"경상북도 영덕군 영해면 예주시장길 44, (영해면)",2006-04-12,0,36.5395612,129.4087336,False,10.33
JDQ4MTYyMiM4MSMkMSMkMCMkNzIkMzgxMzUxIzUxIyQxIyQxIyQ5OSQyNjE0ODEjNTEjJDEjJDIjJDgz,조용민치과의원,47770,치과의원,"경상북도 영덕군 영해면 예주시장길 30, 30",1991-05-06,0,36.5391268,129.407258,False,10.2
JDQ4MTYyMiM4MSMkMSMkMCMkOTIkMzgxOTYxIzExIyQxIyQ3IyQ5MiQyNjEyMjIjNjEjJDEjJDQjJDgz,각남보건지소,47820,보건지소,"경상북도 청도군 각남면 예리2길 11, 11",1983-12-13,0,35.6436065,128.6593009,False,11.95
JDQ4MTYyMiM4MSMkMSMkMCMkOTIkMzgxOTYxIzExIyQxIyQ3IyQ3OSQyNjEwMDIjNjEjJDEjJDgjJDgz,각북보건지소,47820,보건지소,"경상북도 청도군 각북면 헐티로 801, 801",1986-11-02,0,35.687293,128.58925,False,17.89
JDQ4MTYyMiM4MSMkMSMkMCMkOTkkNTgxMzUxIzIxIyQxIyQ1IyQ4OSQyNjEyMjIjNDEjJDEjJDQjJDgz,감꽃요양병원,47820,요양병원,"경상북도 청도군 각북면 헐티로 1229, (각북면)",2015-08-27,132,35.7143845,128.5663118,True,20.41
JDQ4MTYyMiM4MSMkMSMkMCMkNzIkMzgxMTkxIzIxIyQxIyQ5IyQ3MiQyNjEwMDIjODEjJDEjJDIjJDgz,강남탑치과의원,47820,치과의원,"경상북도 청도군 청도읍 청화로 177, 2층",2014-12-29,0,35.6427036,128.7445967,False,5.06
JDQ4MTYyMiM4MSMkMSMkMCMkMTMkMzgxNzAyIzIxIyQxIyQ5IyQ4OSQyNjEyMjIjNDEjJDEjJDgjJDgz,경희한의원,47820,한의원,"경상북도 청도군 청도읍 청화로 183-1, 2층",1990-09-29,0,35.642313,128.7450179,False,5.06
JDQ4MTYyMiM4MSMkMSMkMCMkOTIkMzgxNzAyIzIxIyQxIyQxIyQ4OSQyNjEyMjIjODEjJDEjJDYjJDgz,관하보건진료소,47820,보건진료소,"경상북도 청도군 매전면 원정자길 14, 14",1984-01-01,0,35.706144,128.8192164,False,4.73
JDQ4MTYyMiM4MSMkMSMkMCMkNzIkMzgxOTYxIzIxIyQxIyQxIyQ2MiQzNjEyMjIjNTEjJDEjJDYjJDgz,광명부부치과의원,47820,치과의원,"경상북도 청도군 청도읍 청화로 149, (청도읍)",1992-11-03,0,35.6442385,128.7425643,False,5.09
JDQ4MTYyMiM4MSMkMSMkMCMkOTkkNTgxMzUxIzExIyQxIyQzIyQ5OSQyNjEyMjIjODEjJDEjJDIjJDgz,군립청도노인요양병원,47820,요양병원,"경상북도 청도군 화양읍 청화로 79-7, (화양읍)",2004-07-07,62,35.6486288,128.7368062,True,5.24
JDQ4MTYyMiM4MSMkMSMkMCMkOTIkMzgxNzAyIzIxIyQxIyQxIyQ4OSQ0NjE0ODEjODEjJDEjJDIjJDgz,금곡보건진료소,47820,보건진료소,"경상북도 청도군 풍각면 금동길 39, (풍각면)",1982-01-01,0,35.6368145,128.5530876,False,21.47
JDQ4MTYyMiM4MSMkMSMkMCMkOTIkMzgxOTYxIzExIyQxIyQ3IyQ5MiQyNjEwMDIjNzEjJDEjJDgjJDgz,금천보건지소,47820,보건지소,"경상북도 청도군 금천면 선암로 575, (금천면)",1966-06-17,0,35.6871905,128.8924165,False,9.7
JDQ4MTYyMiM4MSMkMiMkMCMkMDAkMzgxOTYxIzUxIyQxIyQ1IyQ5OSQyNjE0ODEjNjEjJDEjJDQjJDgz,금천의원,47820,의원,"경상북도 청도군 금천면 금천로 28, (금천면)",1998-12-22,0,35.6917267,128.8926598,False,9.81
JDQ4MTYyMiM4MSMkMSMkMCMkMTMkNDgxOTYxIzExIyQxIyQzIyQxMyQzNjEyMjIjNzEjJDEjJDgjJDgz,김남훈한의원,47820,한의원,"경상북도 청도군 풍각면 송서11길 8, (풍각면)",2009-06-08,0,35.6404668,128.6157775,False,15.84
JDQ4MTYyMiM4MSMkMiMkMCMkMDAkMzgxOTYxIzUxIyQxIyQ1IyQ5MiQzNjE0ODEjNjEjJDEjJDAjJDgz,김종호내과의원,47820,의원,"경상북도 청도군 청도읍 중앙로 5, (청도읍)",1993-10-15,0,35.6428529,128.7450474,False,5.02
JDQ4MTYyMiM4MSMkMiMkMCMkMDAkNDgxMzUxIzExIyQxIyQ3IyQ2MiQyNjE4MzIjNDEjJDEjJDQjJDgz,늘푸른연합의원,47820,의원,"경상북도 청도군 청도읍 청화로 177, (청도읍)",2009-03-06,0,35.6427036,128.7445967,False,5.06
JDQ4MTYyMiM4MSMkMSMkMCMkOTIkMzgxNzAyIzIxIyQxIyQxIyQ4OSQzNjE4MzIjNDEjJDEjJDQjJDgz,덕촌보건진료소,47820,보건진료소,"경상북도 청도군 각북면 덕촌3길 12, (각북면)",1982-01-01,0,35.7066798,128.5820895,False,18.84
JDQ4MTYyMiM4MSMkMSMkMCMkMTMkNDgxMzUxIzExIyQxIyQ3IyQxMyQyNjE4MzIjNTEjJDEjJDYjJDgz,동곡한의원,47820,한의원,"경상북도 청도군 금천면 금천로 68, 2층",2025-11-04,0,35.6940299,128.8893165,False,9.58
JDQ4MTYyMiM4MSMkMiMkMCMkMDAkNDgxOTYxIzExIyQxIyQzIyQ3MiQ0NjEwMDIjNjEjJDEjJDQjJDgz,마디연합정형외과의원,47820,의원,"경상북도 청도군 청도읍 청화로 99, (청도읍)",2011-03-31,29,35.647274,128.7382589,False,5.21
JDQ4MTYyMiM4MSMkMSMkMCMkOTIkMzgxOTYxIzExIyQxIyQ3IyQ3OSQyNjEyMjIjNjEjJDEjJDAjJDgz,매전보건지소,47820,보건지소,"경상북도 청도군 매전면 청려로 3679, (매전면)",1966-02-01,0,35.6666739,128.8544616,False,6.18
JDQ4MTYyMiM4MSMkMSMkMCMkOTIkMzgxNzAyIzIxIyQxIyQxIyQ4OSQzNjE0ODEjNjEjJDEjJDQjJDgz,박곡보건진료소,47820,보건진료소,"경상북도 청도군 금천면 박곡1길 5, 5",1981-01-01,0,35.6687303,128.915162,False,11.63
JDQ4MTYyMiM4MSMkMSMkMCMkMTMkMzgxNzAyIzIxIyQxIyQxIyQ2MiQyNjE4MzIjODEjJDEjJDIjJDgz,박영순한의원,47820,한의원,"경상북도 청도군 청도읍 청화로 155, (청도읍)",1995-05-27,0,35.6440519,128.7429876,False,5.08
JDQ4MTYyMiM4MSMkMSMkMCMkNzIkMzgxOTYxIzUxIyQxIyQ1IyQ5OSQ0NjEwMDIjODEjJDEjJDIjJDgz,보은치과의원,47820,치과의원,"경상북도 청도군 풍각면 송서9길 4-3, (풍각면)",2019-08-01,0,35.6407963,128.6165301,False,15.77
JDQ4MTYyMiM4MSMkMSMkMCMkOTIkMzgxNzAyIzIxIyQxIyQxIyQ4OSQzNjEwMDIjNTEjJDEjJDYjJDgz,봉하보건진료소,47820,보건진료소,"경상북도 청도군 운문면 구룡로 1358, (운문면)",1981-01-01,0,35.8061818,128.9684636,False,22.12
JDQ4MTYyMiM4MSMkMSMkMCMkMTMkNDgxMzUxIzIxIyQxIyQ1IyQ2MiQyNjEwMDIjNTEjJDEjJDYjJDgz,부야한의원,47820,한의원,"경상북도 청도군 청도읍 가마실길 1, (청도읍)",2007-04-05,0,35.6647485,128.7868366,False,0.91
JDQ4MTYyMiM4MSMkMSMkMCMkMTMkNDgxMzUxIzIxIyQxIyQxIyQ5OSQzNjEwMDIjNjEjJDEjJDQjJDgz,부자한의원,47820,한의원,"경상북도 청도군 청도읍 고수구길 41, (청도읍)",1999-12-27,0,35.6455248,128.7389147,False,5.27
JDQ4MTYyMiM4MSMkMSMkMCMkMTMkNDgxOTYxIzMxIyQxIyQzIyQ4OSQ0NjE0ODEjNzEjJDEjJDgjJDgz,사랑한의원,47820,한의원,"경상북도 청도군 청도읍 청화로 203, (청도읍)",2014-10-23,0,35.6410229,128.7464293,False,5.07
JDQ4MTYyMiM4MSMkMiMkMCMkMDAkNDgxOTYxIzIxIyQxIyQxIyQ2MiQ0NjEwMDIjNDEjJDEjJDgjJDgz,산서연합의원,47820,의원,"경상북도 청도군 풍각면 봉기로 150, (풍각면)",2012-08-13,0,35.6407403,128.6149689,False,15.9
JDQ4MTYyMiM4MSMkMSMkMCMkMTMkMzgxNzAyIzMxIyQxIyQ3IyQ4MiQzNjEwMDIjNjEjJDEjJDAjJDgz,산서한의원,47820,한의원,"경상북도 청도군 풍각면 헐티로 226, (풍각면)",1992-10-01,0,35.641348,128.6164794,False,15.76
JDQ4MTYyMiM4MSMkMSMkMCMkMTMkNDgxOTYxIzUxIyQxIyQxIyQ3MiQzNjE0ODEjNTEjJDEjJDIjJDgz,삼거리한의원,47820,한의원,"경상북도 청도군 청도읍 중앙로 6, (청도읍)",2021-10-22,0,35.6426124,128.7452613,False,5.03
JDQ4MTYyMiM4MSMkMiMkMCMkMDAkMzgxNzAyIzIxIyQxIyQ5IyQ5OSQ0NjE0ODEjNDEjJDEjJDQjJDgz,삼성S정형외과연합의원,47820,의원,"경상북도 청도군 청도읍 청화로 193, (청도읍)",2025-06-17,0,35.6418233,128.7459201,False,5.04
JDQ4MTYyMiM4MSMkMiMkMCMkMDAkNDgxMzUxIzExIyQxIyQzIyQ4MiQ0NjEwMDIjNzEjJDEjJDgjJDgz,삼성안과의원,47820,의원,"경상북도 청도군 청도읍 청화로 154, 6층",2005-11-17,0,35.6437054,128.7426429,False,5.13
JDQ4MTYyMiM4MSMkMSMkMCMkOTIkMzgxNzAyIzIxIyQxIyQxIyQ5OSQyNjE0ODEjNDEjJDEjJDQjJDgz,삼신보건진료소,47820,보건진료소,"경상북도 청도군 화양읍 다로1길 18, (화양읍)",1983-01-01,0,35.7032254,128.7155002,False,7.24
JDQ4MTYyMiM4MSMkMSMkMCMkNzIkMzgxOTYxIzIxIyQxIyQ5IyQ3OSQyNjE0ODEjODEjJDEjJDIjJDgz,서울치과의원,47820,치과의원,"경상북도 청도군 청도읍 청화로 155, 155",1998-04-29,0,35.6440519,128.7429876,False,5.08
JDQ4MTYyMiM4MSMkMiMkMCMkMDAkNDgxOTYxIzIxIyQyIyQxIyQwMCQyNjE0ODEjNDEjJDEjJDQjJDgz,세안의원,47820,의원,"경상북도 청도군 풍각면 봉기로 151, (풍각면)",2007-03-12,0,35.6410236,128.6151688,False,15.88
JDQ4MTYyMiM4MSMkMSMkMCMkNzIkMzgxMTkxIzExIyQxIyQzIyQ4MiQ0NjE0ODEjNzEjJDEjJDgjJDgz,세안플란트치과의원,47820,치과의원,"경상북도 청도군 풍각면 봉기로 136-17, (풍각면)",2014-01-08,0,35.6403918,128.6154907,False,15.87
JDQ4MTYyMiM4MSMkMiMkMCMkMDAkNDgxMTkxIzMxIyQxIyQ3IyQwMyQzNjEyMjIjNjEjJDEjJDgjJDgz,속튼튼의원,47820,의원,"경상북도 청도군 청도읍 청화로 154, 3층 301호",2024-02-23,0,35.6437054,128.7426429,False,5.13
JDQ4MTYyMiM4MSMkMiMkMCMkMDAkMzgxNzAyIzUxIyQxIyQxIyQ5OSQyNjEwMDIjODEjJDEjJDIjJDgz,속편안의원,47820,의원,"경상북도 청도군 풍각면 봉기로 136-17, (풍각면)",2015-10-14,0,35.6403918,128.6154907,False,15.87
JDQ4MTYyMiM4MSMkMSMkMCMkMTMkNDgxMzUxIzExIyQxIyQ3IyQ5MiQyNjEwMDIjNTEjJDEjJDIjJDgz,손희송한의원,47820,한의원,"경상북도 청도군 청도읍 청화로 151, (청도읍)",2000-04-08,0,35.644151,128.7426593,False,5.09
JDQ4MTYyMiM4MSMkMSMkMCMkOTIkMzgxNzAyIzIxIyQxIyQxIyQ4OSQzNjEyMjIjNDEjJDEjJDgjJDgz,양원보건진료소,47820,보건진료소,"경상북도 청도군 이서면 양원길 61-4, (이서면)",1982-01-01,0,35.6885089,128.6861831,False,9.22
JDQ4MTYyMiM4MSMkMSMkMCMkOTIkMzgxNzAyIzIxIyQxIyQxIyQ4OSQ0NjEwMDIjNjEjJDEjJDgjJDgz,옥산보건진료소,47820,보건진료소,"경상북도 청도군 각남면 녹명1길 43, (각남면)",1983-01-01,0,35.628837,128.6375015,False,14.33
JDQ4MTYyMiM4MSMkMSMkMCMkOTIkMzgxOTYxIzExIyQxIyQzIyQ3OSQyNjEwMDIjNDEjJDEjJDQjJDgz,운문보건지소,47820,보건지소,"경상북도 청도군 운문면 대천2길 13, (운문면)",1966-09-01,0,35.7165786,128.9129513,False,12.41
JDQ4MTYyMiM4MSMkMSMkMCMkOTIkMzgxNzAyIzIxIyQxIyQxIyQ5OSQyNjEwMDIjODEjJDEjJDIjJDgz,유호보건진료소,47820,보건진료소,"경상북도 청도군 청도읍 유천길 83, 83",1981-01-01,0,35.5718542,128.7688058,False,11.36
JDQ4MTYyMiM4MSMkMSMkMCMkOTkkNTgxMzUxIzIxIyQyIyQxIyQwMCQzNjE4MzIjODEjJDEjJDYjJDgz,의료법인 선한의료재단 청도자연요양병원,47820,요양병원,"경상북도 청도군 각북면 헐티로 1312, (각북면)",2009-07-03,90,35.7158772,128.558511,True,21.13
JDQ4MTYyMiM4MSMkMSMkMCMkOTkkNTgxMzUxIzExIyQxIyQzIyQ3MiQzNjE4MzIjNDEjJDEjJDgjJDgz,의료법인 정암의료재단 윤성요양병원,47820,요양병원,"경상북도 청도군 각북면 헐티로 1145-12, (각북면)",2005-05-02,99,35.7110064,128.5721959,True,19.81
JDQ4MTYyMiM4MSMkMSMkMCMkOTkkNTgxOTYxIzExIyQxIyQzIyQ2MiQyNjE4MzIjNjEjJDEjJDgjJDgz,의료법인 해동의료재단 청도메타병원,47820,정신병원,"경상북도 청도군 청도읍 고수산복길 198, (청도읍)",2014-03-25,206,35.6331498,128.7507958,True,5.48
JDQ4MTYyMiM4MSMkMSMkMCMkOTkkMzgxMzUxIzExIyQxIyQzIyQ3MiQzNjE0ODEjNTEjJDEjJDIjJDgz,의료법인대남의료재단청도대남병원,47820,병원,"경상북도 청도군 화양읍 청화로 79-7, (화양읍)",1988-11-04,235,35.6486288,128.7368062,True,5.24
JDQ4MTYyMiM4MSMkMSMkMCMkOTkkMzgxMzUxIzIxIyQxIyQ5IyQxMyQ0NjEwMDIjODEjJDEjJDIjJDgz,의료법인명보의료재단청춘병원,47820,병원,"경상북도 청도군 매전면 청려로 3757-0, (매전면)",2022-05-02,50,35.6711824,128.8604649,True,6.69
JDQ4MTYyMiM4MSMkMSMkMCMkOTkkNTgxMzUxIzExIyQxIyQ3IyQ4MiQzNjEwMDIjODEjJDEjJDIjJDgz,의료법인산동의료재단산동요양병원,47820,요양병원,"경상북도 청도군 금천면 금천로 4, (금천면)",2009-08-03,49,35.6927293,128.8947791,True,10.03
JDQ4MTYyMiM4MSMkMSMkMCMkOTkkNTgxOTYxIzExIyQxIyQzIyQ5OSQzNjEyMjIjNjEjJDEjJDgjJDgz,의료법인영은의료재단하나병원,47820,정신병원,"경상북도 청도군 청도읍 청도신기길 78-10, (청도읍)",2007-08-17,299,35.649373,128.7454158,True,4.54
JDQ4MTYyMiM4MSMkMSMkMCMkOTIkMzgxOTYxIzExIyQxIyQ3IyQ3OSQyNjE0ODEjODEjJDEjJDIjJDgz,이서보건지소,47820,보건지소,"경상북도 청도군 이서면 학산길 17-7, 17",1986-10-23,0,35.6622983,128.6659632,False,10.95
JDQ4MTYyMiM4MSMkMiMkMCMkMDAkMzgxMTkxIzExIyQyIyQ3IyQwMCQyNjEyMjIjNTEjJDEjJDYjJDgz,이서의원,47820,의원,"경상북도 청도군 이서면 학산1길 45, (이서면)",2004-09-10,0,35.6623611,128.6673531,False,10.83
JDQ4MTYyMiM4MSMkMSMkMCMkNzIkMzgxMTkxIzMxIyQxIyQ3IyQwMyQzNjE4MzIjNDEjJDEjJDgjJDgz,이왕치과의원,47820,치과의원,"경상북도 청도군 청도읍 청화로 154, 이왕치과의원 4층",2022-04-26,0,35.6437054,128.7426429,False,5.13
JDQ4MTYyMiM4MSMkMSMkMCMkMTMkNDgxMzUxIzQxIyQyIyQ3IyQwMCQzNjEyMjIjNTEjJDEjJDIjJDgz,재단법인자광학술원제한한의원,47820,한의원,"경상북도 청도군 이서면 학산길 55-11, (이서면)",2005-08-17,0,35.6652037,128.6668622,False,10.84
JDQ4MTYyMiM4MSMkMSMkMCMkNzIkMzgxMzUxIzMxIyQxIyQzIyQ3MiQ0NjEwMDIjODEjJDEjJDYjJDgz,전동일치과의원,47820,치과의원,"경상북도 청도군 청도읍 청화로 196, (청도읍)",1998-05-06,0,35.6414197,128.745619,False,5.09
JDQ4MTYyMiM4MSMkMiMkMCMkMDAkMzgxNzAyIzIxIyQyIyQxIyQwMCQzNjEyMjIjODEjJDEjJDIjJDgz,정내과의원,47820,의원,"경상북도 청도군 청도읍 청화로 179, (청도읍)",2001-03-16,0,35.6425987,128.74472,False,5.06
JDQ4MTYyMiM4MSMkMiMkMCMkMDAkMzgxOTYxIzUxIyQxIyQxIyQ2MiQyNjEyMjIjNDEjJDEjJDQjJDgz,제일의원,47820,의원,"경상북도 청도군 청도읍 청화로 106, (청도읍)",1992-05-08,3,35.646613,128.7384802,False,5.23
JDQ4MTYyMiM4MSMkMSMkMCMkNzIkMzgxOTYxIzExIyQxIyQ3IyQ4MiQyNjE0ODEjNTEjJDEjJDIjJDgz,제일치과의원,47820,치과의원,"경상북도 청도군 금천면 금천로 47, 47",1992-04-17,0,35.6927211,128.8906768,False,9.66
JDQ4MTYyMiM4MSMkMSMkMCMkOTIkMzgxNzAyIzIxIyQxIyQxIyQ4OSQyNjE4MzIjNzEjJDEjJDgjJDgz,지전보건진료소,47820,보건진료소,"경상북도 청도군 매전면 지전길 3-18, 3",1984-01-01,0,35.6087156,128.8125508,False,7.52
JDQ4MTYyMiM4MSMkMiMkMCMkMDAkNDgxMTkxIzIxIyQxIyQxIyQ4OSQzNjEwMDIjNDEjJDEjJDgjJDgz,참이비인후과의원,47820,의원,"경상북도 청도군 청도읍 청화로 154, 2층",2020-01-16,0,35.6437054,128.7426429,False,5.13
JDQ4MTYyMiM4MSMkMiMkMCMkMDAkNDgxMTkxIzIxIyQxIyQ5IyQ5OSQzNjEwMDIjNDEjJDEjJDgjJDgz,참편한제통의원,47820,의원,"경상북도 청도군 청도읍 청화로 195, 2,3층",2021-12-23,0,35.6416552,128.7458644,False,5.06
JDQ4MTYyMiM4MSMkMSMkMCMkOTIkMzgxMzUxIzExIyQxIyQzIyQ4OSQzNjEwMDIjNjEjJDEjJDAjJDgz,청도군보건소,47820,보건소,"경상북도 청도군 화양읍 청화로 79-11, (화양읍)",1952-03-01,0,35.648625,128.737197,False,5.21
JDQ4MTYyMiM4MSMkMSMkMCMkNzIkMzgxOTYxIzExIyQxIyQ3IyQ4MiQyNjEyMjIjODEjJDEjJDYjJDgz,청도선치과의원,47820,치과의원,"경상북도 청도군 화양읍 청화로 77, 1층",2020-03-25,0,35.6479227,128.7361583,False,5.33
JDQ4MTYyMiM4MSMkMSMkMCMkMTMkNDgxMzUxIzIxIyQxIyQ5IyQ5MiQyNjEyMjIjNDEjJDEjJDQjJDgz,청도왕한의원,47820,한의원,"경상북도 청도군 화양읍 청화로 75, (화양읍)",2002-06-03,0,35.6480465,128.7357245,False,5.36
JDQ4MTYyMiM4MSMkMSMkMCMkNzIkMzgxMzUxIzMxIyQyIyQzIyQwMCQyNjE0ODEjNDEjJDEjJDgjJDgz,청도치과의원,47820,치과의원,"경상북도 청도군 청도읍 청화로 189-2, (청도읍)",1991-07-06,0,35.6420468,128.7455736,False,5.05
JDQ4MTYyMiM4MSMkMiMkMCMkMDAkNDgxMTkxIzIxIyQxIyQ1IyQ4MiQzNjEwMDIjNjEjJDEjJDAjJDgz,청도탑연합비뇨의학과의원,47820,의원,"경상북도 청도군 청도읍 청화로 179, 화산빌딩 3,4층",2021-05-18,0,35.6425987,128.74472,False,5.06
JDQ4MTYyMiM4MSMkMSMkMCMkOTIkMzgxOTYxIzExIyQxIyQ3IyQwMyQyNjE4MzIjNDEjJDEjJDgjJDgz,풍각보건지소,47820,보건지소,"경상북도 청도군 풍각면 송서로 81, (풍각면)",1981-09-27,0,35.6397475,128.619763,False,15.51
JDQ4MTYyMiM4MSMkMiMkMCMkMDAkNDgxOTYxIzUxIyQxIyQxIyQ4OSQ0NjE0ODEjODEjJDEjJDYjJDgz,해동연합의원,47820,의원,"경상북도 청도군 청도읍 청화로 82, (청도읍)",1996-09-25,0,35.647529,128.7362817,False,5.34
JDQ4MTYyMiM4MSMkMiMkMCMkMDAkMzgxMTkxIzIxIyQxIyQ1IyQ3MiQyNjE0ODEjNjEjJDEjJDAjJDgz,현광의원,47820,의원,"경상북도 청도군 풍각면 송서11길 5, (풍각면)",1996-08-01,4,35.6405237,128.6160563,False,15.81
JDQ4MTYyMiM4MSMkMSMkMCMkNzIkMzgxOTYxIzUxIyQxIyQ1IyQ4OSQ0NjEwMDIjNDEjJDEjJDgjJDgz,현광치과의원,47820,치과의원,"경상북도 청도군 풍각면 송서11길 5, 5",2007-05-28,0,35.6405237,128.6160563,False,15.81
JDQ4MTYyMiM4MSMkMiMkMCMkMDAkMzgxOTYxIzUxIyQxIyQ1IyQ3OSQyNjE4MzIjNjEjJDEjJDQjJDgz,현대의원,47820,의원,"경상북도 청도군 청도읍 청화로 193-1, (청도읍)",1993-03-13,0,35.6420593,128.745969,False,5.02
JDQ4MTYyMiM4MSMkMSMkMCMkOTIkMzgxOTYxIzExIyQxIyQ3IyQ3OSQyNjE4MzIjNTEjJDEjJDIjJDgz,화양보건지소,47820,보건지소,"경상북도 청도군 화양읍 도주관로 206, 206",1966-09-01,0,35.6507431,128.7109355,False,7.26
JDQ4MTYyMiM4MSMkMiMkMCMkMDAkNDgxOTYxIzExIyQxIyQzIyQwMyQzNjE4MzIjNDEjJDEjJDgjJDgz,경대연합안과의원,47830,의원,"경상북도 고령군 대가야읍 중앙로 9, 1층",2005-05-18,0,35.7300254,128.2689685,False,3.5
JDQ4MTYyMiM4MSMkMSMkMCMkOTIkMzgxOTYxIzExIyQxIyQ3IyQ3OSQ0NjE0ODEjNTEjJDEjJDYjJDgz,고령군개진면보건지소,47830,보건지소,"경상북도 고령군 개진면 개경포로 589-8, (개진면보건지소)",1987-12-09,0,35.7081261,128.3505036,False,5.1
JDQ4MTYyMiM4MSMkMSMkMCMkOTIkMzgxNzAyIzIxIyQxIyQxIyQxMyQzNjE0ODEjNTEjJDEjJDYjJDgz,고령군개진면옥산보건진료소,47830,보건진료소,"경상북도 고령군 개진면 개경포로 967, (개진면)",1987-12-09,0,35.7041224,128.3881388,False,8.22
JDQ4MTYyMiM4MSMkMSMkMCMkOTIkMzgxNzAyIzIxIyQxIyQxIyQxMyQzNjEwMDIjNDEjJDEjJDgjJDgz,고령군개진면진촌보건진료소,47830,보건진료소,"경상북도 고령군 개진면 개경포로 1386, (개진면)",1987-12-09,0,35.712972,128.4252101,False,11.03
JDQ4MTYyMiM4MSMkMSMkMCMkOTIkMzgxNzAyIzIxIyQxIyQxIyQxMyQzNjEyMjIjNDEjJDEjJDQjJDgz,고령군다산면노곡보건진료소,47830,보건진료소,"경상북도 고령군 다산면 노곡1길 52, (노곡리보건진료소)",1987-12-09,0,35.8399224,128.4106216,False,14.77
JDQ4MTYyMiM4MSMkMSMkMCMkOTIkMzgxNzAyIzIxIyQxIyQxIyQxMyQzNjE4MzIjODEjJDEjJDIjJDgz,고령군다산면벌지보건진료소,47830,보건진료소,"경상북도 고령군 다산면 동암2길 4-8, (벌지리보건진료소)",1987-12-09,0,35.8127869,128.4009229,False,11.95
JDQ4MTYyMiM4MSMkMSMkMCMkOTIkMzgxOTYxIzExIyQxIyQ3IyQ3OSQzNjEwMDIjODEjJDEjJDYjJDgz,고령군다산면보건지소,47830,보건지소,"경상북도 고령군 다산면 평리1길 4, (다산면)",1987-12-09,0,35.8247067,128.455038,False,16.54
JDQ4MTYyMiM4MSMkMSMkMCMkOTIkMzgxNzAyIzIxIyQxIyQxIyQwMyQ0NjE0ODEjODEjJDEjJDYjJDgz,고령군대가야읍내곡보건진료소,47830,보건진료소,"경상북도 고령군 대가야읍 일량본길 137, 137",1987-12-09,0,35.6963433,128.2813306,False,5.09
JDQ4MTYyMiM4MSMkMSMkMCMkOTIkMzgxNzAyIzIxIyQxIyQxIyQwMyQ0NjEwMDIjNzEjJDEjJDgjJDgz,고령군대가야읍저전보건진료소,47830,보건진료소,"경상북도 고령군 대가야읍 저전1길 34, (저전리 보건 진료소)",1987-12-09,0,35.7541383,128.231258,False,7.07
JDQ4MTYyMiM4MSMkMSMkMCMkOTIkMzgxOTYxIzExIyQxIyQ3IyQ3OSQzNjE0ODEjNDEjJDEjJDgjJDgz,고령군덕곡면보건지소,47830,보건지소,"경상북도 고령군 덕곡면 덕운로 575-1, 575",1987-12-09,0,35.7788315,128.2318595,False,8.19
JDQ4MTYyMiM4MSMkMSMkMCMkOTkkNTgxMzUxIzExIyQxIyQzIyQ4OSQ0NjEwMDIjODEjJDEjJDIjJDgz,고령군립요양병원,47830,요양병원,"경상북도 고령군 대가야읍 중앙로 31, (대가야읍)",2004-06-01,87,35.7302857,128.2719572,True,3.23
JDQ4MTYyMiM4MSMkMSMkMCMkOTIkMzgxMzUxIzExIyQxIyQzIyQ4OSQzNjE0ODEjNjEjJDEjJDgjJDgz,고령군보건소,47830,보건소,"경상북도 고령군 대가야읍 왕릉로 56-5, 고령군보건소",1985-01-25,0,35.7252352,128.2648138,False,4.01
JDQ4MTYyMiM4MSMkMSMkMCMkOTIkMzgxOTYxIzExIyQxIyQ3IyQ3OSQ0NjEwMDIjNDEjJDEjJDgjJDgz,고령군성산면보건지소,47830,보건지소,"경상북도 고령군 성산면 성산로 897, (성산면)",1987-12-09,0,35.749926,128.359862,False,5.0
JDQ4MTYyMiM4MSMkMSMkMCMkOTIkMzgxNzAyIzIxIyQxIyQxIyQwMyQzNjEyMjIjNTEjJDEjJDIjJDgz,고령군성산면용소보건진료소,47830,보건진료소,"경상북도 고령군 성산면 원당길 6, (성산면)",1987-12-09,0,35.7776032,128.3601387,False,6.59
JDQ4MTYyMiM4MSMkMSMkMCMkOTIkMzgxOTYxIzExIyQxIyQ3IyQ4OSQyNjE0ODEjNjEjJDEjJDQjJDgz,고령군쌍림면보건지소,47830,보건지소,"경상북도 고령군 쌍림면 대가야로 617, (쌍림면)",1987-12-09,0,35.6801268,128.2422282,False,8.61
JDQ4MTYyMiM4MSMkMSMkMCMkOTIkMzgxNzAyIzIxIyQxIyQxIyQxMyQyNjEwMDIjODEjJDEjJDYjJDgz,고령군쌍림면신촌보건진료소,47830,보건진료소,"경상북도 고령군 쌍림면 신촌길 70, (쌍림면)",1987-12-09,0,35.671001,128.185888,False,13.16
JDQ4MTYyMiM4MSMkMSMkMCMkOTIkMzgxNzAyIzIxIyQxIyQxIyQxMyQyNjE0ODEjNDEjJDEjJDgjJDgz,고령군쌍림면월막보건진료소,47830,보건진료소,"경상북도 고령군 쌍림면 미숭로 209, (쌍림면)",1987-12-09,0,35.7073649,128.2329378,False,7.44
JDQ4MTYyMiM4MSMkMSMkMCMkOTIkMzgxOTYxIzExIyQxIyQ3IyQ3OSQzNjEyMjIjNzEjJDEjJDgjJDgz,고령군우곡면보건지소,47830,보건지소,"경상북도 고령군 우곡면 우곡로 928, (우곡면)",1987-12-09,0,35.6789902,128.3399832,False,7.13
JDQ4MTYyMiM4MSMkMSMkMCMkOTIkMzgxNzAyIzIxIyQxIyQxIyQxMyQyNjEyMjIjNzEjJDEjJDgjJDgz,고령군우곡면봉산보건진료소,47830,보건진료소,"경상북도 고령군 우곡면 봉산1길 56, 56",1987-12-09,0,35.637993,128.3797085,False,12.85
JDQ4MTYyMiM4MSMkMSMkMCMkOTIkMzgxOTYxIzExIyQxIyQ3IyQ3OSQzNjE4MzIjNjEjJDEjJDQjJDgz,고령군운수면보건지소,47830,보건지소,"경상북도 고령군 운수면 운용로 104, (운수보건소)",1987-12-09,0,35.7684021,128.2906721,False,3.76
JDQ4MTYyMiM4MSMkMiMkMCMkMDAkMzgxMTkxIzExIyQxIyQzIyQwMyQzNjEyMjIjNjEjJDEjJDgjJDgz,고령백의원,47830,의원,"경상북도 고령군 대가야읍 시장길 6, 1층",1994-06-16,0,35.7293503,128.2682127,False,3.59
JDQ4MTYyMiM4MSMkMiMkMCMkMDAkMzgxOTYxIzMxIyQyIyQ3IyQwMCQzNjE0ODEjNjEjJDEjJDgjJDgz,고령의원,47830,의원,"경상북도 고령군 성산면 성산로 901, (성산면)",2018-07-06,0,35.7498541,128.3603933,False,5.04
JDQ4MTYyMiM4MSMkMSMkMCMkNzIkMzgxOTYxIzExIyQxIyQzIyQ5OSQyNjE0ODEjNzEjJDEjJDgjJDgz,노중렬치과의원,47830,치과의원,"경상북도 고령군 다산면 상곡길 37, (다산면)",1999-03-04,0,35.8239959,128.4496149,False,16.1
JDQ4MTYyMiM4MSMkMSMkMCMkNzIkMzgxMTkxIzExIyQxIyQ3IyQxMyQzNjEwMDIjNDEjJDEjJDgjJDgz,다산우리치과의원,47830,치과의원,"경상북도 고령군 다산면 상곡길 58, 58",2013-02-20,0,35.8258004,128.4506888,False,16.3
JDQ4MTYyMiM4MSMkMiMkMCMkMDAkMzgxNzAyIzIxIyQxIyQ5IyQ4OSQyNjEyMjIjNTEjJDEjJDYjJDgz,다산종합의원,47830,의원,"경상북도 고령군 다산면 상곡길 58, (다산면)",2015-01-13,0,35.8258004,128.4506885,False,16.3
JDQ4MTYyMiM4MSMkMSMkMCMkNzIkMzgxMTkxIzMxIyQxIyQ3IyQ4MiQzNjE0ODEjNTEjJDEjJDIjJDgz,다산플란트연합치과의원,47830,치과의원,"경상북도 고령군 다산면 다산로 701, 3층",2021-10-08,0,35.8232428,128.4540823,False,16.38
JDQ4MTYyMiM4MSMkMSMkMCMkMTMkNDgxOTYxIzExIyQxIyQ3IyQ5OSQyNjE0ODEjNTEjJDEjJDYjJDgz,다산한의원,47830,한의원,"경상북도 고령군 다산면 상곡2길 5, (다산면)",2009-09-29,0,35.8238046,128.449168,False,16.06
JDQ4MTYyMiM4MSMkMSMkMCMkMTMkNDgxMzUxIzQxIyQxIyQ3IyQ5OSQzNjEyMjIjNjEjJDEjJDQjJDgz,동의한의원,47830,한의원,"경상북도 고령군 대가야읍 시장길 17, 17",2014-03-20,0,35.7282072,128.2683773,False,3.6
JDQ4MTYyMiM4MSMkMSMkMCMkNzIkMzgxMzUxIzUxIyQyIyQxIyQwMCQyNjEwMDIjODEjJDEjJDIjJDgz,램브란트치과의원,47830,치과의원,"경상북도 고령군 대가야읍 중앙로 9, 4층",1991-04-26,0,35.7300254,128.2689685,False,3.5
JDQ4MTYyMiM4MSMkMiMkMCMkMDAkMzgxMTkxIzMxIyQxIyQ3IyQwMyQyNjE0ODEjNjEjJDEjJDQjJDgz,삼성정형외과의원,47830,의원,"경상북도 고령군 대가야읍 왕릉로 114, 114",2014-01-29,0,35.729519,128.268052,False,3.59
JDQ4MTYyMiM4MSMkMSMkMCMkMTMkNDgxOTYxIzExIyQxIyQzIyQ3OSQzNjE0ODEjNjEjJDEjJDQjJDgz,삼성한의원,47830,한의원,"경상북도 고령군 대가야읍 왕릉로 105, (대가야읍)",2008-05-07,0,35.7290371,128.2670484,False,3.7
JDQ4MTYyMiM4MSMkMSMkMCMkMTMkNDgxMzUxIzUxIyQxIyQ1IyQwMyQzNjEyMjIjNDEjJDEjJDgjJDgz,성보한의원,47830,한의원,"경상북도 고령군 대가야읍 중앙로 16, (대가야읍)",2008-04-07,0,35.7295312,128.269503,False,3.47
JDQ4MTYyMiM4MSMkMSMkMCMkMTMkNDgxOTYxIzMxIyQxIyQzIyQxMyQzNjEwMDIjNDEjJDEjJDgjJDgz,성심한의원,47830,한의원,"경상북도 고령군 대가야읍 중앙로 9, 3층",2016-04-25,0,35.7300254,128.2689685,False,3.5
JDQ4MTYyMiM4MSMkMiMkMCMkMDAkMzgxNzAyIzUxIyQxIyQ1IyQ4MiQzNjEwMDIjNjEjJDEjJDgjJDgz,열린연합의원,47830,의원,"경상북도 고령군 대가야읍 연조길 2, 2",2012-12-10,0,35.7301907,128.2678497,False,3.6
JDQ4MTYyMiM4MSMkMiMkMCMkMDAkNDgxMzUxIzExIyQxIyQ3IyQ3OSQ0NjE0ODEjNDEjJDEjJDgjJDgz,영남정형외과의원,47830,의원,"경상북도 고령군 대가야읍 중앙로 19-2, 19",2005-02-14,29,35.7298341,128.270143,False,3.4
JDQ4MTYyMiM4MSMkMSMkMCMkOTkkMzgxMzUxIzExIyQxIyQzIyQ4MiQyNjE0ODEjNzEjJDEjJDgjJDgz,의료법인영암의료재단고령영생병원,47830,병원,"경상북도 고령군 대가야읍 중앙로 33, (대가야읍)",1988-09-06,75,35.7299781,128.2721571,True,3.22
JDQ4MTYyMiM4MSMkMSMkMCMkMTMkNDgxMzUxIzMxIyQyIyQ3IyQwMCQyNjEwMDIjNjEjJDEjJDQjJDgz,일침한의원,47830,한의원,"경상북도 고령군 대가야읍 왕릉로 114, (대가야읍)",2017-01-12,0,35.729519,128.268052,False,3.59
JDQ4MTYyMiM4MSMkMiMkMCMkMDAkNDgxOTYxIzExIyQxIyQ3IyQ3OSQyNjEyMjIjODEjJDEjJDIjJDgz,장시원외과의원,47830,의원,"경상북도 고령군 대가야읍 왕릉로 105-1, 105",2011-07-06,0,35.7291887,128.2671006,False,3.69
JDQ4MTYyMiM4MSMkMSMkMCMkNzIkMzgxOTYxIzIxIyQxIyQ1IyQ5MiQyNjE0ODEjNTEjJDEjJDIjJDgz,정인구치과의원,47830,치과의원,"경상북도 고령군 대가야읍 시장길 1, (대가야읍)",1997-08-29,0,35.7296952,128.268755,False,3.53
JDQ4MTYyMiM4MSMkMSMkMCMkMTMkMzgxNzAyIzUxIyQxIyQxIyQ4OSQyNjEwMDIjODEjJDEjJDIjJDgz,정한의원,47830,한의원,"경상북도 고령군 대가야읍 중앙로 10-1, (대가야읍)",2003-03-17,0,35.7296937,128.2690223,False,3.51
JDQ4MTYyMiM4MSMkMiMkMCMkMDAkMzgxMTkxIzUxIyQxIyQxIyQwMyQzNjE4MzIjNjEjJDEjJDQjJDgz,최내과의원,47830,의원,"경상북도 고령군 대가야읍 중앙로 11-1, 11",1999-09-14,0,35.7298889,128.26929,False,3.48
JDQ4MTYyMiM4MSMkMSMkMCMkNzIkMzgxOTYxIzExIyQxIyQzIyQ3MiQ0NjEwMDIjNTEjJDEjJDIjJDgz,최치과의원,47830,치과의원,"경상북도 고령군 대가야읍 시장1길 7, (대가야읍)",1993-08-04,0,35.7256374,128.26676,False,3.83
JDQ4MTYyMiM4MSMkMSMkMCMkNzIkMzgxMTkxIzMxIyQxIyQzIyQ5MiQzNjEyMjIjNDEjJDEjJDQjJDgz,탑치과의원,47830,치과의원,"경상북도 고령군 대가야읍 왕릉로 105-1, 3층",2019-04-12,0,35.7291887,128.2671006,False,3.69
JDQ4MTYyMiM4MSMkMiMkMCMkMDAkMzgxNzAyIzQxIyQxIyQ3IyQ5OSQ0NjEwMDIjNzEjJDEjJDgjJDgz,하내과의원,47830,의원,"경상북도 고령군 대가야읍 중앙로 9, 9",2005-04-02,0,35.7300254,128.2689685,False,3.5
JDQ4MTYyMiM4MSMkMSMkMCMkNzIkMzgxOTYxIzUxIyQyIyQxIyQwMCQzNjEyMjIjNjEjJDEjJDAjJDgz,하얀미소치과의원,47830,치과의원,"경상북도 고령군 대가야읍 왕릉로 114, 4층",2005-09-30,0,35.729519,128.268052,False,3.59
JDQ4MTYyMiM4MSMkMSMkMCMkNzIkMzgxMzUxIzMxIyQxIyQ3IyQ3MiQyNjE0ODEjNDEjJDEjJDgjJDgz,하치과의원,47830,치과의원,"경상북도 고령군 대가야읍 시장길 6, 6",1989-04-24,0,35.7293503,128.2682127,False,3.59
JDQ4MTYyMiM4MSMkMiMkMCMkMDAkNDgxMTkxIzMxIyQxIyQzIyQ4OSQzNjEwMDIjNDEjJDEjJDgjJDgz,하하정형외과의원,47830,의원,"경상북도 고령군 다산면 다산로 701, 2층",2022-09-02,0,35.8232428,128.4540823,False,16.38
JDQ4MTYyMiM4MSMkMiMkMCMkMDAkNDgxMzUxIzExIyQxIyQzIyQxMyQzNjEyMjIjNjEjJDEjJDAjJDgz,효성연합의원,47830,의원,"경상북도 고령군 대가야읍 왕릉로 105-1, (대가야읍)",2003-01-29,0,35.7291887,128.2671006,False,3.69
JDQ4MTYyMiM4MSMkMSMkMCMkOTkkNTgxMzUxIzExIyQxIyQ3IyQ4OSQ0NjE0ODEjNjEjJDEjJDgjJDgz,가야이요양병원,47840,요양병원,"경상북도 성주군 성주읍 주산로 183, (성주읍)",2008-02-12,139,35.9330786,128.3040306,True,6.98
JDQ4MTYyMiM4MSMkMiMkMCMkMDAkMzgxNzAyIzIxIyQxIyQ5IyQ3MiQzNjEyMjIjNjEjJDEjJDQjJDgz,가톨릭내과의원,47840,의원,"경상북도 성주군 성주읍 시장길 5-1, (성주읍)",2002-01-07,0,35.9177155,128.2865918,False,4.93
JDQ4MTYyMiM4MSMkMiMkMCMkMDAkNDgxMzUxIzExIyQxIyQ3IyQ3MiQzNjE4MzIjNDEjJDEjJDQjJDgz,가톨릭연합정형외과의원,47840,의원,"경상북도 성주군 성주읍 성주읍3길 7, 1층",2010-08-05,14,35.9188889,128.2868278,False,4.99
JDQ4MTYyMiM4MSMkMSMkMCMkMTMkNDgxOTYxIzUxIyQxIyQ1IyQwMyQzNjEwMDIjODEjJDEjJDYjJDgz,경희삼대한의원,47840,한의원,"경상북도 성주군 벽진면 수촌길 13-10, (벽진면)",2024-11-22,0,35.9474431,128.217206,False,4.7
JDQ4MTYyMiM4MSMkMSMkMCMkMTMkNDgxOTYxIzQxIyQxIyQ3IyQ3MiQzNjEwMDIjNjEjJDEjJDAjJDgz,고려한의원,47840,한의원,"경상북도 성주군 성주읍 시장길 18, (성주읍)",2009-04-17,8,35.9168964,128.2857947,False,4.84
JDQ4MTYyMiM4MSMkMSMkMCMkNzIkMzgxMzUxIzMxIyQxIyQzIyQ4OSQyNjE4MzIjNDEjJDEjJDgjJDgz,김유환치과의원,47840,치과의원,"경상북도 성주군 성주읍 성주로 3218, 3218",2004-11-06,0,35.9182925,128.2858526,False,4.88
JDQ4MTYyMiM4MSMkMSMkMCMkMTMkMzgxNzAyIzQxIyQxIyQ3IyQwMyQyNjE4MzIjODEjJDEjJDYjJDgz,대광한의원,47840,한의원,"경상북도 성주군 성주읍 시장길 22-5, (성주읍)",1996-05-27,0,35.9164837,128.28524,False,4.78
JDQ4MTYyMiM4MSMkMiMkMCMkMDAkMzgxMTkxIzUxIyQxIyQxIyQ4MiQzNjE4MzIjNDEjJDEjJDgjJDgz,대성의원,47840,의원,"경상북도 성주군 성주읍 성주로 3203, (성주읍)",1999-07-28,0,35.9189558,128.2846738,False,4.8
JDQ4MTYyMiM4MSMkMiMkMCMkMDAkMzgxMTkxIzExIyQxIyQzIyQ3OSQzNjE4MzIjNjEjJDEjJDgjJDgz,덕산의원,47840,의원,"경상북도 성주군 성주읍 시장길 21, 21",1994-01-10,0,35.916465,128.285963,False,4.85
JDQ4MTYyMiM4MSMkMSMkMCMkNzIkMzgxMTkxIzExIyQxIyQ3IyQ2MiQzNjE4MzIjNDEjJDEjJDgjJDgz,류수환치과의원,47840,치과의원,"경상북도 성주군 성주읍 성주읍3길 7, 3층",2012-02-01,0,35.9188889,128.2868278,False,4.99
JDQ4MTYyMiM4MSMkMSMkMCMkOTkkNTgxMzUxIzIxIyQxIyQ1IyQ2MiQzNjEwMDIjNjEjJDEjJDgjJDgz,명경채요양병원,47840,요양병원,"경상북도 성주군 성주읍 성주순환로 277-0, (성주읍)",2025-08-22,80,35.918701,128.2930215,True,5.52
JDQ4MTYyMiM4MSMkMSMkMCMkMTMkNDgxMTkxIzExIyQxIyQzIyQ5OSQyNjEwMDIjNDEjJDEjJDgjJDgz,명성한의원,47840,한의원,"경상북도 성주군 성주읍 시장길 11, (성주읍)",2013-04-25,0,35.917237,128.2866582,False,4.93
JDQ4MTYyMiM4MSMkMSMkMCMkNzIkMzgxOTYxIzIxIyQxIyQxIyQ4OSQyNjEyMjIjODEjJDEjJDYjJDgz,배치과의원,47840,치과의원,"경상북도 성주군 성주읍 시장길 14-1, 14",1997-01-22,0,35.9171696,128.2859279,False,4.86
JDQ4MTYyMiM4MSMkMSMkMCMkMTMkNDgxMzUxIzQxIyQxIyQ3IyQ5MiQzNjE4MzIjNDEjJDEjJDQjJDgz,백세한의원,47840,한의원,"경상북도 성주군 초전면 대장길 80-1, 백세한의원",2006-02-02,0,35.9720541,128.2643534,False,7.73
JDQ4MTYyMiM4MSMkMSMkMCMkOTkkNTgxMzUxIzIxIyQxIyQ1IyQ2MiQzNjEyMjIjNjEjJDEjJDAjJDgz,비에스(BS)요양병원,47840,요양병원,"경상북도 성주군 선남면 운용로 1543-107, (선남면)",2017-12-13,120,35.8806475,128.3550373,True,11.35
JDQ4MTYyMiM4MSMkMiMkMCMkMDAkMzgxNzAyIzMxIyQxIyQzIyQ5MiQyNjEyMjIjNTEjJDEjJDYjJDgz,삼성편한속내과의원,47840,의원,"경상북도 성주군 성주읍 성주로 3242-1, 3242",2009-10-23,0,35.9179968,128.2884419,False,5.1
JDQ4MTYyMiM4MSMkMSMkMCMkMTMkNDgxMzUxIzExIyQxIyQzIyQwMyQzNjEyMjIjNjEjJDEjJDAjJDgz,새대구한의원,47840,한의원,"경상북도 성주군 성주읍 시장길 14-1, 새대구한의원 1층",2019-08-02,0,35.9171696,128.2859279,False,4.86
JDQ4MTYyMiM4MSMkMiMkMCMkMDAkNDgxMTkxIzIxIyQxIyQxIyQ4MiQzNjE0ODEjNDEjJDEjJDQjJDgz,서울메디컬의원,47840,의원,"경상북도 성주군 성주읍 시장길 23-2, (성주읍)",2023-07-25,9,35.9161023,128.2857681,False,4.82
JDQ4MTYyMiM4MSMkMiMkMCMkMDAkNDgxMzUxIzUxIyQxIyQxIyQ4OSQ0NjE0ODEjNTEjJDEjJDYjJDgz,서울연합의원,47840,의원,"경상북도 성주군 성주읍 심산로 108, (성주읍)",2009-05-01,0,35.9186228,128.2837262,False,4.71
JDQ4MTYyMiM4MSMkMSMkMCMkNzIkMzgxMTkxIzUxIyQxIyQxIyQ3OSQyNjEyMjIjNjEjJDEjJDQjJDgz,서울온정치과의원,47840,치과의원,"경상북도 성주군 성주읍 성주로 3289, A동 2층",2024-07-16,0,35.9183138,128.2938535,False,5.58
JDQ4MTYyMiM4MSMkMiMkMCMkMDAkNDgxOTYxIzExIyQxIyQzIyQwMyQzNjEwMDIjNjEjJDEjJDAjJDgz,선남의원,47840,의원,"경상북도 성주군 선남면 관화길 95-4, (선남면)",2016-06-01,0,35.9010609,128.3525562,False,10.76
JDQ4MTYyMiM4MSMkMSMkMCMkMTMkMzgxNzAyIzMxIyQxIyQ3IyQwMyQyNjEyMjIjNjEjJDEjJDAjJDgz,선남한의원,47840,한의원,"경상북도 성주군 선남면 관화길 79, (선남면)",2019-08-14,0,35.9022025,128.3514627,False,10.65
JDQ4MTYyMiM4MSMkMSMkMCMkMTMkMzgxNzAyIzIxIyQxIyQ5IyQ2MiQyNjE0ODEjNjEjJDEjJDgjJDgz,성심한의원,47840,한의원,"경상북도 성주군 성주읍 시장길 9, (성주읍)",2000-04-06,0,35.9174823,128.286544,False,4.92
JDQ4MTYyMiM4MSMkMiMkMCMkMDAkNDgxOTYxIzExIyQxIyQ3IyQ4OSQyNjE4MzIjNTEjJDEjJDYjJDgz,성주경대연합내과의원,47840,의원,"경상북도 성주군 성주읍 성주읍3길 7, 2층",2011-08-04,0,35.9188889,128.2868278,False,4.99
JDQ4MTYyMiM4MSMkMiMkMCMkMDAkNDgxMTkxIzExIyQxIyQzIyQ5OSQzNjEyMjIjNjEjJDEjJDAjJDgz,성주경대연합정형외과의원,47840,의원,"경상북도 성주군 성주읍 시장길 16, (성주읍)",2018-05-28,0,35.9168936,128.2858176,False,4.84
JDQ4MTYyMiM4MSMkMSMkMCMkOTIkMzgxOTYxIzIxIyQyIyQxIyQwMCQyNjEyMjIjNTEjJDEjJDIjJDgz,성주군가천면보건지소,47840,보건지소,"경상북도 성주군 가천면 가천로 33, 가천보건지소, 노인전문간호센터",1964-09-10,0,35.8831071,128.16825,False,6.45
JDQ4MTYyMiM4MSMkMSMkMCMkOTIkMzgxOTYxIzExIyQxIyQ3IyQ4OSQyNjE4MzIjNDEjJDEjJDQjJDgz,성주군금수강산면보건지소,47840,보건지소,"경상북도 성주군 금수면 성주로 1902, 1902",1969-04-20,0,35.9182154,128.1770864,False,5.21
JDQ4MTYyMiM4MSMkMSMkMCMkOTIkMzgxNzAyIzExIyQyIyQ3IyQwMCQzNjEyMjIjNDEjJDEjJDQjJDgz,성주군금수면무학보건진료소,47840,보건진료소,"경상북도 성주군 금수면 무학3길 17-4, 17",1984-12-07,0,35.9275168,128.0980788,False,12.39
JDQ4MTYyMiM4MSMkMSMkMCMkOTIkMzgxOTYxIzExIyQxIyQ3IyQ4OSQzNjEyMjIjNjEjJDEjJDAjJDgz,성주군대가면보건지소,47840,보건지소,"경상북도 성주군 대가면 참별로 2255, (대가면)",1972-02-04,0,35.9101827,128.2293907,False,0.49
JDQ4MTYyMiM4MSMkMSMkMCMkOTIkMzgxNzAyIzExIyQyIyQ3IyQwMCQzNjE4MzIjODEjJDEjJDIjJDgz,성주군대가면용흥보건진료소,47840,보건진료소,"경상북도 성주군 대가면 용흥3길 2, 2",1984-01-07,0,35.92467,128.2381875,False,1.99
JDQ4MTYyMiM4MSMkMSMkMCMkOTIkMzgxOTYxIzExIyQxIyQ3IyQ4OSQzNjE4MzIjNTEjJDEjJDIjJDgz,성주군벽진면보건지소,47840,보건지소,"경상북도 성주군 벽진면 수촌1길 7, (벽진면)",1965-05-10,0,35.9486719,128.2162151,False,4.86
JDQ4MTYyMiM4MSMkMSMkMCMkOTIkMzgxNzAyIzExIyQyIyQ3IyQwMCQyNjEyMjIjNzEjJDEjJDgjJDgz,성주군벽진면봉학보건진료소,47840,보건진료소,"경상북도 성주군 벽진면 봉학1길 9-4, (벽진면)",1983-10-28,0,35.9759345,128.1921977,False,8.49
JDQ4MTYyMiM4MSMkMSMkMCMkOTIkMzgxMzUxIzExIyQxIyQzIyQ4OSQyNjEwMDIjNDEjJDEjJDgjJDgz,성주군보건소,47840,보건소,"경상북도 성주군 성주읍 성밖숲길 12, (성주읍)",1961-11-08,0,35.917077,128.2790553,False,4.26
JDQ4MTYyMiM4MSMkMSMkMCMkOTIkMzgxNzAyIzExIyQxIyQ3IyQ5OSQ0NjEwMDIjNzEjJDEjJDgjJDgz,성주군선남면도흥보건진료소,47840,보건진료소,"경상북도 성주군 선남면 선노로 276-10, (도흥보건진료소)",1983-12-07,0,35.9010804,128.3883332,False,13.97
JDQ4MTYyMiM4MSMkMSMkMCMkOTIkMzgxNzAyIzExIyQyIyQ3IyQwMCQyNjEwMDIjODEjJDEjJDYjJDgz,성주군선남면명포보건진료소,47840,보건진료소,"경상북도 성주군 선남면 본성로 499, (선남면)",1983-12-07,0,35.876,128.3153647,False,8.16
JDQ4MTYyMiM4MSMkMSMkMCMkOTIkMzgxNzAyIzExIyQyIyQ3IyQwMCQyNjE0ODEjNDEjJDEjJDgjJDgz,성주군선남면문방보건진료소,47840,보건진료소,"경상북도 성주군 선남면 문방3길 23-5, (문방보건진료소)",1984-04-18,0,35.9363339,128.3519341,False,11.16
JDQ4MTYyMiM4MSMkMSMkMCMkOTIkMzgxOTYxIzExIyQxIyQ3IyQ4OSQyNjEwMDIjNTEjJDEjJDYjJDgz,성주군선남면보건지소,47840,보건지소,"경상북도 성주군 선남면 관화길 70, 70",1970-12-05,0,35.902457,128.3503,False,10.54
JDQ4MTYyMiM4MSMkMSMkMCMkOTIkMzgxNzAyIzExIyQyIyQ3IyQwMCQzNjEwMDIjNDEjJDEjJDgjJDgz,성주군수륜면남은보건진료소,47840,보건진료소,"경상북도 성주군 수륜면 남작로1길 10, (수륜면)",1984-04-18,0,35.8007036,128.2656231,False,12.2
JDQ4MTYyMiM4MSMkMSMkMCMkOTIkMzgxOTYxIzExIyQxIyQ3IyQ4OSQzNjE0ODEjODEjJDEjJDIjJDgz,성주군수륜면보건지소,47840,보건지소,"경상북도 성주군 수륜면 신파1길 9-4, (수륜면)",1970-12-24,0,35.831881,128.192169,False,9.17
JDQ4MTYyMiM4MSMkMSMkMCMkOTIkMzgxNzAyIzExIyQyIyQ3IyQwMCQyNjE4MzIjNjEjJDEjJDQjJDgz,성주군용암면마월보건진료소,47840,보건진료소,"경상북도 성주군 용암면 마월1길 20, (용암면)",1983-06-05,0,35.8555627,128.2922509,False,7.82
JDQ4MTYyMiM4MSMkMSMkMCMkOTIkMzgxOTYxIzExIyQxIyQ3IyQ4OSQzNjEwMDIjNjEjJDEjJDgjJDgz,성주군용암면보건지소,47840,보건지소,"경상북도 성주군 용암면 상성로 18-1, (용암면)",1965-02-09,0,35.8368925,128.3356967,False,12.09
JDQ4MTYyMiM4MSMkMSMkMCMkOTIkMzgxNzAyIzExIyQxIyQ3IyQ2MiQyNjEwMDIjNjEjJDEjJDgjJDgz,성주군월항면장산보건진료소,47840,보건진료소,"경상북도 성주군 월항면 세종대왕자태실로 63, (장산보건진료소)",1982-07-07,0,35.9743603,128.2862954,False,8.85
JDQ4MTYyMiM4MSMkMSMkMCMkOTIkMzgxOTYxIzExIyQxIyQ3IyQ4OSQ0NjE0ODEjNDEjJDEjJDgjJDgz,성주군초전면보건지소,47840,보건지소,"경상북도 성주군 초전면 대고로 48, (성주군 보건소 초전지소)",1964-03-07,0,35.9723763,128.2625119,False,7.7
JDQ4MTYyMiM4MSMkMSMkMCMkOTIkMzgxNzAyIzExIyQxIyQ3IyQ2MiQyNjE0ODEjODEjJDEjJDIjJDgz,성주군초전면소성보건진료소,47840,보건진료소,"경상북도 성주군 초전면 소성길 156, (소성보건진료소)",1984-07-07,0,36.0258927,128.2437162,False,13.23
JDQ4MTYyMiM4MSMkMSMkMCMkOTIkMzgxNzAyIzExIyQyIyQ3IyQwMCQ0NjEwMDIjNjEjJDEjJDAjJDgz,성주군초전면용성보건진료소,47840,보건진료소,"경상북도 성주군 초전면 용성길 52-8, 52",1986-12-20,0,35.9481883,128.2588557,False,5.1
JDQ4MTYyMiM4MSMkMiMkMCMkMDAkNDgxMzUxIzMxIyQxIyQ3IyQwMyQyNjEwMDIjNjEjJDEjJDAjJDgz,성주동산연합안과의원,47840,의원,"경상북도 성주군 성주읍 성주로 3229, 2층",2008-06-10,0,35.9182232,128.2872019,False,5.0
JDQ4MTYyMiM4MSMkMiMkMCMkMDAkNDgxOTYxIzIxIyQxIyQxIyQxMyQyNjE4MzIjODEjJDEjJDIjJDgz,성주동산연합외과의원,47840,의원,"경상북도 성주군 성주읍 성주읍3길 14, (성주읍)",2000-12-30,0,35.9192323,128.2874858,False,5.05
JDQ4MTYyMiM4MSMkMSMkMCMkOTkkNTgxOTYxIzExIyQxIyQzIyQ5OSQzNjEwMDIjODEjJDEjJDIjJDgz,성주제일병원,47840,정신병원,"경상북도 성주군 성주읍 성주순환로 274, (성주읍)",2014-02-11,116,35.9190891,128.2917489,True,5.42
JDQ4MTYyMiM4MSMkMSMkMCMkNzIkMzgxMTkxIzIxIyQyIyQ1IyQwMCQyNjE0ODEjODEjJDEjJDYjJDgz,성주플란트치과의원,47840,치과의원,"경상북도 성주군 성주읍 시장길 16, 3층",2014-12-31,0,35.9170363,128.2859056,False,4.85
JDQ4MTYyMiM4MSMkMSMkMCMkMTMkMzgxNzAyIzExIyQxIyQ3IyQ4MiQyNjEwMDIjNDEjJDEjJDQjJDgz,성주한의원,47840,한의원,"경상북도 성주군 성주읍 성주순환로 270, (성주읍)",1984-04-09,0,35.9194678,128.2917455,False,5.43
JDQ4MTYyMiM4MSMkMSMkMCMkNzIkMzgxMzUxIzMxIyQxIyQ3IyQ5OSQzNjE0ODEjNTEjJDEjJDIjJDgz,신치과의원,47840,치과의원,"경상북도 성주군 성주읍 성주순환로 270, 270",1989-04-20,0,35.9194609,128.2916752,False,5.42
JDQ4MTYyMiM4MSMkMiMkMCMkMDAkMzgxMTkxIzExIyQxIyQ3IyQ5MiQyNjE4MzIjNDEjJDEjJDgjJDgz,안제의원,47840,의원,"경상북도 성주군 성주읍 시장길 12, (성주읍)",1995-04-15,0,35.9173095,128.2860007,False,4.87
JDQ4MTYyMiM4MSMkMSMkMCMkOTIkMzgxOTYxIzExIyQxIyQ3IyQ4OSQ0NjEwMDIjODEjJDEjJDYjJDgz,월항면보건지소,47840,보건지소,"경상북도 성주군 월항면 안포길 19, (월항면)",1972-12-12,0,35.948926,128.313413,False,8.57
JDQ4MTYyMiM4MSMkMSMkMCMkOTkkNTgxMzUxIzExIyQxIyQzIyQxMyQyNjE0ODEjNTEjJDEjJDIjJDgz,의료법인 덕수의료재단 성주효요양병원,47840,요양병원,"경상북도 성주군 성주읍 성주순환로 239, (성주읍)",2007-08-13,195,35.9222383,128.2919766,True,5.53
JDQ4MTYyMiM4MSMkMSMkMCMkOTkkMzgxMzUxIzExIyQxIyQ3IyQ3OSQzNjEyMjIjODEjJDEjJDYjJDgz,의료법인석촌의료재단성주병원,47840,병원,"경상북도 성주군 성주읍 성주읍3길 5-3, (성주읍)",1999-11-10,55,35.918801,128.286425,True,4.95
JDQ4MTYyMiM4MSMkMSMkMCMkNzIkMzgxMTkxIzMxIyQxIyQzIyQ5OSQzNjE4MzIjNDEjJDEjJDgjJDgz,이굳치과의원,47840,치과의원,"경상북도 성주군 성주읍 시장길 6-1, 1층",1992-12-22,0,35.9178114,128.2863624,False,4.91
JDQ4MTYyMiM4MSMkMSMkMCMkNzIkMzgxMzUxIzQxIyQxIyQ3IyQ3OSQ0NjE0ODEjNzEjJDEjJDgjJDgz,정진관치과의원,47840,치과의원,"경상북도 성주군 성주읍 성주읍3길 3, (성주읍)",2012-09-03,0,35.9184472,128.2866293,False,4.96
JDQ4MTYyMiM4MSMkMSMkMCMkMTMkNDgxMzUxIzIxIyQxIyQ5IyQ5MiQyNjE4MzIjODEjJDEjJDIjJDgz,제일한의원,47840,한의원,"경상북도 성주군 성주읍 성주읍2길 4, (성주읍)",2002-06-12,0,35.9181375,128.2881343,False,5.08
JDQ4MTYyMiM4MSMkMiMkMCMkMDAkMzgxMTkxIzMxIyQxIyQ3IyQ3MiQyNjE4MzIjODEjJDEjJDIjJDgz,초전성모의원,47840,의원,"경상북도 성주군 초전면 대장2길 25, (초전면)",1998-08-28,0,35.971801,128.265312,False,7.73
JDQ4MTYyMiM4MSMkMiMkMCMkMDAkNDgxMzUxIzIxIyQxIyQxIyQ3OSQ0NjE0ODEjODEjJDEjJDIjJDgz,초전중앙의원,47840,의원,"경상북도 성주군 초전면 대장길 66, (초전면)",2005-09-09,0,35.9707362,128.2644427,False,7.59
JDQ4MTYyMiM4MSMkMSMkMCMkNzIkMzgxMzUxIzMxIyQyIyQ3IyQwMCQ0NjEwMDIjNDEjJDEjJDgjJDgz,평화치과의원,47840,치과의원,"경상북도 성주군 초전면 대장길 68, 68",1998-07-22,0,35.9708805,128.2644701,False,7.61
JDQ4MTYyMiM4MSMkMSMkMCMkNzIkMzgxMzUxIzQxIyQxIyQ3IyQ5MiQzNjEwMDIjNTEjJDEjJDYjJDgz,홍치과의원,47840,치과의원,"경상북도 성주군 성주읍 성주읍4길 1, 2층",2011-04-25,0,35.9186879,128.2854471,False,4.86
JDQ4MTYyMiM4MSMkMiMkMCMkMDAkNDgxMTkxIzIxIyQyIyQ5IyQwMCQ0NjE0ODEjNTEjJDEjJDYjJDgz,365늘속편한내과의원,47850,의원,"경상북도 칠곡군 왜관읍 중앙로 232, 3, 4층 402호",2022-02-21,0,35.9956289,128.3993881,False,6.1
JDQ4MTYyMiM4MSMkMSMkMCMkOTIkMzgxOTYxIzExIyQxIyQ3IyQ5OSQyNjEyMjIjODEjJDEjJDYjJDgz,가산면보건지소,47850,보건지소,"경상북도 칠곡군 가산면 경북대로 1552, 1552",1986-01-01,0,36.0844037,128.5390508,False,10.29
JDQ4MTYyMiM4MSMkMSMkMCMkNzIkMzgxOTYxIzIxIyQxIyQxIyQwMyQzNjEwMDIjNjEjJDEjJDAjJDgz,가주치과의원,47850,치과의원,"경상북도 칠곡군 왜관읍 중앙로 159, 159",1996-05-22,0,35.9891425,128.3992427,False,6.41
JDQ4MTYyMiM4MSMkMiMkMCMkMDAkMzgxMTkxIzIxIyQxIyQxIyQ5OSQyNjE0ODEjNjEjJDEjJDgjJDgz,경북의원,47850,의원,"경상북도 칠곡군 약목면 약목로 75-11, (약목면)",1995-06-16,0,36.0328688,128.3655583,False,8.94
JDQ4MTYyMiM4MSMkMSMkMCMkNzIkMzgxOTYxIzUxIyQxIyQ1IyQ2MiQzNjEyMjIjODEjJDEjJDIjJDgz,고수련연합치과의원,47850,치과의원,"경상북도 칠곡군 왜관읍 중앙로 152, 152",1993-04-27,0,35.9883996,128.3996069,False,6.42
JDQ4MTYyMiM4MSMkMiMkMCMkMDAkNDgxMzUxIzUxIyQxIyQ1IyQ3MiQzNjE0ODEjNjEjJDEjJDgjJDgz,굿모닝연합마취통증의학과의원,47850,의원,"경상북도 칠곡군 북삼읍 금오대로 268, 북삼농혐 금오지점 2층",2010-06-23,0,36.0691299,128.3471163,False,11.97
JDQ4MTYyMiM4MSMkMSMkMCMkOTIkMzgxNzAyIzExIyQxIyQzIyQ5MiQzNjEyMjIjNTEjJDEjJDIjJDgz,금호보건진료소,47850,보건진료소,"경상북도 칠곡군 지천면 금호로 149, (지천면)",1984-09-13,0,35.9457866,128.4416713,False,7.98
JDQ4MTYyMiM4MSMkMSMkMCMkOTIkMzgxOTYxIzIxIyQxIyQxIyQ5OSQyNjEwMDIjNzEjJDEjJDgjJDgz,기산면보건지소,47850,보건지소,"경상북도 칠곡군 기산면 주산로 1213, (기산면)",1983-01-01,0,35.9863749,128.382786,False,7.87
JDQ4MTYyMiM4MSMkMSMkMCMkMTMkNDgxOTYxIzIxIyQyIyQxIyQwMCQ0NjE0ODEjNTEjJDEjJDIjJDgz,김대훈한의원,47850,한의원,"경상북도 칠곡군 왜관읍 관문로 38, 1층",2011-04-21,0,35.9871686,128.3989096,False,6.54
JDQ4MTYyMiM4MSMkMiMkMCMkMDAkMzgxMTkxIzUxIyQxIyQxIyQ3OSQyNjE4MzIjNjEjJDEjJDAjJDgz,김비뇨기과의원,47850,의원,"경상북도 칠곡군 왜관읍 중앙로 166, (왜관읍)",1999-04-27,0,35.9897902,128.3996871,False,6.34
JDQ4MTYyMiM4MSMkMiMkMCMkMDAkMzgxOTYxIzUxIyQxIyQxIyQ5MiQyNjEwMDIjNTEjJDEjJDYjJDgz,김상관소아청소년과의원,47850,의원,"경상북도 칠곡군 석적읍 남율로9길 50, 202호",1992-11-03,0,36.0683551,128.4043836,False,7.87
JDQ4MTYyMiM4MSMkMSMkMCMkMTMkNDgxOTYxIzMxIyQxIyQ3IyQ2MiQzNjE0ODEjNTEjJDEjJDIjJDgz,김영남한의원,47850,한의원,"경상북도 칠곡군 왜관읍 시장1길 6, 2층",2017-03-28,0,35.9962702,128.3986238,False,6.14
JDQ4MTYyMiM4MSMkMiMkMCMkMDAkMzgxOTYxIzMxIyQxIyQ3IyQ2MiQzNjEyMjIjNDEjJDEjJDQjJDgz,김영조내과의원,47850,의원,"경상북도 칠곡군 왜관읍 2번도로길 52, (왜관읍)",1991-03-09,0,35.9922783,128.3977327,False,6.38
JDQ4MTYyMiM4MSMkMSMkMCMkNzIkMzgxMTkxIzIxIyQxIyQ5IyQ4MiQ0NjEwMDIjNDEjJDEjJDgjJDgz,나래원치과의원,47850,치과의원,"경상북도 칠곡군 석적읍 유학로 60, 문경빌딩 1-2층",2008-06-09,0,36.0767086,128.4156801,False,8.01
JDQ4MTYyMiM4MSMkMiMkMCMkMDAkNDgxMzUxIzMxIyQyIyQzIyQwMCQzNjEwMDIjNjEjJDEjJDAjJDgz,난초꽃피다왜관안과의원,47850,의원,"경상북도 칠곡군 왜관읍 중앙로 164, (왜관읍)",2007-07-04,0,35.9896143,128.3997545,False,6.34
JDQ4MTYyMiM4MSMkMSMkMCMkNzIkMzgxMTkxIzQxIyQxIyQ3IyQ2MiQyNjE4MzIjNjEjJDEjJDgjJDgz,남율연합치과의원,47850,치과의원,"경상북도 칠곡군 석적읍 남율로9길 50, 3층",2023-05-31,0,36.0683551,128.4043836,False,7.87
JDQ4MTYyMiM4MSMkMSMkMCMkOTIkMzgxNzAyIzExIyQxIyQzIyQ5MiQ0NjEwMDIjNzEjJDEjJDgjJDgz,다부보건진료소,47850,보건진료소,"경상북도 칠곡군 가산면 호국로 1495, (가산면)",1983-09-19,0,36.0464781,128.5196817,False,6.18
JDQ4MTYyMiM4MSMkMiMkMCMkMDAkNDgxMTkxIzUxIyQyIyQxIyQwMCQyNjEwMDIjNDEjJDEjJDgjJDgz,닥터차이비인후과의원,47850,의원,"경상북도 칠곡군 왜관읍 중앙로 232, 2층 202호",2025-03-12,2,35.9956289,128.3993881,False,6.1
JDQ4MTYyMiM4MSMkMSMkMCMkMTMkMzgxNzAyIzIxIyQxIyQ5IyQwMyQyNjE0ODEjNjEjJDEjJDQjJDgz,닥터팽한의원,47850,한의원,"경상북도 칠곡군 왜관읍 중앙로 166, 2층",2001-06-20,0,35.9897902,128.3996871,False,6.34
JDQ4MTYyMiM4MSMkMSMkMCMkOTIkMzgxNzAyIzExIyQxIyQzIyQ5MiQyNjEwMDIjNDEjJDEjJDgjJDgz,달서보건진료소,47850,보건진료소,"경상북도 칠곡군 지천면 지천로 620, 620",1989-07-01,0,35.9854507,128.4821591,False,3.78
JDQ4MTYyMiM4MSMkMSMkMCMkMTMkNDgxMzUxIzIxIyQxIyQ5IyQxMyQzNjE4MzIjNjEjJDEjJDQjJDgz,대동한의원,47850,한의원,"경상북도 칠곡군 약목면 약목로 98, (약목면)",1990-04-30,0,36.0349544,128.365094,False,9.03
JDQ4MTYyMiM4MSMkMSMkMCMkMTMkMzgxNzAyIzUxIyQxIyQ1IyQ5OSQyNjE4MzIjODEjJDEjJDIjJDgz,대흥한의원,47850,한의원,"경상북도 칠곡군 왜관읍 중앙로7길 10-1, (왜관읍)",1995-04-07,0,35.9915152,128.3982368,False,6.37
JDQ4MTYyMiM4MSMkMiMkMCMkMDAkNDgxMzUxIzQxIyQxIyQ3IyQ2MiQzNjEyMjIjNTEjJDEjJDIjJDgz,더속편한내과의원,47850,의원,"경상북도 칠곡군 석적읍 강변대로 2288, 3층",2022-08-17,0,36.0755655,128.3943003,False,9.07
JDQ4MTYyMiM4MSMkMSMkMCMkMTMkNDgxOTYxIzMxIyQxIyQzIyQ5MiQyNjE0ODEjNjEjJDEjJDQjJDgz,도원한의원,47850,한의원,"경상북도 칠곡군 왜관읍 중앙로 146, (2층)",2016-01-05,0,35.9879279,128.3995437,False,6.45
JDQ4MTYyMiM4MSMkMiMkMCMkMDAkMzgxMTkxIzUxIyQxIyQ1IyQ2MiQyNjEyMjIjNDEjJDEjJDgjJDgz,동명의원,47850,의원,"경상북도 칠곡군 동명면 금암중앙길 48, (동명면)",1999-12-29,0,35.9830822,128.5535312,False,8.94
JDQ4MTYyMiM4MSMkMSMkMCMkOTIkMzgxNzAyIzExIyQxIyQzIyQ5MiQyNjEyMjIjNDEjJDEjJDQjJDgz,동부보건진료소,47850,보건진료소,"경상북도 칠곡군 동명면 기성4길 14, (동명면)",1982-10-01,0,36.0037905,128.595791,False,12.05
JDQ4MTYyMiM4MSMkMSMkMCMkNzIkMzgxMTkxIzExIyQxIyQ3IyQ5MiQyNjEyMjIjNDEjJDEjJDgjJDgz,맑은미소치과의원,47850,치과의원,"경상북도 칠곡군 석적읍 유학로 12, 12",2012-07-16,0,36.0794732,128.4114525,False,8.47
JDQ4MTYyMiM4MSMkMSMkMCMkOTIkMzgxNzAyIzExIyQxIyQzIyQ5MiQ0NjE0ODEjODEjJDEjJDYjJDgz,망정보건진료소,47850,보건진료소,"경상북도 칠곡군 석적읍 호국로 685, (석적읍)",1983-09-19,0,36.0393,128.44371,False,3.14
JDQ4MTYyMiM4MSMkMSMkMCMkMTMkMzgxNzAyIzMxIyQxIyQzIyQ5OSQyNjE0ODEjODEjJDEjJDIjJDgz,명성한의원,47850,한의원,"경상북도 칠곡군 왜관읍 중앙로 247-1, (왜관읍)",2008-06-05,0,35.9970398,128.398637,False,6.11
JDQ4MTYyMiM4MSMkMiMkMCMkMDAkNDgxMTkxIzIxIyQxIyQ1IyQ3MiQyNjEwMDIjNjEjJDEjJDAjJDgz,몸편한마취통증의학과의원,47850,의원,"경상북도 칠곡군 왜관읍 중앙로 187-1, (왜관읍)",2021-04-22,0,35.9916625,128.3990371,False,6.3
JDQ4MTYyMiM4MSMkMSMkMCMkNzIkMzgxOTYxIzExIyQxIyQ3IyQ5MiQyNjEwMDIjODEjJDEjJDIjJDgz,문치과의원,47850,치과의원,"경상북도 칠곡군 북삼읍 금오대로 266, (북삼읍)",1995-04-27,0,36.0689836,128.3469303,False,11.98
JDQ4MTYyMiM4MSMkMSMkMCMkNzIkMzgxOTYxIzIxIyQxIyQ5IyQxMyQzNjEyMjIjNTEjJDEjJDIjJDgz,미래플란트치과의원,47850,치과의원,"경상북도 칠곡군 북삼읍 금오대로 262, 4층",2000-05-04,0,36.0687931,128.346752,False,11.98
JDQ4MTYyMiM4MSMkMiMkMCMkMDAkNDgxMTkxIzIxIyQyIyQ1IyQwMCQyNjE0ODEjNDEjJDEjJDgjJDgz,바른연합의원,47850,의원,"경상북도 칠곡군 석적읍 석적로 955-6, (석적읍)",2001-03-16,0,36.0755368,128.3928471,False,9.16
JDQ4MTYyMiM4MSMkMiMkMCMkMDAkMzgxOTYxIzUxIyQxIyQ1IyQwMyQzNjEwMDIjNDEjJDEjJDQjJDgz,박외과이내과연합의원,47850,의원,"경상북도 칠곡군 왜관읍 중앙로2길 36, (왜관읍)",1993-11-08,0,35.9918839,128.3984184,False,6.34
JDQ4MTYyMiM4MSMkMiMkMCMkMDAkMzgxNzAyIzIxIyQxIyQ1IyQ3OSQyNjEwMDIjNDEjJDEjJDgjJDgz,박정권소아청소년과의원,47850,의원,"경상북도 칠곡군 석적읍 유학로 18, 2층",2001-05-04,0,36.0791708,128.4118997,False,8.42
JDQ4MTYyMiM4MSMkMiMkMCMkMDAkNDgxOTYxIzExIyQxIyQzIyQ3OSQzNjEwMDIjNjEjJDEjJDgjJDgz,밝은눈안과의원,47850,의원,"경상북도 칠곡군 왜관읍 중앙로 242, (왜관읍)",2010-12-13,0,35.9964419,128.3993221,False,6.07
JDQ4MTYyMiM4MSMkMiMkMCMkMDAkNDgxMzUxIzMxIyQxIyQzIyQwMyQzNjEyMjIjODEjJDEjJDYjJDgz,베스트가정의원,47850,의원,"경상북도 칠곡군 석적읍 북중리3길 70, 204호 (부영아파트상가)",2000-06-28,0,36.0794637,128.4140074,False,8.35
JDQ4MTYyMiM4MSMkMiMkMCMkMDAkNDgxMzUxIzIxIyQxIyQxIyQ5OSQyNjE4MzIjNDEjJDEjJDgjJDgz,보성내과의원,47850,의원,"경상북도 칠곡군 왜관읍 중앙로 242, (왜관읍)",2005-10-13,0,35.9964419,128.3993221,False,6.07
JDQ4MTYyMiM4MSMkMSMkMCMkOTIkMzgxNzAyIzExIyQxIyQzIyQ5MiQzNjE0ODEjNjEjJDEjJDgjJDgz,보손보건진료소,47850,보건진료소,"경상북도 칠곡군 북삼읍 보손3길 2, (북삼읍)",1984-07-01,0,36.0532353,128.3197408,False,13.51
JDQ4MTYyMiM4MSMkMSMkMCMkOTIkMzgxNzAyIzExIyQxIyQzIyQ5MiQyNjE4MzIjODEjJDEjJDIjJDgz,봉산보건진료소,47850,보건진료소,"경상북도 칠곡군 기산면 지산로 464-17, (기산면)",1986-07-01,0,35.9928017,128.3374194,False,11.54
JDQ4MTYyMiM4MSMkMiMkMCMkMDAkNDgxOTYxIzQxIyQxIyQ3IyQ4OSQ0NjEwMDIjNDEjJDEjJDgjJDgz,북삼경대연합속내과의원,47850,의원,"경상북도 칠곡군 북삼읍 금오대로 255, 2층",2016-03-30,0,36.0684472,128.3460735,False,12.02
JDQ4MTYyMiM4MSMkMSMkMCMkOTIkMzgxOTYxIzExIyQxIyQzIyQxMyQyNjE0ODEjNzEjJDEjJDgjJDgz,북삼읍보건지소,47850,보건지소,"경상북도 칠곡군 북삼읍 인평1길 14, (북삼읍)",1985-01-01,0,36.0630604,128.3420559,False,12.06
JDQ4MTYyMiM4MSMkMiMkMCMkMDAkMzgxMTkxIzUxIyQxIyQ1IyQ5OSQ0NjE0ODEjNjEjJDEjJDgjJDgz,북삼정형외과의원,47850,의원,"경상북도 칠곡군 북삼읍 금오대로 247, (북삼읍)",1999-12-06,0,36.0677514,128.3456261,False,12.01
JDQ4MTYyMiM4MSMkMiMkMCMkMDAkNDgxMTkxIzUxIyQxIyQxIyQ5OSQyNjE0ODEjNjEjJDEjJDgjJDgz,북삼척편한연합의원,47850,의원,"경상북도 칠곡군 북삼읍 인강1길 28-4, 2층",2025-02-21,0,36.0660347,128.3410367,False,12.29
JDQ4MTYyMiM4MSMkMSMkMCMkNzIkMzgxOTYxIzMxIyQxIyQzIyQ3MiQzNjE0ODEjNTEjJDEjJDYjJDgz,북삼치과의원,47850,치과의원,"경상북도 칠곡군 북삼읍 금오대로 255, 255",2000-04-18,0,36.0684472,128.3460735,False,12.02
JDQ4MTYyMiM4MSMkMiMkMCMkMDAkMzgxNzAyIzIxIyQxIyQ1IyQwMyQyNjEwMDIjNDEjJDEjJDQjJDgz,삼부가정의학과의원,47850,의원,"경상북도 칠곡군 왜관읍 중앙로 73, (왜관읍)",2001-09-19,0,35.9817152,128.3982431,False,6.9
JDQ4MTYyMiM4MSMkMiMkMCMkMDAkNDgxMzUxIzQxIyQxIyQ3IyQ5MiQzNjEwMDIjNjEjJDEjJDgjJDgz,삼성연합의원,47850,의원,"경상북도 칠곡군 왜관읍 중앙로 245-3, (왜관읍)",2007-05-10,0,35.9967456,128.3985761,False,6.12
JDQ4MTYyMiM4MSMkMiMkMCMkMDAkNDgxMTkxIzUxIyQyIyQxIyQwMCQzNjE4MzIjNDEjJDEjJDgjJDgz,삼성퀸스여성의원,47850,의원,"경상북도 칠곡군 왜관읍 중앙로 232, 7층 702, 703호",2025-03-20,0,35.9956289,128.3993881,False,6.1
JDQ4MTYyMiM4MSMkMSMkMCMkNzIkMzgxOTYxIzMxIyQxIyQ3IyQ5OSQzNjEyMjIjNjEjJDEjJDAjJDgz,새영치과의원,47850,치과의원,"경상북도 칠곡군 동명면 금암중앙길 38, 2층",2014-07-01,0,35.9822702,128.553691,False,8.99
JDQ4MTYyMiM4MSMkMSMkMCMkNzIkMzgxMzUxIzUxIyQxIyQ1IyQxMyQ0NjE0ODEjNjEjJDEjJDQjJDgz,서울순치과의원,47850,치과의원,"경상북도 칠곡군 북삼읍 금오대로 270, 270",2005-04-06,0,36.0693146,128.3472938,False,11.97
JDQ4MTYyMiM4MSMkMSMkMCMkNzIkMzgxMTkxIzUxIyQxIyQxIyQ5OSQyNjE4MzIjODEjJDEjJDIjJDgz,서울정성치과의원,47850,치과의원,"경상북도 칠곡군 왜관읍 중앙로 232, 4층 401, 402호",2024-10-29,0,35.9956289,128.3993881,False,6.1
JDQ4MTYyMiM4MSMkMiMkMCMkMDAkNDgxMTkxIzMxIyQyIyQzIyQwMCQzNjE4MzIjNDEjJDEjJDgjJDgz,서울튼튼신경외과의원,47850,의원,"경상북도 칠곡군 왜관읍 중앙로 86, 2층",2022-11-14,0,35.9824782,128.3990308,False,6.79
JDQ4MTYyMiM4MSMkMSMkMCMkMTMkNDgxMzUxIzMxIyQxIyQzIyQ5OSQzNjEyMjIjNTEjJDEjJDIjJDgz,석적누가한의원,47850,한의원,"경상북도 칠곡군 석적읍 석적로 955-9, (석적읍)",2000-09-14,0,36.0749247,128.3930827,False,9.09
JDQ4MTYyMiM4MSMkMiMkMCMkMDAkNDgxMTkxIzUxIyQyIyQxIyQwMCQzNjE0ODEjNjEjJDEjJDgjJDgz,석적마디본의원,47850,의원,"경상북도 칠곡군 석적읍 유학로 1, 3층",2025-03-12,0,36.0805068,128.4110376,False,8.59
JDQ4MTYyMiM4MSMkMiMkMCMkMDAkNDgxMTkxIzIxIyQyIyQxIyQwMCQzNjEwMDIjNjEjJDEjJDgjJDgz,석적수이비인후과의원,47850,의원,"경상북도 칠곡군 석적읍 유학로 1, 2층",2020-04-03,0,36.0805068,128.4110376,False,8.59
JDQ4MTYyMiM4MSMkMiMkMCMkMDAkNDgxMzUxIzMxIyQxIyQ3IyQ3OSQyNjE0ODEjODEjJDEjJDIjJDgz,석적영남정형외과의원,47850,의원,"경상북도 칠곡군 석적읍 북중리3길 33, (석적읍)",2008-01-16,0,36.0781443,128.40988720000001,False,8.42
JDQ4MTYyMiM4MSMkMSMkMCMkOTIkMzgxOTYxIzExIyQxIyQzIyQxMyQyNjEyMjIjNTEjJDEjJDYjJDgz,석적읍보건지소,47850,보건지소,"경상북도 칠곡군 석적읍 남중리1길 62, (석적읍)",1984-01-01,0,36.0743097,128.4135658,False,7.89
JDQ4MTYyMiM4MSMkMiMkMCMkMDAkMzgxNzAyIzExIyQxIyQzIyQxMyQzNjEyMjIjODEjJDEjJDYjJDgz,석적중앙의원,47850,의원,"경상북도 칠곡군 석적읍 석적로 955-9, (석적읍)",2000-09-15,0,36.0749247,128.3930827,False,9.09
JDQ4MTYyMiM4MSMkMSMkMCMkNzIkMzgxMTkxIzIxIyQxIyQ5IyQ4OSQyNjE0ODEjNDEjJDEjJDgjJDgz,석적치과의원,47850,치과의원,"경상북도 칠곡군 석적읍 석적로 955-9, (석적읍)",2016-05-13,0,36.0749247,128.3930827,False,9.09
JDQ4MTYyMiM4MSMkMSMkMCMkMTMkNDgxOTYxIzIxIyQxIyQ1IyQ3OSQzNjEwMDIjNTEjJDEjJDIjJDgz,성심한의원,47850,한의원,"경상북도 칠곡군 왜관읍 중앙로 108, 108",2012-04-06,0,35.9844605,128.3989677,False,6.68
JDQ4MTYyMiM4MSMkMiMkMCMkMDAkMzgxOTYxIzExIyQxIyQzIyQ3OSQyNjE0ODEjNTEjJDEjJDYjJDgz,송림연합의원,47850,의원,"경상북도 칠곡군 동명면 금암중앙길 34, 1층",2022-09-14,0,35.9819633,128.5537617,False,9.01
JDQ4MTYyMiM4MSMkMSMkMCMkNzIkMzgxOTYxIzIxIyQxIyQ5IyQxMyQzNjEwMDIjNjEjJDEjJDAjJDgz,순천향구강악안면외과치과의원,47850,치과의원,"경상북도 칠곡군 북삼읍 금오대로 243, (북삼읍)",2007-05-08,0,36.067307,128.3455945,False,11.99
JDQ4MTYyMiM4MSMkMSMkMCMkNzIkMzgxOTYxIzExIyQxIyQzIyQ3MiQzNjE4MzIjNjEjJDEjJDgjJDgz,쉬즈치과의원,47850,치과의원,"경상북도 칠곡군 왜관읍 중앙로 177, 177",2006-07-18,0,35.9906604,128.3992064,False,6.33
JDQ4MTYyMiM4MSMkMiMkMCMkMDAkNDgxMzUxIzExIyQxIyQ3IyQ4OSQyNjEyMjIjNDEjJDEjJDQjJDgz,신세계산부인과의원,47850,의원,"경상북도 칠곡군 북삼읍 금오대로 266, (북삼읍)",2005-02-24,0,36.0689836,128.3469303,False,11.98
JDQ4MTYyMiM4MSMkMiMkMCMkMDAkNDgxMzUxIzMxIyQxIyQzIyQ5OSQyNjE4MzIjNDEjJDEjJDgjJDgz,신세계정형외과의원,47850,의원,"경상북도 칠곡군 왜관읍 중앙로 242, (왜관읍)",2005-04-01,29,35.9964419,128.3993221,False,6.07
JDQ4MTYyMiM4MSMkMiMkMCMkMDAkNDgxOTYxIzQxIyQxIyQ3IyQ5OSQzNjEwMDIjNjEjJDEjJDQjJDgz,아이봄연합소아청소년과의원,47850,의원,"경상북도 칠곡군 북삼읍 금오대로 262, 2층",2003-02-18,0,36.0687931,128.346752,False,11.98
JDQ4MTYyMiM4MSMkMSMkMCMkMTMkNDgxMzUxIzUxIyQxIyQ1IyQ5OSQzNjEyMjIjODEjJDEjJDIjJDgz,안성한의원,47850,한의원,"경상북도 칠곡군 석적읍 북중리3길 48, (석적읍)",2007-05-21,0,36.0787844,128.4114151,False,8.41
JDQ4MTYyMiM4MSMkMSMkMCMkNzIkMzgxOTYxIzUxIyQyIyQ1IyQwMCQ0NjE0ODEjNzEjJDEjJDgjJDgz,애플치과의원,47850,치과의원,"경상북도 칠곡군 왜관읍 중앙로 218, 218",2014-11-27,0,35.9944229,128.3994948,False,6.14
JDQ4MTYyMiM4MSMkMSMkMCMkOTIkMzgxOTYxIzExIyQxIyQzIyQxMyQyNjEwMDIjNjEjJDEjJDQjJDgz,약목면보건지소,47850,보건지소,"경상북도 칠곡군 약목면 복성1길 9, (약목면)",1986-01-01,0,36.0322583,128.3642341,False,9.04
JDQ4MTYyMiM4MSMkMiMkMCMkMDAkNDgxMzUxIzMxIyQxIyQ3IyQ2MiQzNjE4MzIjNjEjJDEjJDAjJDgz,약목삼성의원,47850,의원,"경상북도 칠곡군 약목면 약목로 78, (약목면)",2008-04-10,0,36.0333772,128.3660676,False,8.9
JDQ4MTYyMiM4MSMkMSMkMCMkNzIkMzgxMzUxIzUxIyQyIyQ1IyQwMCQyNjEyMjIjNTEjJDEjJDIjJDgz,약목치과의원,47850,치과의원,"경상북도 칠곡군 약목면 약목로5길 3, 3",1991-10-16,0,36.0344085,128.3649088,False,9.03
JDQ4MTYyMiM4MSMkMSMkMCMkOTkkNTgxMzUxIzIxIyQxIyQxIyQwMyQyNjEyMjIjNjEjJDEjJDAjJDgz,언더로뎀요양병원,47850,요양병원,"경상북도 칠곡군 동명면 기성10길 24-1, (동명면)",2015-09-21,167,35.9967871,128.6051029,True,12.99
JDQ4MTYyMiM4MSMkMSMkMCMkNzIkMzgxOTYxIzUxIyQxIyQxIyQ3MiQyNjE4MzIjNjEjJDEjJDAjJDgz,엘리트치과의원,47850,치과의원,"경상북도 칠곡군 왜관읍 중앙로 147, (왜관읍)",2011-11-29,0,35.9882409,128.3990864,False,6.47
JDQ4MTYyMiM4MSMkMiMkMCMkMDAkMzgxMTkxIzIxIyQxIyQ5IyQ4OSQ0NjEwMDIjNjEjJDEjJDQjJDgz,영남외과의원,47850,의원,"경상북도 칠곡군 약목면 약목로5길 3, (약목면)",1997-03-08,0,36.0344085,128.3649088,False,9.03
JDQ4MTYyMiM4MSMkMiMkMCMkMDAkMzgxMTkxIzIxIyQyIyQ5IyQwMCQzNjE4MzIjNTEjJDEjJDYjJDgz,오이비인후과의원,47850,의원,"경상북도 칠곡군 왜관읍 평장길 7, (왜관읍)",2021-04-05,0,35.9869653,128.4014451,False,6.35
JDQ4MTYyMiM4MSMkMiMkMCMkMDAkNDgxMTkxIzMxIyQxIyQ3IyQwMyQzNjE4MzIjNjEjJDEjJDAjJDgz,왜관마디척의원,47850,의원,"경상북도 칠곡군 왜관읍 중앙로 152, 태창빌딩 5층",2024-02-28,0,35.9883996,128.3996069,False,6.42
JDQ4MTYyMiM4MSMkMiMkMCMkMDAkNDgxMTkxIzQxIyQxIyQ3IyQwMyQyNjE0ODEjNTEjJDEjJDYjJDgz,왜관맑은신경과의원,47850,의원,"경상북도 칠곡군 왜관읍 중앙로 232, 5층",2024-11-13,0,35.9956289,128.3993881,False,6.1
JDQ4MTYyMiM4MSMkMSMkMCMkNzIkMzgxMTkxIzQxIyQyIyQ3IyQwMCQyNjE4MzIjODEjJDEjJDYjJDgz,왜관심플란트치과의원,47850,치과의원,"경상북도 칠곡군 왜관읍 중앙로 86, 3층 왜관심플란트치과의원",2023-04-14,0,35.9824782,128.3990308,False,6.79
JDQ4MTYyMiM4MSMkMiMkMCMkMDAkNDgxMTkxIzQxIyQxIyQ3IyQ5MiQyNjEyMjIjNTEjJDEjJDIjJDgz,왜관일층정형외과의원,47850,의원,"경상북도 칠곡군 왜관읍 중앙로 232, 1층 102,103호",2024-10-17,0,35.9956289,128.3993881,False,6.1
JDQ4MTYyMiM4MSMkMiMkMCMkMDAkNDgxMzUxIzExIyQxIyQ3IyQxMyQ0NjEwMDIjNjEjJDEjJDQjJDgz,왜관장수내과의원,47850,의원,"경상북도 칠곡군 왜관읍 중앙로 166, (왜관읍)",2006-04-28,0,35.9897902,128.3996871,False,6.34
JDQ4MTYyMiM4MSMkMiMkMCMkMDAkMzgxMTkxIzExIyQxIyQ3IyQ2MiQzNjEwMDIjNjEjJDEjJDQjJDgz,왜관정형외과의원,47850,의원,"경상북도 칠곡군 왜관읍 중앙로 164, (왜관읍)",1995-02-20,0,35.9896143,128.3997545,False,6.34
JDQ4MTYyMiM4MSMkMiMkMCMkMDAkNDgxMzUxIzQxIyQxIyQ3IyQ3MiQyNjEyMjIjNzEjJDEjJDgjJDgz,왜관편한속내과의원,47850,의원,"경상북도 칠곡군 왜관읍 중앙로 159, (왜관읍)",2009-01-05,0,35.9891425,128.3992427,False,6.41
JDQ4MTYyMiM4MSMkMSMkMCMkMTMkMzgxNzAyIzQxIyQxIyQ3IyQ4OSQyNjE0ODEjNTEjJDEjJDYjJDgz,왜관한의원,47850,한의원,"경상북도 칠곡군 왜관읍 중앙로 237, 1, 2층",2014-06-18,0,35.99608,128.3989487,False,6.12
JDQ4MTYyMiM4MSMkMSMkMCMkOTIkMzgxNzAyIzExIyQxIyQ3IyQ2MiQyNjE4MzIjNTEjJDEjJDIjJDgz,용수보건진료소,47850,보건진료소,"경상북도 칠곡군 가산면 용매로 414-19, 414",1983-09-19,0,36.0604577,128.6127411,False,14.4
JDQ4MTYyMiM4MSMkMiMkMCMkMDAkMzgxNzAyIzQxIyQxIyQ3IyQ2MiQyNjEyMjIjNjEjJDEjJDAjJDgz,우리가정의학과의원,47850,의원,"경상북도 칠곡군 북삼읍 안산2길 13-7, (북삼읍)",2003-02-28,0,36.0650847,128.3338855,False,12.82
JDQ4MTYyMiM4MSMkMiMkMCMkMDAkNDgxMzUxIzExIyQxIyQ3IyQwMyQzNjE0ODEjNzEjJDEjJDgjJDgz,우리삼성안과의원,47850,의원,"경상북도 칠곡군 왜관읍 중앙로 159, 159",2005-06-28,0,35.9891425,128.3992427,False,6.41
JDQ4MTYyMiM4MSMkMiMkMCMkMDAkNDgxOTYxIzUxIyQxIyQxIyQ2MiQyNjEwMDIjNTEjJDEjJDYjJDgz,원이비인후과의원,47850,의원,"경상북도 칠곡군 왜관읍 중앙로 221-1, (왜관읍)",1993-04-24,0,35.9947762,128.3989282,False,6.17
JDQ4MTYyMiM4MSMkMSMkMCMkMTMkMzgxNzAyIzExIyQxIyQ3IyQ4MiQzNjEwMDIjNTEjJDEjJDIjJDgz,원재한의원,47850,한의원,"경상북도 칠곡군 왜관읍 중앙로 159, (왜관읍)",1983-03-31,0,35.9891425,128.3992427,False,6.41
JDQ4MTYyMiM4MSMkMSMkMCMkNzIkMzgxMTkxIzQxIyQxIyQ3IyQ3MiQ0NjEwMDIjNTEjJDEjJDIjJDgz,율치과의원,47850,치과의원,"경상북도 칠곡군 왜관읍 중앙로 74, (왜관읍)",2015-11-25,0,35.9814267,128.3988766,False,6.87
JDQ4MTYyMiM4MSMkMSMkMCMkOTkkNTgxMzUxIzIxIyQxIyQ1IyQ4MiQ0NjEwMDIjNTEjJDEjJDYjJDgz,의료법인 채움의료재단 약손요양병원,47850,요양병원,"경상북도 칠곡군 동명면 팔공산로2길 15-0, 약손요양병원",2020-11-06,61,35.9981882,128.5990282,True,12.42
JDQ4MTYyMiM4MSMkMSMkMCMkOTkkMzgxMzUxIzExIyQxIyQzIyQ3MiQyNjE0ODEjNDEjJDEjJDQjJDgz,의료법인건용의료재단 왜관병원,47850,병원,"경상북도 칠곡군 왜관읍 군청2길 10, (왜관읍)",1988-05-24,336,35.996085,128.401513,True,5.9
JDQ4MTYyMiM4MSMkMSMkMCMkOTkkMzgxMzUxIzExIyQxIyQ3IyQ3OSQyNjEyMjIjNjEjJDEjJDgjJDgz,의료법인고산의료재단칠곡시몬병원,47850,정신병원,"경상북도 칠곡군 왜관읍 금남5길 62, (왜관읍)",1999-01-27,172,35.926402,128.4128595,True,10.87
JDQ4MTYyMiM4MSMkMSMkMCMkOTkkNTgxOTYxIzExIyQxIyQzIyQ3OSQ0NjE0ODEjODEjJDEjJDIjJDgz,의료법인유민의료재단산울림병원,47850,정신병원,"경상북도 칠곡군 왜관읍 금남3길 99-1, (왜관읍)",2005-12-01,183,35.9304185,128.4110241,True,10.54
JDQ4MTYyMiM4MSMkMSMkMCMkOTkkNTgxOTYxIzExIyQxIyQzIyQ2MiQyNjEyMjIjODEjJDEjJDIjJDgz,의료법인혜원의료재단혜원성모병원,47850,정신병원,"경상북도 칠곡군 약목면 관호7길 41, (약목면)",1998-05-08,324,36.0034013,128.3841244,True,7.18
JDQ4MTYyMiM4MSMkMSMkMCMkOTkkNTgxMzUxIzExIyQyIyQ3IyQwMCQ0NjEwMDIjODEjJDEjJDYjJDgz,의료법인효천의료재단 팔공요양병원,47850,요양병원,"경상북도 칠곡군 동명면 기성3길 41, (동명면)",2008-09-01,191,36.0032858,128.5986474,True,12.31
JDQ4MTYyMiM4MSMkMiMkMCMkMDAkNDgxMTkxIzExIyQxIyQ3IyQ4MiQ0NjE0ODEjNjEjJDEjJDgjJDgz,이엘소아청소년과의원,47850,의원,"경상북도 칠곡군 석적읍 강변대로 2288, 2층 201호",2019-08-23,0,36.0755655,128.3943003,False,9.07
JDQ4MTYyMiM4MSMkMiMkMCMkMDAkNDgxMTkxIzIxIyQxIyQ5IyQ3OSQyNjE0ODEjNjEjJDEjJDgjJDgz,장금준연합신경외과의원,47850,의원,"경상북도 칠곡군 왜관읍 중앙로 146, 1층",2021-09-28,0,35.9879279,128.3995437,False,6.45
JDQ4MTYyMiM4MSMkMSMkMCMkNzIkMzgxOTYxIzUxIyQxIyQxIyQ3OSQyNjEyMjIjNDEjJDEjJDQjJDgz,정다운치과의원,47850,치과의원,"경상북도 칠곡군 석적읍 석적로 955-4, 955",2005-01-31,0,36.0756673,128.3931467,False,9.15
JDQ4MTYyMiM4MSMkMSMkMCMkMTMkNDgxMzUxIzMxIyQxIyQzIyQ4OSQyNjE4MzIjNDEjJDEjJDgjJDgz,정우한의원,47850,한의원,"경상북도 칠곡군 왜관읍 중앙로 140, 2층",2019-01-25,0,35.9875891,128.3997462,False,6.45
JDQ4MTYyMiM4MSMkMiMkMCMkMDAkNDgxOTYxIzUxIyQxIyQ1IyQ4OSQzNjEwMDIjNDEjJDEjJDgjJDgz,제일튼튼연합의원,47850,의원,"경상북도 칠곡군 석적읍 강변대로 2291, (석적읍)",2017-07-25,0,36.0762156,128.3944296,False,9.12
JDQ4MTYyMiM4MSMkMSMkMCMkNzIkMzgxMzUxIzUxIyQxIyQxIyQ5MiQ0NjE0ODEjNjEjJDEjJDAjJDgz,조앤시치과의원,47850,치과의원,"경상북도 칠곡군 왜관읍 중앙로6길 3, 3",1990-11-02,0,35.9920062,128.398888,False,6.3
JDQ4MTYyMiM4MSMkMiMkMCMkMDAkMzgxNzAyIzIxIyQxIyQ5IyQ5MiQzNjEwMDIjNDEjJDEjJDgjJDgz,조은소아과의원,47850,의원,"경상북도 칠곡군 왜관읍 중앙로 140, (왜관읍)",2002-02-08,0,35.9875891,128.3997462,False,6.45
JDQ4MTYyMiM4MSMkMSMkMCMkNzIkMzgxOTYxIzExIyQxIyQzIyQ3MiQyNjE0ODEjODEjJDEjJDYjJDgz,중앙연합치과의원,47850,치과의원,"경상북도 칠곡군 왜관읍 중앙로 146, 5층 (중앙연합치과)",1993-05-20,0,35.9879279,128.3995437,False,6.45
JDQ4MTYyMiM4MSMkMiMkMCMkMDAkNDgxMzUxIzIxIyQxIyQ5IyQ3MiQyNjEwMDIjNDEjJDEjJDQjJDgz,지천제통마취통증의학과의원,47850,의원,"경상북도 칠곡군 지천면 신동로 167, (지천면)",2001-05-04,0,35.9559844,128.4906969,False,7.08
JDQ4MTYyMiM4MSMkMSMkMCMkMTMkNDgxMzUxIzMxIyQxIyQ3IyQ5MiQyNjEwMDIjNjEjJDEjJDAjJDgz,천수한의원,47850,한의원,"경상북도 칠곡군 석적읍 북중리3길 67, (석적읍)",2002-04-10,0,36.0803983,128.412599,False,8.5
JDQ4MTYyMiM4MSMkMSMkMCMkMTMkMzgxNzAyIzUxIyQxIyQ1IyQ3MiQzNjE4MzIjNTEjJDEjJDIjJDgz,청산한의원,47850,한의원,"경상북도 칠곡군 북삼읍 금오대로 270, (북삼읍)",1997-05-06,0,36.0693146,128.3472938,False,11.97
JDQ4MTYyMiM4MSMkMiMkMCMkMDAkNDgxMzUxIzExIyQxIyQzIyQwMyQ0NjE0ODEjNTEjJDEjJDYjJDgz,최앤박연합내과의원,47850,의원,"경상북도 칠곡군 북삼읍 금오대로 262, (북삼읍)",2005-01-21,0,36.0687931,128.346752,False,11.98
JDQ4MTYyMiM4MSMkMiMkMCMkMDAkMzgxNzAyIzExIyQxIyQ3IyQ2MiQ0NjE0ODEjNjEjJDEjJDQjJDgz,칠곡가톨릭피부과의원,47850,의원,"경상북도 칠곡군 왜관읍 중앙로 159, (왜관읍)",2000-12-27,0,35.9891425,128.3992427,False,6.41
JDQ4MTYyMiM4MSMkMSMkMCMkOTIkMzgxOTYxIzExIyQxIyQ3IyQ5OSQyNjEwMDIjNDEjJDEjJDgjJDgz,칠곡군동명면보건지소,47850,보건지소,"경상북도 칠곡군 동명면 동명팔거천2길 11, 11",1984-01-01,0,35.9852378,128.5522537,False,8.74
JDQ4MTYyMiM4MSMkMSMkMCMkOTkkNTgxMzUxIzExIyQxIyQ3IyQ4MiQ0NjEwMDIjNDEjJDEjJDgjJDgz,칠곡군립노인요양병원,47850,요양병원,"경상북도 칠곡군 왜관읍 금남5길 58, (왜관읍)",2009-09-03,145,35.9253133,128.412072,True,11.01
JDQ4MTYyMiM4MSMkMSMkMCMkOTIkMzgxMzUxIzExIyQxIyQzIyQ4OSQyNjE4MzIjODEjJDEjJDIjJDgz,칠곡군보건소,47850,보건소,"경상북도 칠곡군 왜관읍 관문로1길 30, (왜관읍)",1963-02-11,0,35.990708,128.4186406,False,4.82
JDQ4MTYyMiM4MSMkMSMkMCMkOTIkMzgxOTYxIzExIyQxIyQ3IyQ5OSQyNjE0ODEjNTEjJDEjJDIjJDgz,칠곡군지천면보건지소,47850,보건지소,"경상북도 칠곡군 지천면 신동로8길 12, (지천면)",1986-01-01,0,35.9564173,128.4915501,False,7.07
JDQ4MTYyMiM4MSMkMiMkMCMkMDAkMzgxOTYxIzIxIyQxIyQ5IyQwMyQyNjE4MzIjNDEjJDEjJDgjJDgz,칠곡기독의원,47850,의원,"경상북도 칠곡군 지천면 연호2길 5, 1층",2022-04-27,0,35.934076,128.50665,False,9.88
JDQ4MTYyMiM4MSMkMSMkMCMkNzIkMzgxMTkxIzMxIyQxIyQ3IyQ3MiQzNjE0ODEjNjEjJDEjJDQjJDgz,편안한치과의원,47850,치과의원,"경상북도 칠곡군 북삼읍 금오대로 260, 2층",2021-06-23,0,36.0686603,128.3467733,False,11.97
JDQ4MTYyMiM4MSMkMSMkMCMkOTIkMzgxNzAyIzIxIyQxIyQ1IyQ3MiQzNjEwMDIjODEjJDEjJDYjJDgz,포남보건진료소,47850,보건진료소,"경상북도 칠곡군 석적읍 석적로 676, (석적읍)",1985-03-19,0,36.0535724,128.4082373,False,6.47
JDQ4MTYyMiM4MSMkMSMkMCMkMTMkNDgxMzUxIzIxIyQyIyQ5IyQwMCQyNjEyMjIjNDEjJDEjJDgjJDgz,포도나무한의원,47850,한의원,"경상북도 칠곡군 동명면 금암중앙길 55, (동명면)",2003-02-28,0,35.983755,128.5530011,False,8.87
JDQ4MTYyMiM4MSMkMSMkMCMkNzIkMzgxMTkxIzQxIyQxIyQ3IyQ3MiQyNjEyMjIjNjEjJDEjJDQjJDgz,하이치과의원,47850,치과의원,"경상북도 칠곡군 북삼읍 인강1길 28-4, 3층",2023-07-08,0,36.0660347,128.3410367,False,12.29
JDQ4MTYyMiM4MSMkMSMkMCMkOTIkMzgxNzAyIzExIyQxIyQzIyQ5MiQzNjE4MzIjNDEjJDEjJDgjJDgz,학하보건진료소,47850,보건진료소,"경상북도 칠곡군 가산면 학하6길 7, 7",1985-12-06,0,36.1039654,128.4912873,False,10.17
JDQ4MTYyMiM4MSMkMiMkMCMkMDAkMzgxNzAyIzUxIyQxIyQ1IyQwMyQyNjE4MzIjNjEjJDEjJDAjJDgz,한성제통마취통증의학과의원,47850,의원,"경상북도 칠곡군 왜관읍 중앙로 166, (왜관읍)",2004-05-06,0,35.9897902,128.3996871,False,6.34
JDQ4MTYyMiM4MSMkMSMkMCMkNzIkMzgxMTkxIzIxIyQxIyQxIyQ4OSQ0NjE0ODEjNTEjJDEjJDYjJDgz,해바라기치과의원,47850,치과의원,"경상북도 칠곡군 북삼읍 금오대로 288, 3층",2013-05-29,0,36.070547,128.3485907,False,11.94
JDQ4MTYyMiM4MSMkMSMkMCMkMTMkMzgxNzAyIzMxIyQxIyQzIyQ2MiQ0NjE0ODEjODEjJDEjJDIjJDgz,홍익한의원,47850,한의원,"경상북도 칠곡군 약목면 약목로 111, (약목면)",1990-03-27,0,36.0360777,128.3638515,False,9.17
JDQ4MTYyMiM4MSMkMSMkMCMkMTMkMzgxNzAyIzMxIyQxIyQzIyQ3OSQyNjEyMjIjNDEjJDEjJDQjJDgz,홍제한의원,47850,한의원,"경상북도 칠곡군 왜관읍 중앙로 252, (왜관읍)",1991-12-18,0,35.997317,128.3987829,False,6.08
JDQ4MTYyMiM4MSMkMiMkMCMkMDAkMzgxMTkxIzIxIyQxIyQxIyQ3MiQzNjEwMDIjODEjJDEjJDYjJDgz,황영희소아과의원,47850,의원,"경상북도 칠곡군 왜관읍 중앙로 203-2, (왜관읍)",1995-12-01,0,35.9931561,128.3989287,False,6.24
JDQ4MTYyMiM4MSMkMiMkMCMkMDAkNDgxOTYxIzUxIyQxIyQ1IyQ4MiQzNjE0ODEjODEjJDEjJDYjJDgz,경대연합 이비인후과의원,47900,의원,"경상북도 예천군 호명면 새움3로 20, 신성프라자 5층 503호",2018-01-11,0,36.5762495,128.4890819,False,10.49
JDQ4MTYyMiM4MSMkMiMkMCMkMDAkNDgxMTkxIzMxIyQyIyQzIyQwMCQyNjEwMDIjNTEjJDEjJDIjJDgz,경대진내과의원,47900,의원,"경상북도 예천군 호명읍 새움3로 20, 신성프라자 403호",2022-10-25,0,36.5762495,128.4890819,False,10.49
JDQ4MTYyMiM4MSMkMSMkMCMkNzIkMzgxMTkxIzMxIyQxIyQzIyQ4OSQ0NjE0ODEjNTEjJDEjJDIjJDgz,경북도청 리더스 치과의원,47900,치과의원,"경상북도 예천군 호명면 새움3로 60-3, 한국빌딩 3층 303호",2018-01-29,0,36.5756347,128.4927108,False,10.73
JDQ4MTYyMiM4MSMkMiMkMCMkMDAkNDgxMzUxIzUxIyQxIyQxIyQ5MiQzNjE0ODEjNjEjJDEjJDAjJDgz,경북연합의원,47900,의원,"경상북도 예천군 풍양면 낙상2길 23-1, (풍양면)",2014-05-21,0,36.5086332,128.3012616,False,19.44
JDQ4MTYyMiM4MSMkMiMkMCMkMDAkMzgxMTkxIzExIyQxIyQzIyQ4MiQyNjEyMjIjODEjJDEjJDYjJDgz,경북의원,47900,의원,"경상북도 예천군 예천읍 효자로 181, (예천읍)",2002-02-28,0,36.6621408,128.4604796,False,3.51
JDQ4MTYyMiM4MSMkMSMkMCMkMTMkNDgxOTYxIzQxIyQxIyQ3IyQ3MiQyNjEyMjIjNDEjJDEjJDQjJDgz,고타야한의원,47900,한의원,"경상북도 예천군 호명면 새움3로 6, 골드 온천타워 305호",2019-05-17,0,36.5754696,128.4879328,False,10.5
JDQ4MTYyMiM4MSMkMSMkMCMkNzIkMzgxMzUxIzIxIyQxIyQ5IyQ3MiQyNjE4MzIjNTEjJDEjJDYjJDgz,김승일치과의원,47900,치과의원,"경상북도 예천군 예천읍 군청앞길 6, 6",1986-05-07,0,36.6565277,128.4531824,False,2.76
JDQ4MTYyMiM4MSMkMSMkMCMkMTMkNDgxOTYxIzUxIyQxIyQ1IyQ4MiQyNjEwMDIjNDEjJDEjJDgjJDgz,도원한의원,47900,한의원,"경상북도 예천군 호명읍 새움3로 26, 에비뉴타워 502호",2024-05-13,0,36.5764346,128.4896523,False,10.5
JDQ4MTYyMiM4MSMkMSMkMCMkMTMkNDgxMzUxIzUxIyQxIyQ1IyQxMyQzNjEyMjIjODEjJDEjJDYjJDgz,도청케이한의원,47900,한의원,"경상북도 예천군 호명면 새움3로 26, 에비뉴타워 301동",2019-04-12,0,36.5764346,128.4896523,False,10.5
JDQ4MTYyMiM4MSMkMSMkMCMkMTMkNDgxOTYxIzQxIyQxIyQ3IyQ2MiQzNjE4MzIjNTEjJDEjJDYjJDgz,도효자한의원,47900,한의원,"경상북도 예천군 예천읍 맛고을길 50-5, 2층",2019-05-01,0,36.6563147,128.4546094,False,2.88
JDQ4MTYyMiM4MSMkMSMkMCMkMTMkNDgxMzUxIzMxIyQxIyQ3IyQxMyQyNjEwMDIjODEjJDEjJDYjJDgz,동서한의원,47900,한의원,"경상북도 예천군 예천읍 시장로 119, 119",1997-06-10,0,36.6571178,128.4569503,False,3.1
JDQ4MTYyMiM4MSMkMSMkMCMkNzIkMzgxMTkxIzExIyQxIyQzIyQ3OSQzNjEyMjIjNzEjJDEjJDgjJDgz,동재치과의원,47900,치과의원,"경상북도 예천군 예천읍 시장로 85, (예천읍)",2009-07-02,0,36.6558078,128.4536475,False,2.79
JDQ4MTYyMiM4MSMkMSMkMCMkMTMkNDgxOTYxIzUxIyQxIyQxIyQ4MiQyNjEwMDIjNjEjJDEjJDQjJDgz,바른한의원,47900,한의원,"경상북도 예천군 호명면 새움3로 20, 신성프라자 2층 203호",2021-12-30,0,36.5762495,128.4890819,False,10.49
JDQ4MTYyMiM4MSMkMiMkMCMkMDAkNDgxMTkxIzIxIyQxIyQxIyQ3MiQ0NjEwMDIjNTEjJDEjJDYjJDgz,바오밥성형외과의원,47900,의원,"경상북도 예천군 호명읍 새움1로 25, 기인타워 7층",2020-06-03,0,36.5755462,128.4917324,False,10.69
JDQ4MTYyMiM4MSMkMSMkMCMkMTMkNDgxOTYxIzUxIyQxIyQ1IyQ3MiQ0NjEwMDIjNDEjJDEjJDQjJDgz,벽산한의원,47900,한의원,"경상북도 예천군 용궁면 용궁로 151, 벽산한의원",2024-05-07,0,36.6079747,128.2816184,False,13.56
JDQ4MTYyMiM4MSMkMSMkMCMkNzIkMzgxMTkxIzExIyQxIyQ3IyQ3OSQyNjEyMjIjNDEjJDEjJDgjJDgz,부부치과의원,47900,치과의원,"경상북도 예천군 예천읍 효자로 107, 107",2011-04-21,0,36.6576599,128.4553628,False,2.97
JDQ4MTYyMiM4MSMkMSMkMCMkNzIkMzgxMTkxIzMxIyQyIyQzIyQwMCQ0NjEwMDIjNjEjJDEjJDQjJDgz,서울미소치과의원,47900,치과의원,"경상북도 예천군 호명면 새움3로 26, 4층 402호",2018-05-02,0,36.5764346,128.4896523,False,10.5
JDQ4MTYyMiM4MSMkMiMkMCMkMDAkNDgxOTYxIzMxIyQxIyQ3IyQ5OSQyNjEyMjIjNjEjJDEjJDAjJDgz,서울바른마취통증의학과의원,47900,의원,"경상북도 예천군 예천읍 시장로 108, (예천읍)",2025-11-04,0,36.6564081,128.4558742,False,3.0
JDQ4MTYyMiM4MSMkMiMkMCMkMDAkNDgxMzUxIzUxIyQxIyQxIyQ3MiQzNjEyMjIjNjEjJDEjJDgjJDgz,서울삼성내과의원,47900,의원,"경상북도 예천군 예천읍 중앙로 42, 유경 팰리스",2009-08-25,0,36.6554167,128.455375,False,2.94
JDQ4MTYyMiM4MSMkMSMkMCMkMTMkNDgxOTYxIzUxIyQxIyQxIyQwMyQyNjEwMDIjNDEjJDEjJDQjJDgz,서울한의원,47900,한의원,"경상북도 예천군 예천읍 중앙로 42, 4층 402호 (유경팰리스)",2013-11-18,0,36.6554167,128.4553749,False,2.94
JDQ4MTYyMiM4MSMkMiMkMCMkMDAkMzgxOTYxIzIxIyQyIyQxIyQwMCQyNjEyMjIjNjEjJDEjJDAjJDgz,성누가의원,47900,의원,"경상북도 예천군 용궁면 용궁로 114, (용궁면)",1998-02-04,0,36.6073656,128.2775347,False,13.93
JDQ4MTYyMiM4MSMkMiMkMCMkMDAkMzgxNzAyIzMxIyQxIyQ3IyQ5MiQzNjEyMjIjNTEjJDEjJDIjJDgz,성심마취통증의학과의원,47900,의원,"경상북도 예천군 예천읍 중앙로 42, 3층 302호",2002-12-04,0,36.6554167,128.455375,False,2.94
JDQ4MTYyMiM4MSMkMSMkMCMkNzIkMzgxMzUxIzIxIyQxIyQ5IyQ3MiQzNjEyMjIjODEjJDEjJDIjJDgz,수창치과의원,47900,치과의원,"경상북도 예천군 예천읍 시장로 124, (예천읍)",1986-05-23,0,36.6570679,128.4575101,False,3.15
JDQ4MTYyMiM4MSMkMiMkMCMkMDAkNDgxMzUxIzIxIyQxIyQxIyQwMyQzNjEwMDIjNDEjJDEjJDgjJDgz,연세안과의원,47900,의원,"경상북도 예천군 예천읍 시장로 111, (예천읍)",2006-03-08,0,36.6568339,128.4562004,False,3.03
JDQ4MTYyMiM4MSMkMiMkMCMkMDAkNDgxMzUxIzQxIyQxIyQ3IyQ5OSQyNjE4MzIjNTEjJDEjJDYjJDgz,영남의원,47900,의원,"경상북도 예천군 예천읍 효자로 125, (예천읍)",2012-11-02,3,36.658472,128.4571777,False,3.14
JDQ4MTYyMiM4MSMkMSMkMCMkNzIkMzgxMTkxIzMxIyQxIyQzIyQ5OSQyNjE0ODEjNjEjJDEjJDAjJDgz,예미담치과의원,47900,치과의원,"경상북도 예천군 호명면 새움3로 20, 신성프라자 3층 302, 303호",2018-02-09,0,36.5762495,128.4890819,False,10.49
JDQ4MTYyMiM4MSMkMSMkMCMkOTIkMzgxNzAyIzExIyQxIyQ3IyQwMyQyNjEwMDIjNjEjJDEjJDQjJDgz,예천군감천면천향보건진료소,47900,보건진료소,"경상북도 예천군 감천면 석송로 349-4, (감천면)",1981-12-03,0,36.729598,128.4906883,False,10.39
JDQ4MTYyMiM4MSMkMSMkMCMkOTIkMzgxOTYxIzExIyQxIyQzIyQ4MiQyNjEyMjIjNDEjJDEjJDgjJDgz,예천군감천보건지소,47900,보건지소,"경상북도 예천군 감천면 포리2길 26, (감천면)",1987-01-01,0,36.722988,128.5286698,False,12.19
JDQ4MTYyMiM4MSMkMSMkMCMkOTIkMzgxOTYxIzExIyQxIyQzIyQ3MiQ0NjEwMDIjNDEjJDEjJDgjJDgz,예천군개포보건지소,47900,보건지소,"경상북도 예천군 개포면 용개로 1015, 1015",1967-08-07,0,36.6096669,128.364065,False,7.17
JDQ4MTYyMiM4MSMkMSMkMCMkOTIkMzgxMzUxIzExIyQxIyQzIyQ3OSQzNjEwMDIjNzEjJDEjJDgjJDgz,예천군보건소,47900,보건소,"경상북도 예천군 예천읍 군청길 33, 예천군보건소",1948-01-01,0,36.6577322,128.4529725,False,2.76
JDQ4MTYyMiM4MSMkMSMkMCMkOTIkMzgxNzAyIzExIyQxIyQ3IyQ5MiQyNjEwMDIjODEjJDEjJDIjJDgz,예천군보문면독양보건진료소,47900,보건진료소,"경상북도 예천군 보문면 옥계천로 464, (보문면)",1981-12-03,0,36.7219684,128.5693964,False,15.13
JDQ4MTYyMiM4MSMkMSMkMCMkOTIkMzgxNzAyIzExIyQxIyQ3IyQ5MiQzNjE0ODEjNTEjJDEjJDIjJDgz,예천군보문면수계보건진료소,47900,보건진료소,"경상북도 예천군 보문면 수양길 8, 8",1983-01-01,0,36.6861293,128.5492335,False,11.86
JDQ4MTYyMiM4MSMkMSMkMCMkOTIkMzgxOTYxIzExIyQxIyQzIyQ4MiQzNjE4MzIjNTEjJDEjJDIjJDgz,예천군보문보건지소,47900,보건지소,"경상북도 예천군 보문면 미호길 110, (보문면)",1967-08-07,0,36.6647578,128.5089068,False,7.81
JDQ4MTYyMiM4MSMkMSMkMCMkOTIkMzgxNzAyIzExIyQxIyQ3IyQwMyQyNjEyMjIjNTEjJDEjJDYjJDgz,예천군상리면석묘보건진료소,47900,보건진료소,"경상북도 예천군 상리면 석묘리길 4, (효자면)",1983-01-01,0,36.7859971,128.4569006,False,15.0
JDQ4MTYyMiM4MSMkMSMkMCMkOTIkMzgxNzAyIzExIyQxIyQ3IyQwMyQyNjE0ODEjNzEjJDEjJDgjJDgz,예천군용궁면대은보건진료소,47900,보건진료소,"경상북도 예천군 용궁면 대은길 18, 18",1981-12-03,0,36.5968362,128.3129607,False,11.65
JDQ4MTYyMiM4MSMkMSMkMCMkOTIkMzgxNzAyIzExIyQxIyQ3IyQ5MiQ0NjE0ODEjNjEjJDEjJDQjJDgz,예천군용궁면덕계보건진료소,47900,보건진료소,"경상북도 예천군 용궁면 덕계1길 71, (용궁면)",1981-12-03,0,36.6493874,128.3188257,False,9.26
JDQ4MTYyMiM4MSMkMSMkMCMkOTIkMzgxOTYxIzExIyQxIyQzIyQ4MiQ0NjE0ODEjNDEjJDEjJDgjJDgz,예천군용궁보건지소,47900,보건지소,"경상북도 예천군 용궁면 용개로 12, (용궁면)",1967-08-07,0,36.6067621,128.2824927,False,13.54
JDQ4MTYyMiM4MSMkMSMkMCMkOTIkMzgxNzAyIzExIyQxIyQ3IyQwMyQzNjE0ODEjNDEjJDEjJDQjJDgz,예천군용문면대제보건진료소,47900,보건진료소,"경상북도 예천군 용문면 큰맛질길 6, (용문면)",1981-12-03,0,36.7049305,128.4452014,False,6.03
JDQ4MTYyMiM4MSMkMSMkMCMkOTIkMzgxNzAyIzExIyQxIyQ3IyQwMyQzNjEwMDIjODEjJDEjJDIjJDgz,예천군용문면원류보건진료소,47900,보건진료소,"경상북도 예천군 용문면 용문경천로 869, (용문면)",1981-12-03,0,36.7022876,128.3807122,False,6.54
JDQ4MTYyMiM4MSMkMSMkMCMkOTIkMzgxOTYxIzExIyQxIyQzIyQ4MiQzNjEyMjIjNjEjJDEjJDAjJDgz,예천군용문보건지소,47900,보건지소,"경상북도 예천군 용문면 용문경천로 1209-7, 1209",1967-08-07,0,36.6888902,128.4096962,False,4.05
JDQ4MTYyMiM4MSMkMSMkMCMkOTIkMzgxNzAyIzExIyQxIyQ3IyQ5MiQyNjE4MzIjNjEjJDEjJDAjJDgz,예천군유천면중평보건진료소,47900,보건진료소,"경상북도 예천군 유천면 중평길 99, (유천면)",1981-12-03,0,36.6672567,128.3555761,False,6.15
JDQ4MTYyMiM4MSMkMSMkMCMkOTIkMzgxOTYxIzExIyQxIyQzIyQ4MiQyNjEwMDIjNTEjJDEjJDYjJDgz,예천군유천보건지소,47900,보건지소,"경상북도 예천군 유천면 예성로 685, (유천면)",1967-08-07,0,36.6351256,128.3885882,False,3.67
JDQ4MTYyMiM4MSMkMSMkMCMkOTIkMzgxNzAyIzExIyQxIyQ3IyQ5MiQzNjEyMjIjODEjJDEjJDYjJDgz,예천군지보면상월보건진료소,47900,보건진료소,"경상북도 예천군 지보면 상월길 135-11, (지보면)",1981-12-03,0,36.5788498,128.3783195,False,9.23
JDQ4MTYyMiM4MSMkMSMkMCMkOTIkMzgxNzAyIzExIyQxIyQ3IyQ5MiQ0NjEwMDIjNTEjJDEjJDYjJDgz,예천군지보면지보보건진료소,47900,보건진료소,"경상북도 예천군 지보면 지보리길 183, (지보면)",1981-12-03,0,36.5146657,128.3843012,False,15.85
JDQ4MTYyMiM4MSMkMSMkMCMkOTIkMzgxOTYxIzExIyQxIyQzIyQ4MiQzNjEwMDIjNjEjJDEjJDgjJDgz,예천군지보보건지소,47900,보건지소,"경상북도 예천군 지보면 소화1길 20-7, 20",1967-08-07,0,36.5467846,128.3868638,False,12.33
JDQ4MTYyMiM4MSMkMSMkMCMkOTIkMzgxNzAyIzExIyQxIyQ3IyQwMyQzNjE4MzIjNjEjJDEjJDAjJDgz,예천군풍양면우망보건진료소,47900,보건진료소,"경상북도 예천군 풍양면 청곡길 40, (풍양면)",1981-12-03,0,36.5419158,128.3261336,False,15.13
JDQ4MTYyMiM4MSMkMSMkMCMkOTIkMzgxNzAyIzExIyQxIyQ3IyQwMyQ0NjE0ODEjNTEjJDEjJDIjJDgz,예천군풍양면청운보건진료소,47900,보건진료소,"경상북도 예천군 풍양면 청운1리길 42, (풍양면)",1981-12-03,0,36.5342469,128.2977264,False,17.35
JDQ4MTYyMiM4MSMkMSMkMCMkOTIkMzgxOTYxIzExIyQxIyQ3IyQ5MiQyNjE4MzIjNTEjJDEjJDYjJDgz,예천군풍양보건지소,47900,보건지소,"경상북도 예천군 풍양면 낙상2길 26-9, 26",1967-08-07,0,36.5092794,128.3020992,False,19.34
JDQ4MTYyMiM4MSMkMSMkMCMkOTIkMzgxNzAyIzExIyQxIyQ3IyQ5MiQzNjEwMDIjNDEjJDEjJDgjJDgz,예천군하리면부초보건진료소,47900,보건진료소,"경상북도 예천군 하리면 부용봉길 99-10, 99",1981-12-03,0,36.7210667,128.4476331,False,7.8
JDQ4MTYyMiM4MSMkMSMkMCMkOTIkMzgxNzAyIzExIyQxIyQ3IyQ5MiQyNjEyMjIjNjEjJDEjJDgjJDgz,예천군호명면송곡보건진료소,47900,보건진료소,"경상북도 예천군 호명면 호명로 305, (호명면)",1981-12-03,0,36.5873592,128.4482759,False,7.75
JDQ4MTYyMiM4MSMkMSMkMCMkOTIkMzgxOTYxIzExIyQxIyQzIyQ4MiQyNjE0ODEjNjEjJDEjJDQjJDgz,예천군호명보건지소,47900,보건지소,"경상북도 예천군 호명면 오천길 23, (호명면)",1967-08-07,0,36.5939567,128.4705553,False,7.93
JDQ4MTYyMiM4MSMkMiMkMCMkMDAkNDgxOTYxIzIxIyQyIyQxIyQwMCQzNjE4MzIjNzEjJDEjJDgjJDgz,예천누리의원,47900,의원,"경상북도 예천군 예천읍 시장로 115, (예천읍)",2012-06-15,0,36.65705,128.4563576,False,3.05
JDQ4MTYyMiM4MSMkMiMkMCMkMDAkNDgxOTYxIzUxIyQxIyQ1IyQwMyQzNjE0ODEjNTEjJDEjJDYjJDgz,예천성소내과의원,47900,의원,"경상북도 예천군 예천읍 시장로 123, 2층",2018-03-07,0,36.6572896,128.457327,False,3.13
JDQ4MTYyMiM4MSMkMiMkMCMkMDAkNDgxMTkxIzMxIyQxIyQ3IyQ5OSQyNjE0ODEjNTEjJDEjJDYjJDgz,예천정형외과의원,47900,의원,"경상북도 예천군 예천읍 군청앞길 16, (예천읍)",2003-03-12,0,36.6558478,128.4533395,False,2.76
JDQ4MTYyMiM4MSMkMiMkMCMkMDAkNDgxOTYxIzExIyQxIyQzIyQ5OSQzNjE4MzIjNzEjJDEjJDgjJDgz,예천중앙의원,47900,의원,"경상북도 예천군 예천읍 시장로 114, 2층",2011-01-28,0,36.656702,128.4565854,False,3.06
JDQ4MTYyMiM4MSMkMSMkMCMkNzIkMzgxOTYxIzQxIyQxIyQ3IyQxMyQ0NjEwMDIjNjEjJDEjJDgjJDgz,예천플란트치과의원,47900,치과의원,"경상북도 예천군 예천읍 중앙로 38, (예천읍)",2016-12-14,0,36.6557986,128.4553603,False,2.94
JDQ4MTYyMiM4MSMkMSMkMCMkMTMkNDgxMzUxIzMxIyQxIyQ3IyQ5OSQyNjEwMDIjODEjJDEjJDIjJDgz,예천한의원,47900,한의원,"경상북도 예천군 예천읍 시장로 87, (예천읍)",2013-07-18,0,36.6558792,128.4537253,False,2.8
JDQ4MTYyMiM4MSMkMSMkMCMkNzIkMzgxOTYxIzUxIyQxIyQxIyQ5OSQ0NjEwMDIjNDEjJDEjJDgjJDgz,오복치과의원,47900,치과의원,"경상북도 예천군 예천읍 중앙로 42, 3층 301호",2013-04-02,0,36.6554167,128.455375,False,2.94
JDQ4MTYyMiM4MSMkMSMkMCMkMTMkNDgxOTYxIzUxIyQxIyQxIyQ5MiQzNjE4MzIjNDEjJDEjJDgjJDgz,온강한의원,47900,한의원,"경상북도 예천군 호명면 새움3로 46, 우방프라자 센트럴 202호",2022-05-31,0,36.5763854,128.4914243,False,10.59
JDQ4MTYyMiM4MSMkMSMkMCMkMTMkNDgxMzUxIzIxIyQxIyQ5IyQwMyQzNjEwMDIjNDEjJDEjJDgjJDgz,용문한의원,47900,한의원,"경상북도 예천군 예천읍 중앙로 34, (예천읍)",2002-08-05,0,36.6560312,128.4552498,False,2.94
JDQ4MTYyMiM4MSMkMSMkMCMkOTkkNTgxMzUxIzIxIyQxIyQxIyQ4MiQ0NjE0ODEjODEjJDEjJDYjJDgz,의료법인 벽산의료재단 경희요양병원,47900,요양병원,"경상북도 예천군 예천읍 충효로 408-27, (예천읍)",2013-04-23,168,36.6574595,128.4673473,True,4.03
JDQ4MTYyMiM4MSMkMSMkMCMkOTkkMzgxOTYxIzExIyQxIyQzIyQ3OSQyNjEwMDIjNzEjJDEjJDgjJDgz,의료법인서준의료재단예천권병원,47900,병원,"경상북도 예천군 예천읍 시장로 136, (예천읍)",1989-04-08,170,36.6574115,128.4589419,True,3.28
JDQ4MTYyMiM4MSMkMSMkMCMkOTkkNTgxMzUxIzExIyQxIyQzIyQ4MiQzNjEwMDIjNDEjJDEjJDgjJDgz,의료법인인덕의료재단 경도요양병원,47900,요양병원,"경상북도 예천군 예천읍 원고개길 49, (예천읍)",2006-11-14,413,36.6380672,128.4591629,True,3.72
JDQ4MTYyMiM4MSMkMiMkMCMkMDAkMzgxMTkxIzMxIyQyIyQ3IyQwMCQzNjEyMjIjODEjJDEjJDIjJDgz,이상호정형외과의원,47900,의원,"경상북도 예천군 예천읍 효자로 94, (예천읍)",1998-08-29,0,36.656846,128.4540295,False,2.84
JDQ4MTYyMiM4MSMkMiMkMCMkMDAkMzgxOTYxIzMxIyQxIyQzIyQxMyQ0NjEwMDIjNjEjJDEjJDAjJDgz,인성의원,47900,의원,"경상북도 예천군 예천읍 시장로 68-1, (예천읍)",1990-08-20,0,36.6548413,128.4519181,False,2.63
JDQ4MTYyMiM4MSMkMiMkMCMkMDAkMzgxNzAyIzExIyQxIyQ3IyQ2MiQyNjEyMjIjNjEjJDEjJDgjJDgz,전경진내과의원,47900,의원,"경상북도 예천군 예천읍 중앙로 38, (예천읍)",2000-12-19,0,36.6557986,128.4553603,False,2.94
JDQ4MTYyMiM4MSMkMiMkMCMkMDAkMzgxNzAyIzMxIyQxIyQzIyQxMyQyNjE4MzIjNjEjJDEjJDgjJDgz,정소아청소년과의원,47900,의원,"경상북도 예천군 호명읍 새움1로 25, 기인타워 6층 601호",2019-05-13,0,36.5755462,128.4917324,False,10.69
JDQ4MTYyMiM4MSMkMiMkMCMkMDAkMzgxMTkxIzIxIyQxIyQxIyQ3OSQyNjEwMDIjNDEjJDEjJDQjJDgz,제일의원,47900,의원,"경상북도 예천군 예천읍 효자로 106, (예천읍)",1973-11-22,0,36.6573179,128.4553004,False,2.96
JDQ4MTYyMiM4MSMkMiMkMCMkMDAkMzgxMTkxIzQxIyQxIyQ3IyQ3MiQyNjE0ODEjNDEjJDEjJDQjJDgz,중앙연합의원,47900,의원,"경상북도 예천군 예천읍 중앙로 33-1, (예천읍)",2017-08-14,0,36.6561019,128.4557086,False,2.98
JDQ4MTYyMiM4MSMkMSMkMCMkNzIkMzgxMTkxIzUxIyQxIyQxIyQ3MiQyNjEwMDIjNTEjJDEjJDYjJDgz,중앙치과의원,47900,치과의원,"경상북도 예천군 예천읍 시장로 114, 4층",2017-12-22,0,36.656702,128.4565854,False,3.06
JDQ4MTYyMiM4MSMkMSMkMCMkMTMkNDgxOTYxIzIxIyQxIyQ1IyQxMyQyNjE0ODEjNzEjJDEjJDgjJDgz,중앙한의원,47900,한의원,"경상북도 예천군 예천읍 시장로 126, 2층",2013-04-19,0,36.657141,128.457664,False,3.16
JDQ4MTYyMiM4MSMkMiMkMCMkMDAkNDgxMTkxIzUxIyQxIyQ1IyQ3OSQyNjE4MzIjNTEjJDEjJDIjJDgz,튼튼애연합의원,47900,의원,"경상북도 예천군 호명읍 새움3로 60-3, 한국빌딩 4층",2025-10-15,0,36.5756347,128.4927108,False,10.73
JDQ4MTYyMiM4MSMkMSMkMCMkMTMkNDgxOTYxIzMxIyQxIyQzIyQxMyQ0NjE0ODEjNjEjJDEjJDQjJDgz,풍양한의원,47900,한의원,"경상북도 예천군 풍양면 낙상1길 59, (풍양한의원)",2016-05-04,0,36.510375,128.300013,False,19.35
JDQ4MTYyMiM4MSMkMSMkMCMkOTIkMzgxOTYxIzExIyQxIyQzIyQ4MiQyNjE4MzIjNDEjJDEjJDQjJDgz,효자면.은풍면통합보건지소,47900,보건지소,"경상북도 예천군 하리면 은풍로 100-7, (은풍면)",1967-08-07,0,36.7455968,128.4437816,False,10.37
JDQ4MTYyMiM4MSMkMSMkMCMkNzIkMzgxMTkxIzExIyQxIyQ3IyQ2MiQzNjE0ODEjNjEjJDEjJDgjJDgz,고려연합치과의원,47920,치과의원,"경상북도 봉화군 봉화읍 봉화로 1146, (봉화읍)",2012-01-25,0,36.8907425,128.7353397,False,16.51
JDQ4MTYyMiM4MSMkMSMkMCMkOTIkMzgxNzAyIzExIyQxIyQ3IyQ4MiQyNjE0ODEjNTEjJDEjJDIjJDgz,동면보건진료소,47920,보건진료소,"경상북도 봉화군 재산면 두들마길 42-8, 42",1981-12-07,0,36.799185,129.0077375,False,17.21
JDQ4MTYyMiM4MSMkMiMkMCMkMDAkNDgxMzUxIzUxIyQxIyQ1IyQ3MiQyNjEyMjIjNDEjJDEjJDQjJDgz,동산종합의원,47920,의원,"경상북도 봉화군 봉화읍 봉화로 1163, (봉화읍)",2017-04-27,0,36.891037,128.7374831,False,16.32
JDQ4MTYyMiM4MSMkMSMkMCMkOTIkMzgxNzAyIzExIyQxIyQ3IyQ4MiQ0NjE0ODEjODEjJDEjJDIjJDgz,두문보건진료소,47920,보건진료소,"경상북도 봉화군 물야면 두문로 685, (물야면)",1981-12-07,0,36.9590946,128.6972369,False,19.37
JDQ4MTYyMiM4MSMkMSMkMCMkOTIkMzgxOTYxIzExIyQxIyQzIyQ2MiQzNjEwMDIjNDEjJDEjJDgjJDgz,명호면보건지소,47920,보건지소,"경상북도 봉화군 명호면 청량로 1157, 1157",1968-08-08,0,36.8588895,128.9006111,False,8.44
JDQ4MTYyMiM4MSMkMSMkMCMkOTIkMzgxNzAyIzExIyQxIyQ3IyQ3MiQzNjEyMjIjNjEjJDEjJDAjJDgz,문촌보건진료소,47920,보건진료소,"경상북도 봉화군 상운면 기촌길 10-3, 10",1981-12-07,0,36.8447443,128.796782,False,14.34
JDQ4MTYyMiM4MSMkMSMkMCMkOTIkMzgxOTYxIzExIyQxIyQzIyQ2MiQ0NjE0ODEjNjEjJDEjJDgjJDgz,물야면보건지소,47920,보건지소,"경상북도 봉화군 물야면 문수로 1025-28, 1025",1968-08-08,0,36.9768136,128.7340085,False,16.59
JDQ4MTYyMiM4MSMkMSMkMCMkNzIkMzgxOTYxIzUxIyQxIyQxIyQ3OSQyNjEwMDIjNDEjJDEjJDgjJDgz,미소치과의원,47920,치과의원,"경상북도 봉화군 춘양면 의양로5길 6, 6",2005-02-02,0,36.9346522,128.9133067,False,0.07
JDQ4MTYyMiM4MSMkMSMkMCMkNzIkMzgxOTYxIzMxIyQxIyQ3IyQ5OSQzNjE0ODEjODEjJDEjJDIjJDgz,박치과의원,47920,치과의원,"경상북도 봉화군 봉화읍 봉화로 1144, 2층",2002-10-17,0,36.8907698,128.7350199,False,16.54
JDQ4MTYyMiM4MSMkMSMkMCMkOTIkMzgxOTYxIzIxIyQyIyQxIyQwMCQzNjEwMDIjNzEjJDEjJDgjJDgz,법전면보건지소,47920,보건지소,"경상북도 봉화군 법전면 법전로 107, (법전면)",1968-08-08,0,36.9119757,128.8766448,False,4.06
JDQ4MTYyMiM4MSMkMSMkMCMkOTIkMzgxOTYxIzExIyQxIyQzIyQ2MiQzNjE4MzIjODEjJDEjJDIjJDgz,봉성면보건지소,47920,보건지소,"경상북도 봉화군 봉성면 옥마로 11, (봉성면)",1968-08-08,0,36.8853021,128.8168197,False,10.13
JDQ4MTYyMiM4MSMkMiMkMCMkMDAkNDgxMTkxIzIxIyQxIyQxIyQwMyQ0NjE0ODEjNzEjJDEjJDgjJDgz,봉화 수안과의원,47920,의원,"경상북도 봉화군 봉화읍 봉화로 1146, 봉화새마을금고 2층",2020-09-08,0,36.8907425,128.7353397,False,16.51
JDQ4MTYyMiM4MSMkMSMkMCMkOTkkNTgxMzUxIzExIyQxIyQzIyQ5OSQzNjEwMDIjNTEjJDEjJDIjJDgz,봉화군립노인전문요양병원,47920,요양병원,"경상북도 봉화군 봉화읍 보밑길 9, (봉화읍)",2004-07-01,146,36.8917569,128.7337524,True,16.61
JDQ4MTYyMiM4MSMkMSMkMCMkOTIkMzgxMzUxIzExIyQxIyQzIyQ3OSQzNjE4MzIjNTEjJDEjJDYjJDgz,봉화군보건소,47920,보건소,"경상북도 봉화군 봉화읍 봉화로 1203, (봉화읍)",1963-12-03,0,36.8907179,128.7417336,False,15.97
JDQ4MTYyMiM4MSMkMiMkMCMkMDAkNDgxOTYxIzIxIyQxIyQ1IyQ5OSQ0NjE0ODEjNjEjJDEjJDAjJDgz,봉화우리들연합의원,47920,의원,"경상북도 봉화군 봉화읍 봉화로 1147-13, (봉화읍)",2013-04-22,0,36.891587,128.735989,False,16.43
JDQ4MTYyMiM4MSMkMiMkMCMkMDAkMzgxOTYxIzUxIyQyIyQxIyQwMCQ0NjEwMDIjNDEjJDEjJDQjJDgz,봉화제일의원,47920,의원,"경상북도 봉화군 봉화읍 봉화로 1157, 2층",1992-05-02,0,36.8911094,128.7365841,False,16.39
JDQ4MTYyMiM4MSMkMSMkMCMkNzIkMzgxOTYxIzUxIyQxIyQ1IyQ3OSQyNjE4MzIjNjEjJDEjJDAjJDgz,봉화치과의원,47920,치과의원,"경상북도 봉화군 봉화읍 봉화로 1161-5, (봉화읍)",2007-04-02,0,36.8911284,128.7369014,False,16.37
JDQ4MTYyMiM4MSMkMSMkMCMkOTkkMzgxMzUxIzExIyQxIyQzIyQ3MiQzNjEwMDIjNDEjJDEjJDgjJDgz,봉화해성병원,47920,병원,"경상북도 봉화군 봉화읍 보밑길 3, (봉화읍)",1988-02-29,93,36.8916343,128.7334719,True,16.64
JDQ4MTYyMiM4MSMkMSMkMCMkOTIkMzgxNzAyIzExIyQxIyQ3IyQ4MiQyNjE4MzIjNzEjJDEjJDgjJDgz,분천보건진료소,47920,보건진료소,"경상북도 봉화군 소천면 분천길 28, 28",1981-12-07,0,36.9310333,129.0572013,False,12.83
JDQ4MTYyMiM4MSMkMSMkMCMkOTIkMzgxNzAyIzExIyQxIyQ3IyQ3MiQ0NjEwMDIjODEjJDEjJDYjJDgz,삼동보건진료소,47920,보건진료소,"경상북도 봉화군 명호면 황새마을길 11-9, 11",1981-12-07,0,36.8781917,128.9327451,False,6.47
JDQ4MTYyMiM4MSMkMiMkMCMkMDAkMzgxNzAyIzQxIyQxIyQ3IyQ4OSQyNjE0ODEjNjEjJDEjJDgjJDgz,삼성의원,47920,의원,"경상북도 봉화군 춘양면 의양로2길 5, 1층",2003-01-03,0,36.9380687,128.9147023,False,0.46
JDQ4MTYyMiM4MSMkMSMkMCMkOTIkMzgxOTYxIzExIyQxIyQzIyQ2MiQzNjE0ODEjNTEjJDEjJDYjJDgz,상운면보건지소,47920,보건지소,"경상북도 봉화군 상운면 예봉로 1302, (상운면)",1968-08-08,0,36.8356183,128.7565845,False,17.7
JDQ4MTYyMiM4MSMkMSMkMCMkOTIkMzgxNzAyIzExIyQxIyQ3IyQ4MiQzNjEwMDIjNTEjJDEjJDYjJDgz,서벽보건진료소,47920,보건진료소,"경상북도 봉화군 춘양면 춘양로 1536, 1536",1981-12-07,0,37.0138624,128.8245259,False,11.84
JDQ4MTYyMiM4MSMkMSMkMCMkOTIkMzgxOTYxIzExIyQxIyQ3IyQ3MiQyNjEwMDIjNTEjJDEjJDIjJDgz,석포면보건지소,47920,보건지소,"경상북도 봉화군 석포면 석포로5길 9, (석포면)",1968-08-08,0,37.0453827,129.0645015,False,18.28
JDQ4MTYyMiM4MSMkMSMkMCMkMTMkNDgxMzUxIzExIyQxIyQzIyQxMyQzNjEyMjIjNDEjJDEjJDgjJDgz,성모한의원,47920,한의원,"경상북도 봉화군 봉화읍 신시장길 23-43, (봉화읍)",1998-05-01,0,36.8903247,128.7366297,False,16.42
JDQ4MTYyMiM4MSMkMSMkMCMkMTMkNDgxOTYxIzIxIyQxIyQxIyQxMyQ0NjEwMDIjNjEjJDEjJDAjJDgz,성제국한의원,47920,한의원,"경상북도 봉화군 봉화읍 내성로1길 24, 1층(성제국한의원)",2012-03-13,0,36.8877914,128.7400165,False,16.22
JDQ4MTYyMiM4MSMkMSMkMCMkOTIkMzgxOTYxIzExIyQxIyQ3IyQ3MiQyNjEyMjIjNDEjJDEjJDgjJDgz,소천면보건지소,47920,보건지소,"경상북도 봉화군 소천면 소천로 1287, 1287",1968-08-08,0,36.938302,129.0032312,False,8.04
JDQ4MTYyMiM4MSMkMSMkMCMkMTMkMzgxNzAyIzIxIyQyIyQ5IyQwMCQzNjEwMDIjNDEjJDEjJDQjJDgz,영창한의원,47920,한의원,"경상북도 봉화군 봉화읍 내성천1길 76, (봉화읍)",1990-03-04,0,36.8898432,128.7389706,False,16.23
JDQ4MTYyMiM4MSMkMSMkMCMkOTIkMzgxNzAyIzExIyQxIyQ3IyQ4MiQyNjEyMjIjODEjJDEjJDYjJDgz,임기보건진료소,47920,보건진료소,"경상북도 봉화군 소천면 숲터길 30, 30",1981-12-07,0,36.9017986,128.9970518,False,8.3
JDQ4MTYyMiM4MSMkMSMkMCMkOTIkMzgxOTYxIzExIyQxIyQzIyQ2MiQzNjEyMjIjNDEjJDEjJDQjJDgz,재산면보건지소,47920,보건지소,"경상북도 봉화군 재산면 재산로 487-9, 487",1968-08-08,0,36.8151008,128.9610406,False,13.91
JDQ4MTYyMiM4MSMkMiMkMCMkMDAkMzgxNzAyIzUxIyQxIyQxIyQ3OSQyNjEyMjIjNDEjJDEjJDgjJDgz,조가정의학과의원,47920,의원,"경상북도 봉화군 봉화읍 봉화로 1146, 2층",2003-05-01,0,36.8907425,128.7353397,False,16.51
JDQ4MTYyMiM4MSMkMiMkMCMkMDAkMzgxNzAyIzIxIyQxIyQ5IyQ3MiQzNjE4MzIjNTEjJDEjJDYjJDgz,중앙의원,47920,의원,"경상북도 봉화군 춘양면 의양로2길 37, 1층",2003-02-18,0,36.9354375,128.9133964,False,0.15
JDQ4MTYyMiM4MSMkMSMkMCMkOTIkMzgxOTYxIzIxIyQxIyQxIyQ4OSQyNjE0ODEjNDEjJDEjJDgjJDgz,춘양면보건지소,47920,보건지소,"경상북도 봉화군 춘양면 춘양로 153, (춘양면)",1968-08-08,0,36.9357802,128.9156836,False,0.3
JDQ4MTYyMiM4MSMkMiMkMCMkMDAkMzgxMTkxIzIxIyQxIyQ1IyQ5OSQzNjE4MzIjNDEjJDEjJDQjJDgz,춘양사랑의원,47920,의원,"경상북도 봉화군 춘양면 의양로 93, (춘양면)",2009-03-13,0,36.9332778,128.9133179,False,0.1
JDQ4MTYyMiM4MSMkMSMkMCMkMTMkNDgxOTYxIzUxIyQxIyQxIyQ4OSQ0NjEwMDIjNjEjJDEjJDAjJDgz,춘양세중한의원,47920,한의원,"경상북도 봉화군 춘양면 의양로5길 9, 1층 한의원",2006-06-01,0,36.9348974,128.9139967,False,0.13
JDQ4MTYyMiM4MSMkMSMkMCMkMTMkNDgxOTYxIzUxIyQxIyQ1IyQwMyQzNjE0ODEjNDEjJDEjJDgjJDgz,고운한의원,47930,한의원,"경상북도 울진군 울진읍 읍내2길 6, (울진읍)",2024-11-20,0,36.9921375,129.4016724,False,12.6
JDQ4MTYyMiM4MSMkMiMkMCMkMDAkMzgxMTkxIzIxIyQxIyQxIyQwMyQzNjEyMjIjODEjJDEjJDYjJDgz,남내과의원,47930,의원,"경상북도 울진군 울진읍 읍내8길 5, 2층",2022-12-23,0,36.9949249,129.4017111,False,12.84
JDQ4MTYyMiM4MSMkMiMkMCMkMDAkNDgxOTYxIzQxIyQxIyQ3IyQ5MiQzNjE0ODEjNTEjJDEjJDYjJDgz,누가의원,47930,의원,"경상북도 울진군 북면 울진북로 2067, (북면)",1995-02-09,0,37.1012487,129.371875,False,22.56
JDQ4MTYyMiM4MSMkMSMkMCMkMTMkNDgxMzUxIzExIyQxIyQzIyQ5MiQzNjE4MzIjNjEjJDEjJDQjJDgz,대광한의원,47930,한의원,"경상북도 울진군 후포면 후포삼율로 140, 대광한의원",1998-03-20,0,36.6823014,129.4431494,False,27.25
JDQ4MTYyMiM4MSMkMSMkMCMkNzIkMzgxMTkxIzQxIyQxIyQ3IyQ2MiQzNjEyMjIjNDEjJDEjJDgjJDgz,만세치과의원,47930,치과의원,"경상북도 울진군 울진읍 연호로 2, 제1동 2층 202호",2024-12-09,0,36.9933566,129.4015765,False,12.7
JDQ4MTYyMiM4MSMkMSMkMCMkMTMkMzgxNzAyIzExIyQxIyQ3IyQ4OSQzNjEwMDIjNjEjJDEjJDgjJDgz,미량한의원,47930,한의원,"경상북도 울진군 북면 울진북로 2076, 미량한의원",2016-11-08,0,37.1017134,129.3730137,False,22.63
JDQ4MTYyMiM4MSMkMSMkMCMkNzIkMzgxOTYxIzIxIyQxIyQ1IyQ2MiQyNjEyMjIjNzEjJDEjJDgjJDgz,민치과의원,47930,치과의원,"경상북도 울진군 울진읍 울진중앙로 120, 120",1997-04-25,0,36.9922676,129.4014428,False,12.6
JDQ4MTYyMiM4MSMkMSMkMCMkNzIkMzgxMTkxIzExIyQxIyQzIyQ5OSQzNjE4MzIjNDEjJDEjJDQjJDgz,분당미치과의원,47930,치과의원,"경상북도 울진군 울진읍 울진중앙로 126, 126",2005-02-15,0,36.9927287,129.4013788,False,12.63
JDQ4MTYyMiM4MSMkMSMkMCMkMTMkNDgxMzUxIzExIyQxIyQzIyQxMyQzNjE4MzIjNDEjJDEjJDQjJDgz,삼문한의원,47930,한의원,"경상북도 울진군 평해읍 평해3길 10, (평해읍)",1998-05-07,0,36.7241961,129.4412299,False,23.03
JDQ4MTYyMiM4MSMkMiMkMCMkMDAkMzgxNzAyIzUxIyQxIyQ1IyQ5MiQ0NjEwMDIjNjEjJDEjJDgjJDgz,삼성의원,47930,의원,"경상북도 울진군 북면 장터길 100, 100",2004-04-23,0,37.1035014,129.3750588,False,22.87
JDQ4MTYyMiM4MSMkMiMkMCMkMDAkNDgxMzUxIzUxIyQxIyQ1IyQ3OSQ0NjEwMDIjNDEjJDEjJDgjJDgz,서울의원,47930,의원,"경상북도 울진군 후포면 울진대게로 24-6, (후포면)",2005-03-30,0,36.6771689,129.4429255,False,27.76
JDQ4MTYyMiM4MSMkMSMkMCMkNzIkMzgxMTkxIzMxIyQyIyQzIyQwMCQzNjE0ODEjNjEjJDEjJDAjJDgz,서울치과의원,47930,치과의원,"경상북도 울진군 울진읍 읍내7길 20-3, (울진읍)",2018-04-18,0,36.9940426,129.4025585,False,12.81
JDQ4MTYyMiM4MSMkMSMkMCMkMTMkMzgxNzAyIzIxIyQxIyQxIyQ2MiQzNjE4MzIjNDEjJDEjJDgjJDgz,성심한의원,47930,한의원,"경상북도 울진군 울진읍 읍내로 4-1, (울진읍)",1987-02-21,0,36.990886,129.4009629,False,12.45
JDQ4MTYyMiM4MSMkMiMkMCMkMDAkMzgxNzAyIzExIyQxIyQ3IyQ5OSQzNjEyMjIjNjEjJDEjJDAjJDgz,손상문외과의원,47930,의원,"경상북도 울진군 후포면 삼율2길 25, (후포면)",2004-06-17,0,36.6788431,129.4432727,False,27.6
JDQ4MTYyMiM4MSMkMiMkMCMkMDAkNDgxOTYxIzIxIyQxIyQ1IyQ5MiQ0NjE0ODEjNDEjJDEjJDgjJDgz,시원한마취통증의학과의원,47930,의원,"경상북도 울진군 후포면 후포삼율로 98, 2층",2016-08-24,0,36.678639,129.4417425,False,27.56
JDQ4MTYyMiM4MSMkMSMkMCMkMTMkNDgxMzUxIzMxIyQxIyQ3IyQ3OSQyNjEyMjIjNDEjJDEjJDgjJDgz,양앤정한의원,47930,한의원,"경상북도 울진군 울진읍 읍내7길 21, (울진읍)",2014-11-20,0,36.9943517,129.402515,False,12.84
JDQ4MTYyMiM4MSMkMiMkMCMkMDAkMzgxNzAyIzUxIyQxIyQ1IyQ5MiQyNjE0ODEjNTEjJDEjJDIjJDgz,연세가정의학과의원,47930,의원,"경상북도 울진군 평해읍 평해로 71, (평해읍)",2004-05-01,0,36.7268681,129.4414963,False,22.79
JDQ4MTYyMiM4MSMkMSMkMCMkNzIkMzgxMTkxIzMxIyQxIyQ3IyQ4MiQzNjE4MzIjNzEjJDEjJDgjJDgz,연세백치과의원,47930,치과의원,"경상북도 울진군 죽변면 죽변북로 24, 하이e스쿨 2층",2024-08-29,0,37.0615557,129.4210971,False,20.0
JDQ4MTYyMiM4MSMkMiMkMCMkMDAkMzgxNzAyIzMxIyQxIyQ3IyQ4MiQyNjEwMDIjNjEjJDEjJDAjJDgz,연세의원,47930,의원,"경상북도 울진군 죽변면 죽변북로 15, 연세의원",2025-08-07,0,37.0607195,129.4209157,False,19.91
JDQ4MTYyMiM4MSMkMSMkMCMkNzIkMzgxMTkxIzQxIyQxIyQ3IyQ4MiQzNjE0ODEjODEjJDEjJDYjJDgz,연세중앙치과의원,47930,치과의원,"경상북도 울진군 북면 울진북로 2093, (북면)",2017-04-19,0,37.1031876,129.3738009,False,22.81
JDQ4MTYyMiM4MSMkMSMkMCMkNzIkMzgxOTYxIzUxIyQxIyQ1IyQ3MiQyNjEyMjIjNTEjJDEjJDIjJDgz,우리치과의원,47930,치과의원,"경상북도 울진군 후포면 후포삼율로 121, 121",2002-04-11,0,36.6808956,129.4424145,False,27.36
JDQ4MTYyMiM4MSMkMSMkMCMkMTMkNDgxOTYxIzExIyQxIyQ3IyQxMyQzNjEyMjIjNTEjJDEjJDYjJDgz,우리한의원,47930,한의원,"경상북도 울진군 죽변면 죽변북로 19, (죽변면)",2009-01-07,0,37.0612291,129.42081,False,19.95
JDQ4MTYyMiM4MSMkMSMkMCMkOTIkMzgxOTYxIzIxIyQyIyQxIyQwMCQ0NjEwMDIjNDEjJDEjJDQjJDgz,울진군근남면보건지소,47930,보건지소,"경상북도 울진군 근남면 노음4길 6-7, (근남면)",2014-04-17,0,36.9627893,129.394463,False,9.78
JDQ4MTYyMiM4MSMkMSMkMCMkOTIkMzgxNzAyIzExIyQxIyQzIyQ3MiQzNjE4MzIjNjEjJDEjJDgjJDgz,울진군근남면진복보건진료소,47930,보건진료소,"경상북도 울진군 근남면 매오길 443, (진복보건소)",1984-10-02,0,36.9283346,129.4168667,False,9.65
JDQ4MTYyMiM4MSMkMSMkMCMkOTIkMzgxNzAyIzExIyQxIyQzIyQ4MiQzNjE4MzIjNTEjJDEjJDYjJDgz,울진군금강송면광회보건진료소,47930,보건진료소,"경상북도 울진군 금강송면 남회룡로 1515-8, (광회보건진료소)",1984-10-14,0,36.9282736,129.1350091,False,16.03
JDQ4MTYyMiM4MSMkMSMkMCMkOTIkMzgxOTYxIzExIyQxIyQzIyQ2MiQyNjE4MzIjNjEjJDEjJDQjJDgz,울진군금강송면보건지소,47930,보건지소,"경상북도 울진군 금강송면 불영계곡로 1691, 1691",1987-02-11,0,36.9343705,129.2471582,False,6.74
JDQ4MTYyMiM4MSMkMSMkMCMkOTIkMzgxNzAyIzExIyQxIyQzIyQ4MiQzNjE0ODEjODEjJDEjJDYjJDgz,울진군금강송면왕피보건진료소,47930,보건진료소,"경상북도 울진군 금강송면 왕피길 1435, (왕피보건진료소)",1986-07-14,0,36.8930551,129.2872801,False,2.56
JDQ4MTYyMiM4MSMkMSMkMCMkOTIkMzgxNzAyIzExIyQxIyQzIyQ4MiQ0NjE0ODEjNDEjJDEjJDgjJDgz,울진군기성면구산보건진료소,47930,보건진료소,"경상북도 울진군 기성면 구산길 186, (기성면)",1985-10-09,0,36.7611579,129.4676328,False,21.03
JDQ4MTYyMiM4MSMkMSMkMCMkOTIkMzgxNzAyIzExIyQxIyQzIyQ4MiQyNjE4MzIjNDEjJDEjJDgjJDgz,울진군기성면다천보건진료소,47930,보건진료소,"경상북도 울진군 기성면 정다이로 677-0, (다천보건진료소)",1984-10-02,0,36.788919,129.3985333,False,14.9
JDQ4MTYyMiM4MSMkMSMkMCMkOTIkMzgxOTYxIzIxIyQxIyQxIyQ5OSQzNjE4MzIjNjEjJDEjJDgjJDgz,울진군기성면보건지소,47930,보건지소,"경상북도 울진군 기성면 기성로 665, 665",1988-07-20,0,36.7985736,129.4529212,False,17.12
JDQ4MTYyMiM4MSMkMSMkMCMkOTIkMzgxNzAyIzExIyQxIyQzIyQ4MiQyNjE0ODEjNjEjJDEjJDgjJDgz,울진군기성면사동보건진료소,47930,보건진료소,"경상북도 울진군 기성면 사동1길 18, (사동 보건진료소)",1985-10-10,0,36.8289209,129.4366976,False,13.83
JDQ4MTYyMiM4MSMkMSMkMCMkOTIkMzgxNzAyIzExIyQxIyQzIyQ3MiQzNjEyMjIjODEjJDEjJDIjJDgz,울진군매화면갈면보건진료소,47930,보건진료소,"경상북도 울진군 매화면 갈면대평길 237, (갈면보건진료소)",1981-10-04,0,36.864466,129.3460592,False,5.3
JDQ4MTYyMiM4MSMkMSMkMCMkOTIkMzgxOTYxIzExIyQxIyQzIyQ2MiQyNjEyMjIjNzEjJDEjJDgjJDgz,울진군매화면보건지소,47930,보건지소,"경상북도 울진군 매화면 매화4길 5, (매화면 보건지소)",1987-02-11,0,36.9130291,129.3803463,False,6.1
JDQ4MTYyMiM4MSMkMSMkMCMkOTIkMzgxNzAyIzExIyQxIyQzIyQ4MiQyNjEwMDIjNjEjJDEjJDAjJDgz,울진군매화면오산보건진료소,47930,보건진료소,"경상북도 울진군 매화면 망양정로 49-0, 49",1985-12-12,0,36.8885395,129.4148274,False,9.24
JDQ4MTYyMiM4MSMkMSMkMCMkOTIkMzgxMzUxIzExIyQxIyQzIyQ2MiQyNjE4MzIjNDEjJDEjJDQjJDgz,울진군보건소,47930,보건소,"경상북도 울진군 울진읍 읍내8길 61-8, (울진읍)",1983-11-04,0,36.9958829,129.4045402,False,13.08
JDQ4MTYyMiM4MSMkMSMkMCMkOTIkMzgxOTYxIzIxIyQxIyQxIyQ2MiQyNjE0ODEjNTEjJDEjJDYjJDgz,울진군북면보건지소,47930,보건지소,"경상북도 울진군 북면 부구4길 29-15, 울진군 북면 흥부문화센터",2014-04-17,0,37.1036327,129.3727594,False,22.83
JDQ4MTYyMiM4MSMkMSMkMCMkOTIkMzgxNzAyIzExIyQxIyQzIyQ4MiQzNjEyMjIjNjEjJDEjJDQjJDgz,울진군북면소곡보건진료소,47930,보건진료소,"경상북도 울진군 북면 박금소야로 456, 456",1986-07-10,0,37.0518472,129.351038,False,16.79
JDQ4MTYyMiM4MSMkMSMkMCMkOTIkMzgxNzAyIzExIyQxIyQzIyQ4MiQyNjEyMjIjNTEjJDEjJDIjJDgz,울진군북면하당보건진료소,47930,보건진료소,"경상북도 울진군 북면 하당3길 34, (하당보건진료소)",1987-12-03,0,37.0386866,129.3185197,False,14.99
JDQ4MTYyMiM4MSMkMSMkMCMkOTIkMzgxNzAyIzExIyQxIyQzIyQ5MiQyNjE0ODEjNTEjJDEjJDYjJDgz,울진군온정면덕산보건진료소,47930,보건진료소,"경상북도 울진군 온정면 하덕산길 50, (덕산보건진료소)",1985-10-10,0,36.6945077,129.3734315,False,23.91
JDQ4MTYyMiM4MSMkMSMkMCMkOTIkMzgxOTYxIzExIyQxIyQzIyQ2MiQyNjEwMDIjODEjJDEjJDYjJDgz,울진군온정면보건지소,47930,보건지소,"경상북도 울진군 온정면 온정학교길 46, (온정보건지소)",1987-02-11,0,36.7239286,129.3464531,False,20.24
JDQ4MTYyMiM4MSMkMSMkMCMkOTIkMzgxNzAyIzExIyQxIyQzIyQ4MiQ0NjEwMDIjNDEjJDEjJDQjJDgz,울진군온정면선구보건진료소,47930,보건진료소,"경상북도 울진군 온정면 백암온천로 845, (선구리보건진료소)",1982-10-04,0,36.7513942,129.336734,False,17.1
JDQ4MTYyMiM4MSMkMSMkMCMkOTIkMzgxNzAyIzExIyQxIyQzIyQ4MiQzNjEwMDIjNzEjJDEjJDgjJDgz,울진군울진읍신림보건진료소,47930,보건진료소,"경상북도 울진군 울진읍 대흥신림로 714-35, (신림보건진료소)",1984-10-02,0,37.0045369,129.344766,False,11.54
JDQ4MTYyMiM4MSMkMSMkMCMkOTkkMzgxMzUxIzExIyQxIyQ3IyQ4MiQyNjE0ODEjNTEjJDEjJDYjJDgz,울진군의료원,47930,병원,"경상북도 울진군 울진읍 현내항길 71, (울진읍)",2003-02-13,91,36.9926961,129.4095737,True,13.1
JDQ4MTYyMiM4MSMkMSMkMCMkOTkkNTgxMzUxIzIxIyQxIyQxIyQ3OSQyNjEyMjIjNjEjJDEjJDgjJDgz,울진군의료원요양병원,47930,요양병원,"경상북도 울진군 울진읍 현내항길 71, (울진읍)",2011-07-21,86,36.9926961,129.4095737,True,13.1
JDQ4MTYyMiM4MSMkMSMkMCMkOTIkMzgxOTYxIzIxIyQxIyQxIyQ2MiQyNjEwMDIjNDEjJDEjJDgjJDgz,울진군죽변면보건지소,47930,보건지소,"경상북도 울진군 죽변면 죽변2길 29, (죽변면)",2014-04-17,0,37.0612612,129.4227623,False,20.04
JDQ4MTYyMiM4MSMkMSMkMCMkOTIkMzgxOTYxIzExIyQxIyQ3IyQ5MiQzNjEwMDIjNDEjJDEjJDQjJDgz,울진군평해읍보건지소,47930,보건지소,"경상북도 울진군 평해읍 평해로 42, (평해보건지소)",1987-02-11,0,36.7245002,129.4407427,False,22.98
JDQ4MTYyMiM4MSMkMSMkMCMkOTIkMzgxNzAyIzExIyQxIyQzIyQ3MiQ0NjEwMDIjNTEjJDEjJDIjJDgz,울진군평해읍오곡보건진료소,47930,보건진료소,"경상북도 울진군 평해읍 오곡2길 170-0, (오곡보건진료소)",1986-07-10,0,36.7497625,129.4355493,False,20.34
JDQ4MTYyMiM4MSMkMSMkMCMkOTIkMzgxNzAyIzExIyQxIyQzIyQ3MiQ0NjE0ODEjNjEjJDEjJDAjJDgz,울진군평해읍직산보건진료소,47930,보건진료소,"경상북도 울진군 평해읍 직고개길 27, (직산보건진료소)",1984-10-04,0,36.7200976,129.4706954,False,24.82
JDQ4MTYyMiM4MSMkMSMkMCMkOTIkMzgxOTYxIzIxIyQxIyQxIyQ2MiQyNjEyMjIjNDEjJDEjJDQjJDgz,울진군후포면보건지소,47930,보건지소,"경상북도 울진군 후포면 후포로 218, 후포면보건지소",2014-04-17,0,36.680154,129.4617127,False,28.2
JDQ4MTYyMiM4MSMkMSMkMCMkOTIkMzgxNzAyIzIxIyQxIyQ1IyQ3MiQzNjEyMjIjNzEjJDEjJDgjJDgz,울진군후포면후포보건진료소,47930,보건진료소,"경상북도 울진군 후포면 울진대게로 333, (후포면)",2009-10-01,0,36.6866725,129.4645082,False,27.69
JDQ4MTYyMiM4MSMkMiMkMCMkMDAkNDgxMzUxIzExIyQxIyQ3IyQ2MiQzNjEwMDIjNjEjJDEjJDgjJDgz,울진마취통증의학과의원,47930,의원,"경상북도 울진군 울진읍 울진중앙로 118, (울진읍)",2005-04-15,0,36.9920945,129.4014138,False,12.58
JDQ4MTYyMiM4MSMkMiMkMCMkMDAkNDgxOTYxIzIxIyQxIyQxIyQxMyQyNjEyMjIjNDEjJDEjJDQjJDgz,울진지청현의원,47930,의원,"경상북도 울진군 울진읍 연호로 8, (울진읍)",2013-01-28,0,36.9935168,129.4020391,False,12.74
JDQ4MTYyMiM4MSMkMSMkMCMkOTkkNTgxMzUxIzExIyQxIyQ3IyQ4MiQzNjEyMjIjNjEjJDEjJDgjJDgz,의료법인동제의료재단 오차드요양병원,47930,요양병원,"경상북도 울진군 후포면 동해대로 441, (후포면)",2009-07-27,103,36.6792812,129.4357205,True,27.28
JDQ4MTYyMiM4MSMkMSMkMCMkNzIkMzgxOTYxIzIxIyQxIyQ1IyQ2MiQyNjEwMDIjODEjJDEjJDYjJDgz,이플란트치과의원,47930,치과의원,"경상북도 울진군 후포면 삼율4길 4, 김외과의원",2025-12-01,0,36.6815299,129.4431275,False,27.32
JDQ4MTYyMiM4MSMkMiMkMCMkMDAkNDgxMTkxIzIxIyQxIyQ1IyQ5OSQ0NjE0ODEjNDEjJDEjJDQjJDgz,재단법인 대한불교관음종 서울연합정형외과의원,47930,의원,"경상북도 울진군 울진읍 울진중앙로 117, 서울연합외과의원 2층",2021-02-26,14,36.992228,129.4009086,False,12.56
JDQ4MTYyMiM4MSMkMSMkMCMkMTMkNDgxMzUxIzQxIyQxIyQ3IyQwMyQ0NjE0ODEjNjEjJDEjJDQjJDgz,정심한의원,47930,한의원,"경상북도 울진군 후포면 후포삼율로 121, 정심한의원",2006-02-22,0,36.6808956,129.4424145,False,27.36
JDQ4MTYyMiM4MSMkMiMkMCMkMDAkNDgxMzUxIzIxIyQxIyQxIyQ2MiQyNjEwMDIjNDEjJDEjJDQjJDgz,제일안과의원,47930,의원,"경상북도 울진군 울진읍 울진중앙로 118, (울진읍)",2005-12-05,2,36.9920945,129.4014138,False,12.58
JDQ4MTYyMiM4MSMkMSMkMCMkNzIkMzgxOTYxIzExIyQxIyQ3IyQ5MiQzNjEyMjIjODEjJDEjJDYjJDgz,제일치과의원,47930,치과의원,"경상북도 울진군 울진읍 울진중앙로 116-1, 116",1999-11-24,0,36.9919403,129.4013994,False,12.56
JDQ4MTYyMiM4MSMkMSMkMCMkNzIkMzgxMTkxIzExIyQxIyQ3IyQ3OSQyNjE0ODEjNjEjJDEjJDAjJDgz,죽변 미소치과의원,47930,치과의원,"경상북도 울진군 죽변면 죽변북로 22, (죽변면)",2013-07-15,0,37.0612887,129.4211444,False,19.97
JDQ4MTYyMiM4MSMkMiMkMCMkMDAkMzgxNzAyIzExIyQxIyQ3IyQ5MiQ0NjEwMDIjNjEjJDEjJDQjJDgz,하나로내과의원,47930,의원,"경상북도 울진군 울진읍 울진중앙로 136, 울진농협 3층",2001-01-22,0,36.9937912,129.4016685,False,12.74
JDQ4MTYyMiM4MSMkMiMkMCMkMDAkNDgxMTkxIzIxIyQxIyQxIyQxMyQyNjE4MzIjNTEjJDEjJDYjJDgz,한국수력원자력(주)한울본부 부속의원,47930,의원,"경상북도 울진군 북면 울진북로 2040, (북면)",2020-10-16,0,37.0973811,129.3770668,False,22.25
JDQ4MTYyMiM4MSMkMiMkMCMkMDAkNDgxMzUxIzIxIyQxIyQ1IyQwMyQyNjEyMjIjNTEjJDEjJDYjJDgz,현대의원,47930,의원,"경상북도 울진군 죽변면 죽변북로 16, 현대의원 2층",2006-08-01,0,37.0607173,129.4213344,False,19.92
JDQ4MTYyMiM4MSMkMSMkMCMkNzIkMzgxMTkxIzExIyQxIyQzIyQ4OSQzNjEyMjIjNjEjJDEjJDAjJDgz,현대치과의원,47930,치과의원,"경상북도 울진군 북면 장터길 94, 94",2004-12-22,0,37.1032109,129.3749917,False,22.84
JDQ4MTYyMiM4MSMkMSMkMCMkNzIkMzgxMzUxIzQxIyQxIyQ3IyQ5OSQzNjE0ODEjODEjJDEjJDYjJDgz,혜민치과의원,47930,치과의원,"경상북도 울진군 후포면 후포삼율로 134, 2층 (혜민치과)",1995-06-28,0,36.6818167,129.4431639,False,27.3
JDQ4MTYyMiM4MSMkMSMkMCMkMTMkNDgxOTYxIzUxIyQxIyQ1IyQ3OSQyNjEyMjIjNjEjJDEjJDgjJDgz,홍익한의원,47930,한의원,"경상북도 울진군 울진읍 울진중앙로 122, 2층 (홍익한의원)",2016-04-29,0,36.9925048,129.401348,False,12.61
JDQ4MTYyMiM4MSMkMSMkMCMkOTIkMzgxNzAyIzIxIyQxIyQ1IyQ3MiQ0NjE0ODEjNTEjJDEjJDYjJDgz,남양보건진료소,47940,보건진료소,"경상북도 울릉군 서면 남양4길 28, (서면)",2025-05-07,0,37.4673632,130.8379853,False,4.45
JDQ4MTYyMiM4MSMkMSMkMCMkNzIkMzgxMTkxIzIxIyQxIyQ1IyQ5OSQzNjE0ODEjNjEjJDEjJDAjJDgz,미소치과의원,47940,치과의원,"경상북도 울릉군 울릉읍 도동3길 3, (2층)",2014-12-22,0,37.4835567,130.9059862,False,4.28
JDQ4MTYyMiM4MSMkMSMkMCMkMTMkNDgxOTYxIzUxIyQyIyQ1IyQwMCQzNjEyMjIjNDEjJDEjJDgjJDgz,시온한의원,47940,한의원,"경상북도 울릉군 울릉읍 봉래길 65, (울릉읍)",2008-08-26,0,37.493975,130.9063376,False,3.89
JDQ4MTYyMiM4MSMkMSMkMCMkOTIkNDgxNzAyIzExIyQxIyQzIyQ3OSQyNjE4MzIjODEjJDEjJDYjJDgz,울릉군보건의료원,47940,보건의료원,"경상북도 울릉군 울릉읍 울릉순환로 396-18, (울릉읍)",1963-02-13,21,37.4858676,130.8995244,True,3.65
JDQ4MTYyMiM4MSMkMSMkMCMkOTIkMzgxNzAyIzIxIyQxIyQ1IyQ2MiQ0NjE0ODEjNjEjJDEjJDgjJDgz,저동보건진료소,47940,보건진료소,"경상북도 울릉군 울릉읍 저동1길 24, (울릉읍)",1983-01-01,0,37.4963892,130.9084375,False,4.02
JDQ4MTYyMiM4MSMkMSMkMCMkOTIkMzgxNzAyIzIxIyQxIyQ1IyQ3MiQzNjE4MzIjNjEjJDEjJDQjJDgz,천부보건진료소,47940,보건진료소,"경상북도 울릉군 북면 천부1길 25, (북면)",2025-05-07,0,37.541595,130.8741314,False,4.51
JDQ4MTYyMiM4MSMkMSMkMCMkOTIkMzgxNzAyIzIxIyQxIyQ1IyQ3MiQyNjE0ODEjODEjJDEjJDIjJDgz,태하보건진료소,47940,보건진료소,"경상북도 울릉군 서면 태하길 214-3, 214",1983-01-01,0,37.512349,130.798694,False,5.82
JDQ4MTYyMiM4MSMkMSMkMCMkOTIkMzgxNzAyIzIxIyQxIyQ1IyQ3MiQyNjEyMjIjNjEjJDEjJDAjJDgz,현포보건진료소,47940,보건진료소,"경상북도 울릉군 북면 울릉순환로 2624-21, 2624",1984-01-01,0,37.5251916,130.8253456,False,4.24
