demand_id,hospital_id,route_distance_km,route_duration_min,route_status,collected_at,straight_distance_km
37011110,JDQ4MTYyMiM4MSMkMSMkMCMkOTkkMzgxMzUxIzExIyQxIyQzIyQ4MiQ0NjE0ODEjNTEjJDEjJDIjJDgz,18.661,23.72,ok,2026-08-10T12:31:23.786384+00:00,10.629
37011110,JDQ4MTYyMiM4MSMkMSMkMCMkOTkkNTgxMzUxIzIxIyQxIyQ1IyQ5MiQ0NjE0ODEjNTEjJDEjJDIjJDgz,17.665,23.32,ok,2026-08-10T12:31:23.930675+00:00,11.441
37011110,JDQ4MTYyMiM4MSMkMSMkMCMkOTkkNTgxMzUxIzExIyQxIyQ3IyQ5MiQ0NjEwMDIjODEjJDEjJDIjJDgz,22.542,32.5,ok,2026-08-10T12:31:24.106833+00:00,15.179
37011110,JDQ4MTYyMiM4MSMkMSMkMCMkOTkkNTgxMzUxIzExIyQxIyQ3IyQxMyQzNjE4MzIjNjEjJDEjJDgjJDgz,20.735,28.53,ok,2026-08-10T12:31:24.234013+00:00,15.464
37011110,JDQ4MTYyMiM4MSMkMSMkMCMkOTkkNTgxMzUxIzIxIyQxIyQxIyQwMyQzNjEyMjIjNzEjJDEjJDgjJDgz,21.09,29.9,ok,2026-08-10T12:31:24.381416+00:00,15.517
37011120,JDQ4MTYyMiM4MSMkMSMkMCMkODkkMzgxMzUxIzExIyQxIyQzIyQ3OSQzNjEyMjIjODEjJDEjJDIjJDgz,3.986,8.63,ok,2026-08-10T12:31:24.533942+00:00,2.478
37011120,JDQ4MTYyMiM4MSMkMSMkMCMkOTkkNTgxMzUxIzIxIyQxIyQ1IyQ2MiQyNjE0ODEjNjEjJDEjJDQjJDgz,6.862,12.07,ok,2026-08-10T12:31:24.723222+00:00,3.454
37011120,JDQ4MTYyMiM4MSMkMSMkMCMkODkkMzgxMzUxIzExIyQxIyQzIyQ2MiQzNjE4MzIjNjEjJDEjJDQjJDgz,6.307,13.25,ok,2026-08-10T12:31:24.860464+00:00,3.669
37011120,JDQ4MTYyMiM4MSMkMSMkMCMkOTkkMzgxMzUxIzExIyQxIyQzIyQ5MiQzNjE0ODEjNzEjJDEjJDgjJDgz,4.614,10.5,ok,2026-08-10T12:31:24.982905+00:00,3.757
37011120,JDQ4MTYyMiM4MSMkMSMkMCMkOTkkMzgxMzUxIzIxIyQxIyQ1IyQwMyQ0NjE0ODEjNjEjJDEjJDgjJDgz,4.9,11.23,ok,2026-08-10T12:31:25.091509+00:00,3.849
37011130,JDQ4MTYyMiM4MSMkMSMkMCMkOTkkMzgxMzUxIzExIyQxIyQzIyQ4MiQ0NjE0ODEjNTEjJDEjJDIjJDgz,11.66,14.43,ok,2026-08-10T12:31:25.205410+00:00,6.584
37011130,JDQ4MTYyMiM4MSMkMSMkMCMkOTkkNTgxMzUxIzIxIyQxIyQ1IyQ5MiQ0NjE0ODEjNTEjJDEjJDIjJDgz,9.054,14.15,ok,2026-08-10T12:31:25.349358+00:00,7.086
37011130,JDQ4MTYyMiM4MSMkMSMkMCMkOTkkNTgxMzUxIzIxIyQxIyQ1IyQ2MiQyNjE0ODEjNjEjJDEjJDQjJDgz,11.385,11.1,ok,2026-08-10T12:31:25.493826+00:00,8.479
37011130,JDQ4MTYyMiM4MSMkMSMkMCMkOTkkMzgxMzUxIzIxIyQxIyQ1IyQwMyQ0NjE0ODEjNjEjJDEjJDgjJDgz,15.459,18.5,ok,2026-08-10T12:31:25.651117+00:00,11.116
37011130,JDQ4MTYyMiM4MSMkMSMkMCMkOTkkNTgxMzUxIzIxIyQyIyQ1IyQwMCQ0NjE0ODEjNTEjJDEjJDYjJDgz,16.145,22.33,ok,2026-08-10T12:31:25.787579+00:00,11.148
37011310,JDQ4MTYyMiM4MSMkMSMkMCMkOTkkNTgxMzUxIzIxIyQxIyQ1IyQ2MiQyNjE0ODEjNjEjJDEjJDQjJDgz,6.415,13.92,ok,2026-08-10T12:31:25.963778+00:00,4.075
37011310,JDQ4MTYyMiM4MSMkMSMkMCMkOTkkNTgxMzUxIzIxIyQxIyQ1IyQ5MiQ0NjE0ODEjNTEjJDEjJDIjJDgz,9.62,20.28,ok,2026-08-10T12:31:26.092589+00:00,6.483
37011310,JDQ4MTYyMiM4MSMkMSMkMCMkOTkkMzgxMzUxIzExIyQxIyQzIyQ4MiQ0NjE0ODEjNTEjJDEjJDIjJDgz,10.921,23.18,ok,2026-08-10T12:31:26.240871+00:00,6.792
37011310,JDQ4MTYyMiM4MSMkMSMkMCMkOTkkMzgxMzUxIzIxIyQxIyQ1IyQwMyQ0NjE0ODEjNjEjJDEjJDgjJDgz,8.858,19.38,ok,2026-08-10T12:31:26.336657+00:00,7.66
37011310,JDQ4MTYyMiM4MSMkMSMkMCMkOTkkNTgxMzUxIzIxIyQyIyQ1IyQwMCQ0NjE0ODEjNTEjJDEjJDYjJDgz,9.645,21.4,ok,2026-08-10T12:31:26.480844+00:00,7.923
37011320,JDQ4MTYyMiM4MSMkMSMkMCMkOTkkMzgxMzUxIzExIyQxIyQzIyQ4MiQ0NjE0ODEjNTEjJDEjJDIjJDgz,12.629,24.03,ok,2026-08-10T12:31:26.626377+00:00,6.662
37011320,JDQ4MTYyMiM4MSMkMSMkMCMkOTkkNTgxMzUxIzIxIyQxIyQ1IyQ5MiQ0NjE0ODEjNTEjJDEjJDIjJDgz,11.633,23.6,ok,2026-08-10T12:31:26.763512+00:00,7.26
37011320,JDQ4MTYyMiM4MSMkMSMkMCMkOTkkNTgxMzUxIzExIyQxIyQ3IyQ5MiQ0NjEwMDIjODEjJDEjJDIjJDgz,16.51,32.77,ok,2026-08-10T12:31:26.918082+00:00,10.58
37011320,JDQ4MTYyMiM4MSMkMSMkMCMkOTkkNTgxMzUxIzExIyQxIyQ3IyQxMyQzNjE4MzIjNjEjJDEjJDgjJDgz,14.703,28.8,ok,2026-08-10T12:31:27.061665+00:00,10.862
37011320,JDQ4MTYyMiM4MSMkMSMkMCMkOTkkNTgxMzUxIzIxIyQxIyQxIyQwMyQzNjEyMjIjNzEjJDEjJDgjJDgz,15.058,30.17,ok,2026-08-10T12:31:27.209488+00:00,10.913
37011330,JDQ4MTYyMiM4MSMkMSMkMCMkOTkkMzgxMzUxIzExIyQxIyQzIyQ4MiQ0NjE0ODEjNTEjJDEjJDIjJDgz,14.807,32.28,estimated_no_road_origin,2026-08-10T12:31:27.342513+00:00,9.671
37011330,JDQ4MTYyMiM4MSMkMSMkMCMkOTkkNTgxMzUxIzIxIyQxIyQ1IyQ5MiQ0NjE0ODEjNTEjJDEjJDIjJDgz,16.457,35.88,estimated_no_road_origin,2026-08-10T12:31:27.419813+00:00,10.748
37011330,JDQ4MTYyMiM4MSMkMSMkMCMkOTkkNTgxMzUxIzIxIyQxIyQ1IyQ2MiQyNjE0ODEjNjEjJDEjJDQjJDgz,22.968,50.07,estimated_no_road_origin,2026-08-10T12:31:27.530268+00:00,15.001
37011330,JDQ4MTYyMiM4MSMkMSMkMCMkOTkkNTgxMzUxIzIxIyQyIyQ1IyQwMCQ0NjE0ODEjNTEjJDEjJDYjJDgz,24.741,53.94,estimated_no_road_origin,2026-08-10T12:31:27.647946+00:00,16.159
37011330,JDQ4MTYyMiM4MSMkMSMkMCMkOTkkNTgxMzUxIzExIyQxIyQ3IyQxMyQzNjE4MzIjNjEjJDEjJDgjJDgz,25.012,54.53,estimated_no_road_origin,2026-08-10T12:31:27.744162+00:00,16.336
37011350,JDQ4MTYyMiM4MSMkMSMkMCMkOTkkNTgxMzUxIzIxIyQyIyQ1IyQwMCQzNjEyMjIjNzEjJDEjJDgjJDgz,38.767,60.42,ok,2026-08-10T12:31:27.906757+00:00,14.593
37011350,JDQ4MTYyMiM4MSMkMSMkMCMkOTkkMzgxMzUxIzExIyQxIyQzIyQ4MiQ0NjE0ODEjNTEjJDEjJDIjJDgz,28.83,39.98,ok,2026-08-10T12:31:28.033508+00:00,15.068
37011350,JDQ4MTYyMiM4MSMkMSMkMCMkOTkkNTgxOTYxIzExIyQxIyQzIyQ5OSQyNjEyMjIjNTEjJDEjJDYjJDgz,56.344,57.67,ok,2026-08-10T12:31:28.199583+00:00,15.081
37011350,JDQ4MTYyMiM4MSMkMSMkMCMkOTkkNTgxMzUxIzExIyQxIyQzIyQxMyQzNjE4MzIjNDEjJDEjJDQjJDgz,55.994,57.18,ok,2026-08-10T12:31:28.374276+00:00,15.132
37011350,JDQ4MTYyMiM4MSMkMSMkMCMkOTkkNTgxMzUxIzIxIyQxIyQxIyQ5OSQzNjE4MzIjNDEjJDEjJDgjJDgz,56.355,57.35,ok,2026-08-10T12:31:28.533779+00:00,15.149
37011550,JDQ4MTYyMiM4MSMkMSMkMCMkOTkkNTgxMzUxIzExIyQxIyQ3IyQ5MiQ0NjEwMDIjODEjJDEjJDIjJDgz,0.535,2.48,ok,2026-08-10T12:31:28.629480+00:00,0.203
37011550,JDQ4MTYyMiM4MSMkMSMkMCMkOTkkNTgxMzUxIzIxIyQxIyQ1IyQ5OSQyNjE4MzIjNjEjJDEjJDQjJDgz,1.418,5.35,ok,2026-08-10T12:31:28.742165+00:00,0.837
37011550,JDQ4MTYyMiM4MSMkMSMkMCMkOTkkNTgxMzUxIzIxIyQxIyQxIyQ2MiQyNjE0ODEjODEjJDEjJDYjJDgz,1.332,5.7,ok,2026-08-10T12:31:28.847943+00:00,0.981
37011550,JDQ4MTYyMiM4MSMkMSMkMCMkOTkkNTgxMzUxIzIxIyQxIyQxIyQ2MiQ0NjEwMDIjNTEjJDEjJDIjJDgz,1.283,5.05,ok,2026-08-10T12:31:28.952745+00:00,1.04
37011550,JDQ4MTYyMiM4MSMkMSMkMCMkOTkkNTgxMzUxIzIxIyQxIyQxIyQ5OSQ0NjEwMDIjODEjJDEjJDIjJDgz,2.013,5.9,ok,2026-08-10T12:31:29.079819+00:00,1.102
37011560,JDQ4MTYyMiM4MSMkMSMkMCMkOTkkNTgxMzUxIzIxIyQxIyQ1IyQ5MiQ0NjE0ODEjNTEjJDEjJDIjJDgz,3.237,7.53,ok,2026-08-10T12:31:29.174854+00:00,1.668
37011560,JDQ4MTYyMiM4MSMkMSMkMCMkOTkkMzgxMzUxIzExIyQxIyQzIyQ4MiQ0NjE0ODEjNTEjJDEjJDIjJDgz,4.538,10.37,ok,2026-08-10T12:31:29.286456+00:00,2.262
37011560,JDQ4MTYyMiM4MSMkMSMkMCMkOTkkNTgxMzUxIzExIyQxIyQ3IyQxMyQzNjE4MzIjNjEjJDEjJDgjJDgz,6.307,12.7,ok,2026-08-10T12:31:29.422846+00:00,5.035
37011560,JDQ4MTYyMiM4MSMkMSMkMCMkOTkkNTgxMzUxIzIxIyQxIyQxIyQwMyQzNjEyMjIjNzEjJDEjJDgjJDgz,6.662,14.07,ok,2026-08-10T12:31:29.550769+00:00,5.126
37011560,JDQ4MTYyMiM4MSMkMSMkMCMkOTkkNTgxMzUxIzIxIyQyIyQ1IyQwMCQ0NjE0ODEjNTEjJDEjJDYjJDgz,6.226,13.5,ok,2026-08-10T12:31:29.675242+00:00,5.154
37011570,JDQ4MTYyMiM4MSMkMSMkMCMkOTkkNTgxMzUxIzIxIyQyIyQ1IyQwMCQ0NjE0ODEjNTEjJDEjJDYjJDgz,2.809,6.73,ok,2026-08-10T12:31:29.802762+00:00,2.607
37011570,JDQ4MTYyMiM4MSMkMSMkMCMkOTkkNTgxMzUxIzExIyQxIyQ3IyQxMyQzNjE4MzIjNjEjJDEjJDgjJDgz,2.89,5.95,ok,2026-08-10T12:31:29.946744+00:00,2.661
37011570,JDQ4MTYyMiM4MSMkMSMkMCMkOTkkNTgxMzUxIzIxIyQxIyQxIyQwMyQzNjEyMjIjNzEjJDEjJDgjJDgz,3.245,7.3,ok,2026-08-10T12:31:30.083495+00:00,2.777
37011570,JDQ4MTYyMiM4MSMkMSMkMCMkODkkMzgxMzUxIzExIyQxIyQzIyQ5OSQyNjEwMDIjNDEjJDEjJDgjJDgz,3.008,7.07,ok,2026-08-10T12:31:30.207759+00:00,2.902
37011570,JDQ4MTYyMiM4MSMkMSMkMCMkOTkkNTgxMzUxIzIxIyQxIyQ1IyQ5MiQ0NjE0ODEjNTEjJDEjJDIjJDgz,3.81,7.97,ok,2026-08-10T12:31:30.331627+00:00,2.936
37011580,JDQ4MTYyMiM4MSMkMSMkMCMkODkkMzgxMzUxIzExIyQxIyQzIyQ3OSQzNjEyMjIjODEjJDEjJDIjJDgz,3.554,7.72,ok,2026-08-10T12:31:30.457985+00:00,1.477
37011580,JDQ4MTYyMiM4MSMkMSMkMCMkODkkMzgxMzUxIzExIyQxIyQzIyQ2MiQzNjE4MzIjNjEjJDEjJDQjJDgz,4.111,9.3,ok,2026-08-10T12:31:30.569989+00:00,1.782
37011580,JDQ4MTYyMiM4MSMkMSMkMCMkOTkkMzgxMzUxIzExIyQxIyQzIyQ5MiQzNjE0ODEjNzEjJDEjJDgjJDgz,4.316,9.75,ok,2026-08-10T12:31:30.707630+00:00,2.527
37011580,JDQ4MTYyMiM4MSMkMSMkMCMkOTkkNTgxOTYxIzExIyQxIyQzIyQ5OSQyNjE4MzIjNDEjJDEjJDgjJDgz,5.036,11.42,ok,2026-08-10T12:31:30.835066+00:00,2.576
37011580,JDQ4MTYyMiM4MSMkMSMkMCMkOTkkMzgxMzUxIzExIyQxIyQ3IyQ4MiQzNjEyMjIjNTEjJDEjJDIjJDgz,4.568,12.93,ok,2026-08-10T12:31:30.978970+00:00,2.717
37011590,JDQ4MTYyMiM4MSMkMSMkMCMkODkkMzgxMzUxIzExIyQxIyQzIyQ2MiQzNjE4MzIjNjEjJDEjJDQjJDgz,1.955,4.12,ok,2026-08-10T12:31:31.105607+00:00,1.097
37011590,JDQ4MTYyMiM4MSMkMSMkMCMkODkkMzgxMzUxIzExIyQxIyQzIyQ3OSQzNjEyMjIjODEjJDEjJDIjJDgz,1.398,2.6,ok,2026-08-10T12:31:31.235171+00:00,1.149
37011590,JDQ4MTYyMiM4MSMkMSMkMCMkOTkkNTgxOTYxIzExIyQxIyQzIyQ5OSQyNjE4MzIjNDEjJDEjJDgjJDgz,2.699,7.42,ok,2026-08-10T12:31:31.342422+00:00,1.548
37011590,JDQ4MTYyMiM4MSMkMSMkMCMkOTkkMzgxMzUxIzExIyQxIyQzIyQ5MiQzNjE0ODEjNzEjJDEjJDgjJDgz,2.16,4.55,ok,2026-08-10T12:31:31.462106+00:00,1.588
37011590,JDQ4MTYyMiM4MSMkMSMkMCMkOTkkMzgxMzUxIzExIyQxIyQ3IyQ4MiQzNjEyMjIjNTEjJDEjJDIjJDgz,2.784,7.43,ok,2026-08-10T12:31:31.597767+00:00,1.767
37011600,JDQ4MTYyMiM4MSMkMSMkMCMkOTkkMzgxMzUxIzIxIyQxIyQ1IyQwMyQ0NjE0ODEjNjEjJDEjJDgjJDgz,0.681,2.5,ok,2026-08-10T12:31:31.716559+00:00,0.161
37011600,JDQ4MTYyMiM4MSMkMSMkMCMkOTkkNTgxMzUxIzIxIyQyIyQ1IyQwMCQ0NjE0ODEjNTEjJDEjJDYjJDgz,0.845,3.15,ok,2026-08-10T12:31:31.834932+00:00,0.698
37011600,JDQ4MTYyMiM4MSMkMSMkMCMkODkkMzgxMzUxIzExIyQxIyQzIyQ5OSQyNjEwMDIjNDEjJDEjJDgjJDgz,1.43,5.82,ok,2026-08-10T12:31:31.946633+00:00,0.747
37011600,JDQ4MTYyMiM4MSMkMSMkMCMkOTkkMzgxMzUxIzIxIyQxIyQxIyQ4MiQzNjEwMDIjNDEjJDEjJDgjJDgz,1.928,6.6,ok,2026-08-10T12:31:32.065205+00:00,1.07
37011600,JDQ4MTYyMiM4MSMkMSMkMCMkOTkkMzgxMzUxIzExIyQxIyQ3IyQ4MiQzNjEyMjIjNTEjJDEjJDIjJDgz,2.898,9.97,ok,2026-08-10T12:31:32.183876+00:00,1.102
37011610,JDQ4MTYyMiM4MSMkMSMkMCMkOTkkNTgxMzUxIzExIyQxIyQ3IyQxMyQzNjE4MzIjNjEjJDEjJDgjJDgz,0.308,1.38,ok,2026-08-10T12:31:32.279463+00:00,0.191
37011610,JDQ4MTYyMiM4MSMkMSMkMCMkOTkkNTgxMzUxIzIxIyQxIyQxIyQwMyQzNjEyMjIjNzEjJDEjJDgjJDgz,0.663,2.75,ok,2026-08-10T12:31:32.402889+00:00,0.304
37011610,JDQ4MTYyMiM4MSMkMSMkMCMkOTkkNTgxMzUxIzIxIyQyIyQ1IyQwMCQ0NjE0ODEjNTEjJDEjJDYjJDgz,1.097,4.43,ok,2026-08-10T12:31:32.502529+00:00,0.773
37011610,JDQ4MTYyMiM4MSMkMSMkMCMkODkkMzgxMzUxIzExIyQxIyQzIyQ5OSQyNjEwMDIjNDEjJDEjJDgjJDgz,1.119,4.37,ok,2026-08-10T12:31:32.624221+00:00,0.827
37011610,JDQ4MTYyMiM4MSMkMSMkMCMkOTkkMzgxMzUxIzIxIyQxIyQxIyQwMyQzNjEyMjIjNTEjJDEjJDYjJDgz,1.818,5.93,ok,2026-08-10T12:31:32.722819+00:00,1.222
37012110,JDQ4MTYyMiM4MSMkMSMkMCMkOTkkNTgxMzUxIzExIyQxIyQ3IyQ4OSQyNjEyMjIjNzEjJDEjJDgjJDgz,0.391,1.73,ok,2026-08-10T12:31:32.833243+00:00,0.277
37012110,JDQ4MTYyMiM4MSMkMSMkMCMkOTkkNTgxMzUxIzIxIyQxIyQxIyQwMyQyNjE4MzIjNTEjJDEjJDIjJDgz,3.392,5.93,ok,2026-08-10T12:31:32.928385+00:00,2.451
37012110,JDQ4MTYyMiM4MSMkMSMkMCMkOTkkNTgxMzUxIzExIyQxIyQ3IyQ4OSQyNjE0ODEjNDEjJDEjJDgjJDgz,5.009,9.25,ok,2026-08-10T12:31:33.057965+00:00,3.954
37012110,JDQ4MTYyMiM4MSMkMSMkMCMkOTkkMzgxMzUxIzIxIyQxIyQxIyQ5MiQyNjE0ODEjNzEjJDEjJDgjJDgz,4.829,8.93,ok,2026-08-10T12:31:33.173183+00:00,4.278
37012110,JDQ4MTYyMiM4MSMkMSMkMCMkOTkkNTgxMzUxIzExIyQxIyQ3IyQ2MiQ0NjE0ODEjODEjJDEjJDIjJDgz,5.166,10.13,ok,2026-08-10T12:31:33.316881+00:00,4.285
37012310,JDQ4MTYyMiM4MSMkMSMkMCMkOTkkNTgxMzUxIzExIyQxIyQ3IyQ4OSQyNjE0ODEjNDEjJDEjJDgjJDgz,11.773,21.8,ok,2026-08-10T12:31:33.476480+00:00,7.103
37012310,JDQ4MTYyMiM4MSMkMSMkMCMkOTkkNTgxMzUxIzExIyQxIyQ3IyQ4OSQyNjEyMjIjNzEjJDEjJDgjJDgz,11.037,20.7,ok,2026-08-10T12:31:33.591587+00:00,8.907
37012310,JDQ4MTYyMiM4MSMkMSMkMCMkOTkkNTgxMzUxIzIxIyQxIyQxIyQwMyQyNjE4MzIjNTEjJDEjJDIjJDgz,12.775,22.93,ok,2026-08-10T12:31:33.738696+00:00,9.129
37012310,JDQ4MTYyMiM4MSMkMSMkMCMkOTkkNTgxMzUxIzIxIyQyIyQxIyQwMCQzNjE0ODEjNjEjJDEjJDAjJDgz,17.48,31.7,ok,2026-08-10T12:31:34.026595+00:00,12.074
37012310,JDQ4MTYyMiM4MSMkMSMkMCMkOTkkNTgxMzUxIzIxIyQxIyQ1IyQ3MiQzNjE4MzIjNDEjJDEjJDQjJDgz,20.665,29.45,ok,2026-08-10T12:31:34.158412+00:00,13.135
37012320,JDQ4MTYyMiM4MSMkMSMkMCMkOTkkNTgxMzUxIzIxIyQyIyQxIyQwMCQzNjE0ODEjNjEjJDEjJDAjJDgz,8.283,16.52,ok,2026-08-10T12:31:34.382790+00:00,4.4
37012320,JDQ4MTYyMiM4MSMkMSMkMCMkOTkkNTgxMzUxIzExIyQxIyQ3IyQ4OSQyNjE0ODEjNDEjJDEjJDgjJDgz,10.196,15.72,ok,2026-08-10T12:31:34.512604+00:00,5.63
37012320,JDQ4MTYyMiM4MSMkMSMkMCMkOTkkNTgxMzUxIzIxIyQxIyQxIyQwMyQyNjE4MzIjNTEjJDEjJDIjJDgz,9.29,13.93,ok,2026-08-10T12:31:34.635981+00:00,7.578
37012320,JDQ4MTYyMiM4MSMkMSMkMCMkOTkkNTgxMzUxIzExIyQxIyQ3IyQ4OSQyNjEyMjIjNzEjJDEjJDgjJDgz,11.372,18.03,ok,2026-08-10T12:31:34.779453+00:00,9.5
37012320,JDQ4MTYyMiM4MSMkMSMkMCMkOTkkMzgxMzUxIzIxIyQxIyQxIyQ5MiQyNjE0ODEjNzEjJDEjJDgjJDgz,21.228,23.9,ok,2026-08-10T12:31:34.920953+00:00,12.838
37012330,JDQ4MTYyMiM4MSMkMSMkMCMkOTkkNTgxMzUxIzIxIyQyIyQxIyQwMCQzNjE0ODEjNjEjJDEjJDAjJDgz,5.59,11.95,ok,2026-08-10T12:31:35.117471+00:00,2.721
37012330,JDQ4MTYyMiM4MSMkMSMkMCMkOTkkNTgxMzUxIzExIyQxIyQ3IyQ4OSQyNjE0ODEjNDEjJDEjJDgjJDgz,17.218,22.0,ok,2026-08-10T12:31:35.229992+00:00,11.472
37012330,JDQ4MTYyMiM4MSMkMSMkMCMkOTkkNTgxMzUxIzIxIyQxIyQxIyQwMyQyNjE4MzIjNTEjJDEjJDIjJDgz,16.312,20.18,ok,2026-08-10T12:31:35.336300+00:00,13.279
37012330,JDQ4MTYyMiM4MSMkMSMkMCMkOTkkNTgxMzUxIzExIyQxIyQ3IyQ4OSQyNjEyMjIjNzEjJDEjJDgjJDgz,18.483,23.3,ok,2026-08-10T12:31:35.480547+00:00,15.333
37012330,JDQ4MTYyMiM4MSMkMSMkMCMkOTkkNTgxMzUxIzIxIyQxIyQ1IyQ2MiQzNjE0ODEjODEjJDEjJDIjJDgz,24.991,30.98,ok,2026-08-10T12:31:35.629330+00:00,17.992
37012340,JDQ4MTYyMiM4MSMkMSMkMCMkOTkkNTgxMzUxIzIxIyQxIyQxIyQ5MiQyNjEyMjIjNzEjJDEjJDgjJDgz,61.377,50.8,ok,2026-08-10T12:31:35.767537+00:00,10.746
37012340,JDQ4MTYyMiM4MSMkMSMkMCMkOTkkNTgxOTYxIzExIyQyIyQzIyQwMCQzNjEwMDIjNjEjJDEjJDQjJDgz,62.132,52.18,ok,2026-08-10T12:31:35.923972+00:00,11.077
37012340,JDQ4MTYyMiM4MSMkMSMkMCMkOTkkNTgxMzUxIzIxIyQxIyQ1IyQ3MiQzNjE4MzIjNDEjJDEjJDQjJDgz,72.238,49.98,ok,2026-08-10T12:31:36.124618+00:00,14.455
37012340,JDQ4MTYyMiM4MSMkMSMkMCMkOTkkNTgxMzUxIzExIyQxIyQ3IyQ4OSQyNjEyMjIjNzEjJDEjJDgjJDgz,79.325,57.87,ok,2026-08-10T12:31:36.306045+00:00,14.826
37012340,JDQ4MTYyMiM4MSMkMSMkMCMkODkkMzgxMzUxIzExIyQxIyQzIyQ2MiQzNjE4MzIjNjEjJDEjJDQjJDgz,72.51,49.42,ok,2026-08-10T12:31:36.525158+00:00,14.954
37012350,JDQ4MTYyMiM4MSMkMSMkMCMkOTkkNTgxMzUxIzIxIyQyIyQxIyQwMCQzNjE0ODEjNjEjJDEjJDAjJDgz,49.789,80.68,ok,2026-08-10T12:31:36.773384+00:00,18.274
37012350,JDQ4MTYyMiM4MSMkMSMkMCMkOTkkNTgxMzUxIzExIyQxIyQ3IyQ4OSQyNjE0ODEjNDEjJDEjJDgjJDgz,55.473,72.63,ok,2026-08-10T12:31:36.955099+00:00,19.119
37012350,JDQ4MTYyMiM4MSMkMSMkMCMkOTkkNTgxMzUxIzIxIyQxIyQxIyQwMyQyNjE4MzIjNTEjJDEjJDIjJDgz,53.856,69.32,ok,2026-08-10T12:31:37.144491+00:00,21.415
37012350,JDQ4MTYyMiM4MSMkMSMkMCMkOTkkNTgxMzUxIzExIyQxIyQ3IyQ4OSQyNjEyMjIjNzEjJDEjJDgjJDgz,50.995,66.63,ok,2026-08-10T12:31:37.307218+00:00,21.589
37012350,JDQ4MTYyMiM4MSMkMSMkMCMkOTkkNTgxMzUxIzIxIyQxIyQxIyQ5MiQyNjEyMjIjNzEjJDEjJDgjJDgz,45.18,65.13,ok,2026-08-10T12:31:37.449895+00:00,25.315
37012360,JDQ4MTYyMiM4MSMkMSMkMCMkOTkkNTgxMzUxIzExIyQxIyQ3IyQ4OSQyNjE0ODEjNDEjJDEjJDgjJDgz,38.065,45.27,ok,2026-08-10T12:31:37.631061+00:00,13.529
37012360,JDQ4MTYyMiM4MSMkMSMkMCMkOTkkNTgxMzUxIzExIyQxIyQ3IyQ4OSQyNjEyMjIjNzEjJDEjJDgjJDgz,33.587,39.23,ok,2026-08-10T12:31:37.786318+00:00,14.982
37012360,JDQ4MTYyMiM4MSMkMSMkMCMkOTkkNTgxMzUxIzIxIyQxIyQxIyQwMyQyNjE4MzIjNTEjJDEjJDIjJDgz,36.448,41.95,ok,2026-08-10T12:31:37.937301+00:00,15.511
37012360,JDQ4MTYyMiM4MSMkMSMkMCMkOTkkNTgxMzUxIzIxIyQyIyQxIyQwMCQzNjE0ODEjNjEjJDEjJDAjJDgz,53.764,57.55,ok,2026-08-10T12:31:38.208868+00:00,16.746
37012360,JDQ4MTYyMiM4MSMkMSMkMCMkOTkkNTgxMzUxIzIxIyQxIyQxIyQ5MiQyNjEyMjIjNzEjJDEjJDgjJDgz,25.895,38.18,ok,2026-08-10T12:31:38.337179+00:00,17.651
37012580,JDQ4MTYyMiM4MSMkMSMkMCMkOTkkNTgxMzUxIzExIyQxIyQzIyQ3MiQyNjEwMDIjNDEjJDEjJDgjJDgz,2.396,8.23,ok,2026-08-10T12:31:38.439203+00:00,1.026
37012580,JDQ4MTYyMiM4MSMkMSMkMCMkODkkMzgxMzUxIzExIyQxIyQzIyQ3OSQzNjE0ODEjNDEjJDEjJDgjJDgz,2.396,8.23,ok,2026-08-10T12:31:38.568248+00:00,1.026
37012580,JDQ4MTYyMiM4MSMkMSMkMCMkODkkMzgxMzUxIzExIyQxIyQzIyQ2MiQzNjE4MzIjNjEjJDEjJDQjJDgz,1.73,5.35,ok,2026-08-10T12:31:38.689185+00:00,1.142
37012580,JDQ4MTYyMiM4MSMkMSMkMCMkOTkkNTgxOTYxIzExIyQxIyQzIyQ5OSQyNjE4MzIjNDEjJDEjJDgjJDgz,1.36,5.82,ok,2026-08-10T12:31:38.795560+00:00,1.235
37012580,JDQ4MTYyMiM4MSMkMSMkMCMkOTkkMzgxMzUxIzExIyQxIyQzIyQ5MiQzNjE0ODEjNzEjJDEjJDgjJDgz,2.206,8.15,ok,2026-08-10T12:31:38.929921+00:00,1.453
37012610,JDQ4MTYyMiM4MSMkMSMkMCMkOTkkNTgxMzUxIzExIyQxIyQzIyQ3MiQyNjEwMDIjNDEjJDEjJDgjJDgz,1.554,3.97,ok,2026-08-10T12:31:39.050055+00:00,0.89
37012610,JDQ4MTYyMiM4MSMkMSMkMCMkODkkMzgxMzUxIzExIyQxIyQzIyQ3OSQzNjE0ODEjNDEjJDEjJDgjJDgz,1.554,3.97,ok,2026-08-10T12:31:39.145064+00:00,0.89
37012610,JDQ4MTYyMiM4MSMkMSMkMCMkOTkkNTgxMzUxIzIxIyQxIyQxIyQ5OSQ0NjEwMDIjODEjJDEjJDIjJDgz,1.995,5.63,ok,2026-08-10T12:31:39.258366+00:00,1.469
37012610,JDQ4MTYyMiM4MSMkMSMkMCMkOTkkNTgxMzUxIzExIyQxIyQ3IyQwMyQ0NjEwMDIjNjEjJDEjJDQjJDgz,1.528,4.88,ok,2026-08-10T12:31:39.382811+00:00,1.472
37012610,JDQ4MTYyMiM4MSMkMSMkMCMkOTkkNTgxMzUxIzExIyQxIyQ3IyQ5MiQyNjE4MzIjODEjJDEjJDYjJDgz,1.992,5.62,ok,2026-08-10T12:31:39.490512+00:00,1.476
37012630,JDQ4MTYyMiM4MSMkMSMkMCMkOTkkMzgxMzUxIzExIyQxIyQ3IyQ2MiQyNjE4MzIjNTEjJDEjJDYjJDgz,1.265,4.28,ok,2026-08-10T12:31:39.638464+00:00,1.011
37012630,JDQ4MTYyMiM4MSMkMSMkMCMkOTkkNTgxMzUxIzIxIyQxIyQ1IyQ3OSQ0NjEwMDIjNDEjJDEjJDQjJDgz,4.619,13.32,ok,2026-08-10T12:31:39.787009+00:00,1.404
37012630,JDQ4MTYyMiM4MSMkMSMkMCMkODkkMzgxMzUxIzExIyQxIyQzIyQ3MiQyNjE0ODEjNjEjJDEjJDQjJDgz,2.3,6.88,ok,2026-08-10T12:31:39.915009+00:00,1.821
37012630,JDQ4MTYyMiM4MSMkMSMkMCMkOTkkNTgxMzUxIzIxIyQxIyQ1IyQ5OSQzNjEwMDIjNDEjJDEjJDgjJDgz,2.529,7.13,ok,2026-08-10T12:31:40.007953+00:00,1.975
37012630,JDQ4MTYyMiM4MSMkMSMkMCMkOTkkNTgxMzUxIzExIyQxIyQ3IyQ5MiQyNjE4MzIjODEjJDEjJDYjJDgz,2.992,8.07,ok,2026-08-10T12:31:40.130823+00:00,2.671
37012640,JDQ4MTYyMiM4MSMkMSMkMCMkOTkkNTgxMzUxIzIxIyQxIyQ1IyQ3OSQ0NjEwMDIjNDEjJDEjJDQjJDgz,2.134,6.08,ok,2026-08-10T12:31:40.262468+00:00,1.326
37012640,JDQ4MTYyMiM4MSMkMSMkMCMkOTkkMzgxMzUxIzExIyQxIyQ3IyQ2MiQyNjE4MzIjNTEjJDEjJDYjJDgz,2.506,7.98,ok,2026-08-10T12:31:40.372691+00:00,1.964
37012640,JDQ4MTYyMiM4MSMkMSMkMCMkOTkkNTgxMzUxIzIxIyQyIyQ1IyQwMCQzNjEyMjIjNzEjJDEjJDgjJDgz,2.857,7.03,ok,2026-08-10T12:31:40.490221+00:00,1.986
37012640,JDQ4MTYyMiM4MSMkMSMkMCMkOTkkNTgxOTYxIzExIyQxIyQzIyQ5OSQzNjE4MzIjNjEjJDEjJDAjJDgz,2.537,6.32,ok,2026-08-10T12:31:40.587581+00:00,2.099
37012640,JDQ4MTYyMiM4MSMkMSMkMCMkODkkMzgxMzUxIzExIyQxIyQzIyQ3MiQyNjE0ODEjNjEjJDEjJDQjJDgz,2.708,7.57,ok,2026-08-10T12:31:40.710966+00:00,2.106
37012650,JDQ4MTYyMiM4MSMkMSMkMCMkOTkkNTgxMzUxIzExIyQxIyQ3IyQ2MiQ0NjE0ODEjODEjJDEjJDIjJDgz,0.109,0.5,ok,2026-08-10T12:31:40.826507+00:00,0.116
37012650,JDQ4MTYyMiM4MSMkMSMkMCMkOTkkNTgxOTYxIzExIyQxIyQzIyQ5OSQzNjE4MzIjNjEjJDEjJDAjJDgz,0.222,0.83,ok,2026-08-10T12:31:40.944045+00:00,0.164
37012650,JDQ4MTYyMiM4MSMkMSMkMCMkOTkkNTgxMzUxIzIxIyQxIyQ1IyQ3MiQzNjE0ODEjNjEjJDEjJDQjJDgz,0.446,1.67,ok,2026-08-10T12:31:41.042364+00:00,0.391
37012650,JDQ4MTYyMiM4MSMkMSMkMCMkOTkkNTgxMzUxIzIxIyQxIyQ1IyQxMyQzNjE4MzIjODEjJDEjJDYjJDgz,0.508,2.1,ok,2026-08-10T12:31:41.154069+00:00,0.442
37012650,JDQ4MTYyMiM4MSMkMSMkMCMkOTkkMzgxMzUxIzIxIyQxIyQxIyQ5MiQyNjE0ODEjNzEjJDEjJDgjJDgz,0.599,2.22,ok,2026-08-10T12:31:41.266424+00:00,0.513
37012660,JDQ4MTYyMiM4MSMkMSMkMCMkOTkkNTgxMzUxIzIxIyQyIyQ1IyQwMCQzNjEyMjIjNzEjJDEjJDgjJDgz,1.767,5.0,ok,2026-08-10T12:31:41.379151+00:00,0.795
37012660,JDQ4MTYyMiM4MSMkMSMkMCMkOTkkNTgxOTYxIzExIyQxIyQzIyQ5OSQyNjEyMjIjNTEjJDEjJDYjJDgz,2.796,8.32,ok,2026-08-10T12:31:41.507809+00:00,1.397
37012660,JDQ4MTYyMiM4MSMkMSMkMCMkOTkkNTgxMzUxIzIxIyQxIyQxIyQ5OSQzNjE4MzIjNDEjJDEjJDgjJDgz,3.287,9.65,ok,2026-08-10T12:31:41.643369+00:00,1.487
37012660,JDQ4MTYyMiM4MSMkMSMkMCMkOTkkNTgxMzUxIzExIyQxIyQzIyQxMyQzNjE4MzIjNDEjJDEjJDQjJDgz,3.007,8.6,ok,2026-08-10T12:31:41.752765+00:00,1.668
37012660,JDQ4MTYyMiM4MSMkMSMkMCMkOTkkNTgxOTYxIzExIyQxIyQzIyQ5OSQzNjE4MzIjNjEjJDEjJDAjJDgz,3.656,11.13,ok,2026-08-10T12:31:41.865386+00:00,1.999
37012670,JDQ4MTYyMiM4MSMkMSMkMCMkOTkkNTgxMzUxIzIxIyQxIyQ1IyQ5OSQzNjEwMDIjNDEjJDEjJDgjJDgz,0.131,0.28,ok,2026-08-10T12:31:41.976435+00:00,0.132
37012670,JDQ4MTYyMiM4MSMkMSMkMCMkODkkMzgxMzUxIzExIyQxIyQzIyQ3MiQyNjE0ODEjNjEjJDEjJDQjJDgz,0.254,1.1,ok,2026-08-10T12:31:42.094362+00:00,0.184
37012670,JDQ4MTYyMiM4MSMkMSMkMCMkOTkkNTgxMzUxIzExIyQxIyQ3IyQ5MiQyNjE4MzIjODEjJDEjJDYjJDgz,0.876,2.6,ok,2026-08-10T12:31:42.187333+00:00,0.824
37012670,JDQ4MTYyMiM4MSMkMSMkMCMkOTkkNTgxMzUxIzIxIyQxIyQxIyQ5OSQ0NjEwMDIjODEjJDEjJDIjJDgz,0.879,2.62,ok,2026-08-10T12:31:42.306745+00:00,0.847
37012670,JDQ4MTYyMiM4MSMkMSMkMCMkOTkkNTgxMzUxIzIxIyQxIyQ1IyQ5OSQyNjE4MzIjNjEjJDEjJDQjJDgz,1.19,3.95,ok,2026-08-10T12:31:42.408729+00:00,0.985
37012680,JDQ4MTYyMiM4MSMkMSMkMCMkOTkkMzgxMzUxIzIxIyQxIyQxIyQwMyQzNjEyMjIjNTEjJDEjJDYjJDgz,0.205,0.67,ok,2026-08-10T12:31:42.540944+00:00,0.12
37012680,JDQ4MTYyMiM4MSMkMSMkMCMkOTkkNTgxMzUxIzExIyQxIyQzIyQ5OSQyNjEwMDIjNDEjJDEjJDQjJDgz,0.459,1.9,ok,2026-08-10T12:31:42.626206+00:00,0.262
37012680,JDQ4MTYyMiM4MSMkMSMkMCMkOTkkMzgxMzUxIzExIyQxIyQ3IyQ4MiQzNjEyMjIjNTEjJDEjJDIjJDgz,1.187,4.57,ok,2026-08-10T12:31:42.738460+00:00,0.667
37012680,JDQ4MTYyMiM4MSMkMSMkMCMkOTkkNTgxOTYxIzExIyQxIyQzIyQ5OSQyNjE4MzIjNDEjJDEjJDgjJDgz,1.041,3.63,ok,2026-08-10T12:31:42.866208+00:00,0.669
37012680,JDQ4MTYyMiM4MSMkMSMkMCMkOTkkMzgxMzUxIzIxIyQxIyQxIyQ4MiQzNjEwMDIjNDEjJDEjJDgjJDgz,1.016,2.97,ok,2026-08-10T12:31:42.977037+00:00,0.678
37020110,JDQ4MTYyMiM4MSMkMSMkMCMkOTkkMzgxMzUxIzIxIyQxIyQ1IyQ5OSQ0NjE0ODEjNTEjJDEjJDIjJDgz,26.215,31.95,ok,2026-08-10T12:31:43.125839+00:00,17.345
37020110,JDQ4MTYyMiM4MSMkMSMkMCMkOTkkMzgxMzUxIzExIyQxIyQzIyQ4MiQ0NjE0ODEjNTEjJDEjJDIjJDgz,39.864,40.83,ok,2026-08-10T12:31:43.287623+00:00,19.575
37020110,JDQ4MTYyMiM4MSMkMSMkMCMkOTkkNTgxMzUxIzIxIyQxIyQ1IyQ5MiQ0NjE0ODEjNTEjJDEjJDIjJDgz,37.258,40.53,ok,2026-08-10T12:31:43.415739+00:00,20.513
37020110,JDQ4MTYyMiM4MSMkMSMkMCMkOTkkNTgxMzUxIzIxIyQxIyQ1IyQ2MiQyNjE0ODEjNjEjJDEjJDQjJDgz,39.611,37.42,ok,2026-08-10T12:31:43.629016+00:00,22.999
37020110,JDQ4MTYyMiM4MSMkMSMkMCMkOTkkNTgxMzUxIzIxIyQxIyQ1IyQ5OSQ0NjEwMDIjNjEjJDEjJDAjJDgz,38.184,45.05,ok,2026-08-10T12:31:43.818446+00:00,23.627
37020120,JDQ4MTYyMiM4MSMkMSMkMCMkOTkkNTgxMzUxIzIxIyQxIyQxIyQ5MiQyNjEyMjIjNzEjJDEjJDgjJDgz,1.976,3.57,ok,2026-08-10T12:31:43.930819+00:00,2.589
37020120,JDQ4MTYyMiM4MSMkMSMkMCMkOTkkNTgxOTYxIzExIyQyIyQzIyQwMCQzNjEwMDIjNjEjJDEjJDQjJDgz,2.731,5.13,ok,2026-08-10T12:31:44.044433+00:00,3.203
37020120,JDQ4MTYyMiM4MSMkMSMkMCMkOTkkNTgxMzUxIzExIyQyIyQ3IyQwMCQzNjE4MzIjNTEjJDEjJDIjJDgz,24.214,21.35,ok,2026-08-10T12:31:44.225211+00:00,11.786
37020120,JDQ4MTYyMiM4MSMkMSMkMCMkOTkkNTgxMzUxIzIxIyQxIyQxIyQ2MiQzNjEyMjIjODEjJDEjJDIjJDgz,22.3,21.03,ok,2026-08-10T12:31:44.369564+00:00,12.077
37020120,JDQ4MTYyMiM4MSMkMSMkMCMkOTkkNTgxMzUxIzIxIyQxIyQ1IyQ5OSQ0NjEwMDIjNjEjJDEjJDAjJDgz,22.847,23.07,ok,2026-08-10T12:31:44.545168+00:00,12.303
37020130,JDQ4MTYyMiM4MSMkMSMkMCMkOTkkNTgxMzUxIzIxIyQxIyQ1IyQ4OSQyNjE0ODEjNTEjJDEjJDYjJDgz,5.411,8.55,ok,2026-08-10T12:31:44.688088+00:00,2.966
37020130,JDQ4MTYyMiM4MSMkMSMkMCMkOTkkNTgxMzUxIzIxIyQxIyQ1IyQ3MiQyNjE0ODEjNTEjJDEjJDIjJDgz,14.225,17.97,ok,2026-08-10T12:31:44.805590+00:00,5.841
37020130,JDQ4MTYyMiM4MSMkMSMkMCMkOTkkNTgxMzUxIzExIyQyIyQ3IyQwMCQzNjEyMjIjNjEjJDEjJDAjJDgz,12.7,14.7,ok,2026-08-10T12:31:44.948290+00:00,6.044
37020130,JDQ4MTYyMiM4MSMkMSMkMCMkOTkkNTgxMzUxIzIxIyQxIyQxIyQxMyQzNjEwMDIjNjEjJDEjJDgjJDgz,14.147,17.12,ok,2026-08-10T12:31:45.074353+00:00,6.24
37020130,JDQ4MTYyMiM4MSMkMSMkMCMkOTkkNTgxMzUxIzExIyQyIyQ3IyQwMCQzNjE4MzIjNTEjJDEjJDIjJDgz,16.751,19.02,ok,2026-08-10T12:31:45.216955+00:00,7.554
37020140,JDQ4MTYyMiM4MSMkMSMkMCMkOTkkMzgxMzUxIzIxIyQxIyQ1IyQ5OSQ0NjE0ODEjNTEjJDEjJDIjJDgz,18.203,26.9,ok,2026-08-10T12:31:45.397932+00:00,14.317
37020140,JDQ4MTYyMiM4MSMkMSMkMCMkOTkkMzgxMzUxIzIxIyQxIyQ5IyQxMyQyNjEwMDIjNTEjJDEjJDIjJDgz,27.141,32.83,ok,2026-08-10T12:31:45.607579+00:00,17.153
37020140,JDQ4MTYyMiM4MSMkMSMkMCMkOTkkNTgxOTYxIzExIyQxIyQzIyQ4OSQyNjEyMjIjNjEjJDEjJDgjJDgz,26.247,31.37,ok,2026-08-10T12:31:45.783051+00:00,17.167
37020140,JDQ4MTYyMiM4MSMkMSMkMCMkOTkkMzgxMzUxIzIxIyQxIyQ1IyQ3OSQ0NjEwMDIjNjEjJDEjJDgjJDgz,20.354,31.02,ok,2026-08-10T12:31:45.984904+00:00,17.192
37020140,JDQ4MTYyMiM4MSMkMSMkMCMkOTkkNTgxMzUxIzExIyQxIyQzIyQ4MiQyNjE0ODEjNDEjJDEjJDgjJDgz,26.721,31.77,ok,2026-08-10T12:31:46.191669+00:00,17.406
37020320,JDQ4MTYyMiM4MSMkMSMkMCMkOTkkMzgxMzUxIzIxIyQxIyQ1IyQ5OSQ0NjE0ODEjNTEjJDEjJDIjJDgz,29.341,41.73,ok,2026-08-10T12:31:46.420456+00:00,18.952
37020320,JDQ4MTYyMiM4MSMkMSMkMCMkOTkkMzgxMzUxIzIxIyQxIyQ5IyQxMyQyNjEwMDIjNTEjJDEjJDIjJDgz,32.214,49.18,ok,2026-08-10T12:31:46.611106+00:00,24.059
37020320,JDQ4MTYyMiM4MSMkMSMkMCMkOTkkMzgxMzUxIzIxIyQxIyQ1IyQ3OSQ0NjEwMDIjNjEjJDEjJDgjJDgz,31.492,45.97,ok,2026-08-10T12:31:46.788308+00:00,24.081
37020320,JDQ4MTYyMiM4MSMkMSMkMCMkOTkkNTgxOTYxIzExIyQxIyQzIyQ4OSQyNjEyMjIjNjEjJDEjJDgjJDgz,31.769,47.03,ok,2026-08-10T12:31:46.987374+00:00,24.199
37020320,JDQ4MTYyMiM4MSMkMSMkMCMkOTkkMzgxMzUxIzExIyQxIyQ3IyQwMyQ0NjEwMDIjNDEjJDEjJDgjJDgz,31.773,46.27,ok,2026-08-10T12:31:47.179455+00:00,24.204
37020330,JDQ4MTYyMiM4MSMkMSMkMCMkOTkkNTgxMzUxIzExIyQxIyQ3IyQxMyQ0NjEwMDIjNTEjJDEjJDIjJDgz,12.867,19.18,ok,2026-08-10T12:31:47.323139+00:00,10.969
37020330,JDQ4MTYyMiM4MSMkMSMkMCMkOTkkMzgxMzUxIzIxIyQxIyQ5IyQwMyQyNjE0ODEjNzEjJDEjJDgjJDgz,13.51,19.92,ok,2026-08-10T12:31:47.446696+00:00,11.001
37020330,JDQ4MTYyMiM4MSMkMSMkMCMkOTkkNTgxOTYxIzExIyQxIyQzIyQ4OSQyNjEyMjIjNjEjJDEjJDgjJDgz,13.159,20.13,ok,2026-08-10T12:31:47.568778+00:00,11.034
37020330,JDQ4MTYyMiM4MSMkMSMkMCMkOTkkNTgxMzUxIzIxIyQxIyQxIyQxMyQzNjEwMDIjNjEjJDEjJDgjJDgz,15.69,18.55,ok,2026-08-10T12:31:47.712304+00:00,11.112
37020330,JDQ4MTYyMiM4MSMkMSMkMCMkOTkkNTgxMzUxIzIxIyQxIyQ1IyQ3MiQyNjE0ODEjNTEjJDEjJDIjJDgz,16.017,19.18,ok,2026-08-10T12:31:47.868134+00:00,11.134
37020340,JDQ4MTYyMiM4MSMkMSMkMCMkOTkkNTgxMzUxIzIxIyQxIyQ1IyQ4OSQyNjE0ODEjNTEjJDEjJDYjJDgz,10.731,15.2,ok,2026-08-10T12:31:48.006128+00:00,8.736
37020340,JDQ4MTYyMiM4MSMkMSMkMCMkOTkkNTgxMzUxIzExIyQxIyQ3IyQ4MiQzNjEwMDIjODEjJDEjJDIjJDgz,24.432,30.65,ok,2026-08-10T12:31:48.115216+00:00,14.317
37020340,JDQ4MTYyMiM4MSMkMSMkMCMkOTkkNTgxMzUxIzIxIyQxIyQ1IyQ3MiQyNjE0ODEjNTEjJDEjJDIjJDgz,24.639,31.95,ok,2026-08-10T12:31:48.260069+00:00,15.883
37020340,JDQ4MTYyMiM4MSMkMSMkMCMkOTkkNTgxMzUxIzIxIyQxIyQxIyQxMyQzNjEwMDIjNjEjJDEjJDgjJDgz,24.561,31.1,ok,2026-08-10T12:31:48.427095+00:00,16.189
37020340,JDQ4MTYyMiM4MSMkMSMkMCMkOTkkNTgxMzUxIzExIyQyIyQ3IyQwMCQzNjEyMjIjNjEjJDEjJDAjJDgz,23.114,28.68,ok,2026-08-10T12:31:48.567139+00:00,16.835
37020350,JDQ4MTYyMiM4MSMkMSMkMCMkOTkkNTgxOTYxIzExIyQxIyQzIyQ4OSQyNjEwMDIjODEjJDEjJDIjJDgz,6.264,11.75,ok,2026-08-10T12:31:48.674841+00:00,4.803
37020350,JDQ4MTYyMiM4MSMkMSMkMCMkOTkkNTgxMzUxIzIxIyQxIyQ1IyQ4OSQyNjE0ODEjNTEjJDEjJDYjJDgz,10.482,13.53,ok,2026-08-10T12:31:48.802502+00:00,8.299
37020350,JDQ4MTYyMiM4MSMkMSMkMCMkOTkkNTgxMzUxIzExIyQyIyQ3IyQwMCQzNjEyMjIjNjEjJDEjJDAjJDgz,12.527,15.63,ok,2026-08-10T12:31:48.929643+00:00,8.606
37020350,JDQ4MTYyMiM4MSMkMSMkMCMkOTkkNTgxMzUxIzExIyQyIyQ3IyQwMCQzNjE4MzIjNTEjJDEjJDIjJDgz,16.578,19.95,ok,2026-08-10T12:31:49.086821+00:00,9.37
37020350,JDQ4MTYyMiM4MSMkMSMkMCMkOTkkNTgxMzUxIzIxIyQxIyQ1IyQ3MiQyNjE0ODEjNTEjJDEjJDIjJDgz,14.052,18.9,ok,2026-08-10T12:31:49.229406+00:00,10.52
37020360,JDQ4MTYyMiM4MSMkMSMkMCMkOTkkNTgxMzUxIzExIyQyIyQ3IyQwMCQzNjE4MzIjNTEjJDEjJDIjJDgz,4.312,8.42,ok,2026-08-10T12:31:49.353584+00:00,2.288
37020360,JDQ4MTYyMiM4MSMkMSMkMCMkOTkkNTgxMzUxIzExIyQyIyQ3IyQwMCQzNjEyMjIjNjEjJDEjJDAjJDgz,6.499,9.0,ok,2026-08-10T12:31:49.485492+00:00,3.574
37020360,JDQ4MTYyMiM4MSMkMSMkMCMkODkkMzgxMzUxIzExIyQxIyQzIyQ5OSQyNjE0ODEjNTEjJDEjJDYjJDgz,7.602,13.25,ok,2026-08-10T12:31:49.603687+00:00,4.909
37020360,JDQ4MTYyMiM4MSMkMSMkMCMkOTkkNTgxMzUxIzIxIyQxIyQxIyQxMyQzNjEwMDIjNjEjJDEjJDgjJDgz,7.946,11.42,ok,2026-08-10T12:31:49.721767+00:00,5.486
37020360,JDQ4MTYyMiM4MSMkMSMkMCMkOTkkNTgxMzUxIzIxIyQxIyQ1IyQ3MiQyNjE0ODEjNTEjJDEjJDIjJDgz,8.024,12.27,ok,2026-08-10T12:31:49.832979+00:00,5.507
37020370,JDQ4MTYyMiM4MSMkMSMkMCMkOTkkNTgxOTYxIzExIyQyIyQzIyQwMCQzNjEwMDIjNjEjJDEjJDQjJDgz,7.491,11.9,ok,2026-08-10T12:31:49.961469+00:00,4.986
37020370,JDQ4MTYyMiM4MSMkMSMkMCMkOTkkNTgxMzUxIzIxIyQxIyQxIyQ5MiQyNjEyMjIjNzEjJDEjJDgjJDgz,8.199,14.08,ok,2026-08-10T12:31:50.105416+00:00,5.738
37020370,JDQ4MTYyMiM4MSMkMSMkMCMkOTkkNTgxMzUxIzIxIyQxIyQ1IyQ2MiQyNjE0ODEjNjEjJDEjJDQjJDgz,9.277,13.9,ok,2026-08-10T12:31:50.314010+00:00,6.397
37020370,JDQ4MTYyMiM4MSMkMSMkMCMkODkkMzgxMzUxIzExIyQxIyQzIyQ3OSQzNjEyMjIjODEjJDEjJDIjJDgz,9.464,13.98,ok,2026-08-10T12:31:50.473572+00:00,6.504
37020370,JDQ4MTYyMiM4MSMkMSMkMCMkODkkMzgxMzUxIzExIyQxIyQzIyQ2MiQzNjE4MzIjNjEjJDEjJDQjJDgz,10.967,15.32,ok,2026-08-10T12:31:50.605122+00:00,6.902
37020380,JDQ4MTYyMiM4MSMkMSMkMCMkOTkkNTgxMzUxIzIxIyQxIyQ1IyQ5OSQ0NjEwMDIjNjEjJDEjJDAjJDgz,7.023,12.02,ok,2026-08-10T12:31:50.737766+00:00,4.995
37020380,JDQ4MTYyMiM4MSMkMSMkMCMkOTkkNTgxMzUxIzIxIyQxIyQxIyQ2MiQzNjEyMjIjODEjJDEjJDIjJDgz,6.67,10.0,ok,2026-08-10T12:31:50.881804+00:00,5.354
37020380,JDQ4MTYyMiM4MSMkMSMkMCMkOTkkMzgxMzUxIzIxIyQxIyQxIyQ3MiQzNjE0ODEjNjEjJDEjJDQjJDgz,8.97,13.88,ok,2026-08-10T12:31:51.009033+00:00,7.11
37020380,JDQ4MTYyMiM4MSMkMSMkMCMkOTkkMzgxMzUxIzIxIyQxIyQ1IyQ5OSQ0NjE0ODEjNTEjJDEjJDIjJDgz,9.955,15.22,ok,2026-08-10T12:31:51.157474+00:00,7.31
37020380,JDQ4MTYyMiM4MSMkMSMkMCMkOTkkMzgxOTYxIzExIyQxIyQzIyQ3OSQzNjE0ODEjNDEjJDEjJDgjJDgz,8.963,13.8,ok,2026-08-10T12:31:51.301393+00:00,7.481
37020390,JDQ4MTYyMiM4MSMkMSMkMCMkOTkkMzgxMzUxIzIxIyQxIyQ1IyQ5OSQ0NjE0ODEjNTEjJDEjJDIjJDgz,16.326,21.63,ok,2026-08-10T12:31:51.446562+00:00,12.017
37020390,JDQ4MTYyMiM4MSMkMSMkMCMkOTkkMzgxMzUxIzExIyQxIyQ3IyQwMyQ0NjEwMDIjNDEjJDEjJDgjJDgz,24.496,31.95,ok,2026-08-10T12:31:51.582417+00:00,18.57
37020390,JDQ4MTYyMiM4MSMkMSMkMCMkOTkkNTgxMzUxIzIxIyQxIyQ1IyQ5OSQ0NjEwMDIjNjEjJDEjJDAjJDgz,27.921,34.6,ok,2026-08-10T12:31:51.724602+00:00,18.634
37020390,JDQ4MTYyMiM4MSMkMSMkMCMkOTkkMzgxMzUxIzIxIyQxIyQxIyQ2MiQzNjE0ODEjODEjJDEjJDIjJDgz,24.191,33.27,ok,2026-08-10T12:31:51.883555+00:00,18.653
37020390,JDQ4MTYyMiM4MSMkMSMkMCMkOTkkMzgxMzUxIzIxIyQxIyQ1IyQ3OSQ0NjEwMDIjNjEjJDEjJDgjJDgz,24.215,31.65,ok,2026-08-10T12:31:52.027015+00:00,18.655
37020510,JDQ4MTYyMiM4MSMkMSMkMCMkOTkkNTgxMzUxIzExIyQxIyQzIyQ4MiQyNjE0ODEjNDEjJDEjJDgjJDgz,0.205,0.87,ok,2026-08-10T12:31:52.152441+00:00,0.142
37020510,JDQ4MTYyMiM4MSMkMSMkMCMkOTkkMzgxMzUxIzIxIyQxIyQ1IyQwMyQzNjEyMjIjNDEjJDEjJDQjJDgz,0.361,2.33,ok,2026-08-10T12:31:52.262125+00:00,0.19
37020510,JDQ4MTYyMiM4MSMkMSMkMCMkOTkkMzgxMzUxIzIxIyQxIyQ5IyQwMyQyNjE0ODEjNzEjJDEjJDgjJDgz,0.746,3.12,ok,2026-08-10T12:31:52.397972+00:00,0.213
37020510,JDQ4MTYyMiM4MSMkMSMkMCMkOTkkNTgxMzUxIzExIyQxIyQ3IyQxMyQ0NjEwMDIjNTEjJDEjJDIjJDgz,0.779,3.3,ok,2026-08-10T12:31:52.524529+00:00,0.229
37020510,JDQ4MTYyMiM4MSMkMSMkMCMkOTkkMzgxMzUxIzExIyQyIyQ3IyQwMCQzNjEwMDIjNTEjJDEjJDIjJDgz,0.612,2.4,ok,2026-08-10T12:31:52.642558+00:00,0.247
37020550,JDQ4MTYyMiM4MSMkMSMkMCMkODkkMzgxMzUxIzExIyQxIyQzIyQ5OSQyNjE0ODEjNTEjJDEjJDYjJDgz,0.363,0.65,ok,2026-08-10T12:31:52.746191+00:00,0.329
37020550,JDQ4MTYyMiM4MSMkMSMkMCMkOTkkMzgxMzUxIzExIyQyIyQ3IyQwMCQzNjEwMDIjNTEjJDEjJDIjJDgz,2.797,6.75,ok,2026-08-10T12:31:52.877618+00:00,1.791
37020550,JDQ4MTYyMiM4MSMkMSMkMCMkOTkkMzgxMzUxIzIxIyQxIyQ1IyQwMyQzNjEyMjIjNDEjJDEjJDQjJDgz,3.288,7.38,ok,2026-08-10T12:31:52.985879+00:00,1.949
37020550,JDQ4MTYyMiM4MSMkMSMkMCMkOTkkMzgxMzUxIzIxIyQxIyQ5IyQwMyQyNjE0ODEjNzEjJDEjJDgjJDgz,3.093,6.75,ok,2026-08-10T12:31:53.113743+00:00,1.975
37020550,JDQ4MTYyMiM4MSMkMSMkMCMkOTkkNTgxMzUxIzExIyQxIyQ3IyQxMyQ0NjEwMDIjNTEjJDEjJDIjJDgz,3.126,6.93,ok,2026-08-10T12:31:53.225222+00:00,2.002
37020580,JDQ4MTYyMiM4MSMkMSMkMCMkOTkkMzgxMzUxIzIxIyQxIyQ5IyQxMyQyNjEwMDIjNTEjJDEjJDIjJDgz,5.708,13.85,ok,2026-08-10T12:31:53.385341+00:00,4.702
37020580,JDQ4MTYyMiM4MSMkMSMkMCMkOTkkMzgxMzUxIzIxIyQxIyQ1IyQ3OSQ0NjEwMDIjNjEjJDEjJDgjJDgz,4.986,10.55,ok,2026-08-10T12:31:53.496090+00:00,4.737
37020580,JDQ4MTYyMiM4MSMkMSMkMCMkOTkkNTgxOTYxIzExIyQxIyQzIyQ4OSQyNjEyMjIjNjEjJDEjJDgjJDgz,5.263,11.63,ok,2026-08-10T12:31:53.628928+00:00,4.77
37020580,JDQ4MTYyMiM4MSMkMSMkMCMkOTkkMzgxMzUxIzExIyQxIyQ3IyQwMyQ0NjEwMDIjNDEjJDEjJDgjJDgz,5.267,10.88,ok,2026-08-10T12:31:53.778130+00:00,4.98
37020580,JDQ4MTYyMiM4MSMkMSMkMCMkOTkkNTgxMzUxIzExIyQxIyQzIyQ4MiQyNjE0ODEjNDEjJDEjJDgjJDgz,5.518,12.77,ok,2026-08-10T12:31:53.918546+00:00,4.997
37020590,JDQ4MTYyMiM4MSMkMSMkMCMkOTkkNTgxMzUxIzIxIyQxIyQ1IyQ3MiQyNjE0ODEjNTEjJDEjJDIjJDgz,2.134,5.45,ok,2026-08-10T12:31:54.030223+00:00,1.096
37020590,JDQ4MTYyMiM4MSMkMSMkMCMkOTkkNTgxMzUxIzIxIyQxIyQxIyQxMyQzNjEwMDIjNjEjJDEjJDgjJDgz,1.807,4.82,ok,2026-08-10T12:31:54.142412+00:00,1.178
37020590,JDQ4MTYyMiM4MSMkMSMkMCMkOTkkNTgxMzUxIzExIyQyIyQ3IyQwMCQzNjEyMjIjNjEjJDEjJDAjJDgz,4.379,8.75,ok,2026-08-10T12:31:54.264323+00:00,3.466
37020590,JDQ4MTYyMiM4MSMkMSMkMCMkODkkMzgxMzUxIzExIyQxIyQzIyQ5OSQyNjE0ODEjNTEjJDEjJDYjJDgz,6.962,12.13,ok,2026-08-10T12:31:54.402091+00:00,3.669
37020590,JDQ4MTYyMiM4MSMkMSMkMCMkOTkkNTgxMzUxIzExIyQxIyQ3IyQxMyQ0NjEwMDIjNTEjJDEjJDIjJDgz,5.008,9.7,ok,2026-08-10T12:31:54.545630+00:00,3.799
37020620,JDQ4MTYyMiM4MSMkMSMkMCMkOTkkNTgxMzUxIzIxIyQxIyQ1IyQ5OSQ0NjEwMDIjNjEjJDEjJDAjJDgz,1.314,3.22,ok,2026-08-10T12:31:54.660352+00:00,0.665
37020620,JDQ4MTYyMiM4MSMkMSMkMCMkOTkkNTgxMzUxIzIxIyQxIyQxIyQ2MiQzNjEyMjIjODEjJDEjJDIjJDgz,1.524,4.05,ok,2026-08-10T12:31:54.778765+00:00,0.894
37020620,JDQ4MTYyMiM4MSMkMSMkMCMkOTkkMzgxMzUxIzIxIyQxIyQxIyQ3MiQzNjE0ODEjNjEjJDEjJDQjJDgz,3.786,7.9,ok,2026-08-10T12:31:54.904562+00:00,1.716
37020620,JDQ4MTYyMiM4MSMkMSMkMCMkOTkkMzgxOTYxIzExIyQxIyQzIyQ3OSQzNjE0ODEjNDEjJDEjJDgjJDgz,3.779,7.82,ok,2026-08-10T12:31:55.016963+00:00,2.122
37020620,JDQ4MTYyMiM4MSMkMSMkMCMkOTkkMzgxMzUxIzExIyQxIyQ3IyQwMyQ0NjEwMDIjNDEjJDEjJDgjJDgz,4.99,10.57,ok,2026-08-10T12:31:55.153577+00:00,2.89
37020630,JDQ4MTYyMiM4MSMkMSMkMCMkOTkkMzgxMzUxIzIxIyQxIyQxIyQ3MiQzNjE0ODEjNjEjJDEjJDQjJDgz,1.124,4.27,ok,2026-08-10T12:31:55.269109+00:00,0.789
37020630,JDQ4MTYyMiM4MSMkMSMkMCMkOTkkMzgxOTYxIzExIyQxIyQzIyQ3OSQzNjE0ODEjNDEjJDEjJDgjJDgz,2.033,5.52,ok,2026-08-10T12:31:55.373327+00:00,1.451
37020630,JDQ4MTYyMiM4MSMkMSMkMCMkOTkkNTgxMzUxIzIxIyQxIyQxIyQ2MiQzNjEyMjIjODEjJDEjJDIjJDgz,1.907,5.62,ok,2026-08-10T12:31:55.482083+00:00,1.461
37020630,JDQ4MTYyMiM4MSMkMSMkMCMkOTkkNTgxMzUxIzIxIyQxIyQ1IyQ5OSQ0NjEwMDIjNjEjJDEjJDAjJDgz,2.693,7.25,ok,2026-08-10T12:31:55.595997+00:00,1.789
37020630,JDQ4MTYyMiM4MSMkMSMkMCMkODkkMzgxMzUxIzExIyQxIyQzIyQ5OSQyNjE0ODEjNTEjJDEjJDYjJDgz,3.823,7.08,ok,2026-08-10T12:31:55.735801+00:00,2.063
37020640,JDQ4MTYyMiM4MSMkMSMkMCMkOTkkMzgxOTYxIzExIyQxIyQzIyQ3OSQzNjE0ODEjNDEjJDEjJDgjJDgz,2.416,5.5,ok,2026-08-10T12:31:55.851120+00:00,1.764
37020640,JDQ4MTYyMiM4MSMkMSMkMCMkOTkkMzgxMzUxIzExIyQxIyQ3IyQwMyQ0NjEwMDIjNDEjJDEjJDgjJDgz,3.918,8.8,ok,2026-08-10T12:31:55.971196+00:00,1.777
37020640,JDQ4MTYyMiM4MSMkMSMkMCMkOTkkMzgxMzUxIzIxIyQxIyQxIyQ2MiQzNjE0ODEjODEjJDEjJDIjJDgz,2.899,7.88,ok,2026-08-10T12:31:56.079829+00:00,1.851
37020640,JDQ4MTYyMiM4MSMkMSMkMCMkOTkkMzgxMzUxIzIxIyQxIyQ1IyQ3OSQ0NjEwMDIjNjEjJDEjJDgjJDgz,3.637,8.45,ok,2026-08-10T12:31:56.203434+00:00,2.097
37020640,JDQ4MTYyMiM4MSMkMSMkMCMkOTkkMzgxMzUxIzIxIyQxIyQ5IyQxMyQyNjEwMDIjNTEjJDEjJDIjJDgz,3.86,12.7,ok,2026-08-10T12:31:56.318571+00:00,2.135
37020660,JDQ4MTYyMiM4MSMkMSMkMCMkOTkkMzgxMzUxIzIxIyQxIyQ1IyQ5OSQ0NjE0ODEjNTEjJDEjJDIjJDgz,9.59,14.7,ok,2026-08-10T12:31:56.471888+00:00,6.424
37020660,JDQ4MTYyMiM4MSMkMSMkMCMkOTkkMzgxMzUxIzIxIyQxIyQ5IyQxMyQyNjEwMDIjNTEjJDEjJDIjJDgz,12.44,22.5,ok,2026-08-10T12:31:56.616259+00:00,10.187
37020660,JDQ4MTYyMiM4MSMkMSMkMCMkOTkkMzgxMzUxIzIxIyQxIyQ1IyQ3OSQ0NjEwMDIjNjEjJDEjJDgjJDgz,11.718,19.12,ok,2026-08-10T12:31:56.754629+00:00,10.211
37020660,JDQ4MTYyMiM4MSMkMSMkMCMkOTkkNTgxOTYxIzExIyQxIyQzIyQ4OSQyNjEyMjIjNjEjJDEjJDgjJDgz,11.995,20.28,ok,2026-08-10T12:31:56.895071+00:00,10.316
37020660,JDQ4MTYyMiM4MSMkMSMkMCMkOTkkMzgxMzUxIzExIyQxIyQ3IyQwMyQ0NjEwMDIjNDEjJDEjJDgjJDgz,11.999,19.45,ok,2026-08-10T12:31:57.069344+00:00,10.361
37020670,JDQ4MTYyMiM4MSMkMSMkMCMkOTkkMzgxMzUxIzIxIyQxIyQ1IyQ5OSQ0NjE0ODEjNTEjJDEjJDIjJDgz,7.111,14.78,ok,2026-08-10T12:31:57.197700+00:00,2.599
37020670,JDQ4MTYyMiM4MSMkMSMkMCMkOTkkNTgxMzUxIzIxIyQxIyQ1IyQ5OSQ0NjEwMDIjNjEjJDEjJDAjJDgz,17.65,29.8,ok,2026-08-10T12:31:57.326020+00:00,8.528
37020670,JDQ4MTYyMiM4MSMkMSMkMCMkOTkkNTgxMzUxIzIxIyQxIyQxIyQ2MiQzNjEyMjIjODEjJDEjJDIjJDgz,17.141,28.65,ok,2026-08-10T12:31:57.475287+00:00,8.998
37020670,JDQ4MTYyMiM4MSMkMSMkMCMkOTkkMzgxOTYxIzExIyQxIyQzIyQ3OSQzNjE0ODEjNDEjJDEjJDgjJDgz,15.484,27.5,ok,2026-08-10T12:31:57.586784+00:00,9.047
37020670,JDQ4MTYyMiM4MSMkMSMkMCMkOTkkMzgxMzUxIzExIyQxIyQ3IyQwMyQ0NjEwMDIjNDEjJDEjJDgjJDgz,15.699,28.17,ok,2026-08-10T12:31:57.722248+00:00,9.084
37020680,JDQ4MTYyMiM4MSMkMSMkMCMkOTkkMzgxMzUxIzIxIyQxIyQ1IyQ3OSQ0NjEwMDIjNjEjJDEjJDgjJDgz,0.987,3.03,ok,2026-08-10T12:31:57.834134+00:00,0.372
37020680,JDQ4MTYyMiM4MSMkMSMkMCMkOTkkMzgxMzUxIzIxIyQxIyQ5IyQxMyQyNjEwMDIjNTEjJDEjJDIjJDgz,1.74,6.35,ok,2026-08-10T12:31:57.970673+00:00,0.398
37020680,JDQ4MTYyMiM4MSMkMSMkMCMkOTkkMzgxMzUxIzExIyQxIyQ3IyQwMyQ0NjEwMDIjNDEjJDEjJDgjJDgz,1.268,3.37,ok,2026-08-10T12:31:58.071683+00:00,0.454
37020680,JDQ4MTYyMiM4MSMkMSMkMCMkOTkkMzgxMzUxIzIxIyQxIyQxIyQ2MiQzNjE0ODEjODEjJDEjJDIjJDgz,1.676,4.88,ok,2026-08-10T12:31:58.202900+00:00,0.51
37020680,JDQ4MTYyMiM4MSMkMSMkMCMkOTkkNTgxOTYxIzExIyQxIyQzIyQ4OSQyNjEyMjIjNjEjJDEjJDgjJDgz,1.416,4.82,ok,2026-08-10T12:31:58.327384+00:00,0.793
37020690,JDQ4MTYyMiM4MSMkMSMkMCMkOTkkNTgxMzUxIzExIyQxIyQ3IyQxMyQ0NjEwMDIjNTEjJDEjJDIjJDgz,6.242,12.88,ok,2026-08-10T12:31:58.439997+00:00,3.88
37020690,JDQ4MTYyMiM4MSMkMSMkMCMkOTkkMzgxMzUxIzIxIyQxIyQ5IyQwMyQyNjE0ODEjNzEjJDEjJDgjJDgz,6.885,13.57,ok,2026-08-10T12:31:58.555067+00:00,3.913
37020690,JDQ4MTYyMiM4MSMkMSMkMCMkOTkkNTgxOTYxIzExIyQxIyQzIyQ4OSQyNjEyMjIjNjEjJDEjJDgjJDgz,6.534,13.85,ok,2026-08-10T12:31:58.706559+00:00,3.928
37020690,JDQ4MTYyMiM4MSMkMSMkMCMkOTkkNTgxMzUxIzExIyQxIyQzIyQ4MiQyNjE0ODEjNDEjJDEjJDgjJDgz,7.008,14.2,ok,2026-08-10T12:31:58.833934+00:00,4.129
37020690,JDQ4MTYyMiM4MSMkMSMkMCMkOTkkMzgxMzUxIzExIyQyIyQ3IyQwMCQzNjEwMDIjNTEjJDEjJDIjJDgz,6.771,13.55,ok,2026-08-10T12:31:58.946554+00:00,4.129
37030110,JDQ4MTYyMiM4MSMkMSMkMCMkOTkkNTgxMzUxIzExIyQyIyQ3IyQwMCQyNjEwMDIjNTEjJDEjJDYjJDgz,5.289,9.6,ok,2026-08-10T12:31:59.058633+00:00,3.646
37030110,JDQ4MTYyMiM4MSMkMSMkMCMkOTkkNTgxMzUxIzExIyQxIyQ3IyQ3OSQyNjEyMjIjNDEjJDEjJDQjJDgz,9.63,17.77,ok,2026-08-10T12:31:59.196794+00:00,5.943
37030110,JDQ4MTYyMiM4MSMkMSMkMCMkOTkkMzgxMzUxIzMxIyQxIyQzIyQ3OSQ0NjEwMDIjODEjJDEjJDYjJDgz,9.996,19.63,ok,2026-08-10T12:31:59.327925+00:00,7.346
37030110,JDQ4MTYyMiM4MSMkMSMkMCMkOTkkMzgxMzUxIzIxIyQxIyQ5IyQ5MiQzNjEwMDIjNDEjJDEjJDgjJDgz,8.791,18.32,ok,2026-08-10T12:31:59.470978+00:00,7.927
37030110,JDQ4MTYyMiM4MSMkMSMkMCMkOTkkNTgxMzUxIzIxIyQxIyQxIyQ4MiQyNjEwMDIjNDEjJDEjJDgjJDgz,9.605,18.0,ok,2026-08-10T12:31:59.606513+00:00,8.038
37030310,JDQ4MTYyMiM4MSMkMSMkMCMkOTkkNTgxMzUxIzIxIyQxIyQxIyQ4MiQzNjEwMDIjNjEjJDEjJDAjJDgz,9.147,18.45,ok,2026-08-10T12:31:59.706869+00:00,6.938
37030310,JDQ4MTYyMiM4MSMkMSMkMCMkODkkMzgxMzUxIzExIyQyIyQzIyQwMCQ0NjEwMDIjNjEjJDEjJDAjJDgz,9.43,19.27,ok,2026-08-10T12:31:59.834987+00:00,7.128
37030310,JDQ4MTYyMiM4MSMkMSMkMCMkODkkMzgxMzUxIzExIyQxIyQzIyQ2MiQyNjEwMDIjNjEjJDEjJDgjJDgz,10.683,18.67,ok,2026-08-10T12:31:59.994090+00:00,8.613
37030310,JDQ4MTYyMiM4MSMkMSMkMCMkOTkkNTgxOTYxIzExIyQxIyQzIyQ5OSQ0NjE0ODEjNTEjJDEjJDIjJDgz,13.374,23.32,ok,2026-08-10T12:32:00.140682+00:00,9.944
37030310,JDQ4MTYyMiM4MSMkMSMkMCMkOTkkNTgxMzUxIzExIyQxIyQ3IyQ3OSQyNjEyMjIjNDEjJDEjJDQjJDgz,19.809,30.15,ok,2026-08-10T12:32:00.335014+00:00,12.363
37030320,JDQ4MTYyMiM4MSMkMSMkMCMkOTkkNTgxMzUxIzExIyQxIyQ3IyQ3OSQyNjEyMjIjNDEjJDEjJDQjJDgz,15.544,23.2,ok,2026-08-10T12:32:00.539259+00:00,7.044
37030320,JDQ4MTYyMiM4MSMkMSMkMCMkOTkkMzgxMzUxIzMxIyQxIyQzIyQ3OSQ0NjEwMDIjODEjJDEjJDYjJDgz,18.612,30.87,ok,2026-08-10T12:32:00.740701+00:00,7.809
37030320,JDQ4MTYyMiM4MSMkMSMkMCMkOTkkNTgxMzUxIzExIyQyIyQ3IyQwMCQyNjEwMDIjNTEjJDEjJDYjJDgz,22.737,27.32,ok,2026-08-10T12:32:00.902026+00:00,7.842
37030320,JDQ4MTYyMiM4MSMkMSMkMCMkOTkkMzgxMzUxIzIxIyQxIyQxIyQ4MiQyNjE0ODEjNDEjJDEjJDQjJDgz,25.616,34.25,ok,2026-08-10T12:32:01.060625+00:00,9.128
37030320,JDQ4MTYyMiM4MSMkMSMkMCMkOTkkMzgxMzUxIzIxIyQxIyQ5IyQ5MiQzNjEwMDIjNDEjJDEjJDgjJDgz,17.704,30.48,ok,2026-08-10T12:32:01.206574+00:00,9.201
37030330,JDQ4MTYyMiM4MSMkMSMkMCMkOTkkNTgxMzUxIzIxIyQxIyQ1IyQ4OSQzNjE0ODEjNjEjJDEjJDgjJDgz,10.363,19.27,ok,2026-08-10T12:32:01.366520+00:00,5.528
37030330,JDQ4MTYyMiM4MSMkMSMkMCMkOTkkNTgxOTYxIzExIyQxIyQzIyQ5OSQ0NjE0ODEjNTEjJDEjJDIjJDgz,13.956,18.58,ok,2026-08-10T12:32:01.503921+00:00,6.617
37030330,JDQ4MTYyMiM4MSMkMSMkMCMkODkkMzgxMzUxIzExIyQxIyQzIyQ2MiQyNjEwMDIjNjEjJDEjJDgjJDgz,9.627,16.68,ok,2026-08-10T12:32:01.635639+00:00,7.052
37030330,JDQ4MTYyMiM4MSMkMSMkMCMkODkkMzgxMzUxIzExIyQyIyQzIyQwMCQ0NjEwMDIjNjEjJDEjJDAjJDgz,8.922,16.42,ok,2026-08-10T12:32:01.737585+00:00,7.513
37030330,JDQ4MTYyMiM4MSMkMSMkMCMkOTkkNTgxMzUxIzIxIyQxIyQxIyQ4MiQzNjEwMDIjNjEjJDEjJDAjJDgz,8.904,16.35,ok,2026-08-10T12:32:01.862975+00:00,7.592
37030340,JDQ4MTYyMiM4MSMkMSMkMCMkOTkkNTgxMzUxIzIxIyQxIyQ1IyQ4OSQzNjE0ODEjNjEjJDEjJDgjJDgz,6.654,13.47,ok,2026-08-10T12:32:01.990484+00:00,2.934
37030340,JDQ4MTYyMiM4MSMkMSMkMCMkOTkkNTgxOTYxIzExIyQxIyQzIyQ5OSQ0NjE0ODEjNTEjJDEjJDIjJDgz,14.893,22.33,ok,2026-08-10T12:32:02.117028+00:00,9.61
37030340,JDQ4MTYyMiM4MSMkMSMkMCMkOTkkMzgxMzUxIzExIyQxIyQzIyQxMyQzNjEyMjIjODEjJDEjJDIjJDgz,24.054,33.88,ok,2026-08-10T12:32:02.290158+00:00,10.657
37030340,JDQ4MTYyMiM4MSMkMSMkMCMkODkkMzgxMzUxIzExIyQxIyQzIyQ2MiQyNjEwMDIjNjEjJDEjJDgjJDgz,16.516,26.95,ok,2026-08-10T12:32:02.427676+00:00,10.691
37030340,JDQ4MTYyMiM4MSMkMSMkMCMkOTkkNTgxMzUxIzExIyQxIyQzIyQ5OSQ0NjEwMDIjNjEjJDEjJDQjJDgz,24.184,34.37,ok,2026-08-10T12:32:02.612658+00:00,10.797
37030350,JDQ4MTYyMiM4MSMkMSMkMCMkOTkkMzgxMzUxIzExIyQxIyQzIyQxMyQzNjEyMjIjODEjJDEjJDIjJDgz,10.051,17.67,ok,2026-08-10T12:32:02.762842+00:00,3.837
37030350,JDQ4MTYyMiM4MSMkMSMkMCMkOTkkNTgxMzUxIzExIyQxIyQzIyQ5OSQ0NjEwMDIjNjEjJDEjJDQjJDgz,10.181,18.15,ok,2026-08-10T12:32:02.905191+00:00,3.972
37030350,JDQ4MTYyMiM4MSMkMSMkMCMkOTkkNTgxMzUxIzIxIyQxIyQ1IyQ4OSQzNjE0ODEjNjEjJDEjJDgjJDgz,10.496,18.98,ok,2026-08-10T12:32:03.028421+00:00,4.255
37030350,JDQ4MTYyMiM4MSMkMSMkMCMkOTkkNTgxOTYxIzExIyQxIyQzIyQ5OSQ0NjE0ODEjNTEjJDEjJDIjJDgz,7.641,11.33,ok,2026-08-10T12:32:03.140183+00:00,6.327
37030350,JDQ4MTYyMiM4MSMkMSMkMCMkODkkMzgxMzUxIzExIyQxIyQzIyQ2MiQyNjEwMDIjNjEjJDEjJDgjJDgz,9.264,15.92,ok,2026-08-10T12:32:03.261795+00:00,7.814
37030360,JDQ4MTYyMiM4MSMkMSMkMCMkOTkkNTgxMzUxIzExIyQxIyQzIyQ5OSQ0NjEwMDIjNjEjJDEjJDQjJDgz,16.315,28.0,ok,2026-08-10T12:32:03.402457+00:00,4.917
37030360,JDQ4MTYyMiM4MSMkMSMkMCMkOTkkMzgxMzUxIzExIyQxIyQzIyQxMyQzNjEyMjIjODEjJDEjJDIjJDgz,16.185,27.52,ok,2026-08-10T12:32:03.528926+00:00,4.98
37030360,JDQ4MTYyMiM4MSMkMSMkMCMkOTkkNTgxOTYxIzExIyQxIyQzIyQ5OSQ0NjE0ODEjNTEjJDEjJDIjJDgz,17.173,25.62,ok,2026-08-10T12:32:03.676958+00:00,7.931
37030360,JDQ4MTYyMiM4MSMkMSMkMCMkODkkMzgxMzUxIzExIyQxIyQzIyQ2MiQyNjEwMDIjNjEjJDEjJDgjJDgz,10.954,23.22,ok,2026-08-10T12:32:03.819664+00:00,8.816
37030360,JDQ4MTYyMiM4MSMkMSMkMCMkODkkMzgxMzUxIzExIyQyIyQzIyQwMCQ0NjEwMDIjNjEjJDEjJDAjJDgz,12.247,25.67,ok,2026-08-10T12:32:03.953156+00:00,10.101
37030370,JDQ4MTYyMiM4MSMkMSMkMCMkODkkMzgxMzUxIzExIyQxIyQzIyQ2MiQyNjEwMDIjNjEjJDEjJDgjJDgz,13.423,26.85,ok,2026-08-10T12:32:04.080314+00:00,10.684
37030370,JDQ4MTYyMiM4MSMkMSMkMCMkODkkMzgxMzUxIzExIyQyIyQzIyQwMCQ0NjEwMDIjNjEjJDEjJDAjJDgz,14.194,27.03,ok,2026-08-10T12:32:04.357523+00:00,10.926
37030370,JDQ4MTYyMiM4MSMkMSMkMCMkOTkkNTgxOTYxIzExIyQxIyQzIyQ5OSQ0NjE0ODEjNTEjJDEjJDIjJDgz,17.499,24.25,ok,2026-08-10T12:32:04.583524+00:00,10.968
37030370,JDQ4MTYyMiM4MSMkMSMkMCMkOTkkNTgxMzUxIzIxIyQxIyQxIyQ4MiQzNjEwMDIjNjEjJDEjJDAjJDgz,14.647,27.58,ok,2026-08-10T12:32:04.727016+00:00,10.975
37030370,JDQ4MTYyMiM4MSMkMSMkMCMkOTkkNTgxMzUxIzExIyQxIyQzIyQ5OSQ0NjEwMDIjNjEjJDEjJDQjJDgz,20.964,31.52,ok,2026-08-10T12:32:04.890628+00:00,12.926
37030380,JDQ4MTYyMiM4MSMkMSMkMCMkOTkkNTgxMzUxIzIxIyQxIyQxIyQ4MiQzNjEwMDIjNjEjJDEjJDAjJDgz,8.122,15.43,ok,2026-08-10T12:32:05.048760+00:00,6.783
37030380,JDQ4MTYyMiM4MSMkMSMkMCMkODkkMzgxMzUxIzExIyQyIyQzIyQwMCQ0NjEwMDIjNjEjJDEjJDAjJDgz,8.405,16.25,ok,2026-08-10T12:32:05.192404+00:00,6.978
37030380,JDQ4MTYyMiM4MSMkMSMkMCMkODkkMzgxMzUxIzExIyQxIyQzIyQ2MiQyNjEwMDIjNjEjJDEjJDgjJDgz,10.139,17.83,ok,2026-08-10T12:32:05.385375+00:00,8.496
37030380,JDQ4MTYyMiM4MSMkMSMkMCMkOTkkNTgxOTYxIzExIyQxIyQzIyQ5OSQ0NjE0ODEjNTEjJDEjJDIjJDgz,12.186,24.4,ok,2026-08-10T12:32:05.569761+00:00,9.984
37030380,JDQ4MTYyMiM4MSMkMSMkMCMkOTkkNTgxMzUxIzIxIyQxIyQ1IyQ4OSQzNjE0ODEjNjEjJDEjJDgjJDgz,23.266,30.17,ok,2026-08-10T12:32:05.785851+00:00,16.744
37030390,JDQ4MTYyMiM4MSMkMSMkMCMkOTkkNTgxMzUxIzIxIyQxIyQxIyQ4MiQzNjEwMDIjNjEjJDEjJDAjJDgz,13.948,27.5,ok,2026-08-10T12:32:05.931524+00:00,12.411
37030390,JDQ4MTYyMiM4MSMkMSMkMCMkODkkMzgxMzUxIzExIyQyIyQzIyQwMCQ0NjEwMDIjNjEjJDEjJDAjJDgz,14.231,28.32,ok,2026-08-10T12:32:06.068867+00:00,12.586
37030390,JDQ4MTYyMiM4MSMkMSMkMCMkODkkMzgxMzUxIzExIyQxIyQzIyQ2MiQyNjEwMDIjNjEjJDEjJDgjJDgz,15.965,29.92,ok,2026-08-10T12:32:06.226925+00:00,13.974
37030390,JDQ4MTYyMiM4MSMkMSMkMCMkOTkkNTgxOTYxIzExIyQxIyQzIyQ5OSQ0NjE0ODEjNTEjJDEjJDIjJDgz,18.012,36.45,ok,2026-08-10T12:32:06.410194+00:00,15.42
37030390,JDQ4MTYyMiM4MSMkMSMkMCMkOTkkMzgxMzUxIzExIyQxIyQ3IyQ3OSQzNjEyMjIjODEjJDEjJDYjJDgz,32.929,51.28,ok,2026-08-10T12:32:06.617551+00:00,18.2
37030400,JDQ4MTYyMiM4MSMkMSMkMCMkOTkkNTgxMzUxIzIxIyQxIyQxIyQ4MiQzNjEwMDIjNjEjJDEjJDAjJDgz,17.207,22.13,ok,2026-08-10T12:32:06.769284+00:00,12.326
37030400,JDQ4MTYyMiM4MSMkMSMkMCMkODkkMzgxMzUxIzExIyQyIyQzIyQwMCQ0NjEwMDIjNjEjJDEjJDAjJDgz,17.49,22.95,ok,2026-08-10T12:32:06.946655+00:00,12.393
37030400,JDQ4MTYyMiM4MSMkMSMkMCMkODkkMzgxMzUxIzExIyQxIyQzIyQ2MiQyNjEwMDIjNjEjJDEjJDgjJDgz,19.749,24.6,ok,2026-08-10T12:32:07.151881+00:00,13.016
37030400,JDQ4MTYyMiM4MSMkMSMkMCMkOTkkNTgxOTYxIzExIyQxIyQzIyQ5OSQ0NjE0ODEjNTEjJDEjJDIjJDgz,20.822,32.42,ok,2026-08-10T12:32:07.338454+00:00,13.989
37030400,JDQ4MTYyMiM4MSMkMSMkMCMkOTkkNTgxMzUxIzExIyQxIyQzIyQ5OSQ0NjEwMDIjNjEjJDEjJDQjJDgz,31.51,44.27,ok,2026-08-10T12:32:07.612759+00:00,18.863
37030410,JDQ4MTYyMiM4MSMkMSMkMCMkOTkkNTgxMzUxIzIxIyQxIyQxIyQ4MiQzNjEwMDIjNjEjJDEjJDAjJDgz,23.42,35.28,ok,2026-08-10T12:32:07.770759+00:00,18.803
37030410,JDQ4MTYyMiM4MSMkMSMkMCMkODkkMzgxMzUxIzExIyQyIyQzIyQwMCQ0NjEwMDIjNjEjJDEjJDAjJDgz,23.703,36.1,ok,2026-08-10T12:32:07.963407+00:00,18.936
37030410,JDQ4MTYyMiM4MSMkMSMkMCMkODkkMzgxMzUxIzExIyQxIyQzIyQ2MiQyNjEwMDIjNjEjJDEjJDgjJDgz,25.962,37.72,ok,2026-08-10T12:32:08.156770+00:00,20.014
37030410,JDQ4MTYyMiM4MSMkMSMkMCMkOTkkNTgxOTYxIzExIyQxIyQzIyQ5OSQ0NjE0ODEjNTEjJDEjJDIjJDgz,27.035,45.3,ok,2026-08-10T12:32:08.354271+00:00,21.276
37030410,JDQ4MTYyMiM4MSMkMSMkMCMkOTkkMzgxMzUxIzExIyQxIyQ3IyQ3OSQzNjEyMjIjODEjJDEjJDYjJDgz,58.161,59.05,ok,2026-08-10T12:32:08.558480+00:00,22.193
37030420,JDQ4MTYyMiM4MSMkMSMkMCMkOTkkNTgxMzUxIzIxIyQxIyQxIyQ4MiQzNjEwMDIjNjEjJDEjJDAjJDgz,30.491,54.27,estimated_no_road_origin,2026-08-10T12:32:08.675676+00:00,21.832
37030420,JDQ4MTYyMiM4MSMkMSMkMCMkODkkMzgxMzUxIzExIyQyIyQzIyQwMCQ0NjEwMDIjNjEjJDEjJDAjJDgz,30.548,54.37,estimated_no_road_origin,2026-08-10T12:32:08.820731+00:00,21.873
37030420,JDQ4MTYyMiM4MSMkMSMkMCMkODkkMzgxMzUxIzExIyQxIyQzIyQ2MiQyNjEwMDIjNjEjJDEjJDgjJDgz,31.091,55.34,estimated_no_road_origin,2026-08-10T12:32:08.917289+00:00,22.262
37030420,JDQ4MTYyMiM4MSMkMSMkMCMkOTkkNTgxOTYxIzExIyQxIyQzIyQ5OSQ0NjE0ODEjNTEjJDEjJDIjJDgz,32.123,57.18,estimated_no_road_origin,2026-08-10T12:32:09.028419+00:00,23.001
37030420,JDQ4MTYyMiM4MSMkMSMkMCMkOTkkNTgxMzUxIzExIyQxIyQzIyQ5OSQ0NjEwMDIjNjEjJDEjJDQjJDgz,35.825,63.77,estimated_no_road_origin,2026-08-10T12:32:09.126095+00:00,25.651
37030430,JDQ4MTYyMiM4MSMkMSMkMCMkOTkkNTgxMzUxIzIxIyQxIyQxIyQ4MiQzNjEwMDIjNjEjJDEjJDAjJDgz,32.467,35.87,ok,2026-08-10T12:32:09.269775+00:00,27.934
37030430,JDQ4MTYyMiM4MSMkMSMkMCMkODkkMzgxMzUxIzExIyQyIyQzIyQwMCQ0NjEwMDIjNjEjJDEjJDAjJDgz,32.75,36.68,ok,2026-08-10T12:32:09.429806+00:00,28.032
37030430,JDQ4MTYyMiM4MSMkMSMkMCMkODkkMzgxMzUxIzExIyQxIyQzIyQ2MiQyNjEwMDIjNjEjJDEjJDgjJDgz,35.009,38.32,ok,2026-08-10T12:32:09.573292+00:00,28.834
37030430,JDQ4MTYyMiM4MSMkMSMkMCMkOTkkNTgxOTYxIzExIyQxIyQzIyQ5OSQ0NjE0ODEjNTEjJDEjJDIjJDgz,36.082,45.9,ok,2026-08-10T12:32:09.726302+00:00,29.886
37030430,JDQ4MTYyMiM4MSMkMSMkMCMkOTkkMzgxMzUxIzExIyQxIyQ3IyQ3OSQzNjEyMjIjODEjJDEjJDYjJDgz,42.357,58.68,ok,2026-08-10T12:32:09.930180+00:00,30.34
37030440,JDQ4MTYyMiM4MSMkMSMkMCMkOTkkMzgxMzUxIzExIyQxIyQ3IyQ3OSQzNjEyMjIjODEjJDEjJDYjJDgz,29.104,41.32,ok,2026-08-10T12:32:10.058207+00:00,23.49
37030440,JDQ4MTYyMiM4MSMkMSMkMCMkOTkkNTgxOTYxIzExIyQxIyQzIyQ5OSQzNjEwMDIjODEjJDEjJDIjJDgz,29.644,42.83,ok,2026-08-10T12:32:10.196547+00:00,23.967
37030440,JDQ4MTYyMiM4MSMkMSMkMCMkOTkkNTgxMzUxIzExIyQxIyQzIyQxMyQyNjE0ODEjNTEjJDEjJDIjJDgz,30.12,44.07,ok,2026-08-10T12:32:10.349532+00:00,24.054
37030440,JDQ4MTYyMiM4MSMkMSMkMCMkOTkkNTgxMzUxIzIxIyQxIyQ1IyQ2MiQzNjEwMDIjNjEjJDEjJDgjJDgz,29.905,43.93,ok,2026-08-10T12:32:10.475946+00:00,24.071
37030440,JDQ4MTYyMiM4MSMkMSMkMCMkOTkkNTgxMzUxIzExIyQxIyQ3IyQ4OSQ0NjE0ODEjNjEjJDEjJDgjJDgz,35.44,44.93,ok,2026-08-10T12:32:10.618152+00:00,25.375
37030550,JDQ4MTYyMiM4MSMkMSMkMCMkOTkkNTgxMzUxIzIxIyQxIyQxIyQ4MiQzNjEwMDIjNjEjJDEjJDAjJDgz,4.3,11.27,ok,2026-08-10T12:32:10.727390+00:00,3.157
37030550,JDQ4MTYyMiM4MSMkMSMkMCMkODkkMzgxMzUxIzExIyQyIyQzIyQwMCQ0NjEwMDIjNjEjJDEjJDAjJDgz,4.583,12.08,ok,2026-08-10T12:32:10.834591+00:00,3.265
37030550,JDQ4MTYyMiM4MSMkMSMkMCMkODkkMzgxMzUxIzExIyQxIyQzIyQ2MiQyNjEwMDIjNjEjJDEjJDgjJDgz,6.873,13.85,ok,2026-08-10T12:32:10.970999+00:00,4.346
37030550,JDQ4MTYyMiM4MSMkMSMkMCMkOTkkNTgxOTYxIzExIyQxIyQzIyQ5OSQ0NjE0ODEjNTEjJDEjJDIjJDgz,9.454,19.77,ok,2026-08-10T12:32:11.105133+00:00,5.717
37030550,JDQ4MTYyMiM4MSMkMSMkMCMkOTkkNTgxMzUxIzIxIyQxIyQ1IyQ4OSQzNjE0ODEjNjEjJDEjJDgjJDgz,21.053,26.57,ok,2026-08-10T12:32:11.273194+00:00,13.053
37030560,JDQ4MTYyMiM4MSMkMSMkMCMkOTkkNTgxOTYxIzExIyQxIyQzIyQ5OSQ0NjE0ODEjNTEjJDEjJDIjJDgz,7.362,20.35,ok,2026-08-10T12:32:11.429682+00:00,0.62
37030560,JDQ4MTYyMiM4MSMkMSMkMCMkODkkMzgxMzUxIzExIyQxIyQzIyQ2MiQyNjEwMDIjNjEjJDEjJDgjJDgz,6.125,17.6,ok,2026-08-10T12:32:11.560541+00:00,1.422
37030560,JDQ4MTYyMiM4MSMkMSMkMCMkODkkMzgxMzUxIzExIyQyIyQzIyQwMCQ0NjEwMDIjNjEjJDEjJDAjJDgz,7.347,20.28,ok,2026-08-10T12:32:11.678654+00:00,2.972
37030560,JDQ4MTYyMiM4MSMkMSMkMCMkOTkkNTgxMzUxIzIxIyQxIyQxIyQ4MiQzNjEwMDIjNjEjJDEjJDAjJDgz,7.8,20.73,ok,2026-08-10T12:32:11.804933+00:00,3.174
37030560,JDQ4MTYyMiM4MSMkMSMkMCMkOTkkNTgxMzUxIzIxIyQxIyQ1IyQ4OSQzNjE0ODEjNjEjJDEjJDgjJDgz,16.405,33.65,ok,2026-08-10T12:32:11.980677+00:00,7.916
37030580,JDQ4MTYyMiM4MSMkMSMkMCMkODkkMzgxMzUxIzExIyQxIyQzIyQ2MiQyNjEwMDIjNjEjJDEjJDgjJDgz,5.434,14.05,ok,2026-08-10T12:32:12.092424+00:00,3.983
37030580,JDQ4MTYyMiM4MSMkMSMkMCMkODkkMzgxMzUxIzExIyQyIyQzIyQwMCQ0NjEwMDIjNjEjJDEjJDAjJDgz,6.205,14.28,ok,2026-08-10T12:32:12.232418+00:00,4.076
37030580,JDQ4MTYyMiM4MSMkMSMkMCMkOTkkNTgxMzUxIzIxIyQxIyQxIyQ4MiQzNjEwMDIjNjEjJDEjJDAjJDgz,6.658,14.72,ok,2026-08-10T12:32:12.358046+00:00,4.133
37030580,JDQ4MTYyMiM4MSMkMSMkMCMkOTkkNTgxOTYxIzExIyQxIyQzIyQ5OSQ0NjE0ODEjNTEjJDEjJDIjJDgz,6.742,16.57,ok,2026-08-10T12:32:12.483796+00:00,4.699
37030580,JDQ4MTYyMiM4MSMkMSMkMCMkOTkkMzgxMzUxIzExIyQxIyQzIyQxMyQzNjEyMjIjODEjJDEjJDIjJDgz,20.969,32.43,ok,2026-08-10T12:32:12.674364+00:00,10.946
37030590,JDQ4MTYyMiM4MSMkMSMkMCMkOTkkNTgxMzUxIzIxIyQxIyQxIyQ4MiQzNjEwMDIjNjEjJDEjJDAjJDgz,2.02,5.8,ok,2026-08-10T12:32:12.803022+00:00,1.598
37030590,JDQ4MTYyMiM4MSMkMSMkMCMkODkkMzgxMzUxIzExIyQyIyQzIyQwMCQ0NjEwMDIjNjEjJDEjJDAjJDgz,2.303,6.62,ok,2026-08-10T12:32:12.933579+00:00,1.747
37030590,JDQ4MTYyMiM4MSMkMSMkMCMkODkkMzgxMzUxIzExIyQxIyQzIyQ2MiQyNjEwMDIjNjEjJDEjJDgjJDgz,3.89,7.8,ok,2026-08-10T12:32:13.060737+00:00,3.107
37030590,JDQ4MTYyMiM4MSMkMSMkMCMkOTkkNTgxOTYxIzExIyQxIyQzIyQ5OSQ0NjE0ODEjNTEjJDEjJDIjJDgz,5.96,13.33,ok,2026-08-10T12:32:13.199663+00:00,4.426
37030590,JDQ4MTYyMiM4MSMkMSMkMCMkOTkkNTgxMzUxIzIxIyQxIyQ1IyQ4OSQzNjE0ODEjNjEjJDEjJDgjJDgz,16.998,24.9,ok,2026-08-10T12:32:13.356454+00:00,10.561
37030600,JDQ4MTYyMiM4MSMkMSMkMCMkODkkMzgxMzUxIzExIyQyIyQzIyQwMCQ0NjEwMDIjNjEjJDEjJDAjJDgz,0.267,0.62,ok,2026-08-10T12:32:13.470837+00:00,0.246
37030600,JDQ4MTYyMiM4MSMkMSMkMCMkOTkkNTgxMzUxIzIxIyQxIyQxIyQ4MiQzNjEwMDIjNjEjJDEjJDAjJDgz,0.435,1.53,ok,2026-08-10T12:32:13.598717+00:00,0.436
37030600,JDQ4MTYyMiM4MSMkMSMkMCMkODkkMzgxMzUxIzExIyQxIyQzIyQ2MiQyNjEwMDIjNjEjJDEjJDgjJDgz,1.986,6.07,ok,2026-08-10T12:32:13.724307+00:00,1.356
37030600,JDQ4MTYyMiM4MSMkMSMkMCMkOTkkNTgxOTYxIzExIyQxIyQzIyQ5OSQ0NjE0ODEjNTEjJDEjJDIjJDgz,3.769,11.33,ok,2026-08-10T12:32:13.843853+00:00,2.839
37030600,JDQ4MTYyMiM4MSMkMSMkMCMkOTkkNTgxMzUxIzIxIyQxIyQ1IyQ4OSQzNjE0ODEjNjEjJDEjJDgjJDgz,12.59,22.07,ok,2026-08-10T12:32:14.017830+00:00,9.852
37030610,JDQ4MTYyMiM4MSMkMSMkMCMkODkkMzgxMzUxIzExIyQyIyQzIyQwMCQ0NjEwMDIjNjEjJDEjJDAjJDgz,1.753,6.7,ok,2026-08-10T12:32:14.138361+00:00,1.245
37030610,JDQ4MTYyMiM4MSMkMSMkMCMkOTkkNTgxMzUxIzIxIyQxIyQxIyQ4MiQzNjEwMDIjNjEjJDEjJDAjJDgz,2.014,6.5,ok,2026-08-10T12:32:14.253985+00:00,1.33
37030610,JDQ4MTYyMiM4MSMkMSMkMCMkODkkMzgxMzUxIzExIyQxIyQzIyQ2MiQyNjEwMDIjNjEjJDEjJDgjJDgz,2.781,8.37,ok,2026-08-10T12:32:14.366467+00:00,1.627
37030610,JDQ4MTYyMiM4MSMkMSMkMCMkOTkkNTgxOTYxIzExIyQxIyQzIyQ5OSQ0NjE0ODEjNTEjJDEjJDIjJDgz,4.564,13.7,ok,2026-08-10T12:32:14.504048+00:00,2.98
37030610,JDQ4MTYyMiM4MSMkMSMkMCMkOTkkNTgxMzUxIzIxIyQxIyQ1IyQ4OSQzNjE0ODEjNjEjJDEjJDgjJDgz,13.385,24.4,ok,2026-08-10T12:32:14.658673+00:00,10.326
37030620,JDQ4MTYyMiM4MSMkMSMkMCMkOTkkNTgxMzUxIzIxIyQxIyQxIyQ4MiQzNjEwMDIjNjEjJDEjJDAjJDgz,7.541,13.28,ok,2026-08-10T12:32:14.768375+00:00,5.319
37030620,JDQ4MTYyMiM4MSMkMSMkMCMkODkkMzgxMzUxIzExIyQyIyQzIyQwMCQ0NjEwMDIjNjEjJDEjJDAjJDgz,7.824,14.1,ok,2026-08-10T12:32:14.889153+00:00,5.399
37030620,JDQ4MTYyMiM4MSMkMSMkMCMkODkkMzgxMzUxIzExIyQxIyQzIyQ2MiQyNjEwMDIjNjEjJDEjJDgjJDgz,8.659,15.28,ok,2026-08-10T12:32:15.006315+00:00,6.2
37030620,JDQ4MTYyMiM4MSMkMSMkMCMkOTkkNTgxOTYxIzExIyQxIyQzIyQ5OSQ0NjE0ODEjNTEjJDEjJDIjJDgz,8.972,15.97,ok,2026-08-10T12:32:15.165267+00:00,6.968
37030620,JDQ4MTYyMiM4MSMkMSMkMCMkOTkkNTgxMzUxIzExIyQyIyQ3IyQwMCQyNjEwMDIjNTEjJDEjJDYjJDgz,13.877,19.37,ok,2026-08-10T12:32:15.323490+00:00,9.847
37040110,JDQ4MTYyMiM4MSMkMSMkMCMkOTkkNTgxMzUxIzIxIyQxIyQ1IyQwMyQ0NjE0ODEjNDEjJDEjJDQjJDgz,7.215,9.43,ok,2026-08-10T12:32:15.437941+00:00,5.934
37040110,JDQ4MTYyMiM4MSMkMSMkMCMkOTkkMzgxMzUxIzIxIyQyIyQ1IyQwMCQyNjE0ODEjNjEjJDEjJDAjJDgz,8.297,10.23,ok,2026-08-10T12:32:15.554293+00:00,7.552
37040110,JDQ4MTYyMiM4MSMkMSMkMCMkODkkMzgxMzUxIzExIyQxIyQzIyQ4OSQyNjEyMjIjNTEjJDEjJDIjJDgz,15.256,19.43,ok,2026-08-10T12:32:15.705067+00:00,11.605
37040110,JDQ4MTYyMiM4MSMkMSMkMCMkOTkkMzgxMzUxIzExIyQxIyQ3IyQ3MiQ0NjE0ODEjNDEjJDEjJDgjJDgz,20.934,21.33,ok,2026-08-10T12:32:15.840849+00:00,11.917
37040110,JDQ4MTYyMiM4MSMkMSMkMCMkOTkkNTgxMzUxIzExIyQxIyQzIyQ3OSQyNjEwMDIjNjEjJDEjJDQjJDgz,18.136,16.97,ok,2026-08-10T12:32:15.997608+00:00,12.187
37040310,JDQ4MTYyMiM4MSMkMSMkMCMkOTkkNTgxOTYxIzExIyQxIyQzIyQ4OSQzNjEwMDIjNDEjJDEjJDgjJDgz,9.745,16.42,ok,2026-08-10T12:32:16.120759+00:00,7.254
37040310,JDQ4MTYyMiM4MSMkMSMkMCMkODkkMzgxMzUxIzExIyQyIyQzIyQwMCQzNjEwMDIjNDEjJDEjJDgjJDgz,11.3,20.48,ok,2026-08-10T12:32:16.250816+00:00,8.777
37040310,JDQ4MTYyMiM4MSMkMSMkMCMkOTkkNTgxMzUxIzExIyQxIyQzIyQ4OSQyNjEwMDIjNTEjJDEjJDIjJDgz,13.242,21.18,ok,2026-08-10T12:32:16.376442+00:00,8.954
37040310,JDQ4MTYyMiM4MSMkMSMkMCMkOTkkNTgxOTYxIzExIyQxIyQzIyQ3OSQzNjEwMDIjNTEjJDEjJDYjJDgz,13.216,21.18,ok,2026-08-10T12:32:16.499941+00:00,8.954
37040310,JDQ4MTYyMiM4MSMkMSMkMCMkOTkkMzgxMzUxIzExIyQxIyQ3IyQ3MiQ0NjE0ODEjNDEjJDEjJDgjJDgz,21.35,25.3,ok,2026-08-10T12:32:16.623832+00:00,9.016
37040320,JDQ4MTYyMiM4MSMkMSMkMCMkOTkkMzgxMzUxIzExIyQxIyQ3IyQ3MiQ0NjE0ODEjNDEjJDEjJDgjJDgz,9.063,16.03,ok,2026-08-10T12:32:16.743100+00:00,3.258
37040320,JDQ4MTYyMiM4MSMkMSMkMCMkOTkkNTgxMzUxIzIxIyQxIyQ1IyQwMyQ0NjE0ODEjNDEjJDEjJDQjJDgz,21.338,24.7,ok,2026-08-10T12:32:16.865493+00:00,10.226
37040320,JDQ4MTYyMiM4MSMkMSMkMCMkOTkkMzgxMzUxIzIxIyQyIyQ1IyQwMCQyNjE0ODEjNjEjJDEjJDAjJDgz,20.495,24.73,ok,2026-08-10T12:32:17.008306+00:00,11.011
37040320,JDQ4MTYyMiM4MSMkMSMkMCMkOTkkNTgxOTYxIzExIyQxIyQzIyQ4OSQzNjEwMDIjNDEjJDEjJDgjJDgz,20.866,25.82,ok,2026-08-10T12:32:17.153524+00:00,11.702
37040320,JDQ4MTYyMiM4MSMkMSMkMCMkODkkMzgxMzUxIzExIyQxIyQzIyQ4OSQyNjEwMDIjNjEjJDEjJDAjJDgz,20.563,30.83,ok,2026-08-10T12:32:17.279988+00:00,13.049
37040330,JDQ4MTYyMiM4MSMkMSMkMCMkOTkkNTgxMzUxIzIxIyQxIyQ1IyQwMyQ0NjE0ODEjNDEjJDEjJDQjJDgz,5.539,13.07,ok,2026-08-10T12:32:17.392323+00:00,4.438
37040330,JDQ4MTYyMiM4MSMkMSMkMCMkOTkkMzgxMzUxIzExIyQxIyQ3IyQ3MiQ0NjE0ODEjNDEjJDEjJDgjJDgz,9.127,17.92,ok,2026-08-10T12:32:17.518994+00:00,4.543
37040330,JDQ4MTYyMiM4MSMkMSMkMCMkOTkkMzgxMzUxIzIxIyQyIyQ1IyQwMCQyNjE0ODEjNjEjJDEjJDAjJDgz,8.32,16.52,ok,2026-08-10T12:32:17.637133+00:00,5.512
37040330,JDQ4MTYyMiM4MSMkMSMkMCMkOTkkNTgxOTYxIzExIyQxIyQzIyQ4OSQzNjEwMDIjNDEjJDEjJDgjJDgz,13.219,19.87,ok,2026-08-10T12:32:17.765208+00:00,8.544
37040330,JDQ4MTYyMiM4MSMkMSMkMCMkODkkMzgxMzUxIzExIyQxIyQzIyQ4OSQyNjEwMDIjNjEjJDEjJDAjJDgz,12.077,24.93,ok,2026-08-10T12:32:17.889752+00:00,9.013
37040340,JDQ4MTYyMiM4MSMkMSMkMCMkOTkkNTgxMzUxIzExIyQxIyQzIyQ4MiQzNjEwMDIjNDEjJDEjJDgjJDgz,19.165,18.62,ok,2026-08-10T12:32:18.007252+00:00,13.478
37040340,JDQ4MTYyMiM4MSMkMSMkMCMkOTkkNTgxMzUxIzIxIyQxIyQ1IyQwMyQ0NjE0ODEjNDEjJDEjJDQjJDgz,20.225,21.33,ok,2026-08-10T12:32:18.138054+00:00,13.972
37040340,JDQ4MTYyMiM4MSMkMSMkMCMkOTkkMzgxMzUxIzIxIyQyIyQ1IyQwMCQyNjE0ODEjNjEjJDEjJDAjJDgz,21.307,22.12,ok,2026-08-10T12:32:18.261628+00:00,14.84
37040340,JDQ4MTYyMiM4MSMkMSMkMCMkOTkkNTgxMzUxIzIxIyQxIyQxIyQ4MiQ0NjE0ODEjODEjJDEjJDYjJDgz,21.091,21.6,ok,2026-08-10T12:32:18.396895+00:00,15.275
37040340,JDQ4MTYyMiM4MSMkMSMkMCMkOTkkNTgxMzUxIzExIyQxIyQzIyQ3OSQyNjEwMDIjNjEjJDEjJDQjJDgz,31.146,28.85,ok,2026-08-10T12:32:18.557277+00:00,15.483
37040350,JDQ4MTYyMiM4MSMkMSMkMCMkOTkkNTgxMzUxIzExIyQxIyQzIyQ3OSQyNjEwMDIjNjEjJDEjJDQjJDgz,10.464,17.73,ok,2026-08-10T12:32:18.686435+00:00,7.955
37040350,JDQ4MTYyMiM4MSMkMSMkMCMkODkkMzgxMzUxIzExIyQxIyQzIyQ4OSQyNjEyMjIjNTEjJDEjJDIjJDgz,14.203,21.38,ok,2026-08-10T12:32:18.802727+00:00,10.757
37040350,JDQ4MTYyMiM4MSMkMSMkMCMkOTkkNTgxMzUxIzIxIyQxIyQ1IyQ5OSQyNjEwMDIjODEjJDEjJDYjJDgz,19.74,26.12,ok,2026-08-10T12:32:18.916727+00:00,12.277
37040350,JDQ4MTYyMiM4MSMkMSMkMCMkOTkkNTgxOTYxIzExIyQyIyQzIyQwMCQyNjEwMDIjNTEjJDEjJDIjJDgz,22.175,28.08,ok,2026-08-10T12:32:19.058473+00:00,12.916
37040350,JDQ4MTYyMiM4MSMkMSMkMCMkOTkkNTgxMzUxIzExIyQxIyQzIyQ2MiQyNjEwMDIjNjEjJDEjJDAjJDgz,17.315,24.25,ok,2026-08-10T12:32:19.193185+00:00,13.065
37040360,JDQ4MTYyMiM4MSMkMSMkMCMkOTkkNTgxMzUxIzExIyQxIyQzIyQ3OSQyNjEwMDIjNjEjJDEjJDQjJDgz,11.415,18.8,ok,2026-08-10T12:32:19.288828+00:00,5.713
37040360,JDQ4MTYyMiM4MSMkMSMkMCMkOTkkMzgxMzUxIzIxIyQyIyQ1IyQwMCQyNjE0ODEjNjEjJDEjJDAjJDgz,19.849,28.62,ok,2026-08-10T12:32:19.416649+00:00,6.81
37040360,JDQ4MTYyMiM4MSMkMSMkMCMkODkkMzgxMzUxIzExIyQxIyQzIyQ4OSQyNjEyMjIjNTEjJDEjJDIjJDgz,15.988,24.38,ok,2026-08-10T12:32:19.527784+00:00,7.043
37040360,JDQ4MTYyMiM4MSMkMSMkMCMkOTkkNTgxMzUxIzIxIyQxIyQ1IyQwMyQ0NjE0ODEjNDEjJDEjJDQjJDgz,18.612,25.5,ok,2026-08-10T12:32:19.657696+00:00,7.049
37040360,JDQ4MTYyMiM4MSMkMSMkMCMkOTkkNTgxMzUxIzExIyQxIyQ3IyQ5MiQzNjE0ODEjNzEjJDEjJDgjJDgz,18.541,29.67,ok,2026-08-10T12:32:19.787902+00:00,9.447
37040370,JDQ4MTYyMiM4MSMkMSMkMCMkOTkkNTgxMzUxIzExIyQxIyQzIyQ2MiQyNjEwMDIjNjEjJDEjJDAjJDgz,10.97,21.72,ok,2026-08-10T12:32:19.910816+00:00,5.106
37040370,JDQ4MTYyMiM4MSMkMSMkMCMkOTkkNTgxMzUxIzIxIyQxIyQxIyQ4MiQzNjEyMjIjNTEjJDEjJDIjJDgz,7.75,19.7,ok,2026-08-10T12:32:20.037090+00:00,5.164
37040370,JDQ4MTYyMiM4MSMkMSMkMCMkOTkkMzgxMzUxIzIxIyQxIyQ5IyQ4OSQ0NjE0ODEjNDEjJDEjJDgjJDgz,8.585,21.35,ok,2026-08-10T12:32:20.199445+00:00,5.571
37040370,JDQ4MTYyMiM4MSMkMSMkMCMkOTkkNTgxMzUxIzExIyQxIyQzIyQ4OSQyNjEwMDIjNTEjJDEjJDIjJDgz,13.539,27.42,ok,2026-08-10T12:32:20.338209+00:00,5.874
37040370,JDQ4MTYyMiM4MSMkMSMkMCMkOTkkNTgxOTYxIzExIyQxIyQzIyQ3OSQzNjEwMDIjNTEjJDEjJDYjJDgz,13.539,27.42,ok,2026-08-10T12:32:20.464906+00:00,5.874
37040380,JDQ4MTYyMiM4MSMkMSMkMCMkOTkkNTgxOTYxIzExIyQxIyQzIyQ4OSQzNjE4MzIjNzEjJDEjJDgjJDgz,4.944,6.9,ok,2026-08-10T12:32:20.610355+00:00,2.728
37040380,JDQ4MTYyMiM4MSMkMSMkMCMkOTkkMzgxMzUxIzIxIyQxIyQ5IyQ4OSQ0NjE0ODEjNDEjJDEjJDgjJDgz,5.648,11.87,ok,2026-08-10T12:32:20.791627+00:00,4.834
37040380,JDQ4MTYyMiM4MSMkMSMkMCMkOTkkNTgxMzUxIzIxIyQxIyQxIyQ4MiQzNjEyMjIjNTEjJDEjJDIjJDgz,10.341,12.27,ok,2026-08-10T12:32:20.902642+00:00,6.467
37040380,JDQ4MTYyMiM4MSMkMSMkMCMkOTkkNTgxOTYxIzExIyQxIyQzIyQ3OSQzNjEwMDIjNTEjJDEjJDYjJDgz,13.479,18.33,ok,2026-08-10T12:32:21.025258+00:00,10.735
37040380,JDQ4MTYyMiM4MSMkMSMkMCMkOTkkNTgxMzUxIzExIyQxIyQzIyQ4OSQyNjEwMDIjNTEjJDEjJDIjJDgz,13.479,18.33,ok,2026-08-10T12:32:21.167747+00:00,10.735
37040390,JDQ4MTYyMiM4MSMkMSMkMCMkOTkkNTgxOTYxIzExIyQxIyQzIyQ4OSQzNjE4MzIjNzEjJDEjJDgjJDgz,14.011,20.68,ok,2026-08-10T12:32:21.324621+00:00,10.541
37040390,JDQ4MTYyMiM4MSMkMSMkMCMkOTIkNDgxNzAyIzExIyQxIyQzIyQ3OSQyNjEwMDIjNTEjJDEjJDIjJDgz,24.94,25.43,ok,2026-08-10T12:32:21.468084+00:00,12.407
37040390,JDQ4MTYyMiM4MSMkMSMkMCMkOTkkNTgxMzUxIzExIyQxIyQ3IyQ5OSQzNjEyMjIjNzEjJDEjJDgjJDgz,26.667,33.1,ok,2026-08-10T12:32:21.628039+00:00,15.406
37040390,JDQ4MTYyMiM4MSMkMSMkMCMkOTkkNTgxOTYxIzExIyQxIyQzIyQ5OSQ0NjEwMDIjNDEjJDEjJDgjJDgz,33.805,33.85,ok,2026-08-10T12:32:21.770817+00:00,16.874
37040390,JDQ4MTYyMiM4MSMkMSMkMCMkOTkkMzgxMzUxIzIxIyQxIyQ5IyQ4OSQ0NjE0ODEjNDEjJDEjJDgjJDgz,19.38,26.48,ok,2026-08-10T12:32:22.017914+00:00,17.016
37040400,JDQ4MTYyMiM4MSMkMSMkMCMkOTkkNTgxOTYxIzExIyQxIyQzIyQ5OSQ0NjEwMDIjNDEjJDEjJDgjJDgz,12.314,12.2,ok,2026-08-10T12:32:22.130082+00:00,9.1
37040400,JDQ4MTYyMiM4MSMkMSMkMCMkOTkkMzgxMzUxIzIxIyQxIyQ5IyQ4OSQ0NjE0ODEjNDEjJDEjJDgjJDgz,16.834,19.42,ok,2026-08-10T12:32:22.274235+00:00,13.017
37040400,JDQ4MTYyMiM4MSMkMSMkMCMkOTkkNTgxOTYxIzExIyQxIyQzIyQ4OSQzNjE4MzIjNzEjJDEjJDgjJDgz,25.983,31.38,ok,2026-08-10T12:32:22.422558+00:00,13.576
37040400,JDQ4MTYyMiM4MSMkMSMkMCMkOTkkNTgxMzUxIzIxIyQxIyQxIyQ4MiQzNjEyMjIjNTEjJDEjJDIjJDgz,18.553,20.38,ok,2026-08-10T12:32:22.549222+00:00,14.071
37040400,JDQ4MTYyMiM4MSMkMSMkMCMkOTkkNTgxMzUxIzExIyQxIyQzIyQ4OSQyNjEwMDIjNTEjJDEjJDIjJDgz,23.748,30.05,ok,2026-08-10T12:32:22.673242+00:00,17.653
37040410,JDQ4MTYyMiM4MSMkMSMkMCMkOTkkMzgxMzUxIzExIyQxIyQzIyQ5MiQ0NjE0ODEjNDEjJDEjJDQjJDgz,25.013,31.98,ok,2026-08-10T12:32:22.801989+00:00,18.403
37040410,JDQ4MTYyMiM4MSMkMSMkMCMkOTkkMzgxMzUxIzIxIyQxIyQ5IyQ4OSQ0NjE0ODEjNDEjJDEjJDgjJDgz,33.601,43.18,ok,2026-08-10T12:32:22.988174+00:00,19.022
37040410,JDQ4MTYyMiM4MSMkMSMkMCMkOTkkNTgxMzUxIzIxIyQxIyQxIyQ4MiQzNjEyMjIjNTEjJDEjJDIjJDgz,31.398,38.88,ok,2026-08-10T12:32:23.132866+00:00,19.062
37040410,JDQ4MTYyMiM4MSMkMSMkMCMkOTkkNTgxOTYxIzExIyQxIyQzIyQ4OSQzNjEwMDIjNDEjJDEjJDgjJDgz,25.016,32.42,ok,2026-08-10T12:32:23.260701+00:00,19.343
37040410,JDQ4MTYyMiM4MSMkMSMkMCMkOTkkNTgxOTYxIzExIyQxIyQzIyQ5OSQ0NjEwMDIjNDEjJDEjJDgjJDgz,33.727,41.57,ok,2026-08-10T12:32:23.405637+00:00,19.393
37040420,JDQ4MTYyMiM4MSMkMSMkMCMkOTkkMzgxMzUxIzExIyQxIyQ3IyQ3MiQ0NjE0ODEjNDEjJDEjJDgjJDgz,24.341,34.2,ok,2026-08-10T12:32:23.558390+00:00,17.033
37040420,JDQ4MTYyMiM4MSMkMSMkMCMkOTkkNTgxMzUxIzExIyQxIyQzIyQ5OSQzNjEwMDIjNTEjJDEjJDIjJDgz,30.488,42.83,ok,2026-08-10T12:32:23.696720+00:00,18.881
37040420,JDQ4MTYyMiM4MSMkMSMkMCMkOTkkMzgxMzUxIzExIyQxIyQzIyQ3MiQzNjEwMDIjNDEjJDEjJDgjJDgz,30.554,42.85,ok,2026-08-10T12:32:23.851521+00:00,18.883
37040420,JDQ4MTYyMiM4MSMkMSMkMCMkOTkkNTgxOTYxIzExIyQxIyQzIyQ4OSQzNjEwMDIjNDEjJDEjJDgjJDgz,24.504,31.27,ok,2026-08-10T12:32:23.992285+00:00,20.74
37040420,JDQ4MTYyMiM4MSMkMSMkMCMkOTkkMzgxMzUxIzExIyQxIyQ3IyQxMyQzNjE4MzIjNTEjJDEjJDIjJDgz,33.435,50.72,ok,2026-08-10T12:32:24.148630+00:00,21.401
37040430,JDQ4MTYyMiM4MSMkMSMkMCMkOTkkMzgxMzUxIzExIyQxIyQ3IyQ3MiQ0NjE0ODEjNDEjJDEjJDgjJDgz,22.163,26.62,ok,2026-08-10T12:32:24.275993+00:00,12.518
37040430,JDQ4MTYyMiM4MSMkMSMkMCMkOTkkNTgxOTYxIzExIyQxIyQzIyQ4OSQ0NjE0ODEjNjEjJDEjJDQjJDgz,27.07,30.72,ok,2026-08-10T12:32:24.387861+00:00,14.987
37040430,JDQ4MTYyMiM4MSMkMSMkMCMkOTkkMzgxMzUxIzExIyQxIyQ3IyQxMyQzNjE4MzIjNTEjJDEjJDIjJDgz,23.636,36.22,ok,2026-08-10T12:32:24.523430+00:00,15.071
37040430,JDQ4MTYyMiM4MSMkMSMkMCMkOTkkMzgxMzUxIzExIyQxIyQzIyQ2MiQyNjEwMDIjNDEjJDEjJDgjJDgz,24.009,37.1,ok,2026-08-10T12:32:24.647896+00:00,15.548
37040430,JDQ4MTYyMiM4MSMkMSMkMCMkOTkkMzgxMzUxIzExIyQxIyQzIyQ3MiQzNjEwMDIjNDEjJDEjJDgjJDgz,20.755,28.28,ok,2026-08-10T12:32:24.753858+00:00,16.025
37040510,JDQ4MTYyMiM4MSMkMSMkMCMkOTkkNTgxMzUxIzExIyQxIyQzIyQ4OSQyNjEwMDIjNTEjJDEjJDIjJDgz,4.957,8.45,ok,2026-08-10T12:32:24.869054+00:00,1.523
37040510,JDQ4MTYyMiM4MSMkMSMkMCMkOTkkNTgxOTYxIzExIyQxIyQzIyQ3OSQzNjEwMDIjNTEjJDEjJDYjJDgz,4.957,8.45,ok,2026-08-10T12:32:24.979852+00:00,1.523
37040510,JDQ4MTYyMiM4MSMkMSMkMCMkODkkMzgxMzUxIzExIyQyIyQzIyQwMCQzNjEwMDIjNDEjJDEjJDgjJDgz,4.54,8.38,ok,2026-08-10T12:32:25.088435+00:00,1.659
37040510,JDQ4MTYyMiM4MSMkMSMkMCMkOTkkNTgxOTYxIzExIyQxIyQzIyQ4OSQzNjEwMDIjNDEjJDEjJDgjJDgz,2.959,4.33,ok,2026-08-10T12:32:25.200661+00:00,1.836
37040510,JDQ4MTYyMiM4MSMkMSMkMCMkOTkkNTgxMzUxIzIxIyQxIyQ1IyQ3OSQzNjE0ODEjODEjJDEjJDYjJDgz,5.163,10.07,ok,2026-08-10T12:32:25.336356+00:00,2.413
37040520,JDQ4MTYyMiM4MSMkMSMkMCMkOTkkNTgxOTYxIzExIyQxIyQzIyQ4OSQzNjEwMDIjNDEjJDEjJDgjJDgz,0.663,1.75,ok,2026-08-10T12:32:25.446514+00:00,0.383
37040520,JDQ4MTYyMiM4MSMkMSMkMCMkODkkMzgxMzUxIzExIyQyIyQzIyQwMCQzNjEwMDIjNDEjJDEjJDgjJDgz,2.244,5.77,ok,2026-08-10T12:32:25.564840+00:00,1.735
37040520,JDQ4MTYyMiM4MSMkMSMkMCMkODkkMzgxMzUxIzExIyQxIyQzIyQ4OSQyNjEwMDIjNjEjJDEjJDAjJDgz,2.906,7.35,ok,2026-08-10T12:32:25.690955+00:00,2.249
37040520,JDQ4MTYyMiM4MSMkMSMkMCMkOTkkNTgxMzUxIzIxIyQxIyQ1IyQ3OSQzNjE0ODEjODEjJDEjJDYjJDgz,2.867,7.55,ok,2026-08-10T12:32:25.802348+00:00,2.454
37040520,JDQ4MTYyMiM4MSMkMSMkMCMkOTkkNTgxMzUxIzExIyQxIyQ3IyQ5MiQzNjE0ODEjNzEjJDEjJDgjJDgz,3.057,8.28,ok,2026-08-10T12:32:25.899209+00:00,2.543
37040540,JDQ4MTYyMiM4MSMkMSMkMCMkOTkkNTgxMzUxIzIxIyQxIyQxIyQ4MiQzNjEyMjIjNTEjJDEjJDIjJDgz,7.959,17.9,ok,2026-08-10T12:32:26.010869+00:00,1.877
37040540,JDQ4MTYyMiM4MSMkMSMkMCMkOTkkMzgxMzUxIzIxIyQxIyQ5IyQ4OSQ0NjE0ODEjNDEjJDEjJDgjJDgz,10.162,22.23,ok,2026-08-10T12:32:26.170592+00:00,3.143
37040540,JDQ4MTYyMiM4MSMkMSMkMCMkOTkkNTgxOTYxIzExIyQxIyQzIyQ3OSQzNjEwMDIjNTEjJDEjJDYjJDgz,6.747,17.12,ok,2026-08-10T12:32:26.298604+00:00,3.826
37040540,JDQ4MTYyMiM4MSMkMSMkMCMkOTkkNTgxMzUxIzExIyQxIyQzIyQ4OSQyNjEwMDIjNTEjJDEjJDIjJDgz,6.747,17.12,ok,2026-08-10T12:32:26.403241+00:00,3.826
37040540,JDQ4MTYyMiM4MSMkMSMkMCMkOTkkNTgxMzUxIzExIyQxIyQzIyQ2MiQyNjEwMDIjNjEjJDEjJDAjJDgz,7.81,19.38,ok,2026-08-10T12:32:26.510370+00:00,4.66
37040560,JDQ4MTYyMiM4MSMkMSMkMCMkOTkkNTgxMzUxIzExIyQxIyQ3IyQ5MiQzNjE0ODEjNzEjJDEjJDgjJDgz,1.483,4.33,ok,2026-08-10T12:32:26.633793+00:00,1.204
37040560,JDQ4MTYyMiM4MSMkMSMkMCMkODkkMzgxMzUxIzExIyQxIyQzIyQ4OSQyNjEwMDIjNjEjJDEjJDAjJDgz,1.974,5.75,ok,2026-08-10T12:32:26.755159+00:00,1.452
37040560,JDQ4MTYyMiM4MSMkMSMkMCMkOTkkNTgxMzUxIzIxIyQxIyQ1IyQ3OSQzNjE0ODEjODEjJDEjJDYjJDgz,1.951,5.8,ok,2026-08-10T12:32:26.867868+00:00,1.516
37040560,JDQ4MTYyMiM4MSMkMSMkMCMkODkkMzgxMzUxIzExIyQxIyQzIyQ4OSQyNjEyMjIjNTEjJDEjJDIjJDgz,2.628,5.62,ok,2026-08-10T12:32:26.968091+00:00,1.696
37040560,JDQ4MTYyMiM4MSMkMSMkMCMkODkkMzgxMzUxIzExIyQyIyQzIyQwMCQzNjEwMDIjNDEjJDEjJDgjJDgz,2.658,7.1,ok,2026-08-10T12:32:27.098320+00:00,2.248
37040580,JDQ4MTYyMiM4MSMkMSMkMCMkODkkMzgxMzUxIzExIyQxIyQzIyQ4OSQyNjEwMDIjNjEjJDEjJDAjJDgz,1.204,3.3,ok,2026-08-10T12:32:27.221029+00:00,1.071
37040580,JDQ4MTYyMiM4MSMkMSMkMCMkOTkkNTgxMzUxIzExIyQxIyQ3IyQ5MiQzNjE0ODEjNzEjJDEjJDgjJDgz,1.312,3.22,ok,2026-08-10T12:32:27.331545+00:00,1.102
37040580,JDQ4MTYyMiM4MSMkMSMkMCMkOTkkNTgxMzUxIzIxIyQxIyQ1IyQ3OSQzNjE0ODEjODEjJDEjJDYjJDgz,1.987,5.6,ok,2026-08-10T12:32:27.446313+00:00,1.476
37040580,JDQ4MTYyMiM4MSMkMSMkMCMkODkkMzgxMzUxIzExIyQyIyQzIyQwMCQzNjEwMDIjNDEjJDEjJDgjJDgz,2.068,4.72,ok,2026-08-10T12:32:27.554535+00:00,1.822
37040580,JDQ4MTYyMiM4MSMkMSMkMCMkOTkkNTgxOTYxIzExIyQxIyQzIyQ4OSQzNjEwMDIjNDEjJDEjJDgjJDgz,3.516,7.82,ok,2026-08-10T12:32:27.688545+00:00,2.485
37040590,JDQ4MTYyMiM4MSMkMSMkMCMkOTkkNTgxOTYxIzExIyQxIyQzIyQ4OSQzNjEwMDIjNDEjJDEjJDgjJDgz,3.028,4.92,ok,2026-08-10T12:32:27.801890+00:00,2.207
37040590,JDQ4MTYyMiM4MSMkMSMkMCMkODkkMzgxMzUxIzExIyQxIyQzIyQ4OSQyNjEwMDIjNjEjJDEjJDAjJDgz,3.421,8.3,ok,2026-08-10T12:32:27.914235+00:00,3.101
37040590,JDQ4MTYyMiM4MSMkMSMkMCMkOTkkNTgxMzUxIzExIyQxIyQ3IyQ5MiQzNjE0ODEjNzEjJDEjJDgjJDgz,3.539,8.4,ok,2026-08-10T12:32:28.026053+00:00,3.319
37040590,JDQ4MTYyMiM4MSMkMSMkMCMkODkkMzgxMzUxIzExIyQyIyQzIyQwMCQzNjEwMDIjNDEjJDEjJDgjJDgz,4.285,9.72,ok,2026-08-10T12:32:28.162059+00:00,3.327
37040590,JDQ4MTYyMiM4MSMkMSMkMCMkOTkkNTgxMzUxIzIxIyQxIyQ1IyQ3OSQzNjE0ODEjODEjJDEjJDYjJDgz,4.214,10.77,ok,2026-08-10T12:32:28.289333+00:00,3.55
37040600,JDQ4MTYyMiM4MSMkMSMkMCMkODkkMzgxMzUxIzExIyQxIyQzIyQ4OSQyNjEyMjIjNTEjJDEjJDIjJDgz,2.744,6.33,ok,2026-08-10T12:32:28.417832+00:00,1.589
37040600,JDQ4MTYyMiM4MSMkMSMkMCMkOTkkNTgxMzUxIzExIyQxIyQ3IyQ5MiQzNjE0ODEjNzEjJDEjJDgjJDgz,4.416,9.45,ok,2026-08-10T12:32:28.545783+00:00,2.705
37040600,JDQ4MTYyMiM4MSMkMSMkMCMkODkkMzgxMzUxIzExIyQxIyQzIyQ4OSQyNjEwMDIjNjEjJDEjJDAjJDgz,4.838,10.62,ok,2026-08-10T12:32:28.681441+00:00,2.919
37040600,JDQ4MTYyMiM4MSMkMSMkMCMkOTkkNTgxMzUxIzIxIyQxIyQ1IyQ3OSQzNjE0ODEjODEjJDEjJDYjJDgz,4.628,9.68,ok,2026-08-10T12:32:28.821036+00:00,3.038
37040600,JDQ4MTYyMiM4MSMkMSMkMCMkOTkkMzgxMzUxIzIxIyQyIyQ1IyQwMCQyNjE0ODEjNjEjJDEjJDAjJDgz,4.432,8.8,ok,2026-08-10T12:32:28.932492+00:00,3.134
37040610,JDQ4MTYyMiM4MSMkMSMkMCMkOTkkMzgxMzUxIzIxIyQyIyQ1IyQwMCQyNjE0ODEjNjEjJDEjJDAjJDgz,3.434,10.17,ok,2026-08-10T12:32:29.077072+00:00,1.915
37040610,JDQ4MTYyMiM4MSMkMSMkMCMkOTkkNTgxMzUxIzExIyQxIyQ3IyQ5MiQzNjE0ODEjNzEjJDEjJDgjJDgz,4.1,12.53,ok,2026-08-10T12:32:29.204716+00:00,3.322
37040610,JDQ4MTYyMiM4MSMkMSMkMCMkODkkMzgxMzUxIzExIyQxIyQzIyQ4OSQyNjEwMDIjNjEjJDEjJDAjJDgz,4.253,13.08,ok,2026-08-10T12:32:29.337409+00:00,3.326
37040610,JDQ4MTYyMiM4MSMkMSMkMCMkOTkkNTgxMzUxIzIxIyQxIyQ1IyQwMyQ0NjE0ODEjNDEjJDEjJDQjJDgz,4.35,10.07,ok,2026-08-10T12:32:29.480379+00:00,3.51
37040610,JDQ4MTYyMiM4MSMkMSMkMCMkOTkkNTgxMzUxIzIxIyQxIyQ1IyQ3OSQzNjE0ODEjODEjJDEjJDYjJDgz,4.674,13.87,ok,2026-08-10T12:32:29.623576+00:00,3.712
37040620,JDQ4MTYyMiM4MSMkMSMkMCMkOTkkNTgxMzUxIzExIyQxIyQ3IyQ5MiQzNjE0ODEjNzEjJDEjJDgjJDgz,0.125,0.47,ok,2026-08-10T12:32:29.754267+00:00,0.119
37040620,JDQ4MTYyMiM4MSMkMSMkMCMkODkkMzgxMzUxIzExIyQxIyQzIyQ4OSQyNjEwMDIjNjEjJDEjJDAjJDgz,0.411,1.87,ok,2026-08-10T12:32:29.877458+00:00,0.268
37040620,JDQ4MTYyMiM4MSMkMSMkMCMkOTkkNTgxMzUxIzIxIyQxIyQ1IyQ3OSQzNjE0ODEjODEjJDEjJDYjJDgz,0.644,2.38,ok,2026-08-10T12:32:29.996432+00:00,0.285
37040620,JDQ4MTYyMiM4MSMkMSMkMCMkODkkMzgxMzUxIzExIyQyIyQzIyQwMCQzNjEwMDIjNDEjJDEjJDgjJDgz,1.189,3.42,ok,2026-08-10T12:32:30.127281+00:00,0.935
37040620,JDQ4MTYyMiM4MSMkMSMkMCMkOTkkNTgxMzUxIzExIyQxIyQzIyQ2MiQyNjEwMDIjNjEjJDEjJDAjJDgz,2.705,7.18,ok,2026-08-10T12:32:30.255648+00:00,1.9
37040630,JDQ4MTYyMiM4MSMkMSMkMCMkODkkMzgxMzUxIzExIyQxIyQzIyQ4OSQyNjEyMjIjNTEjJDEjJDIjJDgz,2.365,6.23,ok,2026-08-10T12:32:30.372482+00:00,1.52
37040630,JDQ4MTYyMiM4MSMkMSMkMCMkOTkkNTgxMzUxIzExIyQxIyQzIyQ2MiQyNjEwMDIjNjEjJDEjJDAjJDgz,3.468,7.88,ok,2026-08-10T12:32:30.485037+00:00,1.854
37040630,JDQ4MTYyMiM4MSMkMSMkMCMkOTkkNTgxMzUxIzIxIyQxIyQ1IyQ3OSQzNjE0ODEjODEjJDEjJDYjJDgz,3.544,9.4,ok,2026-08-10T12:32:30.605302+00:00,2.329
37040630,JDQ4MTYyMiM4MSMkMSMkMCMkOTkkNTgxMzUxIzExIyQxIyQ3IyQ5MiQzNjE0ODEjNzEjJDEjJDgjJDgz,3.263,8.83,ok,2026-08-10T12:32:30.711130+00:00,2.387
37040630,JDQ4MTYyMiM4MSMkMSMkMCMkODkkMzgxMzUxIzExIyQxIyQzIyQ4OSQyNjEwMDIjNjEjJDEjJDAjJDgz,3.754,10.25,ok,2026-08-10T12:32:30.831123+00:00,2.667
37050110,JDQ4MTYyMiM4MSMkMSMkMCMkOTkkNTgxMzUxIzIxIyQxIyQ1IyQ5MiQzNjEyMjIjNjEjJDEjJDgjJDgz,4.09,7.65,ok,2026-08-10T12:32:30.936471+00:00,3.511
37050110,JDQ4MTYyMiM4MSMkMSMkMCMkOTkkNTgxOTYxIzExIyQxIyQzIyQ2MiQzNjEyMjIjNDEjJDEjJDgjJDgz,6.212,11.18,ok,2026-08-10T12:32:31.048631+00:00,4.794
37050110,JDQ4MTYyMiM4MSMkMSMkMCMkOTkkNTgxMzUxIzIxIyQxIyQ1IyQ3OSQyNjEyMjIjNTEjJDEjJDIjJDgz,6.212,11.18,ok,2026-08-10T12:32:31.143616+00:00,4.794
37050110,JDQ4MTYyMiM4MSMkMSMkMCMkOTkkNTgxMzUxIzExIyQyIyQ3IyQwMCQyNjEwMDIjNTEjJDEjJDYjJDgz,23.918,28.17,ok,2026-08-10T12:32:31.360936+00:00,9.932
37050110,JDQ4MTYyMiM4MSMkMSMkMCMkOTkkNTgxMzUxIzIxIyQxIyQxIyQ4MiQyNjEwMDIjNDEjJDEjJDgjJDgz,18.822,18.73,ok,2026-08-10T12:32:31.532928+00:00,12.566
37050120,JDQ4MTYyMiM4MSMkMSMkMCMkOTkkNTgxOTYxIzExIyQxIyQzIyQ2MiQzNjEyMjIjNDEjJDEjJDgjJDgz,3.608,8.79,estimated_no_road_origin,2026-08-10T12:32:31.649924+00:00,2.488
37050120,JDQ4MTYyMiM4MSMkMSMkMCMkOTkkNTgxMzUxIzIxIyQxIyQ1IyQ3OSQyNjEyMjIjNTEjJDEjJDIjJDgz,3.608,8.79,estimated_no_road_origin,2026-08-10T12:32:31.770933+00:00,2.488
37050120,JDQ4MTYyMiM4MSMkMSMkMCMkOTkkNTgxMzUxIzIxIyQxIyQ1IyQ5MiQzNjEyMjIjNjEjJDEjJDgjJDgz,5.553,13.54,estimated_no_road_origin,2026-08-10T12:32:31.892530+00:00,3.829
37050120,JDQ4MTYyMiM4MSMkMSMkMCMkOTkkNTgxMzUxIzExIyQyIyQ3IyQwMCQyNjEwMDIjNTEjJDEjJDYjJDgz,7.051,17.19,estimated_no_road_origin,2026-08-10T12:32:31.986728+00:00,4.862
37050120,JDQ4MTYyMiM4MSMkMSMkMCMkOTkkNTgxMzUxIzIxIyQxIyQxIyQ4MiQyNjEwMDIjNDEjJDEjJDgjJDgz,8.005,19.51,estimated_no_road_origin,2026-08-10T12:32:32.082441+00:00,5.52
37050130,JDQ4MTYyMiM4MSMkMSMkMCMkOTkkNTgxMzUxIzIxIyQyIyQ1IyQwMCQ0NjEwMDIjNDEjJDEjJDgjJDgz,10.208,13.0,ok,2026-08-10T12:32:32.210607+00:00,5.295
37050130,JDQ4MTYyMiM4MSMkMSMkMCMkOTkkNTgxOTYxIzExIyQxIyQzIyQ2MiQzNjEwMDIjNTEjJDEjJDIjJDgz,12.294,26.05,ok,2026-08-10T12:32:32.338577+00:00,8.744
37050130,JDQ4MTYyMiM4MSMkMSMkMCMkOTkkMzgxMzUxIzIxIyQxIyQ1IyQwMyQzNjE0ODEjNTEjJDEjJDYjJDgz,12.647,25.0,ok,2026-08-10T12:32:32.484105+00:00,9.222
37050130,JDQ4MTYyMiM4MSMkMSMkMCMkOTkkNTgxMzUxIzIxIyQyIyQ1IyQwMCQzNjE4MzIjNjEjJDEjJDQjJDgz,13.077,27.2,ok,2026-08-10T12:32:32.616787+00:00,9.584
37050130,JDQ4MTYyMiM4MSMkMSMkMCMkODkkMzgxMzUxIzExIyQxIyQzIyQ2MiQyNjEyMjIjNjEjJDEjJDAjJDgz,13.182,27.12,ok,2026-08-10T12:32:32.770670+00:00,9.652
37050310,JDQ4MTYyMiM4MSMkMSMkMCMkOTkkNTgxMzUxIzIxIyQxIyQ1IyQ4OSQzNjE0ODEjNjEjJDEjJDgjJDgz,13.224,20.58,ok,2026-08-10T12:32:32.898690+00:00,7.512
37050310,JDQ4MTYyMiM4MSMkMSMkMCMkOTkkNTgxMzUxIzIxIyQxIyQ1IyQ5MiQzNjEyMjIjNjEjJDEjJDgjJDgz,14.481,19.97,ok,2026-08-10T12:32:33.054491+00:00,12.737
37050310,JDQ4MTYyMiM4MSMkMSMkMCMkOTkkMzgxMzUxIzExIyQxIyQzIyQxMyQzNjEyMjIjODEjJDEjJDIjJDgz,21.61,36.02,ok,2026-08-10T12:32:33.260066+00:00,13.607
37050310,JDQ4MTYyMiM4MSMkMSMkMCMkOTkkNTgxOTYxIzExIyQxIyQzIyQ2MiQzNjEyMjIjNDEjJDEjJDgjJDgz,16.603,23.5,ok,2026-08-10T12:32:33.403061+00:00,13.688
37050310,JDQ4MTYyMiM4MSMkMSMkMCMkOTkkNTgxMzUxIzIxIyQxIyQ1IyQ3OSQyNjEyMjIjNTEjJDEjJDIjJDgz,16.603,23.5,ok,2026-08-10T12:32:33.539605+00:00,13.688
37050320,JDQ4MTYyMiM4MSMkMSMkMCMkOTkkNTgxMzUxIzIxIyQxIyQ1IyQ5MiQzNjEyMjIjNjEjJDEjJDgjJDgz,15.656,38.16,estimated_no_road_origin,2026-08-10T12:32:33.637620+00:00,10.796
37050320,JDQ4MTYyMiM4MSMkMSMkMCMkOTkkNTgxMzUxIzIxIyQxIyQxIyQ5MiQ0NjE0ODEjNjEjJDEjJDgjJDgz,16.377,39.92,estimated_no_road_origin,2026-08-10T12:32:33.737433+00:00,11.293
37050320,JDQ4MTYyMiM4MSMkMSMkMCMkOTkkNTgxMzUxIzIxIyQxIyQ1IyQ3OSQyNjEyMjIjNTEjJDEjJDIjJDgz,17.573,42.83,estimated_no_road_origin,2026-08-10T12:32:33.837136+00:00,12.118
37050320,JDQ4MTYyMiM4MSMkMSMkMCMkOTkkNTgxOTYxIzExIyQxIyQzIyQ2MiQzNjEyMjIjNDEjJDEjJDgjJDgz,17.573,42.83,estimated_no_road_origin,2026-08-10T12:32:33.959586+00:00,12.118
37050320,JDQ4MTYyMiM4MSMkMSMkMCMkOTkkNTgxMzUxIzIxIyQxIyQ1IyQ4OSQzNjE0ODEjNjEjJDEjJDgjJDgz,21.487,52.37,estimated_no_road_origin,2026-08-10T12:32:34.040757+00:00,14.817
37050330,JDQ4MTYyMiM4MSMkMSMkMCMkOTkkNTgxMzUxIzIxIyQxIyQ1IyQ5MiQzNjEyMjIjNjEjJDEjJDgjJDgz,14.873,36.25,estimated_no_road_origin,2026-08-10T12:32:34.135212+00:00,10.256
37050330,JDQ4MTYyMiM4MSMkMSMkMCMkOTkkNTgxOTYxIzExIyQxIyQzIyQ2MiQzNjEyMjIjNDEjJDEjJDgjJDgz,16.485,40.18,estimated_no_road_origin,2026-08-10T12:32:34.231689+00:00,11.368
37050330,JDQ4MTYyMiM4MSMkMSMkMCMkOTkkNTgxMzUxIzIxIyQxIyQ1IyQ3OSQyNjEyMjIjNTEjJDEjJDIjJDgz,16.485,40.18,estimated_no_road_origin,2026-08-10T12:32:34.344097+00:00,11.368
37050330,JDQ4MTYyMiM4MSMkMSMkMCMkOTkkNTgxMzUxIzExIyQxIyQzIyQ3MiQzNjEyMjIjNTEjJDEjJDIjJDgz,17.06,41.58,estimated_no_road_origin,2026-08-10T12:32:34.455752+00:00,11.764
37050330,JDQ4MTYyMiM4MSMkMSMkMCMkOTkkMzgxMzUxIzIxIyQxIyQxIyQ4MiQyNjEwMDIjODEjJDEjJDIjJDgz,17.25,42.05,estimated_no_road_origin,2026-08-10T12:32:34.574166+00:00,11.895
37050340,JDQ4MTYyMiM4MSMkMSMkMCMkOTkkNTgxOTYxIzExIyQxIyQzIyQ2MiQzNjEyMjIjNDEjJDEjJDgjJDgz,11.707,15.38,ok,2026-08-10T12:32:34.696625+00:00,6.525
37050340,JDQ4MTYyMiM4MSMkMSMkMCMkOTkkNTgxMzUxIzIxIyQxIyQ1IyQ3OSQyNjEyMjIjNTEjJDEjJDIjJDgz,11.707,15.38,ok,2026-08-10T12:32:34.802817+00:00,6.525
37050340,JDQ4MTYyMiM4MSMkMSMkMCMkOTkkNTgxMzUxIzIxIyQxIyQ1IyQ5MiQzNjEyMjIjNjEjJDEjJDgjJDgz,12.394,16.97,ok,2026-08-10T12:32:34.930214+00:00,6.694
37050340,JDQ4MTYyMiM4MSMkMSMkMCMkOTkkNTgxMzUxIzIxIyQxIyQxIyQ4MiQyNjEwMDIjNDEjJDEjJDgjJDgz,16.321,18.95,ok,2026-08-10T12:32:35.080483+00:00,10.805
37050340,JDQ4MTYyMiM4MSMkMSMkMCMkOTkkNTgxMzUxIzIxIyQxIyQxIyQwMyQzNjE0ODEjNDEjJDEjJDgjJDgz,16.12,19.57,ok,2026-08-10T12:32:35.220003+00:00,11.268
37050360,JDQ4MTYyMiM4MSMkMSMkMCMkOTkkNTgxMzUxIzIxIyQyIyQ1IyQwMCQ0NjEwMDIjNDEjJDEjJDgjJDgz,5.565,10.92,ok,2026-08-10T12:32:35.347573+00:00,3.3
37050360,JDQ4MTYyMiM4MSMkMSMkMCMkOTkkNTgxOTYxIzExIyQxIyQzIyQ2MiQzNjEwMDIjNTEjJDEjJDIjJDgz,16.68,29.62,ok,2026-08-10T12:32:35.490826+00:00,9.327
37050360,JDQ4MTYyMiM4MSMkMSMkMCMkOTkkNTgxMzUxIzIxIyQyIyQ1IyQwMCQzNjE4MzIjNjEjJDEjJDQjJDgz,18.807,30.32,ok,2026-08-10T12:32:35.625409+00:00,9.906
37050360,JDQ4MTYyMiM4MSMkMSMkMCMkODkkMzgxMzUxIzExIyQxIyQzIyQ2MiQyNjEyMjIjNjEjJDEjJDAjJDgz,18.81,29.75,ok,2026-08-10T12:32:35.788011+00:00,10.007
37050360,JDQ4MTYyMiM4MSMkMSMkMCMkOTkkNTgxMzUxIzIxIyQxIyQ1IyQwMyQzNjEwMDIjNjEjJDEjJDQjJDgz,19.035,29.53,ok,2026-08-10T12:32:36.043566+00:00,10.144
37050510,JDQ4MTYyMiM4MSMkMSMkMCMkODkkMzgxMzUxIzExIyQyIyQzIyQwMCQzNjE0ODEjNTEjJDEjJDYjJDgz,0.882,2.58,ok,2026-08-10T12:32:36.174075+00:00,0.704
37050510,JDQ4MTYyMiM4MSMkMSMkMCMkOTkkMzgxOTYxIzExIyQxIyQzIyQ4OSQzNjEwMDIjNzEjJDEjJDgjJDgz,1.786,5.42,ok,2026-08-10T12:32:36.301890+00:00,0.758
37050510,JDQ4MTYyMiM4MSMkMSMkMCMkOTkkMzgxMzUxIzIxIyQxIyQxIyQ4MiQyNjE0ODEjNDEjJDEjJDQjJDgz,1.282,5.12,ok,2026-08-10T12:32:36.430090+00:00,0.905
37050510,JDQ4MTYyMiM4MSMkMSMkMCMkOTkkNTgxMzUxIzIxIyQxIyQxIyQwMyQzNjE0ODEjNDEjJDEjJDgjJDgz,2.17,5.8,ok,2026-08-10T12:32:36.541493+00:00,1.306
37050510,JDQ4MTYyMiM4MSMkMSMkMCMkOTkkMzgxMzUxIzIxIyQxIyQ5IyQ5MiQzNjEwMDIjNDEjJDEjJDgjJDgz,2.513,8.35,ok,2026-08-10T12:32:36.640684+00:00,1.864
37050550,JDQ4MTYyMiM4MSMkMSMkMCMkOTkkNTgxMzUxIzIxIyQxIyQxIyQ4MiQyNjEwMDIjNDEjJDEjJDgjJDgz,1.511,4.03,ok,2026-08-10T12:32:36.762942+00:00,1.067
37050550,JDQ4MTYyMiM4MSMkMSMkMCMkOTkkMzgxMzUxIzIxIyQxIyQ5IyQ5MiQzNjEwMDIjNDEjJDEjJDgjJDgz,1.673,6.03,ok,2026-08-10T12:32:36.864976+00:00,1.304
37050550,JDQ4MTYyMiM4MSMkMSMkMCMkOTkkNTgxMzUxIzIxIyQxIyQxIyQwMyQzNjE0ODEjNDEjJDEjJDgjJDgz,2.211,5.15,ok,2026-08-10T12:32:36.976498+00:00,1.813
37050550,JDQ4MTYyMiM4MSMkMSMkMCMkOTkkMzgxMzUxIzMxIyQxIyQzIyQ3OSQ0NjEwMDIjODEjJDEjJDYjJDgz,3.974,11.15,ok,2026-08-10T12:32:37.087658+00:00,2.279
37050550,JDQ4MTYyMiM4MSMkMSMkMCMkOTkkMzgxOTYxIzExIyQxIyQzIyQ4OSQzNjEwMDIjNzEjJDEjJDgjJDgz,3.067,7.65,ok,2026-08-10T12:32:37.199695+00:00,2.357
37050560,JDQ4MTYyMiM4MSMkMSMkMCMkOTkkNTgxMzUxIzIxIyQxIyQxIyQwMyQzNjE0ODEjNDEjJDEjJDgjJDgz,3.114,5.98,ok,2026-08-10T12:32:37.303254+00:00,1.692
37050560,JDQ4MTYyMiM4MSMkMSMkMCMkOTkkMzgxOTYxIzExIyQxIyQzIyQ4OSQzNjEwMDIjNzEjJDEjJDgjJDgz,2.846,6.6,ok,2026-08-10T12:32:37.413706+00:00,1.798
37050560,JDQ4MTYyMiM4MSMkMSMkMCMkOTkkNTgxMzUxIzIxIyQxIyQxIyQ4MiQyNjEwMDIjNDEjJDEjJDgjJDgz,3.315,5.32,ok,2026-08-10T12:32:37.531670+00:00,1.814
37050560,JDQ4MTYyMiM4MSMkMSMkMCMkOTkkMzgxMzUxIzIxIyQxIyQ5IyQ5MiQzNjEwMDIjNDEjJDEjJDgjJDgz,3.127,8.87,ok,2026-08-10T12:32:37.657353+00:00,2.15
37050560,JDQ4MTYyMiM4MSMkMSMkMCMkODkkMzgxMzUxIzExIyQyIyQzIyQwMCQzNjE0ODEjNTEjJDEjJDYjJDgz,3.515,10.48,ok,2026-08-10T12:32:37.797314+00:00,2.793
37050570,JDQ4MTYyMiM4MSMkMSMkMCMkOTkkNTgxMzUxIzExIyQxIyQ3IyQ3OSQyNjEyMjIjNDEjJDEjJDQjJDgz,0.144,0.38,ok,2026-08-10T12:32:37.900806+00:00,0.496
37050570,JDQ4MTYyMiM4MSMkMSMkMCMkOTkkMzgxMzUxIzMxIyQxIyQzIyQ3OSQ0NjEwMDIjODEjJDEjJDYjJDgz,3.662,9.72,ok,2026-08-10T12:32:38.012684+00:00,1.454
37050570,JDQ4MTYyMiM4MSMkMSMkMCMkOTkkMzgxMzUxIzIxIyQxIyQ5IyQ5MiQzNjEwMDIjNDEjJDEjJDgjJDgz,2.754,9.43,ok,2026-08-10T12:32:38.141044+00:00,2.623
37050570,JDQ4MTYyMiM4MSMkMSMkMCMkOTkkNTgxMzUxIzIxIyQxIyQxIyQ4MiQyNjEwMDIjNDEjJDEjJDgjJDgz,3.481,9.88,ok,2026-08-10T12:32:38.249827+00:00,3.008
37050570,JDQ4MTYyMiM4MSMkMSMkMCMkOTkkNTgxMzUxIzIxIyQxIyQxIyQwMyQzNjE0ODEjNDEjJDEjJDgjJDgz,3.587,10.25,ok,2026-08-10T12:32:38.369742+00:00,3.161
37050590,JDQ4MTYyMiM4MSMkMSMkMCMkOTkkMzgxMzUxIzIxIyQxIyQxIyQ4MiQyNjE0ODEjNDEjJDEjJDQjJDgz,1.063,3.95,ok,2026-08-10T12:32:38.481891+00:00,0.665
37050590,JDQ4MTYyMiM4MSMkMSMkMCMkODkkMzgxMzUxIzExIyQyIyQzIyQwMCQzNjE0ODEjNTEjJDEjJDYjJDgz,0.988,3.73,ok,2026-08-10T12:32:38.600399+00:00,0.72
37050590,JDQ4MTYyMiM4MSMkMSMkMCMkOTkkMzgxMzUxIzMxIyQxIyQzIyQ3OSQ0NjEwMDIjODEjJDEjJDYjJDgz,3.282,9.67,ok,2026-08-10T12:32:38.722868+00:00,1.378
37050590,JDQ4MTYyMiM4MSMkMSMkMCMkOTkkMzgxOTYxIzExIyQxIyQzIyQ4OSQzNjEwMDIjNzEjJDEjJDgjJDgz,2.556,8.47,ok,2026-08-10T12:32:38.838328+00:00,1.403
37050590,JDQ4MTYyMiM4MSMkMSMkMCMkOTkkNTgxMzUxIzIxIyQxIyQxIyQwMyQzNjE0ODEjNDEjJDEjJDgjJDgz,2.492,8.0,ok,2026-08-10T12:32:38.949561+00:00,1.695
37050600,JDQ4MTYyMiM4MSMkMSMkMCMkOTkkMzgxMzUxIzIxIyQxIyQxIyQ4MiQyNjE0ODEjNDEjJDEjJDQjJDgz,1.368,4.83,ok,2026-08-10T12:32:39.061215+00:00,1.122
37050600,JDQ4MTYyMiM4MSMkMSMkMCMkODkkMzgxMzUxIzExIyQyIyQzIyQwMCQzNjE0ODEjNTEjJDEjJDYjJDgz,1.655,5.83,ok,2026-08-10T12:32:39.174056+00:00,1.341
37050600,JDQ4MTYyMiM4MSMkMSMkMCMkOTkkMzgxOTYxIzExIyQxIyQzIyQ4OSQzNjEwMDIjNzEjJDEjJDgjJDgz,3.545,11.95,ok,2026-08-10T12:32:39.307465+00:00,2.43
37050600,JDQ4MTYyMiM4MSMkMSMkMCMkOTkkMzgxMzUxIzMxIyQxIyQzIyQ3OSQ0NjEwMDIjODEjJDEjJDYjJDgz,4.29,13.37,ok,2026-08-10T12:32:39.436072+00:00,2.431
37050600,JDQ4MTYyMiM4MSMkMSMkMCMkOTkkNTgxMzUxIzIxIyQxIyQxIyQwMyQzNjE0ODEjNDEjJDEjJDgjJDgz,3.5,11.65,ok,2026-08-10T12:32:39.570955+00:00,2.843
37050610,JDQ4MTYyMiM4MSMkMSMkMCMkOTkkMzgxOTYxIzExIyQxIyQzIyQ4OSQzNjEwMDIjNzEjJDEjJDgjJDgz,2.056,4.72,ok,2026-08-10T12:32:39.687236+00:00,1.822
37050610,JDQ4MTYyMiM4MSMkMSMkMCMkODkkMzgxMzUxIzExIyQyIyQzIyQwMCQzNjE0ODEjNTEjJDEjJDYjJDgz,2.303,7.0,ok,2026-08-10T12:32:39.786461+00:00,1.998
37050610,JDQ4MTYyMiM4MSMkMSMkMCMkOTkkMzgxMzUxIzIxIyQxIyQxIyQ4MiQyNjE0ODEjNDEjJDEjJDQjJDgz,2.79,9.22,ok,2026-08-10T12:32:39.936795+00:00,2.148
37050610,JDQ4MTYyMiM4MSMkMSMkMCMkOTkkNTgxMzUxIzIxIyQxIyQxIyQwMyQzNjE0ODEjNDEjJDEjJDgjJDgz,2.612,6.22,ok,2026-08-10T12:32:40.063598+00:00,2.24
37050610,JDQ4MTYyMiM4MSMkMSMkMCMkODkkMzgxMzUxIzExIyQxIyQzIyQ2MiQzNjE0ODEjNDEjJDEjJDgjJDgz,4.006,10.33,ok,2026-08-10T12:32:40.175131+00:00,2.665
37050620,JDQ4MTYyMiM4MSMkMSMkMCMkOTkkMzgxOTYxIzExIyQxIyQzIyQ4OSQzNjEwMDIjNzEjJDEjJDgjJDgz,3.055,9.0,ok,2026-08-10T12:32:40.286603+00:00,2.149
37050620,JDQ4MTYyMiM4MSMkMSMkMCMkOTkkNTgxMzUxIzIxIyQxIyQxIyQwMyQzNjE0ODEjNDEjJDEjJDgjJDgz,3.205,8.03,ok,2026-08-10T12:32:40.404409+00:00,2.425
37050620,JDQ4MTYyMiM4MSMkMSMkMCMkODkkMzgxMzUxIzExIyQyIyQzIyQwMCQzNjE0ODEjNTEjJDEjJDYjJDgz,3.302,11.23,ok,2026-08-10T12:32:40.522061+00:00,2.62
37050620,JDQ4MTYyMiM4MSMkMSMkMCMkOTkkMzgxMzUxIzIxIyQxIyQxIyQ4MiQyNjE0ODEjNDEjJDEjJDQjJDgz,3.789,13.4,ok,2026-08-10T12:32:40.663182+00:00,2.797
37050620,JDQ4MTYyMiM4MSMkMSMkMCMkOTkkNTgxMzUxIzIxIyQxIyQxIyQ4MiQyNjEwMDIjNDEjJDEjJDgjJDgz,3.406,7.4,ok,2026-08-10T12:32:40.769253+00:00,2.927
37050660,JDQ4MTYyMiM4MSMkMSMkMCMkODkkMzgxMzUxIzExIyQyIyQzIyQwMCQzNjE0ODEjNTEjJDEjJDYjJDgz,2.002,4.98,ok,2026-08-10T12:32:40.894814+00:00,1.621
37050660,JDQ4MTYyMiM4MSMkMSMkMCMkOTkkMzgxMzUxIzIxIyQxIyQxIyQ4MiQyNjE0ODEjNDEjJDEjJDQjJDgz,2.621,6.05,ok,2026-08-10T12:32:41.036499+00:00,1.646
37050660,JDQ4MTYyMiM4MSMkMSMkMCMkOTkkMzgxOTYxIzExIyQxIyQzIyQ4OSQzNjEwMDIjNzEjJDEjJDgjJDgz,2.654,5.72,ok,2026-08-10T12:32:41.148696+00:00,2.163
37050660,JDQ4MTYyMiM4MSMkMSMkMCMkODkkMzgxMzUxIzExIyQxIyQzIyQ2MiQzNjE0ODEjNDEjJDEjJDgjJDgz,3.115,8.47,ok,2026-08-10T12:32:41.276994+00:00,2.386
37050660,JDQ4MTYyMiM4MSMkMSMkMCMkOTkkNTgxMzUxIzIxIyQxIyQxIyQwMyQzNjE0ODEjNDEjJDEjJDgjJDgz,3.269,7.58,ok,2026-08-10T12:32:41.389030+00:00,2.704
37050670,JDQ4MTYyMiM4MSMkMSMkMCMkOTkkNTgxMzUxIzIxIyQxIyQ5IyQ3OSQyNjE0ODEjNTEjJDEjJDIjJDgz,2.062,6.22,ok,2026-08-10T12:32:41.507358+00:00,1.703
37050670,JDQ4MTYyMiM4MSMkMSMkMCMkOTkkMzgxMzUxIzIxIyQxIyQxIyQ4MiQyNjE0ODEjNDEjJDEjJDQjJDgz,3.046,6.97,ok,2026-08-10T12:32:41.615919+00:00,2.431
37050670,JDQ4MTYyMiM4MSMkMSMkMCMkODkkMzgxMzUxIzExIyQyIyQzIyQwMCQzNjE0ODEjNTEjJDEjJDYjJDgz,3.333,7.97,ok,2026-08-10T12:32:41.761503+00:00,2.596
37050670,JDQ4MTYyMiM4MSMkMSMkMCMkODkkMzgxMzUxIzExIyQxIyQzIyQ2MiQzNjE0ODEjNDEjJDEjJDgjJDgz,3.508,9.0,ok,2026-08-10T12:32:41.865640+00:00,3.312
37050670,JDQ4MTYyMiM4MSMkMSMkMCMkOTkkMzgxOTYxIzExIyQxIyQzIyQ4OSQzNjEwMDIjNzEjJDEjJDgjJDgz,4.349,10.57,ok,2026-08-10T12:32:42.008809+00:00,3.642
37050690,JDQ4MTYyMiM4MSMkMSMkMCMkOTkkNTgxMzUxIzIxIyQxIyQ5IyQ3OSQyNjE0ODEjNTEjJDEjJDIjJDgz,1.931,4.93,ok,2026-08-10T12:32:42.117938+00:00,1.15
37050690,JDQ4MTYyMiM4MSMkMSMkMCMkODkkMzgxMzUxIzExIyQxIyQzIyQ2MiQzNjE0ODEjNDEjJDEjJDgjJDgz,5.54,14.88,ok,2026-08-10T12:32:42.261183+00:00,3.457
37050690,JDQ4MTYyMiM4MSMkMSMkMCMkOTkkMzgxMzUxIzIxIyQxIyQxIyQ4MiQyNjE0ODEjNDEjJDEjJDQjJDgz,7.398,15.97,ok,2026-08-10T12:32:42.371967+00:00,4.768
37050690,JDQ4MTYyMiM4MSMkMSMkMCMkODkkMzgxMzUxIzExIyQyIyQzIyQwMCQzNjE0ODEjNTEjJDEjJDYjJDgz,7.685,16.98,ok,2026-08-10T12:32:42.523721+00:00,4.904
37050690,JDQ4MTYyMiM4MSMkMSMkMCMkOTkkMzgxMzUxIzIxIyQxIyQ1IyQwMyQzNjE0ODEjNTEjJDEjJDYjJDgz,7.953,14.63,ok,2026-08-10T12:32:42.687272+00:00,4.92
37050700,JDQ4MTYyMiM4MSMkMSMkMCMkOTkkNTgxOTYxIzExIyQxIyQzIyQ2MiQzNjEwMDIjNTEjJDEjJDIjJDgz,4.12,10.67,ok,2026-08-10T12:32:42.800030+00:00,1.93
37050700,JDQ4MTYyMiM4MSMkMSMkMCMkOTkkNTgxMzUxIzIxIyQxIyQ1IyQwMyQzNjEwMDIjNjEjJDEjJDQjJDgz,3.998,10.32,ok,2026-08-10T12:32:42.990650+00:00,1.937
37050700,JDQ4MTYyMiM4MSMkMSMkMCMkOTkkNTgxMzUxIzIxIyQyIyQ1IyQwMCQzNjE4MzIjNjEjJDEjJDQjJDgz,3.77,10.87,ok,2026-08-10T12:32:43.112006+00:00,1.993
37050700,JDQ4MTYyMiM4MSMkMSMkMCMkODkkMzgxMzUxIzExIyQxIyQzIyQ2MiQyNjEyMjIjNjEjJDEjJDAjJDgz,3.773,10.3,ok,2026-08-10T12:32:43.218395+00:00,2.091
37050700,JDQ4MTYyMiM4MSMkMSMkMCMkOTkkMzgxMzUxIzIxIyQxIyQ1IyQwMyQzNjE0ODEjNTEjJDEjJDYjJDgz,6.026,14.73,ok,2026-08-10T12:32:43.361805+00:00,3.997
37050710,JDQ4MTYyMiM4MSMkMSMkMCMkOTkkMzgxMzUxIzIxIyQxIyQ1IyQwMyQzNjE0ODEjNTEjJDEjJDYjJDgz,1.372,3.45,ok,2026-08-10T12:32:43.473006+00:00,0.898
37050710,JDQ4MTYyMiM4MSMkMSMkMCMkODkkMzgxMzUxIzExIyQxIyQzIyQ2MiQyNjEyMjIjNjEjJDEjJDAjJDgz,2.948,6.5,ok,2026-08-10T12:32:43.590752+00:00,1.318
37050710,JDQ4MTYyMiM4MSMkMSMkMCMkOTkkNTgxMzUxIzIxIyQyIyQ1IyQwMCQzNjE4MzIjNjEjJDEjJDQjJDgz,2.843,6.58,ok,2026-08-10T12:32:43.721253+00:00,1.383
37050710,JDQ4MTYyMiM4MSMkMSMkMCMkOTkkNTgxOTYxIzExIyQxIyQzIyQ2MiQzNjEwMDIjNTEjJDEjJDIjJDgz,2.06,5.57,ok,2026-08-10T12:32:43.832621+00:00,1.419
37050710,JDQ4MTYyMiM4MSMkMSMkMCMkODkkMzgxMzUxIzExIyQxIyQzIyQ2MiQzNjE0ODEjNDEjJDEjJDgjJDgz,4.542,7.92,ok,2026-08-10T12:32:43.946575+00:00,2.447
37050720,JDQ4MTYyMiM4MSMkMSMkMCMkOTkkNTgxOTYxIzExIyQxIyQzIyQ2MiQzNjEwMDIjNTEjJDEjJDIjJDgz,4.97,10.3,ok,2026-08-10T12:32:44.080889+00:00,3.348
37050720,JDQ4MTYyMiM4MSMkMSMkMCMkOTkkMzgxMzUxIzIxIyQxIyQ1IyQwMyQzNjE0ODEjNTEjJDEjJDYjJDgz,5.323,9.18,ok,2026-08-10T12:32:44.205025+00:00,3.361
37050720,JDQ4MTYyMiM4MSMkMSMkMCMkOTkkNTgxMzUxIzIxIyQyIyQ1IyQwMCQzNjE4MzIjNjEjJDEjJDQjJDgz,5.753,11.35,ok,2026-08-10T12:32:44.316765+00:00,4.164
37050720,JDQ4MTYyMiM4MSMkMSMkMCMkODkkMzgxMzUxIzExIyQxIyQzIyQ2MiQyNjEyMjIjNjEjJDEjJDAjJDgz,5.858,11.27,ok,2026-08-10T12:32:44.446418+00:00,4.202
37050720,JDQ4MTYyMiM4MSMkMSMkMCMkODkkMzgxMzUxIzExIyQxIyQzIyQ2MiQzNjE0ODEjNDEjJDEjJDgjJDgz,7.648,12.52,ok,2026-08-10T12:32:44.590796+00:00,4.855
37050730,JDQ4MTYyMiM4MSMkMSMkMCMkODkkMzgxMzUxIzExIyQxIyQzIyQ2MiQzNjE0ODEjNDEjJDEjJDgjJDgz,2.668,5.93,ok,2026-08-10T12:32:44.715523+00:00,1.826
37050730,JDQ4MTYyMiM4MSMkMSMkMCMkOTkkMzgxMzUxIzIxIyQxIyQ1IyQwMyQzNjE0ODEjNTEjJDEjJDYjJDgz,3.452,6.4,ok,2026-08-10T12:32:44.850744+00:00,2.383
37050730,JDQ4MTYyMiM4MSMkMSMkMCMkOTkkMzgxOTYxIzExIyQxIyQzIyQ4OSQzNjEwMDIjNzEjJDEjJDgjJDgz,4.081,10.0,ok,2026-08-10T12:32:44.978147+00:00,3.488
37050730,JDQ4MTYyMiM4MSMkMSMkMCMkODkkMzgxMzUxIzExIyQyIyQzIyQwMCQzNjE0ODEjNTEjJDEjJDYjJDgz,4.328,12.25,ok,2026-08-10T12:32:45.122429+00:00,3.635
37050730,JDQ4MTYyMiM4MSMkMSMkMCMkOTkkMzgxMzUxIzIxIyQxIyQxIyQ4MiQyNjE0ODEjNDEjJDEjJDQjJDgz,4.815,14.37,ok,2026-08-10T12:32:45.270218+00:00,3.756
37050740,JDQ4MTYyMiM4MSMkMSMkMCMkODkkMzgxMzUxIzExIyQxIyQzIyQ2MiQzNjE0ODEjNDEjJDEjJDgjJDgz,0.906,2.7,ok,2026-08-10T12:32:45.365805+00:00,0.747
37050740,JDQ4MTYyMiM4MSMkMSMkMCMkOTkkMzgxMzUxIzIxIyQxIyQ1IyQwMyQzNjE0ODEjNTEjJDEjJDYjJDgz,4.1,9.0,ok,2026-08-10T12:32:45.494438+00:00,2.329
37050740,JDQ4MTYyMiM4MSMkMSMkMCMkOTkkNTgxMzUxIzIxIyQxIyQ5IyQ3OSQyNjE0ODEjNTEjJDEjJDIjJDgz,4.055,10.37,ok,2026-08-10T12:32:45.605761+00:00,3.306
37050740,JDQ4MTYyMiM4MSMkMSMkMCMkODkkMzgxMzUxIzExIyQxIyQzIyQ2MiQyNjEyMjIjNjEjJDEjJDAjJDgz,7.206,13.82,ok,2026-08-10T12:32:45.737252+00:00,3.784
37050740,JDQ4MTYyMiM4MSMkMSMkMCMkOTkkNTgxMzUxIzIxIyQyIyQ1IyQwMCQzNjE4MzIjNjEjJDEjJDQjJDgz,6.869,13.93,ok,2026-08-10T12:32:45.901185+00:00,3.878
37050750,JDQ4MTYyMiM4MSMkMSMkMCMkOTkkNTgxMzUxIzIxIyQxIyQxIyQwMyQzNjE0ODEjNDEjJDEjJDgjJDgz,0.281,1.05,ok,2026-08-10T12:32:45.991751+00:00,0.142
37050750,JDQ4MTYyMiM4MSMkMSMkMCMkOTkkMzgxOTYxIzExIyQxIyQzIyQ4OSQzNjEwMDIjNzEjJDEjJDgjJDgz,0.593,2.2,ok,2026-08-10T12:32:46.135042+00:00,0.41
37050750,JDQ4MTYyMiM4MSMkMSMkMCMkOTkkMzgxMzUxIzIxIyQxIyQ5IyQ5MiQzNjEwMDIjNDEjJDEjJDgjJDgz,0.902,4.65,ok,2026-08-10T12:32:46.245661+00:00,0.78
37050750,JDQ4MTYyMiM4MSMkMSMkMCMkOTkkNTgxMzUxIzIxIyQxIyQxIyQ4MiQyNjEwMDIjNDEjJDEjJDgjJDgz,1.563,3.15,ok,2026-08-10T12:32:46.351512+00:00,0.9
37050750,JDQ4MTYyMiM4MSMkMSMkMCMkODkkMzgxMzUxIzExIyQyIyQzIyQwMCQzNjE0ODEjNTEjJDEjJDYjJDgz,2.204,6.88,ok,2026-08-10T12:32:46.462002+00:00,1.476
37060110,JDQ4MTYyMiM4MSMkMSMkMCMkOTkkNTgxMzUxIzExIyQxIyQ3IyQ5OSQyNjEwMDIjNjEjJDEjJDgjJDgz,8.022,16.18,estimated_no_road_origin,2026-08-10T12:32:46.557581+00:00,5.686
37060110,JDQ4MTYyMiM4MSMkMSMkMCMkOTkkNTgxMzUxIzExIyQxIyQ3IyQ3MiQzNjEyMjIjODEjJDEjJDYjJDgz,14.758,29.76,estimated_no_road_origin,2026-08-10T12:32:46.673808+00:00,10.461
37060110,JDQ4MTYyMiM4MSMkMSMkMCMkOTkkNTgxOTYxIzExIyQxIyQzIyQ3OSQzNjE0ODEjNjEjJDEjJDQjJDgz,18.063,36.43,estimated_no_road_origin,2026-08-10T12:32:46.757753+00:00,12.803
37060110,JDQ4MTYyMiM4MSMkMSMkMCMkOTkkMzgxMzUxIzMxIyQxIyQzIyQ3OSQzNjEwMDIjNjEjJDEjJDgjJDgz,18.232,36.77,estimated_no_road_origin,2026-08-10T12:32:46.886213+00:00,12.923
37060110,JDQ4MTYyMiM4MSMkMSMkMCMkOTkkNTgxMzUxIzIxIyQxIyQxIyQ3MiQzNjE0ODEjODEjJDEjJDYjJDgz,18.232,36.77,estimated_no_road_origin,2026-08-10T12:32:46.998610+00:00,12.923
37060310,JDQ4MTYyMiM4MSMkMSMkMCMkOTkkMzgxMzUxIzExIyQxIyQ3IyQxMyQzNjE4MzIjNTEjJDEjJDIjJDgz,9.353,19.1,ok,2026-08-10T12:32:47.126392+00:00,5.873
37060310,JDQ4MTYyMiM4MSMkMSMkMCMkOTkkMzgxMzUxIzExIyQxIyQzIyQ2MiQyNjEwMDIjNDEjJDEjJDgjJDgz,9.52,19.2,ok,2026-08-10T12:32:47.260620+00:00,6.226
37060310,JDQ4MTYyMiM4MSMkMSMkMCMkOTkkNTgxOTYxIzExIyQxIyQzIyQ4OSQ0NjE0ODEjNjEjJDEjJDQjJDgz,10.396,21.82,ok,2026-08-10T12:32:47.387069+00:00,6.308
37060310,JDQ4MTYyMiM4MSMkMSMkMCMkOTkkNTgxMzUxIzIxIyQyIyQxIyQwMCQ0NjEwMDIjNjEjJDEjJDQjJDgz,14.814,20.88,ok,2026-08-10T12:32:47.525555+00:00,7.501
37060310,JDQ4MTYyMiM4MSMkMSMkMCMkOTkkMzgxMzUxIzIxIyQxIyQ1IyQwMyQzNjEwMDIjNDEjJDEjJDgjJDgz,15.995,22.03,ok,2026-08-10T12:32:47.645870+00:00,7.554
37060320,JDQ4MTYyMiM4MSMkMSMkMCMkOTkkMzgxMzUxIzExIyQxIyQ3IyQ3MiQ0NjE0ODEjNDEjJDEjJDgjJDgz,12.407,13.7,ok,2026-08-10T12:32:47.785817+00:00,9.81
37060320,JDQ4MTYyMiM4MSMkMSMkMCMkOTkkNTgxOTYxIzExIyQxIyQzIyQ4OSQ0NjE0ODEjNjEjJDEjJDQjJDgz,15.569,15.55,ok,2026-08-10T12:32:47.903014+00:00,10.67
37060320,JDQ4MTYyMiM4MSMkMSMkMCMkOTkkMzgxMzUxIzExIyQxIyQ3IyQxMyQzNjE4MzIjNTEjJDEjJDIjJDgz,14.334,18.4,ok,2026-08-10T12:32:48.031004+00:00,11.106
37060320,JDQ4MTYyMiM4MSMkMSMkMCMkOTkkMzgxMzUxIzExIyQxIyQzIyQ2MiQyNjEwMDIjNDEjJDEjJDgjJDgz,14.707,19.35,ok,2026-08-10T12:32:48.174646+00:00,11.612
37060320,JDQ4MTYyMiM4MSMkMSMkMCMkOTkkMzgxMzUxIzIxIyQxIyQ1IyQwMyQzNjEwMDIjNDEjJDEjJDgjJDgz,15.882,16.8,ok,2026-08-10T12:32:48.326231+00:00,11.758
37060330,JDQ4MTYyMiM4MSMkMSMkMCMkOTkkNTgxOTYxIzExIyQxIyQzIyQ4OSQ0NjE0ODEjNjEjJDEjJDQjJDgz,8.92,21.32,ok,2026-08-10T12:32:48.453769+00:00,7.202
37060330,JDQ4MTYyMiM4MSMkMSMkMCMkOTkkMzgxMzUxIzIxIyQxIyQ1IyQwMyQzNjEwMDIjNDEjJDEjJDgjJDgz,10.195,24.53,ok,2026-08-10T12:32:48.580129+00:00,7.666
37060330,JDQ4MTYyMiM4MSMkMSMkMCMkOTkkMzgxMzUxIzExIyQxIyQ3IyQxMyQzNjE4MzIjNTEjJDEjJDIjJDgz,9.516,23.18,ok,2026-08-10T12:32:48.707021+00:00,8.115
37060330,JDQ4MTYyMiM4MSMkMSMkMCMkOTkkMzgxMzUxIzExIyQxIyQzIyQ2MiQyNjEwMDIjNDEjJDEjJDgjJDgz,9.889,24.07,ok,2026-08-10T12:32:48.849707+00:00,8.517
37060330,JDQ4MTYyMiM4MSMkMSMkMCMkODkkMzgxMzUxIzExIyQxIyQzIyQ3MiQyNjEwMDIjNTEjJDEjJDYjJDgz,14.132,23.5,ok,2026-08-10T12:32:48.984948+00:00,8.713
37060340,JDQ4MTYyMiM4MSMkMSMkMCMkOTkkMzgxMzUxIzIxIyQxIyQ1IyQwMyQzNjEwMDIjNDEjJDEjJDgjJDgz,7.738,11.93,ok,2026-08-10T12:32:49.096532+00:00,5.213
37060340,JDQ4MTYyMiM4MSMkMSMkMCMkOTkkNTgxOTYxIzExIyQxIyQzIyQ3OSQzNjE0ODEjNjEjJDEjJDQjJDgz,9.762,13.93,ok,2026-08-10T12:32:49.231530+00:00,5.557
37060340,JDQ4MTYyMiM4MSMkMSMkMCMkOTkkNTgxMzUxIzExIyQxIyQ3IyQ3MiQzNjEyMjIjODEjJDEjJDYjJDgz,11.934,13.4,ok,2026-08-10T12:32:49.386333+00:00,5.615
37060340,JDQ4MTYyMiM4MSMkMSMkMCMkOTkkMzgxMzUxIzMxIyQxIyQzIyQ3OSQzNjEwMDIjNjEjJDEjJDgjJDgz,9.649,14.1,ok,2026-08-10T12:32:49.519742+00:00,5.646
37060340,JDQ4MTYyMiM4MSMkMSMkMCMkOTkkNTgxMzUxIzIxIyQxIyQxIyQ3MiQzNjE0ODEjODEjJDEjJDYjJDgz,9.649,14.1,ok,2026-08-10T12:32:49.702076+00:00,5.646
37060350,JDQ4MTYyMiM4MSMkMSMkMCMkOTkkNTgxMzUxIzExIyQxIyQ3IyQ3MiQzNjEyMjIjODEjJDEjJDYjJDgz,1.779,2.95,ok,2026-08-10T12:32:49.830693+00:00,1.581
37060350,JDQ4MTYyMiM4MSMkMSMkMCMkOTkkNTgxMzUxIzExIyQxIyQ3IyQ5OSQyNjEwMDIjNjEjJDEjJDgjJDgz,4.317,6.85,ok,2026-08-10T12:32:49.930777+00:00,3.303
37060350,JDQ4MTYyMiM4MSMkMSMkMCMkOTkkNTgxOTYxIzExIyQxIyQzIyQ3OSQzNjE0ODEjNjEjJDEjJDQjJDgz,5.806,9.02,ok,2026-08-10T12:32:50.058451+00:00,3.999
37060350,JDQ4MTYyMiM4MSMkMSMkMCMkOTkkMzgxMzUxIzMxIyQxIyQzIyQ3OSQzNjEwMDIjNjEjJDEjJDgjJDgz,5.693,9.18,ok,2026-08-10T12:32:50.180410+00:00,4.142
37060350,JDQ4MTYyMiM4MSMkMSMkMCMkOTkkNTgxMzUxIzIxIyQxIyQxIyQ3MiQzNjE0ODEjODEjJDEjJDYjJDgz,5.693,9.18,ok,2026-08-10T12:32:50.332021+00:00,4.142
37060360,JDQ4MTYyMiM4MSMkMSMkMCMkOTkkNTgxMzUxIzExIyQxIyQ3IyQ5OSQyNjEwMDIjNjEjJDEjJDgjJDgz,7.547,14.45,ok,2026-08-10T12:32:50.454407+00:00,5.687
37060360,JDQ4MTYyMiM4MSMkMSMkMCMkOTkkNTgxMzUxIzExIyQxIyQ3IyQ3MiQzNjEyMjIjODEjJDEjJDYjJDgz,11.899,17.8,ok,2026-08-10T12:32:50.568138+00:00,6.065
37060360,JDQ4MTYyMiM4MSMkMSMkMCMkOTkkNTgxOTYxIzExIyQxIyQzIyQ3OSQzNjE0ODEjNjEjJDEjJDQjJDgz,17.356,23.98,ok,2026-08-10T12:32:50.730345+00:00,8.796
37060360,JDQ4MTYyMiM4MSMkMSMkMCMkOTkkMzgxMzUxIzMxIyQxIyQzIyQ3OSQzNjEwMDIjNjEjJDEjJDgjJDgz,17.243,24.15,ok,2026-08-10T12:32:50.865549+00:00,8.968
37060360,JDQ4MTYyMiM4MSMkMSMkMCMkOTkkNTgxMzUxIzIxIyQxIyQxIyQ3MiQzNjE0ODEjODEjJDEjJDYjJDgz,17.243,24.15,ok,2026-08-10T12:32:51.038997+00:00,8.968
37060370,JDQ4MTYyMiM4MSMkMSMkMCMkOTkkNTgxMzUxIzExIyQxIyQ3IyQ5OSQyNjEwMDIjNjEjJDEjJDgjJDgz,11.35,16.73,ok,2026-08-10T12:32:51.166624+00:00,7.417
37060370,JDQ4MTYyMiM4MSMkMSMkMCMkOTkkNTgxMzUxIzExIyQxIyQ3IyQ3MiQzNjEyMjIjODEjJDEjJDYjJDgz,18.675,24.93,ok,2026-08-10T12:32:51.326670+00:00,11.557
37060370,JDQ4MTYyMiM4MSMkMSMkMCMkOTkkNTgxMzUxIzIxIyQyIyQxIyQwMCQ0NjEwMDIjNjEjJDEjJDQjJDgz,16.062,24.57,ok,2026-08-10T12:32:51.472435+00:00,12.141
37060370,JDQ4MTYyMiM4MSMkMSMkMCMkOTkkNTgxOTYxIzExIyQxIyQzIyQ3OSQzNjE0ODEjNjEjJDEjJDQjJDgz,17.155,26.58,ok,2026-08-10T12:32:51.620006+00:00,12.762
37060370,JDQ4MTYyMiM4MSMkMSMkMCMkOTkkMzgxMzUxIzMxIyQxIyQzIyQ3OSQzNjEwMDIjNjEjJDEjJDgjJDgz,17.042,26.75,ok,2026-08-10T12:32:51.769773+00:00,12.807
37060380,JDQ4MTYyMiM4MSMkMSMkMCMkOTkkNTgxMzUxIzExIyQxIyQ3IyQ5OSQyNjEwMDIjNjEjJDEjJDgjJDgz,17.443,35.18,estimated_no_road_origin,2026-08-10T12:32:51.865503+00:00,12.364
37060380,JDQ4MTYyMiM4MSMkMSMkMCMkOTkkNTgxMzUxIzIxIyQyIyQxIyQwMCQ0NjEwMDIjNjEjJDEjJDQjJDgz,20.973,42.3,estimated_no_road_origin,2026-08-10T12:32:51.977573+00:00,14.866
37060380,JDQ4MTYyMiM4MSMkMSMkMCMkOTkkMzgxMzUxIzExIyQxIyQzIyQ3MiQzNjEwMDIjNDEjJDEjJDgjJDgz,21.149,42.65,estimated_no_road_origin,2026-08-10T12:32:52.057885+00:00,14.991
37060380,JDQ4MTYyMiM4MSMkMSMkMCMkOTkkNTgxMzUxIzExIyQxIyQzIyQ5OSQzNjEwMDIjNTEjJDEjJDIjJDgz,21.166,42.69,estimated_no_road_origin,2026-08-10T12:32:52.169645+00:00,15.003
37060380,JDQ4MTYyMiM4MSMkMSMkMCMkOTkkNTgxMzUxIzExIyQxIyQ3IyQ3MiQzNjEyMjIjODEjJDEjJDYjJDgz,21.997,44.36,estimated_no_road_origin,2026-08-10T12:32:52.280904+00:00,15.592
37060390,JDQ4MTYyMiM4MSMkMSMkMCMkOTkkMzgxMzUxIzExIyQxIyQzIyQ3MiQzNjEwMDIjNDEjJDEjJDgjJDgz,20.03,26.55,ok,2026-08-10T12:32:52.392662+00:00,12.97
37060390,JDQ4MTYyMiM4MSMkMSMkMCMkOTkkNTgxMzUxIzExIyQxIyQzIyQ5OSQzNjEwMDIjNTEjJDEjJDIjJDgz,20.059,26.68,ok,2026-08-10T12:32:52.503149+00:00,12.972
37060390,JDQ4MTYyMiM4MSMkMSMkMCMkOTkkNTgxMzUxIzExIyQxIyQ3IyQ5OSQyNjEwMDIjNjEjJDEjJDgjJDgz,19.945,25.82,ok,2026-08-10T12:32:52.668446+00:00,17.297
37060390,JDQ4MTYyMiM4MSMkMSMkMCMkOTkkNTgxMzUxIzIxIyQyIyQxIyQwMCQ0NjEwMDIjNjEjJDEjJDQjJDgz,23.997,30.63,ok,2026-08-10T12:32:52.784634+00:00,17.745
37060390,JDQ4MTYyMiM4MSMkMSMkMCMkOTkkMzgxMzUxIzExIyQxIyQzIyQ2MiQyNjEwMDIjNDEjJDEjJDgjJDgz,22.177,31.18,ok,2026-08-10T12:32:52.912345+00:00,18.615
37060510,JDQ4MTYyMiM4MSMkMSMkMCMkOTkkNTgxMzUxIzIxIyQyIyQxIyQwMCQ0NjEwMDIjNjEjJDEjJDQjJDgz,6.63,8.55,ok,2026-08-10T12:32:53.054753+00:00,3.37
37060510,JDQ4MTYyMiM4MSMkMSMkMCMkOTkkMzgxMzUxIzExIyQxIyQzIyQ2MiQyNjEwMDIjNDEjJDEjJDgjJDgz,4.81,9.42,ok,2026-08-10T12:32:53.169874+00:00,3.607
37060510,JDQ4MTYyMiM4MSMkMSMkMCMkOTkkMzgxMzUxIzExIyQxIyQ3IyQxMyQzNjE4MzIjNTEjJDEjJDIjJDgz,4.643,8.9,ok,2026-08-10T12:32:53.298182+00:00,3.865
37060510,JDQ4MTYyMiM4MSMkMSMkMCMkODkkMzgxMzUxIzExIyQxIyQzIyQ3MiQyNjEwMDIjNTEjJDEjJDYjJDgz,7.373,7.58,ok,2026-08-10T12:32:53.409982+00:00,4.459
37060510,JDQ4MTYyMiM4MSMkMSMkMCMkOTkkNTgxOTYxIzExIyQxIyQzIyQ4OSQ0NjE0ODEjNjEjJDEjJDQjJDgz,5.687,10.92,ok,2026-08-10T12:32:53.537822+00:00,4.878
37060530,JDQ4MTYyMiM4MSMkMSMkMCMkOTkkMzgxMzUxIzExIyQxIyQ3IyQxMyQzNjE4MzIjNTEjJDEjJDIjJDgz,2.353,6.0,ok,2026-08-10T12:32:53.668086+00:00,1.109
37060530,JDQ4MTYyMiM4MSMkMSMkMCMkOTkkMzgxMzUxIzExIyQxIyQzIyQ2MiQyNjEwMDIjNDEjJDEjJDgjJDgz,2.52,6.5,ok,2026-08-10T12:32:53.785642+00:00,1.425
37060530,JDQ4MTYyMiM4MSMkMSMkMCMkOTkkNTgxOTYxIzExIyQxIyQzIyQ4OSQ0NjE0ODEjNjEjJDEjJDQjJDgz,3.397,8.05,ok,2026-08-10T12:32:53.897652+00:00,1.882
37060530,JDQ4MTYyMiM4MSMkMSMkMCMkOTkkNTgxMzUxIzIxIyQyIyQxIyQwMCQ0NjEwMDIjNjEjJDEjJDQjJDgz,4.028,9.73,ok,2026-08-10T12:32:54.008841+00:00,2.817
37060530,JDQ4MTYyMiM4MSMkMSMkMCMkOTkkMzgxMzUxIzIxIyQxIyQ1IyQwMyQzNjEwMDIjNDEjJDEjJDgjJDgz,4.375,10.18,ok,2026-08-10T12:32:54.134537+00:00,2.904
37060550,JDQ4MTYyMiM4MSMkMSMkMCMkOTkkMzgxMzUxIzExIyQxIyQzIyQ2MiQyNjEwMDIjNDEjJDEjJDgjJDgz,0.896,3.75,ok,2026-08-10T12:32:54.269470+00:00,0.455
37060550,JDQ4MTYyMiM4MSMkMSMkMCMkOTkkMzgxMzUxIzExIyQxIyQ3IyQxMyQzNjE4MzIjNTEjJDEjJDIjJDgz,1.132,3.65,ok,2026-08-10T12:32:54.381352+00:00,0.91
37060550,JDQ4MTYyMiM4MSMkMSMkMCMkOTkkNTgxMzUxIzIxIyQyIyQxIyQwMCQ0NjEwMDIjNjEjJDEjJDQjJDgz,1.938,5.48,ok,2026-08-10T12:32:54.494281+00:00,1.255
37060550,JDQ4MTYyMiM4MSMkMSMkMCMkODkkMzgxMzUxIzExIyQxIyQzIyQ3MiQyNjEwMDIjNTEjJDEjJDYjJDgz,2.246,6.47,ok,2026-08-10T12:32:54.606560+00:00,1.592
37060550,JDQ4MTYyMiM4MSMkMSMkMCMkOTkkNTgxOTYxIzExIyQxIyQzIyQ4OSQ0NjE0ODEjNjEjJDEjJDQjJDgz,2.344,8.23,ok,2026-08-10T12:32:54.734456+00:00,1.78
37060580,JDQ4MTYyMiM4MSMkMSMkMCMkOTkkMzgxMzUxIzExIyQxIyQzIyQ2MiQyNjEwMDIjNDEjJDEjJDgjJDgz,0.758,2.75,ok,2026-08-10T12:32:54.843223+00:00,0.559
37060580,JDQ4MTYyMiM4MSMkMSMkMCMkOTkkMzgxMzUxIzExIyQxIyQ3IyQxMyQzNjE4MzIjNTEjJDEjJDIjJDgz,0.805,2.63,ok,2026-08-10T12:32:54.947758+00:00,0.605
37060580,JDQ4MTYyMiM4MSMkMSMkMCMkOTkkNTgxOTYxIzExIyQxIyQzIyQ4OSQ0NjE0ODEjNjEjJDEjJDQjJDgz,1.143,3.68,ok,2026-08-10T12:32:55.059773+00:00,0.858
37060580,JDQ4MTYyMiM4MSMkMSMkMCMkOTkkMzgxMzUxIzIxIyQxIyQ1IyQwMyQzNjEwMDIjNDEjJDEjJDgjJDgz,2.252,6.22,ok,2026-08-10T12:32:55.198835+00:00,1.224
37060580,JDQ4MTYyMiM4MSMkMSMkMCMkODkkMzgxMzUxIzExIyQxIyQzIyQ3MiQyNjEwMDIjNTEjJDEjJDYjJDgz,2.041,5.52,ok,2026-08-10T12:32:55.312849+00:00,1.339
37060590,JDQ4MTYyMiM4MSMkMSMkMCMkOTkkMzgxMzUxIzExIyQxIyQ3IyQxMyQzNjE4MzIjNTEjJDEjJDIjJDgz,2.876,8.7,ok,2026-08-10T12:32:55.430859+00:00,2.366
37060590,JDQ4MTYyMiM4MSMkMSMkMCMkOTkkNTgxOTYxIzExIyQxIyQzIyQ4OSQ0NjE0ODEjNjEjJDEjJDQjJDgz,3.681,10.65,ok,2026-08-10T12:32:55.527134+00:00,2.589
37060590,JDQ4MTYyMiM4MSMkMSMkMCMkOTkkMzgxMzUxIzExIyQxIyQzIyQ2MiQyNjEwMDIjNDEjJDEjJDgjJDgz,3.249,9.7,ok,2026-08-10T12:32:55.649851+00:00,2.825
37060590,JDQ4MTYyMiM4MSMkMSMkMCMkOTkkMzgxMzUxIzIxIyQxIyQ1IyQwMyQzNjEwMDIjNDEjJDEjJDgjJDgz,4.79,13.42,ok,2026-08-10T12:32:55.765031+00:00,3.866
37060590,JDQ4MTYyMiM4MSMkMSMkMCMkODkkMzgxMzUxIzExIyQxIyQzIyQ3MiQyNjEwMDIjNTEjJDEjJDYjJDgz,5.12,15.18,ok,2026-08-10T12:32:55.884660+00:00,4.234
37060600,JDQ4MTYyMiM4MSMkMSMkMCMkOTkkNTgxOTYxIzExIyQxIyQzIyQ4OSQ0NjE0ODEjNjEjJDEjJDQjJDgz,0.82,2.17,ok,2026-08-10T12:32:56.028170+00:00,0.679
37060600,JDQ4MTYyMiM4MSMkMSMkMCMkOTkkMzgxMzUxIzIxIyQxIyQ1IyQwMyQzNjEwMDIjNDEjJDEjJDgjJDgz,2.132,5.55,ok,2026-08-10T12:32:56.137447+00:00,1.568
37060600,JDQ4MTYyMiM4MSMkMSMkMCMkOTkkMzgxMzUxIzExIyQxIyQ3IyQxMyQzNjE4MzIjNTEjJDEjJDIjJDgz,2.072,6.23,ok,2026-08-10T12:32:56.269125+00:00,1.667
37060600,JDQ4MTYyMiM4MSMkMSMkMCMkOTkkMzgxMzUxIzExIyQxIyQzIyQ2MiQyNjEwMDIjNDEjJDEjJDgjJDgz,2.445,7.97,ok,2026-08-10T12:32:56.386343+00:00,2.005
37060600,JDQ4MTYyMiM4MSMkMSMkMCMkODkkMzgxMzUxIzExIyQxIyQzIyQ3MiQyNjEwMDIjNTEjJDEjJDYjJDgz,3.332,8.53,ok,2026-08-10T12:32:56.498419+00:00,2.439
37060610,JDQ4MTYyMiM4MSMkMSMkMCMkOTkkNTgxOTYxIzExIyQxIyQzIyQ4OSQ0NjE0ODEjNjEjJDEjJDQjJDgz,2.82,7.15,ok,2026-08-10T12:32:56.599056+00:00,2.438
37060610,JDQ4MTYyMiM4MSMkMSMkMCMkOTkkMzgxMzUxIzExIyQxIyQ3IyQxMyQzNjE4MzIjNTEjJDEjJDIjJDgz,3.416,9.07,ok,2026-08-10T12:32:56.722363+00:00,3.041
37060610,JDQ4MTYyMiM4MSMkMSMkMCMkOTkkMzgxMzUxIzExIyQxIyQzIyQ2MiQyNjEwMDIjNDEjJDEjJDgjJDgz,3.789,10.05,ok,2026-08-10T12:32:56.847357+00:00,3.527
37060610,JDQ4MTYyMiM4MSMkMSMkMCMkOTkkMzgxMzUxIzIxIyQxIyQ1IyQwMyQzNjEwMDIjNDEjJDEjJDgjJDgz,4.095,10.33,ok,2026-08-10T12:32:56.967507+00:00,3.54
37060610,JDQ4MTYyMiM4MSMkMSMkMCMkODkkMzgxMzUxIzExIyQxIyQzIyQ3MiQyNjEwMDIjNTEjJDEjJDYjJDgz,6.557,8.37,ok,2026-08-10T12:32:57.096218+00:00,4.367
37060620,JDQ4MTYyMiM4MSMkMSMkMCMkOTkkMzgxMzUxIzIxIyQxIyQ1IyQwMyQzNjEwMDIjNDEjJDEjJDgjJDgz,2.835,6.87,ok,2026-08-10T12:32:57.224688+00:00,1.477
37060620,JDQ4MTYyMiM4MSMkMSMkMCMkOTkkNTgxOTYxIzExIyQxIyQzIyQ4OSQ0NjE0ODEjNjEjJDEjJDQjJDgz,2.522,5.65,ok,2026-08-10T12:32:57.372257+00:00,1.778
37060620,JDQ4MTYyMiM4MSMkMSMkMCMkODkkMzgxMzUxIzExIyQxIyQzIyQ3MiQyNjEwMDIjNTEjJDEjJDYjJDgz,3.383,5.27,ok,2026-08-10T12:32:57.483854+00:00,2.515
37060620,JDQ4MTYyMiM4MSMkMSMkMCMkOTkkNTgxMzUxIzIxIyQxIyQxIyQ3MiQzNjE0ODEjODEjJDEjJDYjJDgz,4.746,8.88,ok,2026-08-10T12:32:57.611129+00:00,2.547
37060620,JDQ4MTYyMiM4MSMkMSMkMCMkOTkkMzgxMzUxIzMxIyQxIyQzIyQ3OSQzNjEwMDIjNjEjJDEjJDgjJDgz,4.746,8.88,ok,2026-08-10T12:32:57.753816+00:00,2.547
37060630,JDQ4MTYyMiM4MSMkMSMkMCMkOTkkNTgxMzUxIzIxIyQyIyQxIyQwMCQ0NjEwMDIjNjEjJDEjJDQjJDgz,1.235,2.88,ok,2026-08-10T12:32:57.873378+00:00,1.004
37060630,JDQ4MTYyMiM4MSMkMSMkMCMkODkkMzgxMzUxIzExIyQxIyQzIyQ3MiQyNjEwMDIjNTEjJDEjJDYjJDgz,2.727,6.67,ok,2026-08-10T12:32:57.996135+00:00,1.736
37060630,JDQ4MTYyMiM4MSMkMSMkMCMkOTkkNTgxMzUxIzIxIyQxIyQxIyQ3MiQzNjE0ODEjODEjJDEjJDYjJDgz,3.248,8.17,ok,2026-08-10T12:32:58.111914+00:00,1.765
37060630,JDQ4MTYyMiM4MSMkMSMkMCMkOTkkMzgxMzUxIzMxIyQxIyQzIyQ3OSQzNjEwMDIjNjEjJDEjJDgjJDgz,3.248,8.17,ok,2026-08-10T12:32:58.243560+00:00,1.765
37060630,JDQ4MTYyMiM4MSMkMSMkMCMkOTkkNTgxOTYxIzExIyQxIyQzIyQ3OSQzNjE0ODEjNjEjJDEjJDQjJDgz,3.361,8.0,ok,2026-08-10T12:32:58.358490+00:00,1.807
37070110,JDQ4MTYyMiM4MSMkMSMkMCMkOTkkNTgxOTYxIzExIyQyIyQzIyQwMCQzNjEyMjIjNTEjJDEjJDYjJDgz,8.759,14.0,ok,2026-08-10T12:32:58.503149+00:00,2.989
37070110,JDQ4MTYyMiM4MSMkMSMkMCMkOTkkNTgxMzUxIzIxIyQxIyQxIyQ4OSQzNjE0ODEjNDEjJDEjJDQjJDgz,6.737,13.08,ok,2026-08-10T12:32:58.613830+00:00,3.153
37070110,JDQ4MTYyMiM4MSMkMSMkMCMkODkkMzgxMzUxIzExIyQyIyQzIyQwMCQyNjE4MzIjNjEjJDEjJDQjJDgz,8.098,15.4,ok,2026-08-10T12:32:58.752788+00:00,4.149
37070110,JDQ4MTYyMiM4MSMkMSMkMCMkOTkkNTgxMzUxIzIxIyQxIyQ1IyQwMyQyNjEyMjIjNDEjJDEjJDgjJDgz,8.127,15.55,ok,2026-08-10T12:32:58.914030+00:00,4.306
37070110,JDQ4MTYyMiM4MSMkMSMkMCMkOTkkNTgxMzUxIzExIyQxIyQzIyQ4OSQzNjE0ODEjNzEjJDEjJDgjJDgz,5.937,11.33,ok,2026-08-10T12:32:59.020029+00:00,5.049
37070310,JDQ4MTYyMiM4MSMkMSMkMCMkOTkkNTgxMzUxIzExIyQxIyQzIyQ4OSQzNjE0ODEjNzEjJDEjJDgjJDgz,10.096,16.67,ok,2026-08-10T12:32:59.152812+00:00,8.38
37070310,JDQ4MTYyMiM4MSMkMSMkMCMkOTkkNTgxMzUxIzIxIyQxIyQxIyQ4OSQzNjE0ODEjNDEjJDEjJDQjJDgz,14.895,23.92,ok,2026-08-10T12:32:59.305366+00:00,9.648
37070310,JDQ4MTYyMiM4MSMkMSMkMCMkODkkMzgxMzUxIzExIyQyIyQzIyQwMCQyNjE4MzIjNjEjJDEjJDQjJDgz,13.835,20.5,ok,2026-08-10T12:32:59.470301+00:00,9.778
37070310,JDQ4MTYyMiM4MSMkMSMkMCMkOTkkNTgxMzUxIzIxIyQxIyQ1IyQwMyQyNjEyMjIjNDEjJDEjJDgjJDgz,13.813,20.63,ok,2026-08-10T12:32:59.640254+00:00,9.798
37070310,JDQ4MTYyMiM4MSMkMSMkMCMkOTkkNTgxMzUxIzIxIyQyIyQ1IyQwMCQyNjE4MzIjNTEjJDEjJDIjJDgz,14.607,19.2,ok,2026-08-10T12:32:59.818207+00:00,9.865
37070320,JDQ4MTYyMiM4MSMkMSMkMCMkOTkkNTgxMzUxIzIxIyQxIyQxIyQwMyQyNjEyMjIjNjEjJDEjJDAjJDgz,25.313,29.42,ok,2026-08-10T12:32:59.965755+00:00,15.26
37070320,JDQ4MTYyMiM4MSMkMSMkMCMkOTkkNTgxMzUxIzExIyQyIyQ3IyQwMCQ0NjEwMDIjODEjJDEjJDYjJDgz,24.653,27.88,ok,2026-08-10T12:33:00.118937+00:00,15.505
37070320,JDQ4MTYyMiM4MSMkMSMkMCMkOTkkNTgxMzUxIzIxIyQxIyQ1IyQ4MiQ0NjEwMDIjNTEjJDEjJDYjJDgz,26.702,31.92,ok,2026-08-10T12:33:00.263917+00:00,15.693
37070320,JDQ4MTYyMiM4MSMkMSMkMCMkOTkkNTgxMzUxIzExIyQxIyQzIyQ4OSQzNjE0ODEjNzEjJDEjJDgjJDgz,28.951,26.73,ok,2026-08-10T12:33:00.421557+00:00,16.523
37070320,JDQ4MTYyMiM4MSMkMSMkMCMkOTkkNTgxMzUxIzIxIyQyIyQ1IyQwMCQyNjE4MzIjNTEjJDEjJDIjJDgz,21.044,21.02,ok,2026-08-10T12:33:00.556457+00:00,16.662
37070330,JDQ4MTYyMiM4MSMkMSMkMCMkOTkkNTgxMzUxIzIxIyQyIyQ1IyQwMCQyNjE4MzIjNTEjJDEjJDIjJDgz,12.338,18.82,estimated_no_road_origin,2026-08-10T12:33:00.687204+00:00,8.499
37070330,JDQ4MTYyMiM4MSMkMSMkMCMkOTkkNTgxMzUxIzIxIyQxIyQ1IyQwMyQyNjEyMjIjNDEjJDEjJDgjJDgz,15.187,23.16,estimated_no_road_origin,2026-08-10T12:33:00.770950+00:00,10.462
37070330,JDQ4MTYyMiM4MSMkMSMkMCMkODkkMzgxMzUxIzExIyQyIyQzIyQwMCQyNjE4MzIjNjEjJDEjJDQjJDgz,15.297,23.33,estimated_no_road_origin,2026-08-10T12:33:00.883120+00:00,10.538
37070330,JDQ4MTYyMiM4MSMkMSMkMCMkOTkkNTgxMzUxIzIxIyQxIyQxIyQ3OSQ0NjE0ODEjNjEjJDEjJDQjJDgz,15.951,24.33,estimated_no_road_origin,2026-08-10T12:33:00.994416+00:00,10.988
37070330,JDQ4MTYyMiM4MSMkMSMkMCMkOTkkNTgxMzUxIzIxIyQxIyQxIyQ4OSQzNjE0ODEjNDEjJDEjJDQjJDgz,16.009,24.42,estimated_no_road_origin,2026-08-10T12:33:01.108677+00:00,11.028
37070340,JDQ4MTYyMiM4MSMkMSMkMCMkOTkkNTgxMzUxIzIxIyQyIyQ1IyQwMCQyNjE4MzIjNTEjJDEjJDIjJDgz,20.692,31.15,ok,2026-08-10T12:33:01.241234+00:00,16.05
37070340,JDQ4MTYyMiM4MSMkMSMkMCMkOTkkMzgxMzUxIzIxIyQxIyQ5IyQwMyQ0NjE0ODEjNTEjJDEjJDIjJDgz,24.887,38.58,ok,2026-08-10T12:33:01.377551+00:00,17.144
37070340,JDQ4MTYyMiM4MSMkMSMkMCMkOTkkNTgxMzUxIzIxIyQxIyQxIyQ3OSQ0NjE0ODEjNjEjJDEjJDQjJDgz,24.328,40.05,ok,2026-08-10T12:33:01.524934+00:00,17.209
37070340,JDQ4MTYyMiM4MSMkMSMkMCMkOTkkNTgxMzUxIzIxIyQxIyQ1IyQwMyQyNjEyMjIjNDEjJDEjJDgjJDgz,26.828,36.4,ok,2026-08-10T12:33:01.661566+00:00,19.353
37070340,JDQ4MTYyMiM4MSMkMSMkMCMkODkkMzgxMzUxIzExIyQyIyQzIyQwMCQyNjE4MzIjNjEjJDEjJDQjJDgz,26.85,36.42,ok,2026-08-10T12:33:01.802901+00:00,19.501
37070350,JDQ4MTYyMiM4MSMkMSMkMCMkOTkkNTgxMzUxIzIxIyQyIyQ1IyQwMCQyNjE4MzIjNTEjJDEjJDIjJDgz,12.82,20.07,ok,2026-08-10T12:33:01.911993+00:00,10.697
37070350,JDQ4MTYyMiM4MSMkMSMkMCMkOTkkNTgxMzUxIzIxIyQxIyQxIyQ3OSQ0NjE0ODEjNjEjJDEjJDQjJDgz,16.545,27.98,ok,2026-08-10T12:33:02.085459+00:00,12.568
37070350,JDQ4MTYyMiM4MSMkMSMkMCMkOTkkMzgxMzUxIzIxIyQxIyQ5IyQwMyQ0NjE0ODEjNTEjJDEjJDIjJDgz,17.104,26.52,ok,2026-08-10T12:33:02.245377+00:00,12.643
37070350,JDQ4MTYyMiM4MSMkMSMkMCMkOTkkNTgxMzUxIzIxIyQxIyQ1IyQwMyQyNjEyMjIjNDEjJDEjJDgjJDgz,18.956,25.32,ok,2026-08-10T12:33:02.377026+00:00,13.71
37070350,JDQ4MTYyMiM4MSMkMSMkMCMkODkkMzgxMzUxIzExIyQyIyQzIyQwMCQyNjE4MzIjNjEjJDEjJDQjJDgz,18.978,25.33,ok,2026-08-10T12:33:02.519617+00:00,13.837
37070360,JDQ4MTYyMiM4MSMkMSMkMCMkOTkkMzgxMzUxIzIxIyQxIyQ5IyQwMyQ0NjE0ODEjNTEjJDEjJDIjJDgz,21.447,33.02,ok,2026-08-10T12:33:02.649246+00:00,15.972
37070360,JDQ4MTYyMiM4MSMkMSMkMCMkOTkkNTgxMzUxIzIxIyQxIyQxIyQ3OSQ0NjE0ODEjNjEjJDEjJDQjJDgz,21.681,33.5,ok,2026-08-10T12:33:02.784299+00:00,16.231
37070360,JDQ4MTYyMiM4MSMkMSMkMCMkOTkkNTgxMzUxIzIxIyQyIyQ1IyQwMCQyNjE4MzIjNTEjJDEjJDIjJDgz,22.597,32.87,ok,2026-08-10T12:33:02.928283+00:00,16.478
37070360,JDQ4MTYyMiM4MSMkMSMkMCMkOTkkNTgxMzUxIzIxIyQxIyQxIyQ5MiQyNjEyMjIjNzEjJDEjJDgjJDgz,41.715,48.58,ok,2026-08-10T12:33:03.135711+00:00,19.298
37070360,JDQ4MTYyMiM4MSMkMSMkMCMkOTkkNTgxMzUxIzIxIyQxIyQ1IyQwMyQyNjEyMjIjNDEjJDEjJDgjJDgz,28.736,37.02,ok,2026-08-10T12:33:03.288648+00:00,19.584
37070370,JDQ4MTYyMiM4MSMkMSMkMCMkOTkkMzgxMzUxIzIxIyQxIyQ5IyQwMyQ0NjE0ODEjNTEjJDEjJDIjJDgz,11.895,18.0,ok,2026-08-10T12:33:03.399273+00:00,10.413
37070370,JDQ4MTYyMiM4MSMkMSMkMCMkOTkkNTgxMzUxIzIxIyQxIyQxIyQ3OSQ0NjE0ODEjNjEjJDEjJDQjJDgz,12.129,18.5,ok,2026-08-10T12:33:03.510356+00:00,10.742
37070370,JDQ4MTYyMiM4MSMkMSMkMCMkOTkkNTgxMzUxIzIxIyQyIyQ1IyQwMCQyNjE4MzIjNTEjJDEjJDIjJDgz,13.045,17.78,ok,2026-08-10T12:33:03.638161+00:00,11.731
37070370,JDQ4MTYyMiM4MSMkMSMkMCMkOTkkNTgxMzUxIzIxIyQxIyQ1IyQwMyQyNjEyMjIjNDEjJDEjJDgjJDgz,19.184,21.95,ok,2026-08-10T12:33:03.772131+00:00,14.375
37070370,JDQ4MTYyMiM4MSMkMSMkMCMkODkkMzgxMzUxIzExIyQyIyQzIyQwMCQyNjE4MzIjNjEjJDEjJDQjJDgz,19.206,21.97,ok,2026-08-10T12:33:03.932370+00:00,14.529
37070380,JDQ4MTYyMiM4MSMkMSMkMCMkOTkkNTgxOTYxIzExIyQxIyQzIyQ4OSQyNjEwMDIjODEjJDEjJDIjJDgz,14.55,29.33,ok,2026-08-10T12:33:04.093102+00:00,9.058
37070380,JDQ4MTYyMiM4MSMkMSMkMCMkOTkkMzgxMzUxIzIxIyQxIyQ5IyQwMyQ0NjE0ODEjNTEjJDEjJDIjJDgz,17.39,24.72,ok,2026-08-10T12:33:04.216803+00:00,9.798
37070380,JDQ4MTYyMiM4MSMkMSMkMCMkOTkkNTgxMzUxIzIxIyQxIyQxIyQ3OSQ0NjE0ODEjNjEjJDEjJDQjJDgz,17.624,25.22,ok,2026-08-10T12:33:04.322693+00:00,10.184
37070380,JDQ4MTYyMiM4MSMkMSMkMCMkOTkkNTgxMzUxIzIxIyQyIyQ1IyQwMCQyNjE4MzIjNTEjJDEjJDIjJDgz,21.81,26.43,ok,2026-08-10T12:33:04.482758+00:00,12.379
37070380,JDQ4MTYyMiM4MSMkMSMkMCMkOTkkNTgxOTYxIzExIyQyIyQzIyQwMCQzNjEyMjIjNTEjJDEjJDYjJDgz,18.426,31.38,ok,2026-08-10T12:33:04.594939+00:00,13.147
37070390,JDQ4MTYyMiM4MSMkMSMkMCMkOTkkNTgxOTYxIzExIyQxIyQzIyQ4OSQyNjEwMDIjODEjJDEjJDIjJDgz,2.444,5.42,ok,2026-08-10T12:33:04.707996+00:00,1.526
37070390,JDQ4MTYyMiM4MSMkMSMkMCMkOTkkNTgxOTYxIzExIyQyIyQzIyQwMCQzNjEyMjIjNTEjJDEjJDYjJDgz,11.774,18.4,ok,2026-08-10T12:33:04.823451+00:00,7.582
37070390,JDQ4MTYyMiM4MSMkMSMkMCMkOTkkMzgxMzUxIzIxIyQxIyQ5IyQwMyQ0NjE0ODEjNTEjJDEjJDIjJDgz,16.525,24.5,ok,2026-08-10T12:33:04.982388+00:00,9.646
37070390,JDQ4MTYyMiM4MSMkMSMkMCMkOTkkNTgxMzUxIzIxIyQxIyQxIyQ3OSQ0NjE0ODEjNjEjJDEjJDQjJDgz,16.759,25.02,ok,2026-08-10T12:33:05.136027+00:00,9.764
37070390,JDQ4MTYyMiM4MSMkMSMkMCMkODkkMzgxMzUxIzExIyQyIyQzIyQwMCQyNjE4MzIjNjEjJDEjJDQjJDgz,18.292,22.32,ok,2026-08-10T12:33:05.300256+00:00,10.321
37070400,JDQ4MTYyMiM4MSMkMSMkMCMkOTkkNTgxOTYxIzExIyQyIyQzIyQwMCQzNjEyMjIjNTEjJDEjJDYjJDgz,11.082,16.22,ok,2026-08-10T12:33:05.421151+00:00,7.673
37070400,JDQ4MTYyMiM4MSMkMSMkMCMkOTkkNTgxMzUxIzExIyQxIyQzIyQ4OSQzNjE0ODEjNzEjJDEjJDgjJDgz,12.498,19.05,ok,2026-08-10T12:33:05.562129+00:00,9.464
37070400,JDQ4MTYyMiM4MSMkMSMkMCMkOTkkNTgxMzUxIzIxIyQxIyQxIyQ4OSQzNjE0ODEjNDEjJDEjJDQjJDgz,13.298,20.8,ok,2026-08-10T12:33:05.707647+00:00,9.561
37070400,JDQ4MTYyMiM4MSMkMSMkMCMkOTkkNTgxOTYxIzExIyQxIyQzIyQ4OSQyNjEwMDIjODEjJDEjJDIjJDgz,15.301,22.6,ok,2026-08-10T12:33:05.840197+00:00,10.093
37070400,JDQ4MTYyMiM4MSMkMSMkMCMkODkkMzgxMzUxIzExIyQyIyQzIyQwMCQyNjE4MzIjNjEjJDEjJDQjJDgz,14.659,23.12,ok,2026-08-10T12:33:05.982594+00:00,10.372
37070510,JDQ4MTYyMiM4MSMkMSMkMCMkOTkkMzgxMzUxIzIxIyQxIyQ5IyQwMyQ0NjE0ODEjNTEjJDEjJDIjJDgz,1.464,3.48,ok,2026-08-10T12:33:06.100539+00:00,1.094
37070510,JDQ4MTYyMiM4MSMkMSMkMCMkOTkkNTgxMzUxIzIxIyQxIyQxIyQ3OSQ0NjE0ODEjNjEjJDEjJDQjJDgz,1.984,4.83,ok,2026-08-10T12:33:06.222593+00:00,1.284
37070510,JDQ4MTYyMiM4MSMkMSMkMCMkOTkkNTgxMzUxIzIxIyQyIyQ1IyQwMCQyNjE4MzIjNTEjJDEjJDIjJDgz,3.706,5.85,ok,2026-08-10T12:33:06.333140+00:00,2.767
37070510,JDQ4MTYyMiM4MSMkMSMkMCMkOTkkNTgxMzUxIzIxIyQxIyQ1IyQwMyQyNjEyMjIjNDEjJDEjJDgjJDgz,5.948,14.65,ok,2026-08-10T12:33:06.456410+00:00,4.822
37070510,JDQ4MTYyMiM4MSMkMSMkMCMkODkkMzgxMzUxIzExIyQyIyQzIyQwMCQyNjE4MzIjNjEjJDEjJDQjJDgz,5.97,14.52,ok,2026-08-10T12:33:06.596463+00:00,4.977
37070520,JDQ4MTYyMiM4MSMkMSMkMCMkOTkkNTgxMzUxIzIxIyQyIyQ1IyQwMCQyNjE4MzIjNTEjJDEjJDIjJDgz,2.726,6.77,ok,2026-08-10T12:33:06.706964+00:00,2.433
37070520,JDQ4MTYyMiM4MSMkMSMkMCMkOTkkNTgxMzUxIzIxIyQxIyQxIyQ3OSQ0NjE0ODEjNjEjJDEjJDQjJDgz,6.451,14.68,ok,2026-08-10T12:33:06.838358+00:00,3.995
37070520,JDQ4MTYyMiM4MSMkMSMkMCMkOTkkMzgxMzUxIzIxIyQxIyQ5IyQwMyQ0NjE0ODEjNTEjJDEjJDIjJDgz,7.01,13.22,ok,2026-08-10T12:33:06.973235+00:00,4.101
37070520,JDQ4MTYyMiM4MSMkMSMkMCMkOTkkNTgxMzUxIzIxIyQxIyQ1IyQwMyQyNjEyMjIjNDEjJDEjJDgjJDgz,8.862,12.02,ok,2026-08-10T12:33:07.098455+00:00,5.771
37070520,JDQ4MTYyMiM4MSMkMSMkMCMkODkkMzgxMzUxIzExIyQyIyQzIyQwMCQyNjE4MzIjNjEjJDEjJDQjJDgz,8.884,12.03,ok,2026-08-10T12:33:07.242025+00:00,5.926
37070530,JDQ4MTYyMiM4MSMkMSMkMCMkOTkkNTgxMzUxIzIxIyQxIyQ1IyQwMyQyNjEyMjIjNDEjJDEjJDgjJDgz,3.948,5.32,ok,2026-08-10T12:33:07.354280+00:00,1.889
37070530,JDQ4MTYyMiM4MSMkMSMkMCMkODkkMzgxMzUxIzExIyQyIyQzIyQwMCQyNjE4MzIjNjEjJDEjJDQjJDgz,3.919,5.17,ok,2026-08-10T12:33:07.474958+00:00,1.974
37070530,JDQ4MTYyMiM4MSMkMSMkMCMkOTkkNTgxMzUxIzIxIyQyIyQ1IyQwMCQyNjE4MzIjNTEjJDEjJDIjJDgz,8.697,9.23,ok,2026-08-10T12:33:07.601029+00:00,2.386
37070530,JDQ4MTYyMiM4MSMkMSMkMCMkOTkkNTgxMzUxIzIxIyQxIyQxIyQ4OSQzNjE0ODEjNDEjJDEjJDQjJDgz,4.554,6.13,ok,2026-08-10T12:33:07.738110+00:00,2.671
37070530,JDQ4MTYyMiM4MSMkMSMkMCMkOTkkNTgxMzUxIzIxIyQxIyQxIyQ3OSQ0NjE0ODEjNjEjJDEjJDQjJDgz,7.854,13.95,ok,2026-08-10T12:33:07.877319+00:00,4.037
37070540,JDQ4MTYyMiM4MSMkMSMkMCMkOTkkNTgxMzUxIzIxIyQxIyQxIyQ3OSQ0NjE0ODEjNjEjJDEjJDQjJDgz,2.578,5.88,ok,2026-08-10T12:33:07.976397+00:00,1.601
37070540,JDQ4MTYyMiM4MSMkMSMkMCMkOTkkMzgxMzUxIzIxIyQxIyQ5IyQwMyQ0NjE0ODEjNTEjJDEjJDIjJDgz,2.344,5.38,ok,2026-08-10T12:33:08.110165+00:00,1.645
37070540,JDQ4MTYyMiM4MSMkMSMkMCMkOTkkNTgxMzUxIzIxIyQxIyQ1IyQwMyQyNjEyMjIjNDEjJDEjJDgjJDgz,4.186,10.97,ok,2026-08-10T12:33:08.219175+00:00,3.482
37070540,JDQ4MTYyMiM4MSMkMSMkMCMkODkkMzgxMzUxIzExIyQyIyQzIyQwMCQyNjE4MzIjNjEjJDEjJDQjJDgz,4.208,10.83,ok,2026-08-10T12:33:08.382326+00:00,3.586
37070540,JDQ4MTYyMiM4MSMkMSMkMCMkOTkkNTgxMzUxIzIxIyQyIyQ1IyQwMCQyNjE4MzIjNTEjJDEjJDIjJDgz,4.897,11.43,ok,2026-08-10T12:33:08.516936+00:00,3.8
37070550,JDQ4MTYyMiM4MSMkMSMkMCMkOTkkNTgxOTYxIzExIyQyIyQzIyQwMCQzNjEyMjIjNTEjJDEjJDYjJDgz,2.764,5.78,ok,2026-08-10T12:33:08.640097+00:00,2.196
37070550,JDQ4MTYyMiM4MSMkMSMkMCMkOTkkNTgxMzUxIzIxIyQxIyQxIyQ4OSQzNjE0ODEjNDEjJDEjJDQjJDgz,9.414,11.13,ok,2026-08-10T12:33:08.778084+00:00,4.85
37070550,JDQ4MTYyMiM4MSMkMSMkMCMkODkkMzgxMzUxIzExIyQyIyQzIyQwMCQyNjE4MzIjNjEjJDEjJDQjJDgz,7.521,15.72,ok,2026-08-10T12:33:08.946344+00:00,4.851
37070550,JDQ4MTYyMiM4MSMkMSMkMCMkOTkkNTgxMzUxIzIxIyQxIyQ1IyQwMyQyNjEyMjIjNDEjJDEjJDgjJDgz,10.804,13.6,ok,2026-08-10T12:33:09.054891+00:00,4.881
37070550,JDQ4MTYyMiM4MSMkMSMkMCMkOTkkNTgxMzUxIzIxIyQxIyQxIyQ3OSQ0NjE0ODEjNjEjJDEjJDQjJDgz,8.614,15.68,ok,2026-08-10T12:33:09.198327+00:00,5.351
37080110,JDQ4MTYyMiM4MSMkMSMkMCMkOTkkNTgxOTYxIzExIyQxIyQzIyQ2MiQyNjE0ODEjNDEjJDEjJDgjJDgz,4.622,7.8,ok,2026-08-10T12:33:09.341720+00:00,3.574
37080110,JDQ4MTYyMiM4MSMkMSMkMCMkODkkMzgxMzUxIzExIyQxIyQzIyQ4OSQyNjE0ODEjNjEjJDEjJDgjJDgz,5.488,10.42,ok,2026-08-10T12:33:09.469428+00:00,3.949
37080110,JDQ4MTYyMiM4MSMkMSMkMCMkOTkkNTgxMzUxIzIxIyQxIyQ1IyQwMyQ0NjEwMDIjODEjJDEjJDIjJDgz,7.194,11.45,ok,2026-08-10T12:33:09.595565+00:00,4.5
37080110,JDQ4MTYyMiM4MSMkMSMkMCMkOTkkMzgxMzUxIzIxIyQxIyQxIyQ5OSQyNjEyMjIjNzEjJDEjJDgjJDgz,6.968,13.85,ok,2026-08-10T12:33:09.728234+00:00,5.161
37080110,JDQ4MTYyMiM4MSMkMSMkMCMkOTkkNTgxMzUxIzExIyQxIyQ3IyQ5MiQyNjEyMjIjNDEjJDEjJDgjJDgz,26.408,26.85,ok,2026-08-10T12:33:09.946751+00:00,13.169
37080320,JDQ4MTYyMiM4MSMkMSMkMCMkOTkkNTgxMzUxIzExIyQxIyQ3IyQ5MiQyNjEyMjIjNDEjJDEjJDgjJDgz,10.965,20.2,ok,2026-08-10T12:33:10.109678+00:00,3.931
37080320,JDQ4MTYyMiM4MSMkMSMkMCMkOTkkNTgxMzUxIzIxIyQxIyQxIyQ5MiQ0NjE0ODEjNjEjJDEjJDgjJDgz,6.875,14.15,ok,2026-08-10T12:33:10.217944+00:00,5.153
37080320,JDQ4MTYyMiM4MSMkMSMkMCMkODkkMzgxMzUxIzExIyQxIyQzIyQ2MiQzNjEwMDIjODEjJDEjJDYjJDgz,15.661,26.45,ok,2026-08-10T12:33:10.395312+00:00,11.384
37080320,JDQ4MTYyMiM4MSMkMSMkMCMkODkkMzgxMzUxIzExIyQxIyQzIyQ2MiQyNjE0ODEjODEjJDEjJDIjJDgz,20.475,28.57,ok,2026-08-10T12:33:10.531979+00:00,11.836
37080320,JDQ4MTYyMiM4MSMkMSMkMCMkOTkkMzgxMzUxIzMxIyQxIyQzIyQ3OSQyNjEyMjIjNDEjJDEjJDgjJDgz,19.978,26.8,ok,2026-08-10T12:33:10.680358+00:00,12.24
37080330,JDQ4MTYyMiM4MSMkMSMkMCMkOTkkNTgxMzUxIzIxIyQxIyQxIyQ5MiQ0NjE0ODEjNjEjJDEjJDgjJDgz,6.84,10.45,ok,2026-08-10T12:33:10.788289+00:00,4.427
37080330,JDQ4MTYyMiM4MSMkMSMkMCMkOTkkNTgxMzUxIzExIyQxIyQ3IyQ5MiQyNjEyMjIjNDEjJDEjJDgjJDgz,14.983,18.22,ok,2026-08-10T12:33:10.982609+00:00,8.143
37080330,JDQ4MTYyMiM4MSMkMSMkMCMkODkkMzgxMzUxIzExIyQxIyQzIyQ2MiQyNjE0ODEjODEjJDEjJDIjJDgz,12.399,22.9,ok,2026-08-10T12:33:11.131202+00:00,9.219
37080330,JDQ4MTYyMiM4MSMkMSMkMCMkODkkMzgxMzUxIzExIyQxIyQzIyQ2MiQzNjEwMDIjODEjJDEjJDYjJDgz,15.638,21.82,ok,2026-08-10T12:33:11.273490+00:00,9.345
37080330,JDQ4MTYyMiM4MSMkMSMkMCMkOTkkMzgxMzUxIzMxIyQxIyQzIyQ3OSQyNjEyMjIjNDEjJDEjJDgjJDgz,19.955,22.25,ok,2026-08-10T12:33:11.406804+00:00,9.824
37080340,JDQ4MTYyMiM4MSMkMSMkMCMkODkkMzgxMzUxIzExIyQxIyQzIyQ2MiQyNjE0ODEjODEjJDEjJDIjJDgz,11.762,20.28,ok,2026-08-10T12:33:11.559158+00:00,9.748
37080340,JDQ4MTYyMiM4MSMkMSMkMCMkOTkkMzgxMzUxIzMxIyQxIyQzIyQ3OSQyNjEyMjIjNDEjJDEjJDgjJDgz,12.331,21.48,ok,2026-08-10T12:33:11.686020+00:00,10.06
37080340,JDQ4MTYyMiM4MSMkMSMkMCMkODkkMzgxMzUxIzExIyQxIyQzIyQ2MiQzNjEwMDIjODEjJDEjJDYjJDgz,12.555,23.05,ok,2026-08-10T12:33:11.840578+00:00,10.452
37080340,JDQ4MTYyMiM4MSMkMSMkMCMkOTkkNTgxMzUxIzIxIyQxIyQxIyQ5MiQ0NjE0ODEjNjEjJDEjJDgjJDgz,31.031,31.13,ok,2026-08-10T12:33:12.015323+00:00,12.551
37080340,JDQ4MTYyMiM4MSMkMSMkMCMkOTkkNTgxMzUxIzIxIyQxIyQ1IyQ4OSQzNjE0ODEjNjEjJDEjJDgjJDgz,31.461,33.37,ok,2026-08-10T12:33:12.199689+00:00,13.03
37080350,JDQ4MTYyMiM4MSMkMSMkMCMkOTkkMzgxMzUxIzExIyQxIyQzIyQxMyQzNjEyMjIjODEjJDEjJDIjJDgz,12.442,21.58,ok,2026-08-10T12:33:12.332850+00:00,8.741
37080350,JDQ4MTYyMiM4MSMkMSMkMCMkOTkkNTgxMzUxIzExIyQxIyQzIyQ5OSQ0NjEwMDIjNjEjJDEjJDQjJDgz,12.572,22.07,ok,2026-08-10T12:33:12.479548+00:00,8.778
37080350,JDQ4MTYyMiM4MSMkMSMkMCMkOTkkNTgxMzUxIzIxIyQxIyQ1IyQ4OSQzNjE0ODEjNjEjJDEjJDgjJDgz,25.706,29.68,ok,2026-08-10T12:33:12.619111+00:00,10.419
37080350,JDQ4MTYyMiM4MSMkMSMkMCMkODkkMzgxMzUxIzExIyQxIyQzIyQ2MiQyNjE0ODEjODEjJDEjJDIjJDgz,19.876,25.28,ok,2026-08-10T12:33:12.773360+00:00,15.836
37080350,JDQ4MTYyMiM4MSMkMSMkMCMkOTkkNTgxOTYxIzExIyQxIyQzIyQ5OSQ0NjE0ODEjNTEjJDEjJDIjJDgz,18.29,19.33,ok,2026-08-10T12:33:12.917399+00:00,15.94
37080360,JDQ4MTYyMiM4MSMkMSMkMCMkOTkkMzgxMzUxIzMxIyQxIyQzIyQ3OSQyNjEyMjIjNDEjJDEjJDgjJDgz,10.953,20.08,ok,2026-08-10T12:33:13.045720+00:00,8.947
37080360,JDQ4MTYyMiM4MSMkMSMkMCMkODkkMzgxMzUxIzExIyQxIyQzIyQ2MiQyNjE0ODEjODEjJDEjJDIjJDgz,10.645,19.27,ok,2026-08-10T12:33:13.198724+00:00,8.993
37080360,JDQ4MTYyMiM4MSMkMSMkMCMkODkkMzgxMzUxIzExIyQxIyQzIyQ2MiQzNjEwMDIjODEjJDEjJDYjJDgz,11.804,24.07,ok,2026-08-10T12:33:13.322629+00:00,9.707
37080360,JDQ4MTYyMiM4MSMkMSMkMCMkOTkkNTgxOTYxIzExIyQxIyQzIyQ5OSQzNjE0ODEjNDEjJDEjJDQjJDgz,33.754,35.98,ok,2026-08-10T12:33:13.497088+00:00,11.238
37080360,JDQ4MTYyMiM4MSMkMSMkMCMkOTkkNTgxMzUxIzIxIyQxIyQxIyQ5MiQ0NjE0ODEjNjEjJDEjJDgjJDgz,23.76,32.98,ok,2026-08-10T12:33:13.684891+00:00,14.912
37080370,JDQ4MTYyMiM4MSMkMSMkMCMkOTkkNTgxOTYxIzExIyQxIyQzIyQ5OSQzNjE0ODEjNDEjJDEjJDQjJDgz,37.501,32.35,ok,2026-08-10T12:33:13.826872+00:00,4.976
37080370,JDQ4MTYyMiM4MSMkMSMkMCMkOTkkMzgxMzUxIzMxIyQxIyQzIyQ3OSQyNjEyMjIjNDEjJDEjJDgjJDgz,16.393,19.63,ok,2026-08-10T12:33:13.966183+00:00,8.979
37080370,JDQ4MTYyMiM4MSMkMSMkMCMkODkkMzgxMzUxIzExIyQxIyQzIyQ2MiQyNjE0ODEjODEjJDEjJDIjJDgz,16.085,18.82,ok,2026-08-10T12:33:14.102831+00:00,9.426
37080370,JDQ4MTYyMiM4MSMkMSMkMCMkODkkMzgxMzUxIzExIyQxIyQzIyQ2MiQzNjEwMDIjODEjJDEjJDYjJDgz,16.878,21.5,ok,2026-08-10T12:33:14.263891+00:00,9.827
37080370,JDQ4MTYyMiM4MSMkMSMkMCMkOTkkNTgxMzUxIzIxIyQxIyQxIyQ5MiQ0NjE0ODEjNjEjJDEjJDgjJDgz,31.088,23.72,ok,2026-08-10T12:33:14.435538+00:00,16.981
37080380,JDQ4MTYyMiM4MSMkMSMkMCMkOTkkNTgxMzUxIzExIyQxIyQzIyQ5OSQ0NjEwMDIjNjEjJDEjJDQjJDgz,18.694,27.52,ok,2026-08-10T12:33:14.613056+00:00,12.332
37080380,JDQ4MTYyMiM4MSMkMSMkMCMkOTkkMzgxMzUxIzExIyQxIyQzIyQxMyQzNjEyMjIjODEjJDEjJDIjJDgz,18.564,27.03,ok,2026-08-10T12:33:14.754475+00:00,12.413
37080380,JDQ4MTYyMiM4MSMkMSMkMCMkOTkkNTgxOTYxIzExIyQxIyQzIyQ5OSQzNjE0ODEjNDEjJDEjJDQjJDgz,24.925,32.8,ok,2026-08-10T12:33:14.897123+00:00,15.771
37080380,JDQ4MTYyMiM4MSMkMSMkMCMkOTkkNTgxMzUxIzIxIyQxIyQ1IyQ4OSQzNjE0ODEjNjEjJDEjJDgjJDgz,36.807,41.3,ok,2026-08-10T12:33:15.049017+00:00,18.353
37080380,JDQ4MTYyMiM4MSMkMSMkMCMkOTkkMzgxMzUxIzMxIyQxIyQzIyQ3OSQyNjEyMjIjNDEjJDEjJDgjJDgz,27.769,35.2,ok,2026-08-10T12:33:15.196559+00:00,21.06
37080390,JDQ4MTYyMiM4MSMkMSMkMCMkOTkkNTgxOTYxIzExIyQxIyQzIyQ5OSQzNjE0ODEjNDEjJDEjJDQjJDgz,19.31,29.26,estimated_no_road_origin,2026-08-10T12:33:15.305510+00:00,13.257
37080390,JDQ4MTYyMiM4MSMkMSMkMCMkOTkkNTgxMzUxIzExIyQxIyQzIyQ5OSQ0NjEwMDIjNjEjJDEjJDQjJDgz,25.729,38.98,estimated_no_road_origin,2026-08-10T12:33:15.405863+00:00,17.664
37080390,JDQ4MTYyMiM4MSMkMSMkMCMkOTkkMzgxMzUxIzExIyQxIyQzIyQxMyQzNjEyMjIjODEjJDEjJDIjJDgz,25.848,39.16,estimated_no_road_origin,2026-08-10T12:33:15.532682+00:00,17.746
37080390,JDQ4MTYyMiM4MSMkMSMkMCMkOTkkMzgxMzUxIzMxIyQxIyQzIyQ3OSQyNjEyMjIjNDEjJDEjJDgjJDgz,31.935,48.38,estimated_no_road_origin,2026-08-10T12:33:15.640998+00:00,21.925
37080390,JDQ4MTYyMiM4MSMkMSMkMCMkODkkMzgxMzUxIzExIyQxIyQzIyQ2MiQyNjE0ODEjODEjJDEjJDIjJDgz,32.312,48.95,estimated_no_road_origin,2026-08-10T12:33:15.736953+00:00,22.184
37080400,JDQ4MTYyMiM4MSMkMSMkMCMkOTkkNTgxOTYxIzExIyQxIyQzIyQ5OSQzNjE0ODEjNDEjJDEjJDQjJDgz,14.036,20.02,ok,2026-08-10T12:33:15.877371+00:00,6.416
37080400,JDQ4MTYyMiM4MSMkMSMkMCMkOTkkMzgxMzUxIzMxIyQxIyQzIyQ3OSQyNjEyMjIjNDEjJDEjJDgjJDgz,20.934,27.6,ok,2026-08-10T12:33:16.004860+00:00,17.534
37080400,JDQ4MTYyMiM4MSMkMSMkMCMkODkkMzgxMzUxIzExIyQxIyQzIyQ2MiQyNjE0ODEjODEjJDEjJDIjJDgz,21.346,28.93,ok,2026-08-10T12:33:16.129845+00:00,17.934
37080400,JDQ4MTYyMiM4MSMkMSMkMCMkODkkMzgxMzUxIzExIyQxIyQzIyQ2MiQzNjEwMDIjODEjJDEjJDYjJDgz,22.186,33.13,ok,2026-08-10T12:33:16.294282+00:00,18.397
37080400,JDQ4MTYyMiM4MSMkMSMkMCMkOTkkNTgxMzUxIzExIyQxIyQzIyQ5OSQ0NjEwMDIjNjEjJDEjJDQjJDgz,31.197,45.67,ok,2026-08-10T12:33:16.520664+00:00,22.023
37080410,JDQ4MTYyMiM4MSMkMSMkMCMkOTkkNTgxOTYxIzExIyQxIyQzIyQ5OSQzNjE0ODEjNDEjJDEjJDQjJDgz,6.122,9.72,ok,2026-08-10T12:33:16.634965+00:00,4.973
37080410,JDQ4MTYyMiM4MSMkMSMkMCMkOTkkMzgxMzUxIzMxIyQxIyQzIyQ3OSQyNjEyMjIjNDEjJDEjJDgjJDgz,28.072,31.18,ok,2026-08-10T12:33:16.755134+00:00,18.252
37080410,JDQ4MTYyMiM4MSMkMSMkMCMkODkkMzgxMzUxIzExIyQxIyQzIyQ2MiQyNjE0ODEjODEjJDEjJDIjJDgz,27.503,30.0,ok,2026-08-10T12:33:16.916015+00:00,18.788
37080410,JDQ4MTYyMiM4MSMkMSMkMCMkODkkMzgxMzUxIzExIyQxIyQzIyQ2MiQzNjEwMDIjODEjJDEjJDYjJDgz,28.296,32.82,ok,2026-08-10T12:33:17.068639+00:00,19.019
37080410,JDQ4MTYyMiM4MSMkMSMkMCMkODkkMzgxMzUxIzExIyQxIyQzIyQ4OSQyNjE0ODEjNjEjJDEjJDgjJDgz,60.382,47.47,ok,2026-08-10T12:33:17.228575+00:00,25.82
37080420,JDQ4MTYyMiM4MSMkMSMkMCMkOTkkNTgxOTYxIzExIyQxIyQzIyQ5OSQzNjE0ODEjNDEjJDEjJDQjJDgz,27.831,42.16,estimated_no_road_origin,2026-08-10T12:33:17.340701+00:00,19.107
37080420,JDQ4MTYyMiM4MSMkMSMkMCMkOTkkNTgxMzUxIzIxIyQxIyQ1IyQxMyQyNjE4MzIjNjEjJDEjJDgjJDgz,38.548,58.4,estimated_no_road_origin,2026-08-10T12:33:17.436332+00:00,26.465
37080420,JDQ4MTYyMiM4MSMkMSMkMCMkODkkMzgxMzUxIzExIyQxIyQzIyQ4OSQyNjE0ODEjNjEjJDEjJDgjJDgz,39.782,60.27,estimated_no_road_origin,2026-08-10T12:33:17.550150+00:00,27.312
37080420,JDQ4MTYyMiM4MSMkMSMkMCMkOTkkNTgxOTYxIzExIyQxIyQzIyQ2MiQyNjE0ODEjNDEjJDEjJDgjJDgz,40.344,61.12,estimated_no_road_origin,2026-08-10T12:33:17.652004+00:00,27.698
37080420,JDQ4MTYyMiM4MSMkMSMkMCMkOTkkMzgxMzUxIzIxIyQxIyQxIyQ5OSQyNjEyMjIjNzEjJDEjJDgjJDgz,41.135,62.32,estimated_no_road_origin,2026-08-10T12:33:17.760469+00:00,28.241
37080430,JDQ4MTYyMiM4MSMkMSMkMCMkOTkkNTgxOTYxIzExIyQxIyQzIyQ5OSQzNjE0ODEjNDEjJDEjJDQjJDgz,13.444,21.42,ok,2026-08-10T12:33:17.911954+00:00,7.669
37080430,JDQ4MTYyMiM4MSMkMSMkMCMkOTkkMzgxMzUxIzMxIyQxIyQzIyQ3OSQyNjEyMjIjNDEjJDEjJDgjJDgz,17.078,22.82,ok,2026-08-10T12:33:18.044374+00:00,10.295
37080430,JDQ4MTYyMiM4MSMkMSMkMCMkODkkMzgxMzUxIzExIyQxIyQzIyQ2MiQzNjEwMDIjODEjJDEjJDYjJDgz,15.974,27.68,ok,2026-08-10T12:33:18.200603+00:00,10.744
37080430,JDQ4MTYyMiM4MSMkMSMkMCMkODkkMzgxMzUxIzExIyQxIyQzIyQ2MiQyNjE0ODEjODEjJDEjJDIjJDgz,17.384,23.67,ok,2026-08-10T12:33:18.327776+00:00,10.898
37080430,JDQ4MTYyMiM4MSMkMSMkMCMkODkkMzgxMzUxIzExIyQxIyQzIyQ4OSQyNjE0ODEjNjEjJDEjJDgjJDgz,26.578,28.67,ok,2026-08-10T12:33:18.471028+00:00,15.646
37080440,JDQ4MTYyMiM4MSMkMSMkMCMkOTkkNTgxOTYxIzExIyQxIyQzIyQ5OSQzNjE0ODEjNDEjJDEjJDQjJDgz,19.394,27.83,ok,2026-08-10T12:33:18.620319+00:00,11.722
37080440,JDQ4MTYyMiM4MSMkMSMkMCMkODkkMzgxMzUxIzExIyQxIyQzIyQ4OSQyNjE0ODEjNjEjJDEjJDgjJDgz,17.54,26.18,ok,2026-08-10T12:33:18.753490+00:00,13.729
37080440,JDQ4MTYyMiM4MSMkMSMkMCMkOTkkNTgxOTYxIzExIyQxIyQzIyQ2MiQyNjE0ODEjNDEjJDEjJDgjJDgz,20.664,29.28,ok,2026-08-10T12:33:18.902475+00:00,13.973
37080440,JDQ4MTYyMiM4MSMkMSMkMCMkOTkkMzgxMzUxIzIxIyQxIyQxIyQ5OSQyNjEyMjIjNzEjJDEjJDgjJDgz,19.533,33.3,ok,2026-08-10T12:33:19.061709+00:00,15.059
37080440,JDQ4MTYyMiM4MSMkMSMkMCMkOTkkNTgxMzUxIzIxIyQxIyQ1IyQwMyQ0NjEwMDIjODEjJDEjJDIjJDgz,20.381,32.28,ok,2026-08-10T12:33:19.219063+00:00,15.91
37080450,JDQ4MTYyMiM4MSMkMSMkMCMkOTkkNTgxOTYxIzExIyQxIyQzIyQ2MiQyNjE0ODEjNDEjJDEjJDgjJDgz,14.222,19.58,ok,2026-08-10T12:33:19.361612+00:00,8.895
37080450,JDQ4MTYyMiM4MSMkMSMkMCMkODkkMzgxMzUxIzExIyQxIyQzIyQ4OSQyNjE0ODEjNjEjJDEjJDgjJDgz,15.088,22.23,ok,2026-08-10T12:33:19.472686+00:00,8.934
37080450,JDQ4MTYyMiM4MSMkMSMkMCMkOTkkMzgxMzUxIzIxIyQxIyQxIyQ5OSQyNjEyMjIjNzEjJDEjJDgjJDgz,16.568,25.67,ok,2026-08-10T12:33:19.653883+00:00,10.492
37080450,JDQ4MTYyMiM4MSMkMSMkMCMkOTkkNTgxMzUxIzIxIyQxIyQ1IyQwMyQ0NjEwMDIjODEjJDEjJDIjJDgz,16.794,23.23,ok,2026-08-10T12:33:19.799957+00:00,10.592
37080450,JDQ4MTYyMiM4MSMkMSMkMCMkODkkMzgxMzUxIzExIyQxIyQzIyQ2MiQzNjEwMDIjODEjJDEjJDYjJDgz,16.273,27.1,ok,2026-08-10T12:33:19.959182+00:00,11.018
37080460,JDQ4MTYyMiM4MSMkMSMkMCMkODkkMzgxMzUxIzExIyQxIyQzIyQ4OSQyNjE0ODEjNjEjJDEjJDgjJDgz,7.028,14.73,ok,2026-08-10T12:33:20.071658+00:00,6.189
37080460,JDQ4MTYyMiM4MSMkMSMkMCMkOTkkNTgxOTYxIzExIyQxIyQzIyQ2MiQyNjE0ODEjNDEjJDEjJDgjJDgz,11.456,16.93,ok,2026-08-10T12:33:20.234909+00:00,6.526
37080460,JDQ4MTYyMiM4MSMkMSMkMCMkOTkkMzgxMzUxIzIxIyQxIyQxIyQ5OSQyNjEyMjIjNzEjJDEjJDgjJDgz,9.021,21.85,ok,2026-08-10T12:33:20.362864+00:00,7.37
37080460,JDQ4MTYyMiM4MSMkMSMkMCMkOTkkNTgxMzUxIzIxIyQxIyQ1IyQwMyQ0NjEwMDIjODEjJDEjJDIjJDgz,10.774,17.83,ok,2026-08-10T12:33:20.506836+00:00,8.415
37080460,JDQ4MTYyMiM4MSMkMSMkMCMkODkkMzgxMzUxIzExIyQxIyQzIyQ2MiQzNjEwMDIjODEjJDEjJDYjJDgz,22.226,30.43,ok,2026-08-10T12:33:20.688983+00:00,17.469
37080470,JDQ4MTYyMiM4MSMkMSMkMCMkOTkkNTgxOTYxIzExIyQxIyQzIyQ5OSQzNjE0ODEjNDEjJDEjJDQjJDgz,10.396,14.15,ok,2026-08-10T12:33:20.808025+00:00,8.97
37080470,JDQ4MTYyMiM4MSMkMSMkMCMkOTkkMzgxMzUxIzMxIyQxIyQzIyQ3OSQyNjEyMjIjNDEjJDEjJDgjJDgz,32.336,35.88,ok,2026-08-10T12:33:20.976364+00:00,22.312
37080470,JDQ4MTYyMiM4MSMkMSMkMCMkODkkMzgxMzUxIzExIyQxIyQzIyQ2MiQyNjE0ODEjODEjJDEjJDIjJDgz,31.767,34.68,ok,2026-08-10T12:33:21.108673+00:00,22.834
37080470,JDQ4MTYyMiM4MSMkMSMkMCMkODkkMzgxMzUxIzExIyQxIyQzIyQ2MiQzNjEwMDIjODEjJDEjJDYjJDgz,32.56,37.6,ok,2026-08-10T12:33:21.270489+00:00,23.096
37080470,JDQ4MTYyMiM4MSMkMSMkMCMkODkkMzgxMzUxIzExIyQxIyQzIyQ4OSQyNjE0ODEjNjEjJDEjJDgjJDgz,64.646,52.13,ok,2026-08-10T12:33:21.478444+00:00,29.427
37080480,JDQ4MTYyMiM4MSMkMSMkMCMkOTkkNTgxMzUxIzExIyQxIyQ3IyQ5MiQyNjEyMjIjNDEjJDEjJDgjJDgz,9.73,19.58,ok,2026-08-10T12:33:21.643235+00:00,5.505
37080480,JDQ4MTYyMiM4MSMkMSMkMCMkODkkMzgxMzUxIzExIyQxIyQzIyQ2MiQzNjEwMDIjODEjJDEjJDYjJDgz,11.089,21.72,ok,2026-08-10T12:33:21.772645+00:00,8.899
37080480,JDQ4MTYyMiM4MSMkMSMkMCMkOTkkNTgxMzUxIzIxIyQxIyQxIyQ5MiQ0NjE0ODEjNjEjJDEjJDgjJDgz,13.826,20.2,ok,2026-08-10T12:33:21.916217+00:00,9.003
37080480,JDQ4MTYyMiM4MSMkMSMkMCMkOTkkMzgxMzUxIzMxIyQxIyQzIyQ3OSQyNjEyMjIjNDEjJDEjJDgjJDgz,14.332,23.18,ok,2026-08-10T12:33:22.060190+00:00,9.624
37080480,JDQ4MTYyMiM4MSMkMSMkMCMkODkkMzgxMzUxIzExIyQxIyQzIyQ2MiQyNjE0ODEjODEjJDEjJDIjJDgz,11.987,24.5,ok,2026-08-10T12:33:22.220258+00:00,9.635
37080520,JDQ4MTYyMiM4MSMkMSMkMCMkOTkkMzgxMzUxIzMxIyQxIyQzIyQ3OSQyNjEyMjIjNDEjJDEjJDgjJDgz,4.293,8.92,ok,2026-08-10T12:33:22.352848+00:00,2.187
37080520,JDQ4MTYyMiM4MSMkMSMkMCMkODkkMzgxMzUxIzExIyQxIyQzIyQ2MiQyNjE0ODEjODEjJDEjJDIjJDgz,4.68,10.07,ok,2026-08-10T12:33:22.448362+00:00,2.637
37080520,JDQ4MTYyMiM4MSMkMSMkMCMkODkkMzgxMzUxIzExIyQxIyQzIyQ2MiQzNjEwMDIjODEjJDEjJDYjJDgz,5.445,14.55,ok,2026-08-10T12:33:22.575799+00:00,3.047
37080520,JDQ4MTYyMiM4MSMkMSMkMCMkOTkkNTgxMzUxIzIxIyQxIyQxIyQ5MiQ0NjE0ODEjNjEjJDEjJDgjJDgz,12.885,25.93,ok,2026-08-10T12:33:22.721981+00:00,10.243
37080520,JDQ4MTYyMiM4MSMkMSMkMCMkOTkkNTgxMzUxIzExIyQxIyQ3IyQ5MiQyNjEyMjIjNDEjJDEjJDgjJDgz,14.091,27.77,ok,2026-08-10T12:33:22.912448+00:00,10.721
37080530,JDQ4MTYyMiM4MSMkMSMkMCMkODkkMzgxMzUxIzExIyQxIyQzIyQ2MiQzNjEwMDIjODEjJDEjJDYjJDgz,3.952,10.53,ok,2026-08-10T12:33:23.058040+00:00,3.169
37080530,JDQ4MTYyMiM4MSMkMSMkMCMkOTkkMzgxMzUxIzMxIyQxIyQzIyQ3OSQyNjEyMjIjNDEjJDEjJDgjJDgz,3.888,7.28,ok,2026-08-10T12:33:23.169397+00:00,3.47
37080530,JDQ4MTYyMiM4MSMkMSMkMCMkODkkMzgxMzUxIzExIyQxIyQzIyQ2MiQyNjE0ODEjODEjJDEjJDIjJDgz,4.678,9.48,ok,2026-08-10T12:33:23.278933+00:00,3.808
37080530,JDQ4MTYyMiM4MSMkMSMkMCMkOTkkNTgxMzUxIzExIyQxIyQ3IyQ5MiQyNjEyMjIjNDEjJDEjJDgjJDgz,10.87,13.35,ok,2026-08-10T12:33:23.452517+00:00,7.772
37080530,JDQ4MTYyMiM4MSMkMSMkMCMkOTkkNTgxMzUxIzIxIyQxIyQxIyQ5MiQ0NjE0ODEjNjEjJDEjJDgjJDgz,10.512,10.78,ok,2026-08-10T12:33:23.595408+00:00,8.901
37080540,JDQ4MTYyMiM4MSMkMSMkMCMkODkkMzgxMzUxIzExIyQxIyQzIyQ2MiQzNjEwMDIjODEjJDEjJDYjJDgz,3.931,8.2,ok,2026-08-10T12:33:23.737926+00:00,2.993
37080540,JDQ4MTYyMiM4MSMkMSMkMCMkODkkMzgxMzUxIzExIyQxIyQzIyQ2MiQyNjE0ODEjODEjJDEjJDIjJDgz,4.829,10.88,ok,2026-08-10T12:33:23.873038+00:00,3.715
37080540,JDQ4MTYyMiM4MSMkMSMkMCMkOTkkMzgxMzUxIzMxIyQxIyQzIyQ3OSQyNjEyMjIjNDEjJDEjJDgjJDgz,5.662,10.63,ok,2026-08-10T12:33:23.984699+00:00,3.782
37080540,JDQ4MTYyMiM4MSMkMSMkMCMkOTkkNTgxMzUxIzExIyQxIyQ3IyQ5MiQyNjEyMjIjNDEjJDEjJDgjJDgz,7.044,8.88,ok,2026-08-10T12:33:24.160911+00:00,5.345
37080540,JDQ4MTYyMiM4MSMkMSMkMCMkOTkkNTgxMzUxIzIxIyQxIyQxIyQ5MiQ0NjE0ODEjNjEjJDEjJDgjJDgz,6.686,6.37,ok,2026-08-10T12:33:24.287912+00:00,6.409
37080550,JDQ4MTYyMiM4MSMkMSMkMCMkOTkkNTgxMzUxIzExIyQxIyQ3IyQ5MiQyNjEyMjIjNDEjJDEjJDgjJDgz,5.052,8.65,ok,2026-08-10T12:33:24.453482+00:00,3.141
37080550,JDQ4MTYyMiM4MSMkMSMkMCMkOTkkNTgxMzUxIzIxIyQxIyQxIyQ5MiQ0NjE0ODEjNjEjJDEjJDgjJDgz,5.059,7.6,ok,2026-08-10T12:33:24.565758+00:00,3.421
37080550,JDQ4MTYyMiM4MSMkMSMkMCMkODkkMzgxMzUxIzExIyQxIyQzIyQ2MiQzNjEwMDIjODEjJDEjJDYjJDgz,5.937,12.63,ok,2026-08-10T12:33:24.698141+00:00,4.657
37080550,JDQ4MTYyMiM4MSMkMSMkMCMkODkkMzgxMzUxIzExIyQxIyQzIyQ2MiQyNjE0ODEjODEjJDEjJDIjJDgz,6.6,15.0,ok,2026-08-10T12:33:24.818542+00:00,5.128
37080550,JDQ4MTYyMiM4MSMkMSMkMCMkOTkkMzgxMzUxIzMxIyQxIyQzIyQ3OSQyNjEyMjIjNDEjJDEjJDgjJDgz,10.252,13.67,ok,2026-08-10T12:33:24.954604+00:00,5.515
37080560,JDQ4MTYyMiM4MSMkMSMkMCMkODkkMzgxMzUxIzExIyQxIyQzIyQ2MiQyNjE0ODEjODEjJDEjJDIjJDgz,4.251,11.5,ok,2026-08-10T12:33:25.067031+00:00,3.447
37080560,JDQ4MTYyMiM4MSMkMSMkMCMkODkkMzgxMzUxIzExIyQxIyQzIyQ2MiQzNjEwMDIjODEjJDEjJDYjJDgz,4.623,12.57,ok,2026-08-10T12:33:25.196679+00:00,3.714
37080560,JDQ4MTYyMiM4MSMkMSMkMCMkOTkkMzgxMzUxIzMxIyQxIyQzIyQ3OSQyNjEyMjIjNDEjJDEjJDgjJDgz,5.273,15.38,ok,2026-08-10T12:33:25.321949+00:00,4.05
37080560,JDQ4MTYyMiM4MSMkMSMkMCMkOTkkNTgxMzUxIzIxIyQxIyQxIyQ5MiQ0NjE0ODEjNjEjJDEjJDgjJDgz,9.571,17.83,ok,2026-08-10T12:33:25.457268+00:00,5.255
37080560,JDQ4MTYyMiM4MSMkMSMkMCMkOTkkNTgxMzUxIzExIyQxIyQ3IyQ5MiQyNjEyMjIjNDEjJDEjJDgjJDgz,10.777,19.67,ok,2026-08-10T12:33:25.652488+00:00,7.336
37080570,JDQ4MTYyMiM4MSMkMSMkMCMkODkkMzgxMzUxIzExIyQxIyQzIyQ2MiQyNjE0ODEjODEjJDEjJDIjJDgz,6.405,14.33,ok,2026-08-10T12:33:25.758133+00:00,5.194
37080570,JDQ4MTYyMiM4MSMkMSMkMCMkOTkkMzgxMzUxIzMxIyQxIyQzIyQ3OSQyNjEyMjIjNDEjJDEjJDgjJDgz,7.569,15.25,ok,2026-08-10T12:33:25.880717+00:00,5.627
37080570,JDQ4MTYyMiM4MSMkMSMkMCMkODkkMzgxMzUxIzExIyQxIyQzIyQ2MiQzNjEwMDIjODEjJDEjJDYjJDgz,7.025,15.72,ok,2026-08-10T12:33:26.021961+00:00,5.829
37080570,JDQ4MTYyMiM4MSMkMSMkMCMkOTkkNTgxMzUxIzIxIyQxIyQxIyQ5MiQ0NjE0ODEjNjEjJDEjJDgjJDgz,12.627,20.9,ok,2026-08-10T12:33:26.216059+00:00,8.261
37080570,JDQ4MTYyMiM4MSMkMSMkMCMkOTkkNTgxMzUxIzExIyQxIyQ3IyQ5MiQyNjEyMjIjNDEjJDEjJDgjJDgz,13.833,22.67,ok,2026-08-10T12:33:26.466403+00:00,10.768
37090110,JDQ4MTYyMiM4MSMkMSMkMCMkOTkkNTgxMzUxIzIxIyQxIyQ1IyQxMyQyNjE4MzIjNjEjJDEjJDgjJDgz,7.455,13.88,ok,2026-08-10T12:33:26.570792+00:00,4.43
37090110,JDQ4MTYyMiM4MSMkMSMkMCMkOTkkMzgxMzUxIzIxIyQxIyQxIyQ5OSQyNjEyMjIjNzEjJDEjJDgjJDgz,34.898,42.63,ok,2026-08-10T12:33:26.723267+00:00,20.338
37090110,JDQ4MTYyMiM4MSMkMSMkMCMkODkkMzgxMzUxIzExIyQxIyQzIyQ4OSQyNjE0ODEjNjEjJDEjJDgjJDgz,31.528,38.05,ok,2026-08-10T12:33:26.849238+00:00,21.319
37090110,JDQ4MTYyMiM4MSMkMSMkMCMkOTkkNTgxMzUxIzIxIyQxIyQ1IyQwMyQ0NjEwMDIjODEjJDEjJDIjJDgz,35.124,40.23,ok,2026-08-10T12:33:26.977189+00:00,21.616
37090110,JDQ4MTYyMiM4MSMkMSMkMCMkOTkkNTgxOTYxIzExIyQxIyQzIyQ2MiQyNjE0ODEjNDEjJDEjJDgjJDgz,34.566,41.95,ok,2026-08-10T12:33:27.124043+00:00,21.73
37090120,JDQ4MTYyMiM4MSMkMSMkMCMkOTkkNTgxMzUxIzIxIyQxIyQ1IyQxMyQyNjE4MzIjNjEjJDEjJDgjJDgz,20.995,30.38,ok,2026-08-10T12:33:27.247952+00:00,12.045
37090120,JDQ4MTYyMiM4MSMkMSMkMCMkODkkMzgxMzUxIzExIyQxIyQzIyQ4OSQyNjE0ODEjNjEjJDEjJDgjJDgz,28.178,38.28,ok,2026-08-10T12:33:27.408098+00:00,18.0
37090120,JDQ4MTYyMiM4MSMkMSMkMCMkOTkkMzgxMzUxIzIxIyQxIyQxIyQ5OSQyNjEyMjIjNzEjJDEjJDgjJDgz,30.312,42.2,ok,2026-08-10T12:33:27.549625+00:00,18.243
37090120,JDQ4MTYyMiM4MSMkMSMkMCMkOTkkNTgxOTYxIzExIyQxIyQzIyQ2MiQyNjE0ODEjNDEjJDEjJDgjJDgz,32.581,39.93,ok,2026-08-10T12:33:27.705611+00:00,18.494
37090120,JDQ4MTYyMiM4MSMkMSMkMCMkOTkkNTgxMzUxIzIxIyQxIyQ1IyQwMyQ0NjEwMDIjODEjJDEjJDIjJDgz,32.173,40.87,ok,2026-08-10T12:33:27.849340+00:00,19.8
37090310,JDQ4MTYyMiM4MSMkMSMkMCMkOTkkNTgxMzUxIzIxIyQxIyQ1IyQwMyQ0NjEwMDIjODEjJDEjJDIjJDgz,5.511,11.8,ok,2026-08-10T12:33:27.985705+00:00,4.178
37090310,JDQ4MTYyMiM4MSMkMSMkMCMkOTkkNTgxOTYxIzExIyQxIyQzIyQ2MiQyNjE0ODEjNDEjJDEjJDgjJDgz,12.467,20.15,ok,2026-08-10T12:33:28.138671+00:00,5.455
37090310,JDQ4MTYyMiM4MSMkMSMkMCMkOTkkMzgxMzUxIzIxIyQxIyQxIyQ5OSQyNjEyMjIjNzEjJDEjJDgjJDgz,7.083,16.58,ok,2026-08-10T12:33:28.266468+00:00,5.762
37090310,JDQ4MTYyMiM4MSMkMSMkMCMkODkkMzgxMzUxIzExIyQxIyQzIyQ4OSQyNjE0ODEjNjEjJDEjJDgjJDgz,10.301,17.92,ok,2026-08-10T12:33:28.410155+00:00,5.929
37090310,JDQ4MTYyMiM4MSMkMSMkMCMkOTkkNTgxMzUxIzExIyQxIyQ3IyQ5MiQyNjEyMjIjNDEjJDEjJDgjJDgz,35.834,38.45,ok,2026-08-10T12:33:28.630586+00:00,14.33
37090320,JDQ4MTYyMiM4MSMkMSMkMCMkOTkkNTgxMzUxIzIxIyQxIyQ1IyQwMyQ0NjEwMDIjODEjJDEjJDIjJDgz,8.317,15.23,ok,2026-08-10T12:33:28.769516+00:00,5.577
37090320,JDQ4MTYyMiM4MSMkMSMkMCMkOTkkMzgxMzUxIzIxIyQxIyQxIyQ5OSQyNjEyMjIjNzEjJDEjJDgjJDgz,8.141,16.75,ok,2026-08-10T12:33:28.881667+00:00,6.109
37090320,JDQ4MTYyMiM4MSMkMSMkMCMkOTkkNTgxOTYxIzExIyQxIyQzIyQ2MiQyNjE0ODEjNDEjJDEjJDgjJDgz,14.073,20.85,ok,2026-08-10T12:33:29.009063+00:00,7.408
37090320,JDQ4MTYyMiM4MSMkMSMkMCMkODkkMzgxMzUxIzExIyQxIyQzIyQ4OSQyNjE0ODEjNjEjJDEjJDgjJDgz,10.183,17.9,ok,2026-08-10T12:33:29.163631+00:00,7.534
37090320,JDQ4MTYyMiM4MSMkMSMkMCMkOTkkNTgxMzUxIzIxIyQxIyQ1IyQxMyQyNjE4MzIjNjEjJDEjJDgjJDgz,27.589,35.27,ok,2026-08-10T12:33:29.333021+00:00,17.892
37090330,JDQ4MTYyMiM4MSMkMSMkMCMkOTkkMzgxMzUxIzIxIyQxIyQxIyQ5OSQyNjEyMjIjNzEjJDEjJDgjJDgz,9.097,20.05,ok,2026-08-10T12:33:29.446779+00:00,7.738
37090330,JDQ4MTYyMiM4MSMkMSMkMCMkOTkkNTgxMzUxIzIxIyQxIyQ1IyQwMyQ0NjEwMDIjODEjJDEjJDIjJDgz,11.594,19.62,ok,2026-08-10T12:33:29.573873+00:00,8.703
37090330,JDQ4MTYyMiM4MSMkMSMkMCMkODkkMzgxMzUxIzExIyQxIyQzIyQ4OSQyNjE0ODEjNjEjJDEjJDgjJDgz,12.408,21.7,ok,2026-08-10T12:33:29.705584+00:00,9.082
37090330,JDQ4MTYyMiM4MSMkMSMkMCMkOTkkNTgxOTYxIzExIyQxIyQzIyQ2MiQyNjE0ODEjNDEjJDEjJDgjJDgz,16.298,24.57,ok,2026-08-10T12:33:29.880620+00:00,9.364
37090330,JDQ4MTYyMiM4MSMkMSMkMCMkOTkkNTgxMzUxIzIxIyQxIyQ1IyQxMyQyNjE4MzIjNjEjJDEjJDgjJDgz,22.463,31.52,ok,2026-08-10T12:33:30.008937+00:00,10.848
37090340,JDQ4MTYyMiM4MSMkMSMkMCMkOTkkNTgxMzUxIzIxIyQxIyQ1IyQxMyQyNjE4MzIjNjEjJDEjJDgjJDgz,20.043,30.56,estimated_no_road_origin,2026-08-10T12:33:30.125015+00:00,12.792
37090340,JDQ4MTYyMiM4MSMkMSMkMCMkOTkkMzgxMzUxIzIxIyQxIyQxIyQ5OSQyNjEyMjIjNzEjJDEjJDgjJDgz,21.894,33.38,estimated_no_road_origin,2026-08-10T12:33:30.222940+00:00,13.973
37090340,JDQ4MTYyMiM4MSMkMSMkMCMkOTkkNTgxMzUxIzIxIyQxIyQ1IyQwMyQ0NjEwMDIjODEjJDEjJDIjJDgz,22.619,34.48,estimated_no_road_origin,2026-08-10T12:33:30.334836+00:00,14.436
37090340,JDQ4MTYyMiM4MSMkMSMkMCMkODkkMzgxMzUxIzExIyQxIyQzIyQ4OSQyNjE0ODEjNjEjJDEjJDgjJDgz,24.269,37.0,estimated_no_road_origin,2026-08-10T12:33:30.414146+00:00,15.489
37090340,JDQ4MTYyMiM4MSMkMSMkMCMkOTkkNTgxOTYxIzExIyQxIyQzIyQ2MiQyNjE0ODEjNDEjJDEjJDgjJDgz,24.52,37.38,estimated_no_road_origin,2026-08-10T12:33:30.509974+00:00,15.649
37090350,JDQ4MTYyMiM4MSMkMSMkMCMkOTkkNTgxMzUxIzIxIyQxIyQ1IyQxMyQyNjE4MzIjNjEjJDEjJDgjJDgz,27.271,41.58,estimated_no_road_origin,2026-08-10T12:33:30.618249+00:00,17.405
37090350,JDQ4MTYyMiM4MSMkMSMkMCMkOTkkMzgxOTYxIzExIyQxIyQzIyQ3OSQyNjEwMDIjNzEjJDEjJDgjJDgz,31.533,48.07,estimated_no_road_origin,2026-08-10T12:33:30.707492+00:00,20.125
37090350,JDQ4MTYyMiM4MSMkMSMkMCMkOTkkNTgxMzUxIzIxIyQxIyQxIyQ4MiQ0NjE0ODEjODEjJDEjJDYjJDgz,32.384,49.37,estimated_no_road_origin,2026-08-10T12:33:30.795237+00:00,20.668
37090350,JDQ4MTYyMiM4MSMkMSMkMCMkOTkkNTgxMzUxIzExIyQxIyQzIyQ4MiQzNjEwMDIjNDEjJDEjJDgjJDgz,33.982,51.81,estimated_no_road_origin,2026-08-10T12:33:30.889320+00:00,21.688
37090350,JDQ4MTYyMiM4MSMkMSMkMCMkOTkkMzgxMzUxIzIxIyQxIyQxIyQ5OSQyNjEyMjIjNzEjJDEjJDgjJDgz,35.309,53.83,estimated_no_road_origin,2026-08-10T12:33:30.986858+00:00,22.535
37090360,JDQ4MTYyMiM4MSMkMSMkMCMkOTkkNTgxMzUxIzIxIyQxIyQ1IyQxMyQyNjE4MzIjNjEjJDEjJDgjJDgz,6.31,11.0,ok,2026-08-10T12:33:31.098612+00:00,5.104
37090360,JDQ4MTYyMiM4MSMkMSMkMCMkOTkkMzgxMzUxIzIxIyQxIyQxIyQ5OSQyNjEyMjIjNzEjJDEjJDgjJDgz,20.08,26.53,ok,2026-08-10T12:33:31.246826+00:00,12.458
37090360,JDQ4MTYyMiM4MSMkMSMkMCMkODkkMzgxMzUxIzExIyQxIyQzIyQ4OSQyNjE0ODEjNjEjJDEjJDgjJDgz,18.091,23.02,ok,2026-08-10T12:33:31.369616+00:00,13.054
37090360,JDQ4MTYyMiM4MSMkMSMkMCMkOTkkNTgxOTYxIzExIyQxIyQzIyQ2MiQyNjE0ODEjNDEjJDEjJDgjJDgz,22.623,24.23,ok,2026-08-10T12:33:31.561337+00:00,13.526
37090360,JDQ4MTYyMiM4MSMkMSMkMCMkOTkkNTgxMzUxIzIxIyQxIyQ1IyQwMyQ0NjEwMDIjODEjJDEjJDIjJDgz,21.941,25.13,ok,2026-08-10T12:33:31.721892+00:00,13.963
37090370,JDQ4MTYyMiM4MSMkMSMkMCMkOTkkNTgxOTYxIzExIyQxIyQzIyQ5OSQzNjE0ODEjNDEjJDEjJDQjJDgz,22.769,33.73,ok,2026-08-10T12:33:31.855482+00:00,16.278
37090370,JDQ4MTYyMiM4MSMkMSMkMCMkODkkMzgxMzUxIzExIyQxIyQzIyQ4OSQyNjE0ODEjNjEjJDEjJDgjJDgz,23.17,32.93,ok,2026-08-10T12:33:31.984089+00:00,18.666
37090370,JDQ4MTYyMiM4MSMkMSMkMCMkOTkkNTgxOTYxIzExIyQxIyQzIyQ2MiQyNjE0ODEjNDEjJDEjJDgjJDgz,27.598,35.22,ok,2026-08-10T12:33:32.162348+00:00,19.055
37090370,JDQ4MTYyMiM4MSMkMSMkMCMkOTkkMzgxMzUxIzIxIyQxIyQxIyQ5OSQyNjEyMjIjNzEjJDEjJDgjJDgz,25.163,40.0,ok,2026-08-10T12:33:32.362668+00:00,19.598
37090370,JDQ4MTYyMiM4MSMkMSMkMCMkOTkkNTgxMzUxIzIxIyQxIyQ1IyQxMyQyNjE4MzIjNjEjJDEjJDgjJDgz,25.649,36.57,ok,2026-08-10T12:33:32.524680+00:00,20.306
37090570,JDQ4MTYyMiM4MSMkMSMkMCMkOTkkMzgxMzUxIzIxIyQxIyQxIyQ5OSQyNjEyMjIjNzEjJDEjJDgjJDgz,0.771,2.52,ok,2026-08-10T12:33:32.658887+00:00,0.406
37090570,JDQ4MTYyMiM4MSMkMSMkMCMkODkkMzgxMzUxIzExIyQxIyQzIyQ4OSQyNjE0ODEjNjEjJDEjJDgjJDgz,1.955,6.22,ok,2026-08-10T12:33:32.790284+00:00,1.672
37090570,JDQ4MTYyMiM4MSMkMSMkMCMkOTkkNTgxOTYxIzExIyQxIyQzIyQ2MiQyNjE0ODEjNDEjJDEjJDgjJDgz,7.532,11.75,ok,2026-08-10T12:33:32.946457+00:00,1.896
37090570,JDQ4MTYyMiM4MSMkMSMkMCMkOTkkNTgxMzUxIzIxIyQxIyQ1IyQwMyQ0NjEwMDIjODEjJDEjJDIjJDgz,2.351,6.47,ok,2026-08-10T12:33:33.096078+00:00,1.987
37090570,JDQ4MTYyMiM4MSMkMSMkMCMkOTkkNTgxMzUxIzIxIyQxIyQ1IyQxMyQyNjE4MzIjNjEjJDEjJDgjJDgz,26.065,28.15,ok,2026-08-10T12:33:33.269443+00:00,16.62
37090580,JDQ4MTYyMiM4MSMkMSMkMCMkOTkkNTgxMzUxIzIxIyQxIyQ1IyQwMyQ0NjEwMDIjODEjJDEjJDIjJDgz,1.154,2.85,ok,2026-08-10T12:33:33.370756+00:00,0.697
37090580,JDQ4MTYyMiM4MSMkMSMkMCMkOTkkNTgxOTYxIzExIyQxIyQzIyQ2MiQyNjE0ODEjNDEjJDEjJDgjJDgz,7.172,10.1,ok,2026-08-10T12:33:33.513528+00:00,1.249
37090580,JDQ4MTYyMiM4MSMkMSMkMCMkOTkkMzgxMzUxIzIxIyQxIyQxIyQ5OSQyNjEyMjIjNzEjJDEjJDgjJDgz,2.242,7.05,ok,2026-08-10T12:33:33.640904+00:00,1.414
37090580,JDQ4MTYyMiM4MSMkMSMkMCMkODkkMzgxMzUxIzExIyQxIyQzIyQ4OSQyNjE0ODEjNjEjJDEjJDgjJDgz,3.282,7.17,ok,2026-08-10T12:33:33.767967+00:00,1.581
37090580,JDQ4MTYyMiM4MSMkMSMkMCMkOTkkNTgxMzUxIzExIyQxIyQ3IyQ5MiQyNjEyMjIjNDEjJDEjJDgjJDgz,28.815,27.73,ok,2026-08-10T12:33:34.030816+00:00,16.777
37090590,JDQ4MTYyMiM4MSMkMSMkMCMkOTkkMzgxMzUxIzIxIyQxIyQxIyQ5OSQyNjEyMjIjNzEjJDEjJDgjJDgz,3.252,8.02,ok,2026-08-10T12:33:34.150099+00:00,2.672
37090590,JDQ4MTYyMiM4MSMkMSMkMCMkOTkkNTgxMzUxIzIxIyQxIyQ1IyQwMyQ0NjEwMDIjODEjJDEjJDIjJDgz,4.212,10.3,ok,2026-08-10T12:33:34.277968+00:00,3.828
37090590,JDQ4MTYyMiM4MSMkMSMkMCMkODkkMzgxMzUxIzExIyQxIyQzIyQ4OSQyNjE0ODEjNjEjJDEjJDgjJDgz,4.798,13.03,ok,2026-08-10T12:33:34.405406+00:00,4.035
37090590,JDQ4MTYyMiM4MSMkMSMkMCMkOTkkNTgxOTYxIzExIyQxIyQzIyQ2MiQyNjE0ODEjNDEjJDEjJDgjJDgz,10.04,16.1,ok,2026-08-10T12:33:34.588516+00:00,4.295
37090590,JDQ4MTYyMiM4MSMkMSMkMCMkOTkkNTgxMzUxIzIxIyQxIyQ1IyQxMyQyNjE4MzIjNjEjJDEjJDgjJDgz,19.697,29.95,ok,2026-08-10T12:33:34.780042+00:00,14.633
37090600,JDQ4MTYyMiM4MSMkMSMkMCMkOTkkMzgxMzUxIzIxIyQxIyQxIyQ5OSQyNjEyMjIjNzEjJDEjJDgjJDgz,6.24,13.25,ok,2026-08-10T12:33:34.946521+00:00,5.119
37090600,JDQ4MTYyMiM4MSMkMSMkMCMkODkkMzgxMzUxIzExIyQxIyQzIyQ4OSQyNjE0ODEjNjEjJDEjJDgjJDgz,6.337,13.3,ok,2026-08-10T12:33:35.071783+00:00,5.45
37090600,JDQ4MTYyMiM4MSMkMSMkMCMkOTkkNTgxOTYxIzExIyQxIyQzIyQ2MiQyNjE0ODEjNDEjJDEjJDgjJDgz,11.942,12.78,ok,2026-08-10T12:33:35.239624+00:00,5.937
37090600,JDQ4MTYyMiM4MSMkMSMkMCMkOTkkNTgxMzUxIzIxIyQxIyQ1IyQwMyQ0NjEwMDIjODEjJDEjJDIjJDgz,11.26,13.65,ok,2026-08-10T12:33:35.367915+00:00,6.701
37090600,JDQ4MTYyMiM4MSMkMSMkMCMkOTkkNTgxMzUxIzIxIyQxIyQ1IyQxMyQyNjE4MzIjNjEjJDEjJDgjJDgz,17.036,20.82,ok,2026-08-10T12:33:35.536580+00:00,12.527
37090610,JDQ4MTYyMiM4MSMkMSMkMCMkODkkMzgxMzUxIzExIyQxIyQzIyQ4OSQyNjE0ODEjNjEjJDEjJDgjJDgz,0.853,3.32,ok,2026-08-10T12:33:35.670585+00:00,0.706
37090610,JDQ4MTYyMiM4MSMkMSMkMCMkOTkkNTgxOTYxIzExIyQxIyQzIyQ2MiQyNjE0ODEjNDEjJDEjJDgjJDgz,6.215,9.5,ok,2026-08-10T12:33:35.850871+00:00,1.183
37090610,JDQ4MTYyMiM4MSMkMSMkMCMkOTkkMzgxMzUxIzIxIyQxIyQxIyQ5OSQyNjEyMjIjNzEjJDEjJDgjJDgz,2.412,7.23,ok,2026-08-10T12:33:36.002120+00:00,1.364
37090610,JDQ4MTYyMiM4MSMkMSMkMCMkOTkkNTgxMzUxIzIxIyQxIyQ1IyQwMyQ0NjEwMDIjODEjJDEjJDIjJDgz,3.336,8.13,ok,2026-08-10T12:33:36.168981+00:00,2.518
37090610,JDQ4MTYyMiM4MSMkMSMkMCMkOTkkNTgxMzUxIzIxIyQxIyQ1IyQxMyQyNjE4MzIjNjEjJDEjJDgjJDgz,24.744,25.9,ok,2026-08-10T12:33:36.347260+00:00,17.093
37100110,JDQ4MTYyMiM4MSMkMSMkMCMkOTkkMzgxMzUxIzExIyQxIyQzIyQ4MiQzNjE4MzIjNjEjJDEjJDAjJDgz,6.304,12.3,ok,2026-08-10T12:33:36.482053+00:00,1.252
37100110,JDQ4MTYyMiM4MSMkMSMkMCMkOTkkNTgxMzUxIzExIyQxIyQzIyQ4OSQzNjE0ODEjNzEjJDEjJDgjJDgz,6.304,12.02,ok,2026-08-10T12:33:36.601968+00:00,5.134
37100110,JDQ4MTYyMiM4MSMkMSMkMCMkOTkkNTgxMzUxIzExIyQxIyQ3IyQ5OSQzNjEwMDIjODEjJDEjJDYjJDgz,14.758,30.42,ok,2026-08-10T12:33:36.778064+00:00,9.657
37100110,JDQ4MTYyMiM4MSMkMSMkMCMkOTkkMzgxOTYxIzExIyQxIyQzIyQ4OSQzNjE0ODEjODEjJDEjJDYjJDgz,19.485,34.17,ok,2026-08-10T12:33:36.983421+00:00,10.415
37100110,JDQ4MTYyMiM4MSMkMSMkMCMkOTkkNTgxOTYxIzExIyQyIyQzIyQwMCQyNjEyMjIjNDEjJDEjJDgjJDgz,15.955,32.32,ok,2026-08-10T12:33:37.168724+00:00,10.636
37100120,JDQ4MTYyMiM4MSMkMSMkMCMkOTkkMzgxMzUxIzExIyQxIyQzIyQ4MiQzNjE4MzIjNjEjJDEjJDAjJDgz,10.1,17.33,ok,2026-08-10T12:33:37.334212+00:00,5.452
37100120,JDQ4MTYyMiM4MSMkMSMkMCMkOTkkNTgxMzUxIzExIyQxIyQzIyQ4OSQzNjE0ODEjNzEjJDEjJDgjJDgz,7.608,13.75,ok,2026-08-10T12:33:37.466526+00:00,5.872
37100120,JDQ4MTYyMiM4MSMkMSMkMCMkOTkkNTgxOTYxIzExIyQyIyQzIyQwMCQyNjEyMjIjNDEjJDEjJDgjJDgz,13.095,20.67,ok,2026-08-10T12:33:37.614875+00:00,8.084
37100120,JDQ4MTYyMiM4MSMkMSMkMCMkOTkkMzgxMzUxIzIxIyQxIyQ5IyQxMyQyNjE0ODEjNjEjJDEjJDAjJDgz,12.685,20.5,ok,2026-08-10T12:33:37.790655+00:00,8.808
37100120,JDQ4MTYyMiM4MSMkMSMkMCMkOTkkNTgxMzUxIzExIyQxIyQ3IyQ5OSQzNjEwMDIjODEjJDEjJDYjJDgz,11.473,21.28,ok,2026-08-10T12:33:37.939207+00:00,8.853
37100130,JDQ4MTYyMiM4MSMkMSMkMCMkOTkkNTgxOTYxIzExIyQyIyQzIyQwMCQyNjEyMjIjNDEjJDEjJDgjJDgz,4.547,10.03,ok,2026-08-10T12:33:38.035432+00:00,2.977
37100130,JDQ4MTYyMiM4MSMkMSMkMCMkOTkkNTgxMzUxIzExIyQxIyQ3IyQ5OSQzNjEwMDIjODEjJDEjJDYjJDgz,4.099,10.75,ok,2026-08-10T12:33:38.159402+00:00,3.067
37100130,JDQ4MTYyMiM4MSMkMSMkMCMkOTkkNTgxMzUxIzIxIyQxIyQ1IyQwMyQzNjEyMjIjNTEjJDEjJDYjJDgz,6.111,13.05,ok,2026-08-10T12:33:38.295686+00:00,3.518
37100130,JDQ4MTYyMiM4MSMkMSMkMCMkOTkkMzgxMzUxIzIxIyQxIyQ5IyQxMyQyNjE0ODEjNjEjJDEjJDAjJDgz,5.299,11.43,ok,2026-08-10T12:33:38.427565+00:00,3.561
37100130,JDQ4MTYyMiM4MSMkMSMkMCMkODkkMzgxMzUxIzExIyQxIyQzIyQ4MiQyNjE0ODEjNTEjJDEjJDIjJDgz,5.838,15.05,ok,2026-08-10T12:33:38.571295+00:00,4.296
37100310,JDQ4MTYyMiM4MSMkMSMkMCMkOTkkNTgxMzUxIzExIyQxIyQzIyQ4OSQzNjE0ODEjNzEjJDEjJDgjJDgz,7.905,13.1,ok,2026-08-10T12:33:38.690682+00:00,5.597
37100310,JDQ4MTYyMiM4MSMkMSMkMCMkOTkkMzgxMzUxIzExIyQxIyQzIyQ4MiQzNjE4MzIjNjEjJDEjJDAjJDgz,13.289,19.72,ok,2026-08-10T12:33:38.808910+00:00,6.088
37100310,JDQ4MTYyMiM4MSMkMSMkMCMkOTkkNTgxMzUxIzIxIyQxIyQxIyQ4OSQzNjE0ODEjNDEjJDEjJDQjJDgz,12.704,20.35,ok,2026-08-10T12:33:38.948282+00:00,9.862
37100310,JDQ4MTYyMiM4MSMkMSMkMCMkODkkMzgxMzUxIzExIyQyIyQzIyQwMCQyNjE4MzIjNjEjJDEjJDQjJDgz,14.065,22.67,ok,2026-08-10T12:33:39.126838+00:00,10.444
37100310,JDQ4MTYyMiM4MSMkMSMkMCMkOTkkNTgxMzUxIzIxIyQxIyQ1IyQwMyQyNjEyMjIjNDEjJDEjJDgjJDgz,14.094,22.82,ok,2026-08-10T12:33:39.299028+00:00,10.531
37100320,JDQ4MTYyMiM4MSMkMSMkMCMkOTkkNTgxOTYxIzExIyQyIyQzIyQwMCQyNjEyMjIjNDEjJDEjJDgjJDgz,6.288,12.55,ok,2026-08-10T12:33:39.432604+00:00,4.746
37100320,JDQ4MTYyMiM4MSMkMSMkMCMkOTkkMzgxMzUxIzIxIyQxIyQ5IyQxMyQyNjE0ODEjNjEjJDEjJDAjJDgz,6.467,12.77,ok,2026-08-10T12:33:39.557713+00:00,5.381
37100320,JDQ4MTYyMiM4MSMkMSMkMCMkOTkkNTgxMzUxIzExIyQxIyQzIyQ5OSQyNjE0ODEjNDEjJDEjJDgjJDgz,7.728,15.8,ok,2026-08-10T12:33:39.707048+00:00,6.076
37100320,JDQ4MTYyMiM4MSMkMSMkMCMkOTkkNTgxMzUxIzIxIyQxIyQ1IyQwMyQzNjEyMjIjNTEjJDEjJDYjJDgz,7.103,15.33,ok,2026-08-10T12:33:39.823201+00:00,6.222
37100320,JDQ4MTYyMiM4MSMkMSMkMCMkOTkkNTgxMzUxIzExIyQxIyQ3IyQ5OSQzNjEwMDIjODEjJDEjJDYjJDgz,9.349,18.7,ok,2026-08-10T12:33:39.984733+00:00,6.95
37100330,JDQ4MTYyMiM4MSMkMSMkMCMkOTkkNTgxOTYxIzExIyQyIyQzIyQwMCQyNjEyMjIjNDEjJDEjJDgjJDgz,14.33,22.5,ok,2026-08-10T12:33:40.112290+00:00,11.859
37100330,JDQ4MTYyMiM4MSMkMSMkMCMkOTkkNTgxMzUxIzExIyQxIyQ3IyQ4MiQzNjEwMDIjODEjJDEjJDIjJDgz,19.01,25.6,ok,2026-08-10T12:33:40.255432+00:00,11.941
37100330,JDQ4MTYyMiM4MSMkMSMkMCMkOTkkMzgxMzUxIzIxIyQxIyQ5IyQxMyQyNjE0ODEjNjEjJDEjJDAjJDgz,14.509,22.72,ok,2026-08-10T12:33:40.382583+00:00,12.374
37100330,JDQ4MTYyMiM4MSMkMSMkMCMkOTkkNTgxMzUxIzExIyQxIyQzIyQ5OSQyNjE0ODEjNDEjJDEjJDgjJDgz,14.938,24.73,ok,2026-08-10T12:33:40.525878+00:00,12.45
37100330,JDQ4MTYyMiM4MSMkMSMkMCMkOTkkNTgxMzUxIzIxIyQxIyQ1IyQwMyQzNjEyMjIjNTEjJDEjJDYjJDgz,16.048,24.7,ok,2026-08-10T12:33:40.669339+00:00,13.338
37100340,JDQ4MTYyMiM4MSMkMSMkMCMkOTkkNTgxMzUxIzExIyQxIyQzIyQ5OSQyNjE0ODEjNDEjJDEjJDgjJDgz,11.538,21.32,ok,2026-08-10T12:33:40.825713+00:00,6.152
37100340,JDQ4MTYyMiM4MSMkMSMkMCMkOTkkNTgxOTYxIzExIyQyIyQzIyQwMCQyNjEyMjIjNDEjJDEjJDgjJDgz,12.668,20.78,ok,2026-08-10T12:33:40.960265+00:00,6.964
37100340,JDQ4MTYyMiM4MSMkMSMkMCMkOTkkMzgxMzUxIzIxIyQxIyQ5IyQxMyQyNjE0ODEjNjEjJDEjJDAjJDgz,12.758,20.92,ok,2026-08-10T12:33:41.084129+00:00,7.058
37100340,JDQ4MTYyMiM4MSMkMSMkMCMkOTkkNTgxMzUxIzIxIyQxIyQ1IyQwMyQzNjEyMjIjNTEjJDEjJDYjJDgz,13.57,22.55,ok,2026-08-10T12:33:41.196890+00:00,8.08
37100340,JDQ4MTYyMiM4MSMkMSMkMCMkODkkMzgxMzUxIzExIyQxIyQzIyQ2MiQ0NjE0ODEjNTEjJDEjJDYjJDgz,13.403,24.85,ok,2026-08-10T12:33:41.348652+00:00,8.499
37100360,JDQ4MTYyMiM4MSMkMSMkMCMkOTkkNTgxMzUxIzExIyQxIyQzIyQ5OSQyNjE0ODEjNDEjJDEjJDgjJDgz,11.048,17.73,ok,2026-08-10T12:33:41.490452+00:00,5.326
37100360,JDQ4MTYyMiM4MSMkMSMkMCMkODkkMzgxMzUxIzExIyQxIyQzIyQ2MiQ0NjE0ODEjNTEjJDEjJDYjJDgz,8.362,12.95,ok,2026-08-10T12:33:41.821784+00:00,5.913
37100360,JDQ4MTYyMiM4MSMkMSMkMCMkOTkkNTgxMzUxIzExIyQxIyQzIyQ3OSQzNjE0ODEjNDEjJDEjJDQjJDgz,8.236,12.02,ok,2026-08-10T12:33:42.022732+00:00,5.964
37100360,JDQ4MTYyMiM4MSMkMSMkMCMkOTkkNTgxMzUxIzIxIyQxIyQ1IyQ3MiQyNjEwMDIjNDEjJDEjJDgjJDgz,9.362,15.13,ok,2026-08-10T12:33:42.245171+00:00,7.013
37100360,JDQ4MTYyMiM4MSMkMSMkMCMkOTkkMzgxMzUxIzIxIyQxIyQ5IyQxMyQyNjE0ODEjNjEjJDEjJDAjJDgz,11.001,17.78,ok,2026-08-10T12:33:42.430448+00:00,7.029
37100510,JDQ4MTYyMiM4MSMkMSMkMCMkOTkkNTgxMzUxIzIxIyQxIyQxIyQxMyQ0NjEwMDIjODEjJDEjJDYjJDgz,0.301,1.25,ok,2026-08-10T12:33:42.904617+00:00,0.184
37100510,JDQ4MTYyMiM4MSMkMSMkMCMkODkkMzgxMzUxIzExIyQxIyQzIyQ4MiQyNjE0ODEjNTEjJDEjJDIjJDgz,0.65,1.9,ok,2026-08-10T12:33:43.369467+00:00,0.446
37100510,JDQ4MTYyMiM4MSMkMSMkMCMkOTkkNTgxMzUxIzIxIyQxIyQ1IyQ3MiQyNjEwMDIjNDEjJDEjJDgjJDgz,0.788,3.37,ok,2026-08-10T12:33:43.551636+00:00,0.543
37100510,JDQ4MTYyMiM4MSMkMSMkMCMkOTkkNTgxMzUxIzExIyQxIyQzIyQ5MiQzNjEyMjIjNzEjJDEjJDgjJDgz,1.121,3.73,ok,2026-08-10T12:33:43.736673+00:00,0.703
37100510,JDQ4MTYyMiM4MSMkMSMkMCMkOTkkMzgxMzUxIzIxIyQxIyQ5IyQxMyQzNjE0ODEjNzEjJDEjJDgjJDgz,1.747,4.95,ok,2026-08-10T12:33:43.951891+00:00,1.16
37100520,JDQ4MTYyMiM4MSMkMSMkMCMkOTkkNTgxMzUxIzExIyQxIyQzIyQ5OSQyNjE0ODEjNDEjJDEjJDgjJDgz,1.64,3.93,ok,2026-08-10T12:33:44.144851+00:00,0.67
37100520,JDQ4MTYyMiM4MSMkMSMkMCMkOTkkMzgxMzUxIzIxIyQxIyQ5IyQxMyQyNjE0ODEjNjEjJDEjJDAjJDgz,2.737,5.97,ok,2026-08-10T12:33:44.352862+00:00,1.451
37100520,JDQ4MTYyMiM4MSMkMSMkMCMkOTkkNTgxOTYxIzExIyQyIyQzIyQwMCQyNjEyMjIjNDEjJDEjJDgjJDgz,2.558,5.75,ok,2026-08-10T12:33:44.564178+00:00,1.85
37100520,JDQ4MTYyMiM4MSMkMSMkMCMkOTkkNTgxMzUxIzIxIyQxIyQ1IyQwMyQzNjEyMjIjNTEjJDEjJDYjJDgz,3.549,7.57,ok,2026-08-10T12:33:44.689716+00:00,2.315
37100520,JDQ4MTYyMiM4MSMkMSMkMCMkODkkMzgxMzUxIzExIyQxIyQzIyQ2MiQ0NjE0ODEjNTEjJDEjJDYjJDgz,3.505,7.4,ok,2026-08-10T12:33:44.809776+00:00,2.737
37100530,JDQ4MTYyMiM4MSMkMSMkMCMkOTkkNTgxMzUxIzExIyQxIyQzIyQ5MiQzNjEyMjIjNzEjJDEjJDgjJDgz,10.737,15.72,ok,2026-08-10T12:33:44.950042+00:00,1.007
37100530,JDQ4MTYyMiM4MSMkMSMkMCMkOTkkMzgxMzUxIzIxIyQxIyQ5IyQxMyQzNjE0ODEjNzEjJDEjJDgjJDgz,10.265,14.75,ok,2026-08-10T12:33:45.098396+00:00,1.117
37100530,JDQ4MTYyMiM4MSMkMSMkMCMkOTkkNTgxMzUxIzIxIyQxIyQxIyQxMyQyNjE0ODEjNjEjJDEjJDQjJDgz,10.265,14.75,ok,2026-08-10T12:33:45.245537+00:00,1.117
37100530,JDQ4MTYyMiM4MSMkMSMkMCMkOTkkNTgxMzUxIzIxIyQxIyQ1IyQ3MiQyNjEwMDIjNDEjJDEjJDgjJDgz,10.938,17.2,ok,2026-08-10T12:33:45.424071+00:00,1.185
37100530,JDQ4MTYyMiM4MSMkMSMkMCMkOTkkNTgxMzUxIzExIyQxIyQzIyQ3OSQzNjE0ODEjNDEjJDEjJDQjJDgz,11.414,16.68,ok,2026-08-10T12:33:45.570761+00:00,1.421
37100540,JDQ4MTYyMiM4MSMkMSMkMCMkODkkMzgxMzUxIzExIyQxIyQzIyQ2MiQ0NjE0ODEjNTEjJDEjJDYjJDgz,1.19,3.98,ok,2026-08-10T12:33:45.688933+00:00,0.624
37100540,JDQ4MTYyMiM4MSMkMSMkMCMkOTkkNTgxMzUxIzExIyQxIyQzIyQ3OSQzNjE0ODEjNDEjJDEjJDQjJDgz,1.064,3.07,ok,2026-08-10T12:33:45.787449+00:00,0.712
37100540,JDQ4MTYyMiM4MSMkMSMkMCMkOTkkNTgxMzUxIzIxIyQxIyQ1IyQ3MiQyNjEwMDIjNDEjJDEjJDgjJDgz,2.19,6.15,ok,2026-08-10T12:33:45.910218+00:00,1.775
37100540,JDQ4MTYyMiM4MSMkMSMkMCMkOTkkNTgxMzUxIzExIyQxIyQzIyQ5OSQyNjE0ODEjNDEjJDEjJDgjJDgz,3.635,8.65,ok,2026-08-10T12:33:46.039995+00:00,1.899
37100540,JDQ4MTYyMiM4MSMkMSMkMCMkOTkkNTgxMzUxIzIxIyQxIyQxIyQxMyQ0NjEwMDIjODEjJDEjJDYjJDgz,2.386,6.88,ok,2026-08-10T12:33:46.163254+00:00,2.054
37100550,JDQ4MTYyMiM4MSMkMSMkMCMkOTkkNTgxMzUxIzExIyQxIyQ3IyQ5OSQzNjEwMDIjODEjJDEjJDYjJDgz,1.006,3.07,ok,2026-08-10T12:33:46.277237+00:00,0.577
37100550,JDQ4MTYyMiM4MSMkMSMkMCMkODkkMzgxMzUxIzExIyQxIyQzIyQ4MiQyNjE0ODEjNTEjJDEjJDIjJDgz,2.382,7.37,ok,2026-08-10T12:33:46.391991+00:00,1.803
37100550,JDQ4MTYyMiM4MSMkMSMkMCMkOTkkNTgxMzUxIzIxIyQxIyQ1IyQwMyQzNjEyMjIjNTEjJDEjJDYjJDgz,2.66,6.62,ok,2026-08-10T12:33:46.520782+00:00,1.914
37100550,JDQ4MTYyMiM4MSMkMSMkMCMkOTkkNTgxMzUxIzIxIyQxIyQxIyQxMyQ0NjEwMDIjODEjJDEjJDYjJDgz,2.664,8.4,ok,2026-08-10T12:33:46.658586+00:00,2.108
37100550,JDQ4MTYyMiM4MSMkMSMkMCMkOTkkNTgxMzUxIzIxIyQxIyQ1IyQ3MiQyNjEwMDIjNDEjJDEjJDgjJDgz,3.42,9.48,ok,2026-08-10T12:33:46.792854+00:00,2.469
37100560,JDQ4MTYyMiM4MSMkMSMkMCMkODkkMzgxMzUxIzExIyQxIyQzIyQ4MiQyNjE0ODEjNTEjJDEjJDIjJDgz,0.469,1.0,ok,2026-08-10T12:33:46.903073+00:00,0.382
37100560,JDQ4MTYyMiM4MSMkMSMkMCMkOTkkNTgxMzUxIzIxIyQxIyQxIyQxMyQ0NjEwMDIjODEjJDEjJDYjJDgz,1.085,3.63,ok,2026-08-10T12:33:47.033021+00:00,0.886
37100560,JDQ4MTYyMiM4MSMkMSMkMCMkOTkkNTgxMzUxIzIxIyQxIyQxIyQxMyQyNjE0ODEjNjEjJDEjJDQjJDgz,2.054,5.5,ok,2026-08-10T12:33:47.167472+00:00,0.969
37100560,JDQ4MTYyMiM4MSMkMSMkMCMkOTkkMzgxMzUxIzIxIyQxIyQ5IyQxMyQzNjE0ODEjNzEjJDEjJDgjJDgz,2.054,5.5,ok,2026-08-10T12:33:47.289899+00:00,0.969
37100560,JDQ4MTYyMiM4MSMkMSMkMCMkOTkkNTgxMzUxIzExIyQxIyQzIyQ5MiQzNjEyMjIjNzEjJDEjJDgjJDgz,1.428,4.28,ok,2026-08-10T12:33:47.419754+00:00,1.017
37100570,JDQ4MTYyMiM4MSMkMSMkMCMkOTkkMzgxOTYxIzExIyQxIyQzIyQ4OSQzNjE0ODEjODEjJDEjJDYjJDgz,1.17,4.0,ok,2026-08-10T12:33:47.523739+00:00,0.419
37100570,JDQ4MTYyMiM4MSMkMSMkMCMkOTkkNTgxMzUxIzIxIyQxIyQxIyQxMyQyNjE0ODEjNjEjJDEjJDQjJDgz,2.239,5.88,ok,2026-08-10T12:33:47.658143+00:00,0.95
37100570,JDQ4MTYyMiM4MSMkMSMkMCMkOTkkMzgxMzUxIzIxIyQxIyQ5IyQxMyQzNjE0ODEjNzEjJDEjJDgjJDgz,2.239,5.88,ok,2026-08-10T12:33:47.786615+00:00,0.95
37100570,JDQ4MTYyMiM4MSMkMSMkMCMkODkkMzgxMzUxIzExIyQxIyQzIyQ4MiQyNjE0ODEjNTEjJDEjJDIjJDgz,2.557,6.02,ok,2026-08-10T12:33:47.903607+00:00,1.454
37100570,JDQ4MTYyMiM4MSMkMSMkMCMkOTkkNTgxMzUxIzExIyQxIyQzIyQ5MiQzNjEyMjIjNzEjJDEjJDgjJDgz,2.711,6.85,ok,2026-08-10T12:33:48.042900+00:00,1.533
37520110,JDQ4MTYyMiM4MSMkMSMkMCMkOTkkNTgxMzUxIzIxIyQxIyQ1IyQ2MiQyNjE4MzIjNDEjJDEjJDQjJDgz,1.94,5.73,ok,2026-08-10T12:33:48.156659+00:00,1.146
37520110,JDQ4MTYyMiM4MSMkMSMkMCMkOTkkNTgxOTYxIzExIyQyIyQzIyQwMCQyNjEwMDIjNTEjJDEjJDIjJDgz,2.753,6.97,ok,2026-08-10T12:33:48.276272+00:00,1.751
37520110,JDQ4MTYyMiM4MSMkMSMkMCMkOTkkNTgxMzUxIzIxIyQxIyQ1IyQ5OSQyNjEwMDIjODEjJDEjJDYjJDgz,2.845,7.77,ok,2026-08-10T12:33:48.405585+00:00,2.069
37520110,JDQ4MTYyMiM4MSMkMSMkMCMkOTkkNTgxMzUxIzExIyQxIyQ3IyQ5OSQzNjEyMjIjNzEjJDEjJDgjJDgz,6.508,8.93,ok,2026-08-10T12:33:48.526187+00:00,5.227
37520110,JDQ4MTYyMiM4MSMkMSMkMCMkOTkkNTgxMzUxIzIxIyQxIyQxIyQ5MiQyNjE0ODEjNDEjJDEjJDgjJDgz,13.315,18.0,ok,2026-08-10T12:33:48.634895+00:00,10.835
37520310,JDQ4MTYyMiM4MSMkMSMkMCMkOTkkNTgxMzUxIzIxIyQxIyQ1IyQ5OSQyNjEwMDIjODEjJDEjJDYjJDgz,11.119,12.73,ok,2026-08-10T12:33:48.773495+00:00,7.733
37520310,JDQ4MTYyMiM4MSMkMSMkMCMkOTkkNTgxMzUxIzExIyQxIyQ3IyQ5OSQzNjEyMjIjNzEjJDEjJDgjJDgz,14.398,18.03,ok,2026-08-10T12:33:48.906993+00:00,7.972
37520310,JDQ4MTYyMiM4MSMkMSMkMCMkOTkkNTgxMzUxIzIxIyQxIyQ1IyQ2MiQyNjE4MzIjNDEjJDEjJDQjJDgz,11.677,13.85,ok,2026-08-10T12:33:49.036747+00:00,8.22
37520310,JDQ4MTYyMiM4MSMkMSMkMCMkOTkkNTgxOTYxIzExIyQyIyQzIyQwMCQyNjEwMDIjNTEjJDEjJDIjJDgz,13.606,14.92,ok,2026-08-10T12:33:49.146328+00:00,8.381
37520310,JDQ4MTYyMiM4MSMkMSMkMCMkOTkkNTgxMzUxIzExIyQxIyQzIyQ3OSQyNjEwMDIjNjEjJDEjJDQjJDgz,17.547,17.75,ok,2026-08-10T12:33:49.291272+00:00,10.612
37520320,JDQ4MTYyMiM4MSMkMSMkMCMkOTkkNTgxMzUxIzExIyQxIyQ3IyQ5OSQzNjEyMjIjNzEjJDEjJDgjJDgz,35.502,33.68,ok,2026-08-10T12:33:49.441555+00:00,4.795
37520320,JDQ4MTYyMiM4MSMkMSMkMCMkOTkkNTgxMzUxIzIxIyQxIyQ1IyQ2MiQyNjE4MzIjNDEjJDEjJDQjJDgz,45.734,36.32,ok,2026-08-10T12:33:49.566623+00:00,9.493
37520320,JDQ4MTYyMiM4MSMkMSMkMCMkOTkkNTgxMzUxIzIxIyQxIyQ1IyQ5OSQyNjEwMDIjODEjJDEjJDYjJDgz,45.176,35.2,ok,2026-08-10T12:33:49.714863+00:00,9.657
37520320,JDQ4MTYyMiM4MSMkMSMkMCMkOTkkNTgxOTYxIzExIyQyIyQzIyQwMCQyNjEwMDIjNTEjJDEjJDIjJDgz,47.611,37.18,ok,2026-08-10T12:33:49.864923+00:00,10.052
37520320,JDQ4MTYyMiM4MSMkMSMkMCMkOTkkNTgxOTYxIzExIyQxIyQzIyQ4OSQzNjE4MzIjNzEjJDEjJDgjJDgz,22.094,20.77,ok,2026-08-10T12:33:49.994321+00:00,10.6
37520330,JDQ4MTYyMiM4MSMkMSMkMCMkOTkkNTgxMzUxIzExIyQxIyQ3IyQ5OSQzNjEyMjIjNzEjJDEjJDgjJDgz,17.775,24.12,ok,2026-08-10T12:33:50.123648+00:00,7.239
37520330,JDQ4MTYyMiM4MSMkMSMkMCMkOTkkNTgxMzUxIzIxIyQxIyQ1IyQ2MiQyNjE4MzIjNDEjJDEjJDQjJDgz,24.223,33.08,ok,2026-08-10T12:33:50.246477+00:00,12.857
37520330,JDQ4MTYyMiM4MSMkMSMkMCMkOTkkNTgxMzUxIzIxIyQxIyQ1IyQ5OSQyNjEwMDIjODEjJDEjJDYjJDgz,25.128,35.13,ok,2026-08-10T12:33:50.366681+00:00,13.537
37520330,JDQ4MTYyMiM4MSMkMSMkMCMkOTkkNTgxOTYxIzExIyQyIyQzIyQwMCQyNjEwMDIjNTEjJDEjJDIjJDgz,25.036,34.08,ok,2026-08-10T12:33:50.493422+00:00,13.547
37520330,JDQ4MTYyMiM4MSMkMSMkMCMkOTkkNTgxOTYxIzExIyQxIyQzIyQ4OSQzNjE4MzIjNzEjJDEjJDgjJDgz,26.959,36.92,ok,2026-08-10T12:33:50.646103+00:00,13.786
37520340,JDQ4MTYyMiM4MSMkMSMkMCMkOTkkNTgxMzUxIzExIyQxIyQ3IyQ5OSQzNjEyMjIjNzEjJDEjJDgjJDgz,17.918,23.87,ok,2026-08-10T12:33:50.786822+00:00,8.929
37520340,JDQ4MTYyMiM4MSMkMSMkMCMkOTkkNTgxMzUxIzIxIyQxIyQxIyQ5MiQyNjE0ODEjNDEjJDEjJDgjJDgz,16.215,25.87,ok,2026-08-10T12:33:50.919957+00:00,11.217
37520340,JDQ4MTYyMiM4MSMkMSMkMCMkOTkkNTgxMzUxIzIxIyQxIyQ1IyQ2MiQyNjE4MzIjNDEjJDEjJDQjJDgz,12.92,21.77,ok,2026-08-10T12:33:51.050186+00:00,11.381
37520340,JDQ4MTYyMiM4MSMkMSMkMCMkOTkkNTgxOTYxIzExIyQyIyQzIyQwMCQyNjEwMDIjNTEjJDEjJDIjJDgz,13.733,22.82,ok,2026-08-10T12:33:51.181947+00:00,11.929
37520340,JDQ4MTYyMiM4MSMkMSMkMCMkOTkkNTgxMzUxIzIxIyQxIyQ1IyQ5OSQyNjEwMDIjODEjJDEjJDYjJDgz,13.825,23.82,ok,2026-08-10T12:33:51.318596+00:00,12.304
37520350,JDQ4MTYyMiM4MSMkMSMkMCMkOTkkNTgxMzUxIzIxIyQxIyQxIyQ5MiQyNjE0ODEjNDEjJDEjJDgjJDgz,15.196,21.02,ok,2026-08-10T12:33:51.439981+00:00,12.112
37520350,JDQ4MTYyMiM4MSMkMSMkMCMkOTkkNTgxMzUxIzExIyQxIyQ3IyQ5OSQzNjEyMjIjNzEjJDEjJDgjJDgz,26.753,36.25,ok,2026-08-10T12:33:51.603191+00:00,15.6
37520350,JDQ4MTYyMiM4MSMkMSMkMCMkOTkkNTgxMzUxIzIxIyQxIyQ1IyQ2MiQyNjE4MzIjNDEjJDEjJDQjJDgz,22.709,35.77,ok,2026-08-10T12:33:51.749478+00:00,17.122
37520350,JDQ4MTYyMiM4MSMkMSMkMCMkOTkkNTgxOTYxIzExIyQyIyQzIyQwMCQyNjEwMDIjNTEjJDEjJDIjJDgz,23.522,36.77,ok,2026-08-10T12:33:51.871938+00:00,17.548
37520350,JDQ4MTYyMiM4MSMkMSMkMCMkOTkkNTgxMzUxIzIxIyQxIyQ1IyQ5OSQyNjEwMDIjODEjJDEjJDYjJDgz,23.614,37.82,ok,2026-08-10T12:33:52.026822+00:00,18.045
37520360,JDQ4MTYyMiM4MSMkMSMkMCMkOTkkNTgxMzUxIzIxIyQxIyQxIyQ5MiQyNjE0ODEjNDEjJDEjJDgjJDgz,7.444,12.4,ok,2026-08-10T12:33:52.153260+00:00,6.755
37520360,JDQ4MTYyMiM4MSMkMSMkMCMkOTkkNTgxMzUxIzIxIyQxIyQ1IyQ2MiQyNjE4MzIjNDEjJDEjJDQjJDgz,23.441,30.82,ok,2026-08-10T12:33:52.307791+00:00,15.749
37520360,JDQ4MTYyMiM4MSMkMSMkMCMkOTkkNTgxOTYxIzExIyQyIyQzIyQwMCQyNjEwMDIjNTEjJDEjJDIjJDgz,22.498,29.2,ok,2026-08-10T12:33:52.432408+00:00,15.934
37520360,JDQ4MTYyMiM4MSMkMSMkMCMkOTkkNTgxMzUxIzIxIyQxIyQ1IyQ5OSQyNjEwMDIjODEjJDEjJDYjJDgz,23.864,31.77,ok,2026-08-10T12:33:52.575039+00:00,16.56
37520360,JDQ4MTYyMiM4MSMkMSMkMCMkOTkkNTgxMzUxIzExIyQxIyQ3IyQ5OSQzNjEyMjIjNzEjJDEjJDgjJDgz,26.469,38.62,ok,2026-08-10T12:33:52.719255+00:00,16.639
37520370,JDQ4MTYyMiM4MSMkMSMkMCMkOTkkNTgxMzUxIzIxIyQxIyQxIyQ5MiQyNjE0ODEjNDEjJDEjJDgjJDgz,1.345,3.48,ok,2026-08-10T12:33:52.840996+00:00,0.821
37520370,JDQ4MTYyMiM4MSMkMSMkMCMkOTkkMzgxMzUxIzExIyQxIyQzIyQ4OSQzNjEyMjIjNDEjJDEjJDQjJDgz,13.308,19.95,ok,2026-08-10T12:33:52.981980+00:00,10.244
37520370,JDQ4MTYyMiM4MSMkMSMkMCMkOTkkNTgxOTYxIzExIyQyIyQzIyQwMCQyNjEwMDIjNTEjJDEjJDIjJDgz,15.766,18.83,ok,2026-08-10T12:33:53.123224+00:00,10.454
37520370,JDQ4MTYyMiM4MSMkMSMkMCMkOTkkNTgxMzUxIzIxIyQxIyQ1IyQ2MiQyNjE4MzIjNDEjJDEjJDQjJDgz,16.709,20.4,ok,2026-08-10T12:33:53.253620+00:00,10.518
37520370,JDQ4MTYyMiM4MSMkMSMkMCMkOTkkNTgxMzUxIzIxIyQxIyQ1IyQ5OSQyNjEwMDIjODEjJDEjJDYjJDgz,17.132,21.43,ok,2026-08-10T12:33:53.398297+00:00,11.119
37520380,JDQ4MTYyMiM4MSMkMSMkMCMkOTkkMzgxMzUxIzExIyQxIyQzIyQ4OSQzNjEyMjIjNDEjJDEjJDQjJDgz,3.714,6.73,ok,2026-08-10T12:33:53.510766+00:00,2.528
37520380,JDQ4MTYyMiM4MSMkMSMkMCMkOTkkNTgxOTYxIzExIyQyIyQzIyQwMCQyNjEwMDIjNTEjJDEjJDIjJDgz,9.355,9.62,ok,2026-08-10T12:33:53.644918+00:00,8.407
37520380,JDQ4MTYyMiM4MSMkMSMkMCMkOTkkNTgxMzUxIzIxIyQxIyQxIyQ5MiQyNjE0ODEjNDEjJDEjJDgjJDgz,13.156,18.08,ok,2026-08-10T12:33:53.789647+00:00,8.802
37520380,JDQ4MTYyMiM4MSMkMSMkMCMkOTkkNTgxMzUxIzIxIyQxIyQ1IyQ5OSQyNjEwMDIjODEjJDEjJDYjJDgz,10.721,12.2,ok,2026-08-10T12:33:53.906134+00:00,8.835
37520380,JDQ4MTYyMiM4MSMkMSMkMCMkOTkkNTgxMzUxIzIxIyQxIyQ1IyQ2MiQyNjE4MzIjNDEjJDEjJDQjJDgz,10.298,11.23,ok,2026-08-10T12:33:54.009109+00:00,8.98
37520390,JDQ4MTYyMiM4MSMkMSMkMCMkOTkkMzgxMzUxIzExIyQxIyQzIyQ4OSQzNjEyMjIjNDEjJDEjJDQjJDgz,9.095,13.2,ok,2026-08-10T12:33:54.128449+00:00,7.257
37520390,JDQ4MTYyMiM4MSMkMSMkMCMkOTkkMzgxMzUxIzIxIyQxIyQxIyQ4MiQyNjEwMDIjODEjJDEjJDIjJDgz,11.882,18.68,ok,2026-08-10T12:33:54.266684+00:00,9.296
37520390,JDQ4MTYyMiM4MSMkMSMkMCMkOTkkNTgxMzUxIzExIyQxIyQzIyQ3MiQzNjEyMjIjNTEjJDEjJDIjJDgz,11.75,18.32,ok,2026-08-10T12:33:54.392244+00:00,9.344
37520390,JDQ4MTYyMiM4MSMkMSMkMCMkOTkkNTgxOTYxIzExIyQyIyQzIyQwMCQyNjEwMDIjNTEjJDEjJDIjJDgz,20.267,22.68,ok,2026-08-10T12:33:54.517527+00:00,14.847
37520390,JDQ4MTYyMiM4MSMkMSMkMCMkOTkkNTgxMzUxIzIxIyQxIyQ1IyQ5OSQyNjEwMDIjODEjJDEjJDYjJDgz,21.633,25.25,ok,2026-08-10T12:33:54.648746+00:00,14.915
37520400,JDQ4MTYyMiM4MSMkMSMkMCMkOTkkNTgxMzUxIzExIyQxIyQzIyQ3MiQzNjEyMjIjNTEjJDEjJDIjJDgz,7.674,12.6,ok,2026-08-10T12:33:54.766838+00:00,6.338
37520400,JDQ4MTYyMiM4MSMkMSMkMCMkOTkkMzgxMzUxIzIxIyQxIyQxIyQ4MiQyNjEwMDIjODEjJDEjJDIjJDgz,7.806,12.97,ok,2026-08-10T12:33:54.887508+00:00,6.43
37520400,JDQ4MTYyMiM4MSMkMSMkMCMkOTkkMzgxMzUxIzExIyQxIyQzIyQ4OSQzNjEyMjIjNDEjJDEjJDQjJDgz,18.33,20.12,ok,2026-08-10T12:33:55.024019+00:00,14.731
37520400,JDQ4MTYyMiM4MSMkMSMkMCMkOTkkNTgxMzUxIzIxIyQxIyQ1IyQ5MiQzNjEyMjIjNjEjJDEjJDgjJDgz,25.283,39.4,ok,2026-08-10T12:33:55.221354+00:00,15.961
37520400,JDQ4MTYyMiM4MSMkMSMkMCMkOTkkNTgxMzUxIzIxIyQxIyQ1IyQ3OSQyNjEyMjIjNTEjJDEjJDIjJDgz,26.478,43.7,ok,2026-08-10T12:33:55.409040+00:00,16.79
37520410,JDQ4MTYyMiM4MSMkMSMkMCMkOTkkNTgxMzUxIzExIyQxIyQzIyQ3MiQzNjEyMjIjNTEjJDEjJDIjJDgz,9.883,19.05,ok,2026-08-10T12:33:55.515449+00:00,7.552
37520410,JDQ4MTYyMiM4MSMkMSMkMCMkOTkkMzgxMzUxIzIxIyQxIyQxIyQ4MiQyNjEwMDIjODEjJDEjJDIjJDgz,9.991,19.23,ok,2026-08-10T12:33:55.638575+00:00,7.688
37520410,JDQ4MTYyMiM4MSMkMSMkMCMkOTkkNTgxMzUxIzIxIyQxIyQxIyQ5MiQ0NjE0ODEjNjEjJDEjJDgjJDgz,17.967,25.38,ok,2026-08-10T12:33:55.753799+00:00,11.112
37520410,JDQ4MTYyMiM4MSMkMSMkMCMkOTkkNTgxMzUxIzExIyQxIyQ3IyQ5MiQyNjEyMjIjNDEjJDEjJDgjJDgz,26.11,33.13,ok,2026-08-10T12:33:55.993250+00:00,12.755
37520410,JDQ4MTYyMiM4MSMkMSMkMCMkOTkkNTgxMzUxIzIxIyQxIyQ1IyQ5MiQzNjEyMjIjNjEjJDEjJDgjJDgz,28.338,39.42,ok,2026-08-10T12:33:56.151206+00:00,16.766
37520420,JDQ4MTYyMiM4MSMkMSMkMCMkOTkkNTgxMzUxIzExIyQxIyQzIyQ3MiQzNjEyMjIjNTEjJDEjJDIjJDgz,5.187,10.7,ok,2026-08-10T12:33:56.273005+00:00,3.327
37520420,JDQ4MTYyMiM4MSMkMSMkMCMkOTkkMzgxMzUxIzIxIyQxIyQxIyQ4MiQyNjEwMDIjODEjJDEjJDIjJDgz,5.26,10.82,ok,2026-08-10T12:33:56.401927+00:00,3.426
37520420,JDQ4MTYyMiM4MSMkMSMkMCMkOTkkNTgxMzUxIzIxIyQxIyQxIyQ5MiQ0NjE0ODEjNjEjJDEjJDgjJDgz,23.473,24.53,ok,2026-08-10T12:33:56.547938+00:00,14.103
37520420,JDQ4MTYyMiM4MSMkMSMkMCMkOTkkNTgxMzUxIzExIyQxIyQ3IyQ5MiQyNjEyMjIjNDEjJDEjJDgjJDgz,31.616,32.28,ok,2026-08-10T12:33:56.823029+00:00,14.508
37520420,JDQ4MTYyMiM4MSMkMSMkMCMkOTkkMzgxMzUxIzExIyQxIyQzIyQ4OSQzNjEyMjIjNDEjJDEjJDQjJDgz,23.88,29.65,ok,2026-08-10T12:33:56.950585+00:00,19.702
37520430,JDQ4MTYyMiM4MSMkMSMkMCMkOTkkMzgxMzUxIzIxIyQxIyQxIyQ4MiQyNjEwMDIjODEjJDEjJDIjJDgz,4.549,8.42,ok,2026-08-10T12:33:57.054549+00:00,2.502
37520430,JDQ4MTYyMiM4MSMkMSMkMCMkOTkkNTgxMzUxIzExIyQxIyQzIyQ3MiQzNjEyMjIjNTEjJDEjJDIjJDgz,4.417,8.05,ok,2026-08-10T12:33:57.174103+00:00,2.633
37520430,JDQ4MTYyMiM4MSMkMSMkMCMkOTkkMzgxMzUxIzExIyQxIyQzIyQ4OSQzNjEyMjIjNDEjJDEjJDQjJDgz,19.143,20.45,ok,2026-08-10T12:33:57.286041+00:00,15.008
37520430,JDQ4MTYyMiM4MSMkMSMkMCMkOTkkNTgxMzUxIzIxIyQxIyQxIyQ5MiQ0NjE0ODEjNjEjJDEjJDgjJDgz,24.261,23.08,ok,2026-08-10T12:33:57.406347+00:00,19.912
37520430,JDQ4MTYyMiM4MSMkMSMkMCMkOTkkNTgxMzUxIzIxIyQxIyQ1IyQ5OSQyNjEwMDIjODEjJDEjJDYjJDgz,31.681,32.47,ok,2026-08-10T12:33:57.549377+00:00,19.995
37520440,JDQ4MTYyMiM4MSMkMSMkMCMkOTkkNTgxMzUxIzExIyQxIyQzIyQ3MiQzNjEyMjIjNTEjJDEjJDIjJDgz,12.125,15.42,ok,2026-08-10T12:33:57.680060+00:00,9.714
37520440,JDQ4MTYyMiM4MSMkMSMkMCMkOTkkMzgxMzUxIzIxIyQxIyQxIyQ4MiQyNjEwMDIjODEjJDEjJDIjJDgz,12.204,15.13,ok,2026-08-10T12:33:57.793313+00:00,9.721
37520440,JDQ4MTYyMiM4MSMkMSMkMCMkOTkkNTgxMzUxIzExIyQxIyQ3IyQ5MiQyNjEyMjIjNDEjJDEjJDgjJDgz,22.218,33.35,ok,2026-08-10T12:33:58.047506+00:00,11.651
37520440,JDQ4MTYyMiM4MSMkMSMkMCMkOTkkNTgxMzUxIzIxIyQxIyQxIyQ5MiQ0NjE0ODEjNjEjJDEjJDgjJDgz,20.982,26.03,ok,2026-08-10T12:33:58.193267+00:00,13.255
37520440,JDQ4MTYyMiM4MSMkMSMkMCMkODkkMzgxMzUxIzExIyQxIyQzIyQ2MiQzNjEwMDIjODEjJDEjJDYjJDgz,29.78,37.68,ok,2026-08-10T12:33:58.367679+00:00,19.33
37520450,JDQ4MTYyMiM4MSMkMSMkMCMkOTkkMzgxMzUxIzIxIyQxIyQxIyQ4MiQyNjEwMDIjODEjJDEjJDIjJDgz,18.89,33.47,ok,2026-08-10T12:33:58.511948+00:00,11.409
37520450,JDQ4MTYyMiM4MSMkMSMkMCMkOTkkNTgxMzUxIzExIyQxIyQzIyQ3MiQzNjEyMjIjNTEjJDEjJDIjJDgz,18.722,33.07,ok,2026-08-10T12:33:58.626658+00:00,11.541
37520450,JDQ4MTYyMiM4MSMkMSMkMCMkOTkkNTgxMzUxIzExIyQxIyQzIyQ3OSQyNjEwMDIjNjEjJDEjJDQjJDgz,30.459,38.62,ok,2026-08-10T12:33:58.783989+00:00,16.814
37520450,JDQ4MTYyMiM4MSMkMSMkMCMkOTkkNTgxMzUxIzIxIyQxIyQ1IyQwMyQ0NjE0ODEjNDEjJDEjJDQjJDgz,31.03,38.83,ok,2026-08-10T12:33:58.918363+00:00,18.07
37520450,JDQ4MTYyMiM4MSMkMSMkMCMkOTkkMzgxMzUxIzIxIyQyIyQ1IyQwMCQyNjE0ODEjNjEjJDEjJDAjJDgz,32.112,39.7,ok,2026-08-10T12:33:59.057236+00:00,18.44
37520460,JDQ4MTYyMiM4MSMkMSMkMCMkOTkkNTgxMzUxIzIxIyQxIyQ1IyQ5OSQyNjEwMDIjODEjJDEjJDYjJDgz,13.524,20.3,ok,2026-08-10T12:33:59.172657+00:00,9.032
37520460,JDQ4MTYyMiM4MSMkMSMkMCMkOTkkNTgxOTYxIzExIyQyIyQzIyQwMCQyNjEwMDIjNTEjJDEjJDIjJDgz,16.328,22.72,ok,2026-08-10T12:33:59.299717+00:00,9.292
37520460,JDQ4MTYyMiM4MSMkMSMkMCMkOTkkMzgxMzUxIzExIyQxIyQzIyQ4OSQzNjEyMjIjNDEjJDEjJDQjJDgz,12.378,16.42,ok,2026-08-10T12:33:59.395841+00:00,9.605
37520460,JDQ4MTYyMiM4MSMkMSMkMCMkOTkkNTgxMzUxIzIxIyQxIyQ1IyQ2MiQyNjE4MzIjNDEjJDEjJDQjJDgz,14.289,21.9,ok,2026-08-10T12:33:59.505145+00:00,9.905
37520460,JDQ4MTYyMiM4MSMkMSMkMCMkOTkkMzgxMzUxIzIxIyQxIyQxIyQ4MiQyNjEwMDIjODEjJDEjJDIjJDgz,30.875,35.65,ok,2026-08-10T12:33:59.642281+00:00,13.553
37520470,JDQ4MTYyMiM4MSMkMSMkMCMkOTkkMzgxMzUxIzIxIyQxIyQxIyQ4MiQyNjEwMDIjODEjJDEjJDIjJDgz,10.682,16.98,ok,2026-08-10T12:33:59.767290+00:00,7.77
37520470,JDQ4MTYyMiM4MSMkMSMkMCMkOTkkNTgxMzUxIzExIyQxIyQzIyQ3MiQzNjEyMjIjNTEjJDEjJDIjJDgz,10.514,16.58,ok,2026-08-10T12:33:59.896250+00:00,7.872
37520470,JDQ4MTYyMiM4MSMkMSMkMCMkOTkkNTgxMzUxIzExIyQxIyQ3IyQ5MiQyNjEyMjIjNDEjJDEjJDgjJDgz,37.945,38.55,ok,2026-08-10T12:34:00.122769+00:00,19.124
37520470,JDQ4MTYyMiM4MSMkMSMkMCMkOTkkNTgxMzUxIzExIyQxIyQzIyQ4MiQzNjEwMDIjNDEjJDEjJDgjJDgz,27.639,51.25,ok,2026-08-10T12:34:00.312934+00:00,20.13
37520470,JDQ4MTYyMiM4MSMkMSMkMCMkOTkkNTgxMzUxIzIxIyQxIyQxIyQ5MiQ0NjE0ODEjNjEjJDEjJDgjJDgz,29.802,30.8,ok,2026-08-10T12:34:00.439939+00:00,20.206
37530110,JDQ4MTYyMiM4MSMkMSMkMCMkOTIkNDgxNzAyIzExIyQxIyQzIyQ3OSQyNjEwMDIjNTEjJDEjJDIjJDgz,7.031,8.88,estimated_no_road_origin,2026-08-10T12:34:00.551169+00:00,4.235
37530110,JDQ4MTYyMiM4MSMkMSMkMCMkOTkkNTgxOTYxIzExIyQxIyQzIyQ5OSQ0NjEwMDIjNDEjJDEjJDgjJDgz,23.385,29.55,estimated_no_road_origin,2026-08-10T12:34:00.662248+00:00,14.086
37530110,JDQ4MTYyMiM4MSMkMSMkMCMkOTkkNTgxOTYxIzExIyQxIyQzIyQ4OSQzNjE4MzIjNzEjJDEjJDgjJDgz,39.975,50.51,estimated_no_road_origin,2026-08-10T12:34:00.752439+00:00,24.079
37530110,JDQ4MTYyMiM4MSMkMSMkMCMkOTkkNTgxMzUxIzIxIyQxIyQ1IyQ4MiQzNjE4MzIjNzEjJDEjJDgjJDgz,40.848,51.61,estimated_no_road_origin,2026-08-10T12:34:00.876068+00:00,24.605
37530110,JDQ4MTYyMiM4MSMkMSMkMCMkOTkkNTgxMzUxIzIxIyQxIyQ1IyQ2MiQzNjE0ODEjODEjJDEjJDIjJDgz,41.051,51.87,estimated_no_road_origin,2026-08-10T12:34:00.997521+00:00,24.727
37530320,JDQ4MTYyMiM4MSMkMSMkMCMkOTIkNDgxNzAyIzExIyQxIyQzIyQ3OSQyNjEwMDIjNTEjJDEjJDIjJDgz,27.701,35.0,estimated_no_road_origin,2026-08-10T12:34:01.097843+00:00,16.686
37530320,JDQ4MTYyMiM4MSMkMSMkMCMkOTkkNTgxMzUxIzIxIyQyIyQxIyQwMCQzNjE0ODEjNjEjJDEjJDAjJDgz,33.972,42.92,estimated_no_road_origin,2026-08-10T12:34:01.217854+00:00,20.463
37530320,JDQ4MTYyMiM4MSMkMSMkMCMkOTkkNTgxMzUxIzIxIyQxIyQ1IyQ2MiQzNjE0ODEjODEjJDEjJDIjJDgz,40.875,51.64,estimated_no_road_origin,2026-08-10T12:34:01.313446+00:00,24.621
37530320,JDQ4MTYyMiM4MSMkMSMkMCMkOTkkNTgxMzUxIzExIyQxIyQ3IyQ4OSQyNjE0ODEjNDEjJDEjJDgjJDgz,41.399,52.31,estimated_no_road_origin,2026-08-10T12:34:01.429254+00:00,24.937
37530320,JDQ4MTYyMiM4MSMkMSMkMCMkOTkkNTgxMzUxIzIxIyQxIyQ1IyQ4MiQzNjE4MzIjNzEjJDEjJDgjJDgz,41.479,52.41,estimated_no_road_origin,2026-08-10T12:34:01.518980+00:00,24.985
37530330,JDQ4MTYyMiM4MSMkMSMkMCMkOTIkNDgxNzAyIzExIyQxIyQzIyQ3OSQyNjEwMDIjNTEjJDEjJDIjJDgz,24.658,31.32,ok,2026-08-10T12:34:01.646313+00:00,19.699
37530330,JDQ4MTYyMiM4MSMkMSMkMCMkOTkkNTgxMzUxIzExIyQxIyQ3IyQ5OSQzNjEyMjIjNzEjJDEjJDgjJDgz,46.892,58.62,ok,2026-08-10T12:34:01.801775+00:00,27.993
37530330,JDQ4MTYyMiM4MSMkMSMkMCMkOTkkNTgxMzUxIzIxIyQyIyQxIyQwMCQzNjE0ODEjNjEjJDEjJDAjJDgz,57.649,73.85,ok,2026-08-10T12:34:02.079182+00:00,28.32
37530330,JDQ4MTYyMiM4MSMkMSMkMCMkOTkkNTgxMzUxIzExIyQxIyQ3IyQ4OSQyNjE0ODEjNDEjJDEjJDgjJDgz,65.117,69.08,ok,2026-08-10T12:34:02.269779+00:00,30.049
37530330,JDQ4MTYyMiM4MSMkMSMkMCMkOTkkNTgxOTYxIzExIyQxIyQzIyQ4OSQzNjE4MzIjNzEjJDEjJDgjJDgz,46.962,54.63,ok,2026-08-10T12:34:02.457759+00:00,30.743
37530340,JDQ4MTYyMiM4MSMkMSMkMCMkOTkkNTgxMzUxIzIxIyQxIyQxIyQ5MiQyNjE0ODEjNDEjJDEjJDgjJDgz,36.817,46.52,estimated_no_road_origin,2026-08-10T12:34:02.541718+00:00,22.177
37530340,JDQ4MTYyMiM4MSMkMSMkMCMkOTkkNTgxMzUxIzExIyQxIyQ3IyQ5OSQzNjEyMjIjNzEjJDEjJDgjJDgz,37.193,46.99,estimated_no_road_origin,2026-08-10T12:34:02.634467+00:00,22.403
37530340,JDQ4MTYyMiM4MSMkMSMkMCMkOTIkNDgxNzAyIzExIyQxIyQzIyQ3OSQyNjEwMDIjNTEjJDEjJDIjJDgz,41.803,52.82,estimated_no_road_origin,2026-08-10T12:34:02.742248+00:00,25.18
37530340,JDQ4MTYyMiM4MSMkMSMkMCMkOTkkNTgxMzUxIzIxIyQxIyQ1IyQ2MiQyNjE4MzIjNDEjJDEjJDQjJDgz,42.626,53.86,estimated_no_road_origin,2026-08-10T12:34:02.838764+00:00,25.676
37530340,JDQ4MTYyMiM4MSMkMSMkMCMkOTkkNTgxOTYxIzExIyQyIyQzIyQwMCQyNjEwMDIjNTEjJDEjJDIjJDgz,43.531,55.0,estimated_no_road_origin,2026-08-10T12:34:02.950243+00:00,26.221
37530350,JDQ4MTYyMiM4MSMkMSMkMCMkOTIkNDgxNzAyIzExIyQxIyQzIyQ3OSQyNjEwMDIjNTEjJDEjJDIjJDgz,25.214,31.47,ok,2026-08-10T12:34:03.093281+00:00,13.902
37530350,JDQ4MTYyMiM4MSMkMSMkMCMkOTkkNTgxMzUxIzExIyQxIyQ3IyQ5OSQzNjEyMjIjNzEjJDEjJDgjJDgz,41.494,53.78,ok,2026-08-10T12:34:03.285690+00:00,21.635
37530350,JDQ4MTYyMiM4MSMkMSMkMCMkOTkkNTgxOTYxIzExIyQxIyQzIyQ4OSQzNjE4MzIjNzEjJDEjJDgjJDgz,42.496,50.62,ok,2026-08-10T12:34:03.446754+00:00,22.624
37530350,JDQ4MTYyMiM4MSMkMSMkMCMkOTkkNTgxOTYxIzExIyQxIyQzIyQ5OSQ0NjEwMDIjNDEjJDEjJDgjJDgz,40.473,46.85,ok,2026-08-10T12:34:03.573286+00:00,24.379
37530350,JDQ4MTYyMiM4MSMkMSMkMCMkOTkkNTgxMzUxIzIxIyQxIyQ1IyQ2MiQyNjE4MzIjNDEjJDEjJDQjJDgz,37.945,52.08,ok,2026-08-10T12:34:03.727616+00:00,26.795
37530360,JDQ4MTYyMiM4MSMkMSMkMCMkOTIkNDgxNzAyIzExIyQxIyQzIyQ3OSQyNjEwMDIjNTEjJDEjJDIjJDgz,4.331,6.68,ok,2026-08-10T12:34:03.850013+00:00,3.22
37530360,JDQ4MTYyMiM4MSMkMSMkMCMkOTkkNTgxOTYxIzExIyQxIyQzIyQ5OSQ0NjEwMDIjNDEjJDEjJDgjJDgz,13.196,14.77,ok,2026-08-10T12:34:03.970302+00:00,9.203
37530360,JDQ4MTYyMiM4MSMkMSMkMCMkOTkkNTgxOTYxIzExIyQxIyQzIyQ4OSQzNjE4MzIjNzEjJDEjJDgjJDgz,23.477,21.88,ok,2026-08-10T12:34:04.138824+00:00,17.126
37530360,JDQ4MTYyMiM4MSMkMSMkMCMkOTkkMzgxMzUxIzIxIyQxIyQ5IyQ4OSQ0NjE0ODEjNDEjJDEjJDgjJDgz,28.846,27.68,ok,2026-08-10T12:34:04.338763+00:00,22.088
37530360,JDQ4MTYyMiM4MSMkMSMkMCMkOTkkNTgxMzUxIzIxIyQxIyQxIyQ4MiQzNjEyMjIjNTEjJDEjJDIjJDgz,33.623,27.47,ok,2026-08-10T12:34:04.493901+00:00,23.717
37530370,JDQ4MTYyMiM4MSMkMSMkMCMkOTkkNTgxOTYxIzExIyQxIyQzIyQ5OSQ0NjEwMDIjNDEjJDEjJDgjJDgz,6.598,12.65,ok,2026-08-10T12:34:04.621633+00:00,3.436
37530370,JDQ4MTYyMiM4MSMkMSMkMCMkOTIkNDgxNzAyIzExIyQxIyQzIyQ3OSQyNjEwMDIjNTEjJDEjJDIjJDgz,18.627,27.97,ok,2026-08-10T12:34:04.755697+00:00,10.336
37530370,JDQ4MTYyMiM4MSMkMSMkMCMkOTkkMzgxMzUxIzExIyQxIyQzIyQ5MiQ0NjE0ODEjNDEjJDEjJDQjJDgz,20.783,29.68,ok,2026-08-10T12:34:04.886649+00:00,16.143
37530370,JDQ4MTYyMiM4MSMkMSMkMCMkOTkkNTgxOTYxIzExIyQxIyQzIyQ4OSQzNjE4MzIjNzEjJDEjJDgjJDgz,39.046,44.97,ok,2026-08-10T12:34:05.052661+00:00,20.231
37530370,JDQ4MTYyMiM4MSMkMSMkMCMkOTkkMzgxMzUxIzIxIyQxIyQ5IyQ4OSQ0NjE0ODEjNDEjJDEjJDgjJDgz,31.168,39.38,ok,2026-08-10T12:34:05.233965+00:00,23.125
37530380,JDQ4MTYyMiM4MSMkMSMkMCMkOTIkNDgxNzAyIzExIyQxIyQzIyQ3OSQyNjEwMDIjNTEjJDEjJDIjJDgz,17.807,24.15,ok,2026-08-10T12:34:05.366988+00:00,12.741
37530380,JDQ4MTYyMiM4MSMkMSMkMCMkOTkkNTgxMzUxIzIxIyQxIyQ1IyQ2MiQzNjE0ODEjODEjJDEjJDIjJDgz,37.15,48.35,ok,2026-08-10T12:34:05.499539+00:00,19.103
37530380,JDQ4MTYyMiM4MSMkMSMkMCMkOTkkNTgxMzUxIzIxIyQxIyQ1IyQ4MiQzNjE4MzIjNzEjJDEjJDgjJDgz,34.781,45.97,ok,2026-08-10T12:34:05.636220+00:00,19.259
37530380,JDQ4MTYyMiM4MSMkMSMkMCMkOTkkNTgxMzUxIzIxIyQyIyQxIyQwMCQzNjE0ODEjNjEjJDEjJDAjJDgz,43.7,63.1,ok,2026-08-10T12:34:05.886722+00:00,21.828
37530380,JDQ4MTYyMiM4MSMkMSMkMCMkOTkkNTgxOTYxIzExIyQxIyQzIyQ5OSQ0NjEwMDIjNDEjJDEjJDgjJDgz,33.066,39.65,ok,2026-08-10T12:34:06.023934+00:00,22.951
37540110,JDQ4MTYyMiM4MSMkMSMkMCMkOTkkMzgxMzUxIzExIyQxIyQzIyQ5MiQ0NjE0ODEjNDEjJDEjJDQjJDgz,6.218,11.37,ok,2026-08-10T12:34:06.163075+00:00,5.008
37540110,JDQ4MTYyMiM4MSMkMSMkMCMkOTkkNTgxOTYxIzExIyQxIyQzIyQ5OSQ0NjEwMDIjNDEjJDEjJDgjJDgz,29.184,34.78,ok,2026-08-10T12:34:06.323986+00:00,18.347
37540110,JDQ4MTYyMiM4MSMkMSMkMCMkOTkkNTgxMzUxIzExIyQxIyQ3IyQ4MiQzNjEyMjIjNjEjJDEjJDgjJDgz,47.856,55.07,ok,2026-08-10T12:34:06.473656+00:00,23.723
37540110,JDQ4MTYyMiM4MSMkMSMkMCMkOTkkMzgxMzUxIzExIyQxIyQ3IyQ5OSQ0NjE0ODEjNDEjJDEjJDQjJDgz,33.623,41.35,ok,2026-08-10T12:34:06.603480+00:00,25.075
37540110,JDQ4MTYyMiM4MSMkMSMkMCMkOTIkNDgxNzAyIzExIyQxIyQzIyQ3OSQyNjEwMDIjNTEjJDEjJDIjJDgz,41.213,49.33,ok,2026-08-10T12:34:06.764386+00:00,26.772
37540310,JDQ4MTYyMiM4MSMkMSMkMCMkOTkkNTgxOTYxIzExIyQxIyQzIyQ5OSQ0NjEwMDIjNDEjJDEjJDgjJDgz,14.303,23.6,ok,2026-08-10T12:34:06.902339+00:00,7.668
37540310,JDQ4MTYyMiM4MSMkMSMkMCMkOTkkMzgxMzUxIzExIyQxIyQzIyQ5MiQ0NjE0ODEjNDEjJDEjJDQjJDgz,14.126,20.67,ok,2026-08-10T12:34:07.008658+00:00,8.707
37540310,JDQ4MTYyMiM4MSMkMSMkMCMkOTIkNDgxNzAyIzExIyQxIyQzIyQ3OSQyNjEwMDIjNTEjJDEjJDIjJDgz,26.835,37.0,ok,2026-08-10T12:34:07.149912+00:00,18.661
37540310,JDQ4MTYyMiM4MSMkMSMkMCMkOTkkNTgxOTYxIzExIyQxIyQzIyQ4OSQzNjE4MzIjNzEjJDEjJDgjJDgz,52.727,54.73,ok,2026-08-10T12:34:07.318123+00:00,23.227
37540310,JDQ4MTYyMiM4MSMkMSMkMCMkOTkkMzgxMzUxIzIxIyQxIyQ5IyQ4OSQ0NjE0ODEjNDEjJDEjJDgjJDgz,32.079,43.0,ok,2026-08-10T12:34:07.505705+00:00,23.859
37540320,JDQ4MTYyMiM4MSMkMSMkMCMkOTkkMzgxMzUxIzExIyQxIyQzIyQ5MiQ0NjE0ODEjNDEjJDEjJDQjJDgz,13.525,19.35,ok,2026-08-10T12:34:07.630584+00:00,8.955
37540320,JDQ4MTYyMiM4MSMkMSMkMCMkOTkkNTgxOTYxIzExIyQxIyQzIyQ5OSQ0NjEwMDIjNDEjJDEjJDgjJDgz,35.692,42.4,ok,2026-08-10T12:34:07.772183+00:00,20.095
37540320,JDQ4MTYyMiM4MSMkMSMkMCMkOTkkMzgxMzUxIzIxIyQxIyQ5IyQ4OSQ0NjE0ODEjNDEjJDEjJDgjJDgz,60.262,67.68,ok,2026-08-10T12:34:07.979382+00:00,29.112
37540320,JDQ4MTYyMiM4MSMkMSMkMCMkOTkkNTgxMzUxIzIxIyQxIyQxIyQ4MiQzNjEyMjIjNTEjJDEjJDIjJDgz,49.279,64.15,ok,2026-08-10T12:34:08.158904+00:00,29.581
37540320,JDQ4MTYyMiM4MSMkMSMkMCMkOTkkNTgxOTYxIzExIyQxIyQzIyQ4OSQzNjEwMDIjNDEjJDEjJDgjJDgz,43.205,57.58,ok,2026-08-10T12:34:08.315074+00:00,31.053
37540330,JDQ4MTYyMiM4MSMkMSMkMCMkOTkkMzgxMzUxIzExIyQxIyQzIyQ5MiQ0NjE0ODEjNDEjJDEjJDQjJDgz,13.961,27.65,ok,2026-08-10T12:34:08.445488+00:00,10.942
37540330,JDQ4MTYyMiM4MSMkMSMkMCMkOTkkNTgxOTYxIzExIyQxIyQzIyQ5OSQ0NjEwMDIjNDEjJDEjJDgjJDgz,38.71,49.77,ok,2026-08-10T12:34:08.588027+00:00,26.568
37540330,JDQ4MTYyMiM4MSMkMSMkMCMkOTkkNTgxMzUxIzExIyQxIyQ3IyQ4MiQzNjEyMjIjNjEjJDEjJDgjJDgz,49.197,70.25,ok,2026-08-10T12:34:08.734514+00:00,28.983
37540330,JDQ4MTYyMiM4MSMkMSMkMCMkOTkkMzgxMzUxIzExIyQxIyQ3IyQ4MiQyNjE0ODEjNTEjJDEjJDYjJDgz,63.016,91.47,ok,2026-08-10T12:34:08.904778+00:00,36.02
37540330,JDQ4MTYyMiM4MSMkMSMkMCMkOTkkNTgxMzUxIzIxIyQxIyQxIyQ3OSQyNjEyMjIjNjEjJDEjJDgjJDgz,63.016,91.47,ok,2026-08-10T12:34:09.059445+00:00,36.02
37540340,JDQ4MTYyMiM4MSMkMSMkMCMkOTkkMzgxMzUxIzExIyQxIyQzIyQ5MiQ0NjE0ODEjNDEjJDEjJDQjJDgz,22.068,34.08,ok,2026-08-10T12:34:09.190276+00:00,16.713
37540340,JDQ4MTYyMiM4MSMkMSMkMCMkOTkkNTgxMzUxIzExIyQxIyQ3IyQ4MiQzNjEyMjIjNjEjJDEjJDgjJDgz,40.926,56.57,ok,2026-08-10T12:34:09.330786+00:00,22.521
37540340,JDQ4MTYyMiM4MSMkMSMkMCMkOTkkNTgxMzUxIzIxIyQxIyQxIyQ3OSQyNjEyMjIjNjEjJDEjJDgjJDgz,59.351,67.55,ok,2026-08-10T12:34:09.465369+00:00,28.283
37540340,JDQ4MTYyMiM4MSMkMSMkMCMkOTkkMzgxMzUxIzExIyQxIyQ3IyQ4MiQyNjE0ODEjNTEjJDEjJDYjJDgz,59.351,67.55,ok,2026-08-10T12:34:09.606239+00:00,28.283
37540340,JDQ4MTYyMiM4MSMkMSMkMCMkOTkkNTgxOTYxIzExIyQxIyQzIyQ5OSQ0NjEwMDIjNDEjJDEjJDgjJDgz,46.817,56.43,ok,2026-08-10T12:34:09.726094+00:00,32.952
37540350,JDQ4MTYyMiM4MSMkMSMkMCMkOTkkMzgxMzUxIzExIyQxIyQzIyQ5MiQ0NjE0ODEjNDEjJDEjJDQjJDgz,20.958,27.93,estimated_no_road_origin,2026-08-10T12:34:09.825682+00:00,12.918
37540350,JDQ4MTYyMiM4MSMkMSMkMCMkOTkkNTgxOTYxIzExIyQxIyQzIyQ5OSQ0NjEwMDIjNDEjJDEjJDgjJDgz,21.427,28.56,estimated_no_road_origin,2026-08-10T12:34:09.932122+00:00,13.207
37540350,JDQ4MTYyMiM4MSMkMSMkMCMkOTIkNDgxNzAyIzExIyQxIyQzIyQ3OSQyNjEwMDIjNTEjJDEjJDIjJDgz,28.294,37.71,estimated_no_road_origin,2026-08-10T12:34:10.019802+00:00,17.44
37540350,JDQ4MTYyMiM4MSMkMSMkMCMkOTkkMzgxMzUxIzExIyQxIyQ3IyQ5OSQ0NjE0ODEjNDEjJDEjJDQjJDgz,33.809,45.06,estimated_no_road_origin,2026-08-10T12:34:10.137623+00:00,20.839
37540350,JDQ4MTYyMiM4MSMkMSMkMCMkOTkkNTgxMzUxIzIxIyQxIyQ1IyQ4MiQzNjE4MzIjNzEjJDEjJDgjJDgz,39.308,52.39,estimated_no_road_origin,2026-08-10T12:34:10.234110+00:00,24.229
37550110,JDQ4MTYyMiM4MSMkMSMkMCMkOTkkNTgxMzUxIzIxIyQxIyQ1IyQ4MiQzNjE4MzIjNzEjJDEjJDgjJDgz,3.681,7.62,ok,2026-08-10T12:34:10.331513+00:00,3.265
37550110,JDQ4MTYyMiM4MSMkMSMkMCMkOTkkNTgxMzUxIzIxIyQxIyQ1IyQ2MiQzNjE0ODEjODEjJDEjJDIjJDgz,6.186,10.32,ok,2026-08-10T12:34:10.458783+00:00,4.075
37550110,JDQ4MTYyMiM4MSMkMSMkMCMkOTkkMzgxMzUxIzExIyQxIyQ3IyQ5OSQ0NjE0ODEjNDEjJDEjJDQjJDgz,12.177,13.33,ok,2026-08-10T12:34:10.594916+00:00,9.81
37550110,JDQ4MTYyMiM4MSMkMSMkMCMkOTkkNTgxMzUxIzIxIyQyIyQxIyQwMCQzNjE0ODEjNjEjJDEjJDAjJDgz,35.84,36.95,ok,2026-08-10T12:34:10.774785+00:00,23.433
37550110,JDQ4MTYyMiM4MSMkMSMkMCMkOTkkNTgxMzUxIzExIyQxIyQ3IyQ4MiQzNjEyMjIjNjEjJDEjJDgjJDgz,31.013,30.18,ok,2026-08-10T12:34:10.899626+00:00,27.365
37550310,JDQ4MTYyMiM4MSMkMSMkMCMkOTkkNTgxMzUxIzIxIyQxIyQ1IyQ2MiQzNjE0ODEjODEjJDEjJDIjJDgz,4.023,7.58,ok,2026-08-10T12:34:11.005978+00:00,2.22
37550310,JDQ4MTYyMiM4MSMkMSMkMCMkOTkkNTgxMzUxIzIxIyQxIyQ1IyQ4MiQzNjE4MzIjNzEjJDEjJDgjJDgz,4.825,9.15,ok,2026-08-10T12:34:11.119253+00:00,3.039
37550310,JDQ4MTYyMiM4MSMkMSMkMCMkOTkkMzgxMzUxIzExIyQxIyQ3IyQ5OSQ0NjE0ODEjNDEjJDEjJDQjJDgz,19.016,18.12,ok,2026-08-10T12:34:11.259433+00:00,16.104
37550310,JDQ4MTYyMiM4MSMkMSMkMCMkOTkkNTgxMzUxIzIxIyQyIyQxIyQwMCQzNjE0ODEjNjEjJDEjJDAjJDgz,20.49,30.28,ok,2026-08-10T12:34:11.480110+00:00,17.149
37550310,JDQ4MTYyMiM4MSMkMSMkMCMkOTkkNTgxMzUxIzExIyQxIyQ3IyQ4OSQyNjE0ODEjNDEjJDEjJDgjJDgz,35.773,34.0,ok,2026-08-10T12:34:11.616891+00:00,26.797
37550320,JDQ4MTYyMiM4MSMkMSMkMCMkOTkkNTgxMzUxIzIxIyQyIyQxIyQwMCQzNjE0ODEjNjEjJDEjJDAjJDgz,12.162,16.24,estimated_no_road_origin,2026-08-10T12:34:11.740258+00:00,9.496
37550320,JDQ4MTYyMiM4MSMkMSMkMCMkOTkkNTgxMzUxIzIxIyQxIyQ1IyQ2MiQzNjE0ODEjODEjJDEjJDIjJDgz,13.158,17.57,estimated_no_road_origin,2026-08-10T12:34:11.841544+00:00,10.274
37550320,JDQ4MTYyMiM4MSMkMSMkMCMkOTkkNTgxMzUxIzIxIyQxIyQ1IyQ4MiQzNjE4MzIjNzEjJDEjJDgjJDgz,14.16,18.91,estimated_no_road_origin,2026-08-10T12:34:11.946502+00:00,11.056
37550320,JDQ4MTYyMiM4MSMkMSMkMCMkOTkkNTgxMzUxIzExIyQxIyQ3IyQ4OSQyNjE0ODEjNDEjJDEjJDgjJDgz,24.435,32.63,estimated_no_road_origin,2026-08-10T12:34:12.035950+00:00,19.079
37550320,JDQ4MTYyMiM4MSMkMSMkMCMkOTkkNTgxMzUxIzIxIyQxIyQxIyQwMyQyNjE4MzIjNTEjJDEjJDIjJDgz,26.478,35.35,estimated_no_road_origin,2026-08-10T12:34:12.148519+00:00,20.674
37550330,JDQ4MTYyMiM4MSMkMSMkMCMkOTkkNTgxMzUxIzIxIyQxIyQ1IyQ2MiQzNjE0ODEjODEjJDEjJDIjJDgz,12.172,16.25,estimated_no_road_origin,2026-08-10T12:34:12.258807+00:00,9.504
37550330,JDQ4MTYyMiM4MSMkMSMkMCMkOTkkNTgxMzUxIzIxIyQxIyQ1IyQ4MiQzNjE4MzIjNzEjJDEjJDgjJDgz,12.488,16.67,estimated_no_road_origin,2026-08-10T12:34:12.376693+00:00,9.751
37550330,JDQ4MTYyMiM4MSMkMSMkMCMkOTkkNTgxMzUxIzIxIyQyIyQxIyQwMCQzNjE0ODEjNjEjJDEjJDAjJDgz,22.312,29.79,estimated_no_road_origin,2026-08-10T12:34:12.479419+00:00,17.421
37550330,JDQ4MTYyMiM4MSMkMSMkMCMkOTkkMzgxMzUxIzExIyQxIyQ3IyQ5OSQ0NjE0ODEjNDEjJDEjJDQjJDgz,25.96,34.66,estimated_no_road_origin,2026-08-10T12:34:12.591603+00:00,20.27
37550330,JDQ4MTYyMiM4MSMkMSMkMCMkOTIkNDgxNzAyIzExIyQxIyQzIyQ3OSQyNjEwMDIjNTEjJDEjJDIjJDgz,26.533,35.43,estimated_no_road_origin,2026-08-10T12:34:12.693442+00:00,20.717
37550340,JDQ4MTYyMiM4MSMkMSMkMCMkOTkkNTgxMzUxIzIxIyQxIyQ1IyQ4MiQzNjE4MzIjNzEjJDEjJDgjJDgz,16.016,21.38,estimated_no_road_origin,2026-08-10T12:34:12.781355+00:00,12.505
37550340,JDQ4MTYyMiM4MSMkMSMkMCMkOTkkNTgxMzUxIzIxIyQxIyQ1IyQ2MiQzNjE0ODEjODEjJDEjJDIjJDgz,16.583,22.14,estimated_no_road_origin,2026-08-10T12:34:12.882475+00:00,12.948
37550340,JDQ4MTYyMiM4MSMkMSMkMCMkOTkkMzgxMzUxIzExIyQxIyQ3IyQ5OSQ0NjE0ODEjNDEjJDEjJDQjJDgz,19.965,26.66,estimated_no_road_origin,2026-08-10T12:34:12.993863+00:00,15.589
37550340,JDQ4MTYyMiM4MSMkMSMkMCMkOTIkNDgxNzAyIzExIyQxIyQzIyQ3OSQyNjEwMDIjNTEjJDEjJDIjJDgz,22.719,30.33,estimated_no_road_origin,2026-08-10T12:34:13.100882+00:00,17.739
37550340,JDQ4MTYyMiM4MSMkMSMkMCMkOTkkNTgxOTYxIzExIyQxIyQzIyQ5OSQ0NjEwMDIjNDEjJDEjJDgjJDgz,27.586,36.83,estimated_no_road_origin,2026-08-10T12:34:13.210515+00:00,21.539
37550350,JDQ4MTYyMiM4MSMkMSMkMCMkOTkkMzgxMzUxIzExIyQxIyQ3IyQ5OSQ0NjE0ODEjNDEjJDEjJDQjJDgz,6.505,11.45,ok,2026-08-10T12:34:13.335891+00:00,3.61
37550350,JDQ4MTYyMiM4MSMkMSMkMCMkOTkkNTgxMzUxIzIxIyQxIyQ1IyQ4MiQzNjE4MzIjNzEjJDEjJDgjJDgz,11.857,18.5,ok,2026-08-10T12:34:13.444119+00:00,9.693
37550350,JDQ4MTYyMiM4MSMkMSMkMCMkOTkkNTgxMzUxIzIxIyQxIyQ1IyQ2MiQzNjE0ODEjODEjJDEjJDIjJDgz,13.481,18.0,ok,2026-08-10T12:34:13.566881+00:00,10.526
37550350,JDQ4MTYyMiM4MSMkMSMkMCMkOTkkNTgxMzUxIzExIyQxIyQ3IyQ4MiQzNjEyMjIjNjEjJDEjJDgjJDgz,25.343,29.0,ok,2026-08-10T12:34:13.683721+00:00,20.993
37550350,JDQ4MTYyMiM4MSMkMSMkMCMkOTkkNTgxMzUxIzIxIyQyIyQxIyQwMCQzNjE0ODEjNjEjJDEjJDAjJDgz,43.135,44.68,ok,2026-08-10T12:34:13.917535+00:00,29.876
37550360,JDQ4MTYyMiM4MSMkMSMkMCMkOTkkMzgxMzUxIzExIyQxIyQ3IyQ5OSQ0NjE0ODEjNDEjJDEjJDQjJDgz,7.736,10.33,estimated_no_road_origin,2026-08-10T12:34:14.026753+00:00,6.04
37550360,JDQ4MTYyMiM4MSMkMSMkMCMkOTkkNTgxMzUxIzIxIyQxIyQ1IyQ4MiQzNjE4MzIjNzEjJDEjJDgjJDgz,17.957,23.98,estimated_no_road_origin,2026-08-10T12:34:14.130097+00:00,14.021
37550360,JDQ4MTYyMiM4MSMkMSMkMCMkOTkkNTgxMzUxIzIxIyQxIyQ1IyQ2MiQzNjE0ODEjODEjJDEjJDIjJDgz,19.02,25.4,estimated_no_road_origin,2026-08-10T12:34:14.241297+00:00,14.851
37550360,JDQ4MTYyMiM4MSMkMSMkMCMkOTkkNTgxMzUxIzExIyQxIyQ3IyQ4MiQzNjEyMjIjNjEjJDEjJDgjJDgz,24.03,32.09,estimated_no_road_origin,2026-08-10T12:34:14.365014+00:00,18.763
37550360,JDQ4MTYyMiM4MSMkMSMkMCMkOTkkMzgxMzUxIzExIyQxIyQzIyQ5MiQ0NjE0ODEjNDEjJDEjJDQjJDgz,31.21,41.67,estimated_no_road_origin,2026-08-10T12:34:14.467902+00:00,24.369
37550370,JDQ4MTYyMiM4MSMkMSMkMCMkOTkkNTgxMzUxIzExIyQxIyQ3IyQ4MiQzNjEyMjIjNjEjJDEjJDgjJDgz,11.662,15.57,estimated_no_road_origin,2026-08-10T12:34:14.578198+00:00,9.106
37550370,JDQ4MTYyMiM4MSMkMSMkMCMkOTkkMzgxMzUxIzExIyQxIyQ3IyQ5OSQ0NjE0ODEjNDEjJDEjJDQjJDgz,12.155,16.23,estimated_no_road_origin,2026-08-10T12:34:14.683234+00:00,9.491
37550370,JDQ4MTYyMiM4MSMkMSMkMCMkOTkkNTgxMzUxIzIxIyQxIyQ1IyQ4MiQzNjE4MzIjNzEjJDEjJDgjJDgz,28.435,37.97,estimated_no_road_origin,2026-08-10T12:34:14.772703+00:00,22.202
37550370,JDQ4MTYyMiM4MSMkMSMkMCMkOTkkNTgxMzUxIzIxIyQxIyQ1IyQ2MiQzNjE0ODEjODEjJDEjJDIjJDgz,29.506,39.4,estimated_no_road_origin,2026-08-10T12:34:14.879392+00:00,23.038
37550370,JDQ4MTYyMiM4MSMkMSMkMCMkOTkkMzgxMzUxIzExIyQxIyQzIyQ5MiQ0NjE0ODEjNDEjJDEjJDQjJDgz,31.648,42.26,estimated_no_road_origin,2026-08-10T12:34:14.973686+00:00,24.711
37550380,JDQ4MTYyMiM4MSMkMSMkMCMkOTkkMzgxMzUxIzExIyQxIyQ3IyQ5OSQ0NjE0ODEjNDEjJDEjJDQjJDgz,16.546,22.09,estimated_no_road_origin,2026-08-10T12:34:15.086408+00:00,12.919
37550380,JDQ4MTYyMiM4MSMkMSMkMCMkOTkkNTgxMzUxIzExIyQxIyQ3IyQ4MiQzNjEyMjIjNjEjJDEjJDgjJDgz,19.311,25.78,estimated_no_road_origin,2026-08-10T12:34:15.187746+00:00,15.078
37550380,JDQ4MTYyMiM4MSMkMSMkMCMkOTkkMzgxMzUxIzExIyQxIyQzIyQ5MiQ0NjE0ODEjNDEjJDEjJDQjJDgz,22.184,29.62,estimated_no_road_origin,2026-08-10T12:34:15.297914+00:00,17.321
37550380,JDQ4MTYyMiM4MSMkMSMkMCMkOTkkNTgxMzUxIzIxIyQxIyQ1IyQ4MiQzNjE4MzIjNzEjJDEjJDgjJDgz,28.997,38.72,estimated_no_road_origin,2026-08-10T12:34:15.405554+00:00,22.641
37550380,JDQ4MTYyMiM4MSMkMSMkMCMkOTkkNTgxMzUxIzIxIyQxIyQ1IyQ2MiQzNjE0ODEjODEjJDEjJDIjJDgz,30.045,40.12,estimated_no_road_origin,2026-08-10T12:34:15.518534+00:00,23.459
37560110,JDQ4MTYyMiM4MSMkMSMkMCMkOTkkMzgxMzUxIzExIyQxIyQzIyQ3MiQzNjE0ODEjNTEjJDEjJDIjJDgz,4.325,10.0,ok,2026-08-10T12:34:15.636280+00:00,2.681
37560110,JDQ4MTYyMiM4MSMkMSMkMCMkOTkkNTgxMzUxIzExIyQxIyQzIyQ5OSQyNjEyMjIjODEjJDEjJDIjJDgz,4.325,10.0,ok,2026-08-10T12:34:15.731844+00:00,2.681
37560110,JDQ4MTYyMiM4MSMkMSMkMCMkOTkkNTgxOTYxIzExIyQxIyQzIyQ5OSQzNjEyMjIjNjEjJDEjJDgjJDgz,4.487,9.48,ok,2026-08-10T12:34:15.857030+00:00,3.219
37560110,JDQ4MTYyMiM4MSMkMSMkMCMkOTkkNTgxOTYxIzExIyQxIyQzIyQ2MiQyNjE4MzIjNjEjJDEjJDgjJDgz,6.359,14.3,ok,2026-08-10T12:34:15.978498+00:00,4.806
37560110,JDQ4MTYyMiM4MSMkMSMkMCMkOTkkMzgxMzUxIzIxIyQxIyQ5IyQxMyQ0NjEwMDIjODEjJDEjJDIjJDgz,21.732,30.28,ok,2026-08-10T12:34:16.126925+00:00,13.037
37560120,JDQ4MTYyMiM4MSMkMSMkMCMkOTkkNTgxOTYxIzExIyQxIyQzIyQ2MiQyNjE4MzIjNjEjJDEjJDgjJDgz,1.619,3.82,ok,2026-08-10T12:34:16.254646+00:00,0.769
37560120,JDQ4MTYyMiM4MSMkMSMkMCMkOTkkNTgxOTYxIzExIyQxIyQzIyQ5OSQzNjEyMjIjNjEjJDEjJDgjJDgz,3.639,8.0,ok,2026-08-10T12:34:16.365676+00:00,2.575
37560120,JDQ4MTYyMiM4MSMkMSMkMCMkOTkkMzgxMzUxIzExIyQxIyQzIyQ3MiQzNjE0ODEjNTEjJDEjJDIjJDgz,3.601,7.83,ok,2026-08-10T12:34:16.480967+00:00,2.901
37560120,JDQ4MTYyMiM4MSMkMSMkMCMkOTkkNTgxMzUxIzExIyQxIyQzIyQ5OSQyNjEyMjIjODEjJDEjJDIjJDgz,3.601,7.83,ok,2026-08-10T12:34:16.580376+00:00,2.901
37560120,JDQ4MTYyMiM4MSMkMSMkMCMkOTkkMzgxMzUxIzIxIyQxIyQ5IyQxMyQ0NjEwMDIjODEjJDEjJDIjJDgz,19.212,25.48,ok,2026-08-10T12:34:16.737447+00:00,10.543
37560310,JDQ4MTYyMiM4MSMkMSMkMCMkOTkkMzgxMzUxIzExIyQxIyQzIyQ3MiQzNjE0ODEjNTEjJDEjJDIjJDgz,12.806,18.2,ok,2026-08-10T12:34:16.863201+00:00,8.106
37560310,JDQ4MTYyMiM4MSMkMSMkMCMkOTkkNTgxMzUxIzExIyQxIyQzIyQ5OSQyNjEyMjIjODEjJDEjJDIjJDgz,12.806,18.2,ok,2026-08-10T12:34:17.012365+00:00,8.106
37560310,JDQ4MTYyMiM4MSMkMSMkMCMkOTkkNTgxOTYxIzExIyQxIyQzIyQ2MiQyNjE4MzIjNjEjJDEjJDgjJDgz,14.84,22.5,ok,2026-08-10T12:34:17.147039+00:00,8.76
37560310,JDQ4MTYyMiM4MSMkMSMkMCMkOTkkNTgxOTYxIzExIyQxIyQzIyQ5OSQzNjEyMjIjNjEjJDEjJDgjJDgz,13.818,21.52,ok,2026-08-10T12:34:17.284198+00:00,8.847
37560310,JDQ4MTYyMiM4MSMkMSMkMCMkOTkkNTgxMzUxIzExIyQxIyQzIyQ3MiQzNjE4MzIjNDEjJDEjJDgjJDgz,14.664,22.12,ok,2026-08-10T12:34:17.410896+00:00,12.884
37560320,JDQ4MTYyMiM4MSMkMSMkMCMkOTkkNTgxMzUxIzExIyQxIyQzIyQ3MiQzNjE4MzIjNDEjJDEjJDgjJDgz,15.444,24.95,ok,2026-08-10T12:34:17.529789+00:00,8.148
37560320,JDQ4MTYyMiM4MSMkMSMkMCMkOTkkNTgxMzUxIzIxIyQxIyQ1IyQ4OSQyNjEyMjIjNDEjJDEjJDQjJDgz,17.292,27.62,ok,2026-08-10T12:34:17.665449+00:00,8.57
37560320,JDQ4MTYyMiM4MSMkMSMkMCMkOTkkNTgxMzUxIzIxIyQyIyQxIyQwMCQzNjE4MzIjODEjJDEjJDYjJDgz,16.929,26.92,ok,2026-08-10T12:34:17.812543+00:00,8.845
37560320,JDQ4MTYyMiM4MSMkMSMkMCMkOTkkNTgxMzUxIzExIyQxIyQzIyQ5OSQyNjEyMjIjODEjJDEjJDIjJDgz,17.66,23.02,ok,2026-08-10T12:34:17.946699+00:00,14.437
37560320,JDQ4MTYyMiM4MSMkMSMkMCMkOTkkMzgxMzUxIzExIyQxIyQzIyQ3MiQzNjE0ODEjNTEjJDEjJDIjJDgz,17.66,23.02,ok,2026-08-10T12:34:18.082453+00:00,14.437
37560330,JDQ4MTYyMiM4MSMkMSMkMCMkOTkkNTgxMzUxIzExIyQxIyQzIyQ3MiQzNjE4MzIjNDEjJDEjJDgjJDgz,2.017,5.32,ok,2026-08-10T12:34:18.178214+00:00,1.606
37560330,JDQ4MTYyMiM4MSMkMSMkMCMkOTkkNTgxMzUxIzIxIyQxIyQ1IyQ4OSQyNjEyMjIjNDEjJDEjJDQjJDgz,3.865,7.98,ok,2026-08-10T12:34:18.298207+00:00,2.224
37560330,JDQ4MTYyMiM4MSMkMSMkMCMkOTkkNTgxMzUxIzIxIyQyIyQxIyQwMCQzNjE4MzIjODEjJDEjJDYjJDgz,3.502,7.28,ok,2026-08-10T12:34:18.417743+00:00,2.833
37560330,JDQ4MTYyMiM4MSMkMSMkMCMkOTkkNTgxMzUxIzExIyQxIyQzIyQ5OSQyNjEyMjIjODEjJDEjJDIjJDgz,19.841,29.72,ok,2026-08-10T12:34:18.551879+00:00,15.067
37560330,JDQ4MTYyMiM4MSMkMSMkMCMkOTkkMzgxMzUxIzExIyQxIyQzIyQ3MiQzNjE0ODEjNTEjJDEjJDIjJDgz,19.841,29.72,ok,2026-08-10T12:34:18.695129+00:00,15.067
37560340,JDQ4MTYyMiM4MSMkMSMkMCMkOTkkMzgxMzUxIzExIyQxIyQzIyQ3MiQzNjE0ODEjNTEjJDEjJDIjJDgz,10.381,16.67,ok,2026-08-10T12:34:18.828595+00:00,8.098
37560340,JDQ4MTYyMiM4MSMkMSMkMCMkOTkkNTgxMzUxIzExIyQxIyQzIyQ5OSQyNjEyMjIjODEjJDEjJDIjJDgz,10.381,16.67,ok,2026-08-10T12:34:18.951517+00:00,8.098
37560340,JDQ4MTYyMiM4MSMkMSMkMCMkOTkkNTgxMzUxIzExIyQxIyQzIyQ3MiQzNjE4MzIjNDEjJDEjJDgjJDgz,18.071,27.2,ok,2026-08-10T12:34:19.088316+00:00,8.485
37560340,JDQ4MTYyMiM4MSMkMSMkMCMkOTkkNTgxOTYxIzExIyQxIyQzIyQ5OSQzNjEyMjIjNjEjJDEjJDgjJDgz,11.393,20.0,ok,2026-08-10T12:34:19.212030+00:00,8.714
37560340,JDQ4MTYyMiM4MSMkMSMkMCMkOTkkNTgxMzUxIzIxIyQxIyQ1IyQ4OSQyNjEyMjIjNDEjJDEjJDQjJDgz,19.919,29.87,ok,2026-08-10T12:34:19.364555+00:00,9.104
37560350,JDQ4MTYyMiM4MSMkMSMkMCMkOTkkNTgxMzUxIzExIyQxIyQ3IyQ4MiQzNjEwMDIjODEjJDEjJDIjJDgz,11.916,18.32,ok,2026-08-10T12:34:19.477178+00:00,7.554
37560350,JDQ4MTYyMiM4MSMkMSMkMCMkOTkkMzgxMzUxIzIxIyQxIyQ5IyQxMyQ0NjEwMDIjODEjJDEjJDIjJDgz,16.928,24.85,ok,2026-08-10T12:34:19.573257+00:00,11.283
37560350,JDQ4MTYyMiM4MSMkMSMkMCMkOTkkNTgxMzUxIzIxIyQxIyQ1IyQ4OSQyNjE0ODEjNTEjJDEjJDYjJDgz,37.293,48.18,ok,2026-08-10T12:34:19.740024+00:00,15.153
37560350,JDQ4MTYyMiM4MSMkMSMkMCMkOTkkNTgxMzUxIzExIyQxIyQzIyQ5OSQyNjE0ODEjNDEjJDEjJDgjJDgz,35.771,49.42,ok,2026-08-10T12:34:19.932854+00:00,21.486
37560350,JDQ4MTYyMiM4MSMkMSMkMCMkOTkkNTgxOTYxIzExIyQxIyQzIyQ5OSQzNjEyMjIjNjEjJDEjJDgjJDgz,34.916,47.77,ok,2026-08-10T12:34:20.104877+00:00,21.871
37560360,JDQ4MTYyMiM4MSMkMSMkMCMkOTkkNTgxMzUxIzExIyQxIyQ3IyQ4MiQzNjEwMDIjODEjJDEjJDIjJDgz,1.178,1.38,ok,2026-08-10T12:34:20.222763+00:00,1.109
37560360,JDQ4MTYyMiM4MSMkMSMkMCMkOTkkMzgxMzUxIzIxIyQxIyQ5IyQxMyQ0NjEwMDIjODEjJDEjJDIjJDgz,6.19,7.95,ok,2026-08-10T12:34:20.326490+00:00,4.828
37560360,JDQ4MTYyMiM4MSMkMSMkMCMkOTkkNTgxOTYxIzExIyQxIyQzIyQ5OSQzNjEyMjIjNjEjJDEjJDgjJDgz,24.178,31.72,ok,2026-08-10T12:34:20.473973+00:00,14.957
37560360,JDQ4MTYyMiM4MSMkMSMkMCMkOTkkNTgxOTYxIzExIyQxIyQzIyQ2MiQyNjE4MzIjNjEjJDEjJDgjJDgz,24.966,32.45,ok,2026-08-10T12:34:20.617839+00:00,15.335
37560360,JDQ4MTYyMiM4MSMkMSMkMCMkOTkkMzgxMzUxIzExIyQxIyQzIyQ3MiQzNjE0ODEjNTEjJDEjJDIjJDgz,23.964,31.18,ok,2026-08-10T12:34:20.762520+00:00,15.706
37560370,JDQ4MTYyMiM4MSMkMSMkMCMkOTkkMzgxMzUxIzIxIyQxIyQ5IyQxMyQ0NjEwMDIjODEjJDEjJDIjJDgz,7.136,17.42,ok,2026-08-10T12:34:21.029447+00:00,2.829
37560370,JDQ4MTYyMiM4MSMkMSMkMCMkOTkkNTgxMzUxIzExIyQxIyQ3IyQ4MiQzNjEwMDIjODEjJDEjJDIjJDgz,12.343,25.18,ok,2026-08-10T12:34:21.158217+00:00,6.624
37560370,JDQ4MTYyMiM4MSMkMSMkMCMkOTkkNTgxOTYxIzExIyQxIyQzIyQ5OSQzNjEyMjIjNjEjJDEjJDgjJDgz,13.545,33.05,ok,2026-08-10T12:34:21.301349+00:00,7.847
37560370,JDQ4MTYyMiM4MSMkMSMkMCMkOTkkNTgxOTYxIzExIyQxIyQzIyQ2MiQyNjE4MzIjNjEjJDEjJDgjJDgz,14.325,33.68,ok,2026-08-10T12:34:21.444053+00:00,7.977
37560370,JDQ4MTYyMiM4MSMkMSMkMCMkOTkkMzgxMzUxIzExIyQxIyQzIyQ3MiQzNjE0ODEjNTEjJDEjJDIjJDgz,13.726,30.18,ok,2026-08-10T12:34:21.570720+00:00,8.626
37570120,JDQ4MTYyMiM4MSMkMSMkMCMkOTkkNTgxMzUxIzExIyQxIyQzIyQ4OSQ0NjEwMDIjODEjJDEjJDIjJDgz,1.488,5.7,ok,2026-08-10T12:34:21.673870+00:00,1.373
37570120,JDQ4MTYyMiM4MSMkMSMkMCMkOTkkMzgxMzUxIzExIyQxIyQzIyQ4MiQyNjE0ODEjNzEjJDEjJDgjJDgz,1.515,5.83,ok,2026-08-10T12:34:21.794417+00:00,1.388
37570120,JDQ4MTYyMiM4MSMkMSMkMCMkOTkkNTgxMzUxIzIxIyQxIyQ1IyQ2MiQzNjEyMjIjNjEjJDEjJDAjJDgz,21.272,32.65,ok,2026-08-10T12:34:22.171306+00:00,19.029
37570120,JDQ4MTYyMiM4MSMkMSMkMCMkOTkkMzgxMzUxIzExIyQxIyQ3IyQ3OSQzNjEyMjIjODEjJDEjJDYjJDgz,34.989,37.03,ok,2026-08-10T12:34:22.346849+00:00,21.252
37570120,JDQ4MTYyMiM4MSMkMSMkMCMkOTkkNTgxMzUxIzIxIyQxIyQ1IyQ2MiQzNjEwMDIjNjEjJDEjJDgjJDgz,29.809,37.67,ok,2026-08-10T12:34:22.490328+00:00,21.324
37570310,JDQ4MTYyMiM4MSMkMSMkMCMkOTkkNTgxMzUxIzExIyQxIyQzIyQ4OSQ0NjEwMDIjODEjJDEjJDIjJDgz,10.87,20.9,ok,2026-08-10T12:34:22.617665+00:00,8.457
37570310,JDQ4MTYyMiM4MSMkMSMkMCMkOTkkMzgxMzUxIzExIyQxIyQzIyQ4MiQyNjE0ODEjNzEjJDEjJDgjJDgz,10.897,21.03,ok,2026-08-10T12:34:22.720642+00:00,8.494
37570310,JDQ4MTYyMiM4MSMkMSMkMCMkOTkkMzgxMzUxIzExIyQxIyQ3IyQ3OSQzNjEyMjIjODEjJDEjJDYjJDgz,25.094,34.85,ok,2026-08-10T12:34:22.888715+00:00,16.878
37570310,JDQ4MTYyMiM4MSMkMSMkMCMkOTkkNTgxOTYxIzExIyQxIyQzIyQ5OSQzNjEwMDIjODEjJDEjJDIjJDgz,25.634,36.3,ok,2026-08-10T12:34:23.061733+00:00,17.123
37570310,JDQ4MTYyMiM4MSMkMSMkMCMkOTkkNTgxMzUxIzIxIyQxIyQ1IyQ2MiQzNjEwMDIjNjEjJDEjJDgjJDgz,25.895,37.4,ok,2026-08-10T12:34:23.248407+00:00,17.138
37570320,JDQ4MTYyMiM4MSMkMSMkMCMkOTkkNTgxMzUxIzExIyQxIyQzIyQ4OSQ0NjEwMDIjODEjJDEjJDIjJDgz,7.114,10.32,ok,2026-08-10T12:34:23.348758+00:00,6.285
37570320,JDQ4MTYyMiM4MSMkMSMkMCMkOTkkMzgxMzUxIzExIyQxIyQzIyQ4MiQyNjE0ODEjNzEjJDEjJDgjJDgz,7.141,10.45,ok,2026-08-10T12:34:23.462767+00:00,6.311
37570320,JDQ4MTYyMiM4MSMkMSMkMCMkOTkkNTgxMzUxIzIxIyQxIyQ1IyQ2MiQzNjEyMjIjNjEjJDEjJDAjJDgz,15.364,24.38,ok,2026-08-10T12:34:23.854297+00:00,12.055
37570320,JDQ4MTYyMiM4MSMkMSMkMCMkOTkkNTgxMzUxIzIxIyQxIyQ1IyQ2MiQzNjEwMDIjNjEjJDEjJDgjJDgz,26.34,31.95,ok,2026-08-10T12:34:23.997151+00:00,15.068
37570320,JDQ4MTYyMiM4MSMkMSMkMCMkOTkkMzgxMzUxIzExIyQxIyQ3IyQ3OSQzNjEyMjIjODEjJDEjJDYjJDgz,32.488,32.3,ok,2026-08-10T12:34:24.150705+00:00,15.102
37570330,JDQ4MTYyMiM4MSMkMSMkMCMkOTkkMzgxMzUxIzExIyQxIyQzIyQ4MiQyNjE0ODEjNzEjJDEjJDgjJDgz,10.543,13.27,ok,2026-08-10T12:34:24.268666+00:00,8.141
37570330,JDQ4MTYyMiM4MSMkMSMkMCMkOTkkNTgxMzUxIzExIyQxIyQzIyQ4OSQ0NjEwMDIjODEjJDEjJDIjJDgz,10.569,13.37,ok,2026-08-10T12:34:24.396440+00:00,8.146
37570330,JDQ4MTYyMiM4MSMkMSMkMCMkOTkkNTgxMzUxIzIxIyQxIyQ1IyQ2MiQzNjEyMjIjNjEjJDEjJDAjJDgz,22.589,26.95,ok,2026-08-10T12:34:24.746955+00:00,13.828
37570330,JDQ4MTYyMiM4MSMkMSMkMCMkOTkkNTgxMzUxIzIxIyQyIyQxIyQwMCQzNjE4MzIjODEjJDEjJDYjJDgz,53.382,64.28,ok,2026-08-10T12:34:25.229997+00:00,18.793
37570330,JDQ4MTYyMiM4MSMkMSMkMCMkOTkkNTgxMzUxIzIxIyQxIyQ1IyQ2MiQzNjEwMDIjNjEjJDEjJDgjJDgz,31.093,31.92,ok,2026-08-10T12:34:25.446511+00:00,18.939
37570340,JDQ4MTYyMiM4MSMkMSMkMCMkOTkkNTgxMzUxIzIxIyQxIyQ1IyQ2MiQzNjEyMjIjNjEjJDEjJDAjJDgz,10.827,20.07,ok,2026-08-10T12:34:25.899441+00:00,8.748
37570340,JDQ4MTYyMiM4MSMkMSMkMCMkOTkkNTgxMzUxIzExIyQxIyQ3IyQ4MiQ0NjEwMDIjNDEjJDEjJDgjJDgz,17.687,21.93,ok,2026-08-10T12:34:26.106868+00:00,11.542
37570340,JDQ4MTYyMiM4MSMkMSMkMCMkOTkkMzgxMzUxIzExIyQxIyQ3IyQ3OSQyNjEyMjIjNjEjJDEjJDgjJDgz,17.857,22.25,ok,2026-08-10T12:34:26.332013+00:00,11.659
37570340,JDQ4MTYyMiM4MSMkMSMkMCMkOTkkNTgxOTYxIzExIyQxIyQzIyQ3OSQ0NjE0ODEjODEjJDEjJDIjJDgz,18.383,23.48,ok,2026-08-10T12:34:26.561266+00:00,12.115
37570340,JDQ4MTYyMiM4MSMkMSMkMCMkOTkkNTgxMzUxIzIxIyQxIyQ1IyQ2MiQzNjEwMDIjNjEjJDEjJDgjJDgz,19.094,23.7,ok,2026-08-10T12:34:26.733996+00:00,15.679
37570350,JDQ4MTYyMiM4MSMkMSMkMCMkOTkkMzgxMzUxIzExIyQxIyQzIyQ4MiQyNjE0ODEjNzEjJDEjJDgjJDgz,12.364,20.7,ok,2026-08-10T12:34:26.837751+00:00,8.492
37570350,JDQ4MTYyMiM4MSMkMSMkMCMkOTkkNTgxMzUxIzExIyQxIyQzIyQ4OSQ0NjEwMDIjODEjJDEjJDIjJDgz,12.39,20.8,ok,2026-08-10T12:34:26.956645+00:00,8.516
37570350,JDQ4MTYyMiM4MSMkMSMkMCMkOTkkNTgxMzUxIzIxIyQyIyQxIyQwMCQzNjE4MzIjODEjJDEjJDYjJDgz,48.548,67.35,ok,2026-08-10T12:34:27.407505+00:00,17.505
37570350,JDQ4MTYyMiM4MSMkMSMkMCMkOTkkNTgxMzUxIzIxIyQxIyQ1IyQ4OSQyNjEyMjIjNDEjJDEjJDQjJDgz,48.911,68.05,ok,2026-08-10T12:34:27.830435+00:00,18.211
37570350,JDQ4MTYyMiM4MSMkMSMkMCMkOTkkNTgxMzUxIzIxIyQxIyQ1IyQ2MiQzNjEyMjIjNjEjJDEjJDAjJDgz,32.81,44.62,ok,2026-08-10T12:34:28.288687+00:00,18.339
37570360,JDQ4MTYyMiM4MSMkMSMkMCMkOTkkMzgxMzUxIzExIyQxIyQzIyQ4MiQyNjE0ODEjNzEjJDEjJDgjJDgz,14.193,19.97,ok,2026-08-10T12:34:28.405956+00:00,10.247
37570360,JDQ4MTYyMiM4MSMkMSMkMCMkOTkkNTgxMzUxIzExIyQxIyQzIyQ4OSQ0NjEwMDIjODEjJDEjJDIjJDgz,14.219,20.07,ok,2026-08-10T12:34:28.508012+00:00,10.285
37570360,JDQ4MTYyMiM4MSMkMSMkMCMkOTkkNTgxMzUxIzIxIyQyIyQxIyQwMCQzNjE4MzIjODEjJDEjJDYjJDgz,48.217,69.43,ok,2026-08-10T12:34:28.902405+00:00,20.032
37570360,JDQ4MTYyMiM4MSMkMSMkMCMkOTkkNTgxMzUxIzIxIyQxIyQ1IyQ4OSQyNjEyMjIjNDEjJDEjJDQjJDgz,48.58,70.13,ok,2026-08-10T12:34:29.307159+00:00,20.656
37570360,JDQ4MTYyMiM4MSMkMSMkMCMkOTkkNTgxMzUxIzExIyQxIyQzIyQ3MiQzNjE4MzIjNDEjJDEjJDgjJDgz,46.732,67.47,ok,2026-08-10T12:34:29.687649+00:00,21.063
37570370,JDQ4MTYyMiM4MSMkMSMkMCMkOTkkMzgxMzUxIzExIyQxIyQzIyQ4MiQyNjE0ODEjNzEjJDEjJDgjJDgz,9.527,11.4,ok,2026-08-10T12:34:29.822363+00:00,6.63
37570370,JDQ4MTYyMiM4MSMkMSMkMCMkOTkkNTgxMzUxIzExIyQxIyQzIyQ4OSQ0NjEwMDIjODEjJDEjJDIjJDgz,9.553,11.5,ok,2026-08-10T12:34:29.965345+00:00,6.649
37570370,JDQ4MTYyMiM4MSMkMSMkMCMkOTkkNTgxMzUxIzIxIyQxIyQ1IyQ2MiQzNjEyMjIjNjEjJDEjJDAjJDgz,29.224,36.4,ok,2026-08-10T12:34:30.317199+00:00,24.911
37570370,JDQ4MTYyMiM4MSMkMSMkMCMkOTkkMzgxMzUxIzExIyQxIyQ3IyQ3OSQzNjEyMjIjODEjJDEjJDYjJDgz,47.087,40.83,ok,2026-08-10T12:34:30.499422+00:00,26.989
37570370,JDQ4MTYyMiM4MSMkMSMkMCMkOTkkNTgxMzUxIzIxIyQxIyQ1IyQ2MiQzNjEwMDIjNjEjJDEjJDgjJDgz,37.728,41.33,ok,2026-08-10T12:34:30.691097+00:00,27.093
37580110,JDQ4MTYyMiM4MSMkMSMkMCMkOTkkMzgxMzUxIzExIyQxIyQ3IyQ3OSQzNjEyMjIjODEjJDEjJDYjJDgz,0.672,2.43,ok,2026-08-10T12:34:30.789584+00:00,0.535
37580110,JDQ4MTYyMiM4MSMkMSMkMCMkOTkkNTgxOTYxIzExIyQxIyQzIyQ5OSQzNjEwMDIjODEjJDEjJDIjJDgz,1.212,3.85,ok,2026-08-10T12:34:30.900431+00:00,1.015
37580110,JDQ4MTYyMiM4MSMkMSMkMCMkOTkkNTgxMzUxIzIxIyQxIyQ1IyQ2MiQzNjEwMDIjNjEjJDEjJDgjJDgz,1.473,4.97,ok,2026-08-10T12:34:31.011705+00:00,1.125
37580110,JDQ4MTYyMiM4MSMkMSMkMCMkOTkkNTgxMzUxIzExIyQxIyQzIyQxMyQyNjE0ODEjNTEjJDEjJDIjJDgz,1.688,5.1,ok,2026-08-10T12:34:31.107264+00:00,1.131
37580110,JDQ4MTYyMiM4MSMkMSMkMCMkOTkkNTgxMzUxIzExIyQxIyQ3IyQ4OSQ0NjE0ODEjNjEjJDEjJDgjJDgz,3.118,7.63,ok,2026-08-10T12:34:31.202844+00:00,2.699
37580310,JDQ4MTYyMiM4MSMkMSMkMCMkOTkkNTgxMzUxIzIxIyQxIyQ1IyQ2MiQzNjEyMjIjNjEjJDEjJDAjJDgz,3.46,11.1,ok,2026-08-10T12:34:31.555142+00:00,2.592
37580310,JDQ4MTYyMiM4MSMkMSMkMCMkOTkkNTgxMzUxIzExIyQxIyQ3IyQ4OSQ0NjE0ODEjNjEjJDEjJDgjJDgz,8.039,11.48,ok,2026-08-10T12:34:31.698412+00:00,5.337
37580310,JDQ4MTYyMiM4MSMkMSMkMCMkOTkkNTgxMzUxIzIxIyQxIyQ1IyQ2MiQzNjEwMDIjNjEjJDEjJDgjJDgz,5.854,7.22,ok,2026-08-10T12:34:31.814666+00:00,5.473
37580310,JDQ4MTYyMiM4MSMkMSMkMCMkOTkkNTgxOTYxIzExIyQxIyQzIyQ5OSQzNjEwMDIjODEjJDEjJDIjJDgz,6.193,8.48,ok,2026-08-10T12:34:31.928276+00:00,5.596
37580310,JDQ4MTYyMiM4MSMkMSMkMCMkOTkkNTgxMzUxIzExIyQxIyQzIyQxMyQyNjE0ODEjNTEjJDEjJDIjJDgz,6.365,8.57,ok,2026-08-10T12:34:32.062341+00:00,5.693
37580320,JDQ4MTYyMiM4MSMkMSMkMCMkOTkkNTgxMzUxIzIxIyQxIyQ1IyQ2MiQzNjEyMjIjNjEjJDEjJDAjJDgz,8.432,14.35,ok,2026-08-10T12:34:32.511393+00:00,5.347
37580320,JDQ4MTYyMiM4MSMkMSMkMCMkOTkkNTgxMzUxIzIxIyQxIyQ1IyQ2MiQzNjEwMDIjNjEjJDEjJDgjJDgz,16.936,19.33,ok,2026-08-10T12:34:32.641040+00:00,8.397
37580320,JDQ4MTYyMiM4MSMkMSMkMCMkOTkkNTgxOTYxIzExIyQxIyQzIyQ5OSQzNjEwMDIjODEjJDEjJDIjJDgz,12.879,21.07,ok,2026-08-10T12:34:32.778206+00:00,8.466
37580320,JDQ4MTYyMiM4MSMkMSMkMCMkOTkkMzgxMzUxIzExIyQxIyQ3IyQ3OSQzNjEyMjIjODEjJDEjJDYjJDgz,19.429,19.77,ok,2026-08-10T12:34:32.888843+00:00,8.566
37580320,JDQ4MTYyMiM4MSMkMSMkMCMkOTkkNTgxMzUxIzExIyQxIyQzIyQxMyQyNjE0ODEjNTEjJDEjJDIjJDgz,13.227,21.78,ok,2026-08-10T12:34:32.999026+00:00,8.801
37580330,JDQ4MTYyMiM4MSMkMSMkMCMkOTkkNTgxMzUxIzExIyQxIyQzIyQ4OSQ0NjEwMDIjODEjJDEjJDIjJDgz,19.062,23.12,ok,2026-08-10T12:34:33.126358+00:00,12.552
37580330,JDQ4MTYyMiM4MSMkMSMkMCMkOTkkMzgxMzUxIzExIyQxIyQzIyQ4MiQyNjE0ODEjNzEjJDEjJDgjJDgz,19.089,23.25,ok,2026-08-10T12:34:33.253222+00:00,12.591
37580330,JDQ4MTYyMiM4MSMkMSMkMCMkOTkkMzgxMzUxIzExIyQxIyQ3IyQ3OSQzNjEyMjIjODEjJDEjJDYjJDgz,20.082,25.1,ok,2026-08-10T12:34:33.389273+00:00,12.614
37580330,JDQ4MTYyMiM4MSMkMSMkMCMkOTkkNTgxOTYxIzExIyQxIyQzIyQ5OSQzNjEwMDIjODEjJDEjJDIjJDgz,20.622,26.62,ok,2026-08-10T12:34:33.509878+00:00,12.932
37580330,JDQ4MTYyMiM4MSMkMSMkMCMkOTkkNTgxMzUxIzIxIyQxIyQ1IyQ2MiQzNjEwMDIjNjEjJDEjJDgjJDgz,20.883,27.72,ok,2026-08-10T12:34:33.633657+00:00,12.97
37580340,JDQ4MTYyMiM4MSMkMSMkMCMkOTkkMzgxMzUxIzExIyQxIyQ3IyQ3OSQzNjEyMjIjODEjJDEjJDYjJDgz,17.201,22.92,ok,2026-08-10T12:34:33.763052+00:00,15.407
37580340,JDQ4MTYyMiM4MSMkMSMkMCMkOTkkNTgxOTYxIzExIyQxIyQzIyQ5OSQzNjEwMDIjODEjJDEjJDIjJDgz,17.741,24.43,ok,2026-08-10T12:34:33.895434+00:00,15.864
37580340,JDQ4MTYyMiM4MSMkMSMkMCMkOTkkNTgxMzUxIzIxIyQxIyQ1IyQ2MiQzNjEwMDIjNjEjJDEjJDgjJDgz,18.002,25.53,ok,2026-08-10T12:34:34.014302+00:00,15.955
37580340,JDQ4MTYyMiM4MSMkMSMkMCMkOTkkNTgxMzUxIzExIyQxIyQzIyQxMyQyNjE0ODEjNTEjJDEjJDIjJDgz,18.217,25.67,ok,2026-08-10T12:34:34.153253+00:00,16.015
37580340,JDQ4MTYyMiM4MSMkMSMkMCMkOTkkNTgxMzUxIzExIyQxIyQ3IyQ4OSQ0NjE0ODEjNjEjJDEjJDgjJDgz,23.537,26.65,ok,2026-08-10T12:34:34.303818+00:00,17.495
37580351,JDQ4MTYyMiM4MSMkMSMkMCMkOTkkMzgxMzUxIzExIyQxIyQ3IyQ3OSQzNjEyMjIjODEjJDEjJDYjJDgz,23.814,33.02,ok,2026-08-10T12:34:34.439940+00:00,14.626
37580351,JDQ4MTYyMiM4MSMkMSMkMCMkOTkkNTgxOTYxIzExIyQxIyQzIyQ5OSQzNjEwMDIjODEjJDEjJDIjJDgz,24.354,34.47,ok,2026-08-10T12:34:34.568761+00:00,15.104
37580351,JDQ4MTYyMiM4MSMkMSMkMCMkOTkkNTgxMzUxIzExIyQxIyQzIyQxMyQyNjE0ODEjNTEjJDEjJDIjJDgz,24.83,35.72,ok,2026-08-10T12:34:34.686397+00:00,15.115
37580351,JDQ4MTYyMiM4MSMkMSMkMCMkOTkkNTgxMzUxIzIxIyQxIyQ1IyQ2MiQzNjEwMDIjNjEjJDEjJDgjJDgz,24.615,35.57,ok,2026-08-10T12:34:34.808124+00:00,15.22
37580351,JDQ4MTYyMiM4MSMkMSMkMCMkOTkkNTgxMzUxIzExIyQxIyQ3IyQ4OSQ0NjE0ODEjNjEjJDEjJDgjJDgz,25.669,35.58,ok,2026-08-10T12:34:34.962906+00:00,16.227
37580360,JDQ4MTYyMiM4MSMkMSMkMCMkOTkkMzgxMzUxIzExIyQxIyQ3IyQ3OSQzNjEyMjIjODEjJDEjJDYjJDgz,8.093,14.0,ok,2026-08-10T12:34:35.102115+00:00,6.622
37580360,JDQ4MTYyMiM4MSMkMSMkMCMkOTkkNTgxOTYxIzExIyQxIyQzIyQ5OSQzNjEwMDIjODEjJDEjJDIjJDgz,8.633,15.5,ok,2026-08-10T12:34:35.234516+00:00,7.093
37580360,JDQ4MTYyMiM4MSMkMSMkMCMkOTkkNTgxMzUxIzIxIyQxIyQ1IyQ2MiQzNjEwMDIjNjEjJDEjJDgjJDgz,8.894,16.6,ok,2026-08-10T12:34:35.354356+00:00,7.192
37580360,JDQ4MTYyMiM4MSMkMSMkMCMkOTkkNTgxMzUxIzExIyQxIyQzIyQxMyQyNjE0ODEjNTEjJDEjJDIjJDgz,9.109,16.75,ok,2026-08-10T12:34:35.485850+00:00,7.212
37580360,JDQ4MTYyMiM4MSMkMSMkMCMkOTkkNTgxMzUxIzExIyQxIyQ3IyQ4OSQ0NjE0ODEjNjEjJDEjJDgjJDgz,14.429,17.83,ok,2026-08-10T12:34:35.633891+00:00,8.653
37580370,JDQ4MTYyMiM4MSMkMSMkMCMkOTkkMzgxMzUxIzExIyQxIyQ3IyQ3OSQzNjEyMjIjODEjJDEjJDYjJDgz,12.858,22.23,ok,2026-08-10T12:34:35.776474+00:00,10.016
37580370,JDQ4MTYyMiM4MSMkMSMkMCMkOTkkNTgxMzUxIzExIyQxIyQzIyQxMyQyNjE0ODEjNTEjJDEjJDIjJDgz,13.516,24.25,ok,2026-08-10T12:34:35.908202+00:00,10.195
37580370,JDQ4MTYyMiM4MSMkMSMkMCMkOTkkNTgxOTYxIzExIyQxIyQzIyQ5OSQzNjEwMDIjODEjJDEjJDIjJDgz,13.398,23.73,ok,2026-08-10T12:34:36.048450+00:00,10.38
37580370,JDQ4MTYyMiM4MSMkMSMkMCMkOTkkNTgxMzUxIzIxIyQxIyQ1IyQ2MiQzNjEwMDIjNjEjJDEjJDgjJDgz,13.659,24.83,ok,2026-08-10T12:34:36.187156+00:00,10.498
37580370,JDQ4MTYyMiM4MSMkMSMkMCMkOTkkNTgxMzUxIzExIyQxIyQ3IyQ4OSQ0NjE0ODEjNjEjJDEjJDgjJDgz,15.264,25.52,ok,2026-08-10T12:34:36.323191+00:00,10.536
37580380,JDQ4MTYyMiM4MSMkMSMkMCMkOTkkNTgxMzUxIzExIyQxIyQ3IyQ4OSQ0NjE0ODEjNjEjJDEjJDgjJDgz,11.993,21.58,ok,2026-08-10T12:34:36.451539+00:00,9.649
37580380,JDQ4MTYyMiM4MSMkMSMkMCMkOTkkNTgxMzUxIzExIyQxIyQzIyQxMyQyNjE0ODEjNTEjJDEjJDIjJDgz,11.951,22.63,ok,2026-08-10T12:34:36.576378+00:00,10.231
37580380,JDQ4MTYyMiM4MSMkMSMkMCMkOTkkMzgxMzUxIzExIyQxIyQ3IyQ3OSQzNjEyMjIjODEjJDEjJDYjJDgz,11.793,21.38,ok,2026-08-10T12:34:36.712764+00:00,10.409
37580380,JDQ4MTYyMiM4MSMkMSMkMCMkOTkkNTgxOTYxIzExIyQxIyQzIyQ5OSQzNjEwMDIjODEjJDEjJDIjJDgz,11.938,22.5,ok,2026-08-10T12:34:36.833311+00:00,10.548
37580380,JDQ4MTYyMiM4MSMkMSMkMCMkOTkkNTgxMzUxIzIxIyQxIyQ1IyQ2MiQzNjEwMDIjNjEjJDEjJDgjJDgz,12.496,23.88,ok,2026-08-10T12:34:36.972431+00:00,10.631
37580390,JDQ4MTYyMiM4MSMkMSMkMCMkOTkkNTgxMzUxIzExIyQxIyQ3IyQ4OSQ0NjE0ODEjNjEjJDEjJDgjJDgz,5.465,11.38,ok,2026-08-10T12:34:37.071808+00:00,4.693
37580390,JDQ4MTYyMiM4MSMkMSMkMCMkOTkkNTgxMzUxIzExIyQxIyQzIyQxMyQyNjE0ODEjNTEjJDEjJDIjJDgz,8.266,15.08,ok,2026-08-10T12:34:37.178220+00:00,6.042
37580390,JDQ4MTYyMiM4MSMkMSMkMCMkOTkkNTgxOTYxIzExIyQxIyQzIyQ5OSQzNjEwMDIjODEjJDEjJDIjJDgz,8.094,14.98,ok,2026-08-10T12:34:37.291804+00:00,6.389
37580390,JDQ4MTYyMiM4MSMkMSMkMCMkOTkkNTgxMzUxIzIxIyQxIyQ1IyQ2MiQzNjEwMDIjNjEjJDEjJDgjJDgz,7.755,13.75,ok,2026-08-10T12:34:37.431946+00:00,6.408
37580390,JDQ4MTYyMiM4MSMkMSMkMCMkOTkkMzgxMzUxIzExIyQxIyQ3IyQ3OSQzNjEyMjIjODEjJDEjJDYjJDgz,7.914,16.37,ok,2026-08-10T12:34:37.570293+00:00,6.538
37590110,JDQ4MTYyMiM4MSMkMSMkMCMkOTkkMzgxMzUxIzExIyQxIyQzIyQ3MiQyNjE0ODEjNDEjJDEjJDQjJDgz,4.821,10.67,ok,2026-08-10T12:34:37.704415+00:00,2.911
37590110,JDQ4MTYyMiM4MSMkMSMkMCMkOTkkNTgxOTYxIzExIyQxIyQzIyQ2MiQyNjEyMjIjODEjJDEjJDIjJDgz,9.269,14.3,ok,2026-08-10T12:34:37.837326+00:00,4.619
37590110,JDQ4MTYyMiM4MSMkMSMkMCMkOTkkNTgxOTYxIzExIyQxIyQzIyQ3OSQ0NjE0ODEjODEjJDEjJDIjJDgz,7.43,11.73,ok,2026-08-10T12:34:37.980601+00:00,5.345
37590110,JDQ4MTYyMiM4MSMkMSMkMCMkOTkkMzgxMzUxIzExIyQxIyQ3IyQ3OSQyNjEyMjIjNjEjJDEjJDgjJDgz,7.482,13.25,ok,2026-08-10T12:34:38.103398+00:00,5.75
37590110,JDQ4MTYyMiM4MSMkMSMkMCMkOTkkNTgxMzUxIzExIyQxIyQ3IyQ4MiQ0NjEwMDIjNDEjJDEjJDgjJDgz,7.998,12.78,ok,2026-08-10T12:34:38.245564+00:00,5.882
37590120,JDQ4MTYyMiM4MSMkMSMkMCMkOTkkNTgxMzUxIzIxIyQxIyQ5IyQ3OSQyNjE0ODEjNTEjJDEjJDIjJDgz,3.286,7.47,ok,2026-08-10T12:34:38.394413+00:00,2.72
37590120,JDQ4MTYyMiM4MSMkMSMkMCMkOTkkMzgxMzUxIzIxIyQxIyQxIyQ4MiQyNjE0ODEjNDEjJDEjJDQjJDgz,8.413,19.27,ok,2026-08-10T12:34:38.534175+00:00,5.891
37590120,JDQ4MTYyMiM4MSMkMSMkMCMkODkkMzgxMzUxIzExIyQyIyQzIyQwMCQzNjE0ODEjNTEjJDEjJDYjJDgz,8.7,20.28,ok,2026-08-10T12:34:38.677732+00:00,6.101
37590120,JDQ4MTYyMiM4MSMkMSMkMCMkODkkMzgxMzUxIzExIyQxIyQzIyQ2MiQzNjE0ODEjNDEjJDEjJDgjJDgz,8.091,17.6,ok,2026-08-10T12:34:38.841970+00:00,6.654
37590120,JDQ4MTYyMiM4MSMkMSMkMCMkOTkkMzgxMzUxIzMxIyQxIyQzIyQ3OSQ0NjEwMDIjODEjJDEjJDYjJDgz,11.335,28.78,ok,2026-08-10T12:34:39.021263+00:00,6.968
37590130,JDQ4MTYyMiM4MSMkMSMkMCMkOTkkNTgxMzUxIzIxIyQxIyQ1IyQwMyQzNjEwMDIjNjEjJDEjJDQjJDgz,11.18,17.2,ok,2026-08-10T12:34:39.304411+00:00,3.936
37590130,JDQ4MTYyMiM4MSMkMSMkMCMkODkkMzgxMzUxIzExIyQxIyQzIyQ2MiQyNjEyMjIjNjEjJDEjJDAjJDgz,10.955,17.02,ok,2026-08-10T12:34:39.465817+00:00,5.065
37590130,JDQ4MTYyMiM4MSMkMSMkMCMkOTkkNTgxMzUxIzIxIyQyIyQ1IyQwMCQzNjE4MzIjNjEjJDEjJDQjJDgz,10.952,17.58,ok,2026-08-10T12:34:39.620213+00:00,5.09
37590130,JDQ4MTYyMiM4MSMkMSMkMCMkOTkkNTgxOTYxIzExIyQxIyQzIyQ2MiQzNjEwMDIjNTEjJDEjJDIjJDgz,11.302,17.43,ok,2026-08-10T12:34:39.763439+00:00,5.893
37590130,JDQ4MTYyMiM4MSMkMSMkMCMkOTkkMzgxMzUxIzIxIyQxIyQ1IyQwMyQzNjE0ODEjNTEjJDEjJDYjJDgz,9.558,15.67,ok,2026-08-10T12:34:39.913563+00:00,6.819
37590310,JDQ4MTYyMiM4MSMkMSMkMCMkOTkkNTgxOTYxIzExIyQxIyQzIyQ3OSQ0NjE0ODEjODEjJDEjJDIjJDgz,11.38,17.62,ok,2026-08-10T12:34:40.050822+00:00,7.699
37590310,JDQ4MTYyMiM4MSMkMSMkMCMkOTkkMzgxMzUxIzExIyQxIyQ3IyQ3OSQyNjEyMjIjNjEjJDEjJDgjJDgz,11.504,17.93,ok,2026-08-10T12:34:40.177693+00:00,7.768
37590310,JDQ4MTYyMiM4MSMkMSMkMCMkOTkkNTgxMzUxIzExIyQxIyQ3IyQ4MiQ0NjEwMDIjNDEjJDEjJDgjJDgz,11.551,18.15,ok,2026-08-10T12:34:40.337846+00:00,7.89
37590310,JDQ4MTYyMiM4MSMkMSMkMCMkOTkkMzgxMzUxIzExIyQxIyQzIyQ3MiQyNjE0ODEjNDEjJDEjJDQjJDgz,10.969,16.93,ok,2026-08-10T12:34:40.480715+00:00,8.624
37590310,JDQ4MTYyMiM4MSMkMSMkMCMkOTkkNTgxOTYxIzExIyQxIyQzIyQ2MiQyNjEyMjIjODEjJDEjJDIjJDgz,15.417,20.53,ok,2026-08-10T12:34:40.665987+00:00,10.387
37590320,JDQ4MTYyMiM4MSMkMSMkMCMkOTkkNTgxMzUxIzExIyQyIyQ3IyQwMCQ0NjEwMDIjODEjJDEjJDYjJDgz,11.042,18.37,ok,2026-08-10T12:34:40.824988+00:00,3.266
37590320,JDQ4MTYyMiM4MSMkMSMkMCMkOTkkNTgxMzUxIzIxIyQxIyQ1IyQ4MiQ0NjEwMDIjNTEjJDEjJDYjJDgz,10.206,16.8,ok,2026-08-10T12:34:40.959807+00:00,3.464
37590320,JDQ4MTYyMiM4MSMkMSMkMCMkOTkkNTgxMzUxIzIxIyQxIyQxIyQwMyQyNjEyMjIjNjEjJDEjJDAjJDgz,11.561,19.65,ok,2026-08-10T12:34:41.084560+00:00,4.03
37590320,JDQ4MTYyMiM4MSMkMSMkMCMkOTkkMzgxMzUxIzExIyQxIyQzIyQ3MiQyNjE0ODEjNDEjJDEjJDQjJDgz,21.7,31.47,ok,2026-08-10T12:34:41.277043+00:00,14.62
37590320,JDQ4MTYyMiM4MSMkMSMkMCMkOTkkNTgxMzUxIzIxIyQxIyQ1IyQwMyQzNjEwMDIjNjEjJDEjJDQjJDgz,24.913,34.42,ok,2026-08-10T12:34:41.741571+00:00,14.721
37590330,JDQ4MTYyMiM4MSMkMSMkMCMkOTkkNTgxMzUxIzExIyQyIyQ3IyQwMCQ0NjEwMDIjODEjJDEjJDYjJDgz,21.138,25.43,ok,2026-08-10T12:34:41.932621+00:00,8.967
37590330,JDQ4MTYyMiM4MSMkMSMkMCMkOTkkNTgxMzUxIzIxIyQyIyQ1IyQwMCQ0NjEwMDIjNDEjJDEjJDgjJDgz,10.025,9.08,ok,2026-08-10T12:34:42.057843+00:00,9.292
37590330,JDQ4MTYyMiM4MSMkMSMkMCMkOTkkNTgxMzUxIzIxIyQxIyQ1IyQ4MiQ0NjEwMDIjNTEjJDEjJDYjJDgz,20.302,23.87,ok,2026-08-10T12:34:42.208489+00:00,9.46
37590330,JDQ4MTYyMiM4MSMkMSMkMCMkOTkkNTgxMzUxIzIxIyQxIyQxIyQwMyQyNjEyMjIjNjEjJDEjJDAjJDgz,21.657,26.63,ok,2026-08-10T12:34:42.394648+00:00,9.891
37590330,JDQ4MTYyMiM4MSMkMSMkMCMkOTkkNTgxMzUxIzIxIyQxIyQ1IyQwMyQzNjEwMDIjNjEjJDEjJDQjJDgz,14.312,20.6,ok,2026-08-10T12:34:42.712626+00:00,10.29
37590360,JDQ4MTYyMiM4MSMkMSMkMCMkOTkkNTgxOTYxIzExIyQxIyQzIyQ2MiQyNjEyMjIjODEjJDEjJDIjJDgz,4.717,6.82,ok,2026-08-10T12:34:42.846166+00:00,3.231
37590360,JDQ4MTYyMiM4MSMkMSMkMCMkOTkkMzgxMzUxIzExIyQxIyQzIyQ3MiQyNjE0ODEjNDEjJDEjJDQjJDgz,6.093,9.42,ok,2026-08-10T12:34:42.977767+00:00,4.833
37590360,JDQ4MTYyMiM4MSMkMSMkMCMkOTkkNTgxMzUxIzIxIyQxIyQ5IyQ3OSQyNjE0ODEjNTEjJDEjJDIjJDgz,7.909,13.92,ok,2026-08-10T12:34:43.127759+00:00,5.572
37590360,JDQ4MTYyMiM4MSMkMSMkMCMkODkkMzgxMzUxIzExIyQxIyQzIyQ2MiQzNjE0ODEjNDEjJDEjJDgjJDgz,11.022,20.7,ok,2026-08-10T12:34:43.290568+00:00,8.472
37590360,JDQ4MTYyMiM4MSMkMSMkMCMkOTkkNTgxMzUxIzIxIyQxIyQ1IyQwMyQzNjEwMDIjNjEjJDEjJDQjJDgz,19.578,25.18,ok,2026-08-10T12:34:43.593496+00:00,8.774
37590370,JDQ4MTYyMiM4MSMkMSMkMCMkOTkkNTgxOTYxIzExIyQxIyQzIyQ2MiQyNjEyMjIjODEjJDEjJDIjJDgz,7.56,10.8,ok,2026-08-10T12:34:43.728393+00:00,3.364
37590370,JDQ4MTYyMiM4MSMkMSMkMCMkOTkkMzgxMzUxIzExIyQxIyQzIyQ3MiQyNjE0ODEjNDEjJDEjJDQjJDgz,7.461,10.95,ok,2026-08-10T12:34:43.842027+00:00,4.287
37590370,JDQ4MTYyMiM4MSMkMSMkMCMkOTkkNTgxMzUxIzExIyQxIyQ3IyQ4OSQ0NjE0ODEjNjEjJDEjJDgjJDgz,9.213,9.78,ok,2026-08-10T12:34:43.971305+00:00,7.285
37590370,JDQ4MTYyMiM4MSMkMSMkMCMkOTkkNTgxOTYxIzExIyQxIyQzIyQ3OSQ0NjE0ODEjODEjJDEjJDIjJDgz,11.159,17.27,ok,2026-08-10T12:34:44.136653+00:00,7.593
37590370,JDQ4MTYyMiM4MSMkMSMkMCMkOTkkMzgxMzUxIzExIyQxIyQ3IyQ3OSQyNjEyMjIjNjEjJDEjJDgjJDgz,11.665,18.42,ok,2026-08-10T12:34:44.286889+00:00,8.043
37600110,JDQ4MTYyMiM4MSMkMSMkMCMkOTkkMzgxOTYxIzExIyQxIyQzIyQ3OSQyNjEwMDIjNzEjJDEjJDgjJDgz,0.666,2.27,ok,2026-08-10T12:34:44.392481+00:00,0.496
37600110,JDQ4MTYyMiM4MSMkMSMkMCMkOTkkNTgxMzUxIzIxIyQxIyQxIyQ4MiQ0NjE0ODEjODEjJDEjJDYjJDgz,1.588,4.73,ok,2026-08-10T12:34:44.510292+00:00,1.242
37600110,JDQ4MTYyMiM4MSMkMSMkMCMkOTkkNTgxMzUxIzExIyQxIyQzIyQ4MiQzNjEwMDIjNDEjJDEjJDgjJDgz,2.772,6.13,ok,2026-08-10T12:34:44.643016+00:00,2.129
37600110,JDQ4MTYyMiM4MSMkMSMkMCMkOTkkNTgxMzUxIzIxIyQxIyQ1IyQwMyQ0NjE0ODEjNDEjJDEjJDQjJDgz,23.783,22.58,ok,2026-08-10T12:34:44.805012+00:00,19.217
37600110,JDQ4MTYyMiM4MSMkMSMkMCMkOTkkMzgxMzUxIzIxIyQyIyQ1IyQwMCQyNjE0ODEjNjEjJDEjJDAjJDgz,24.865,23.45,ok,2026-08-10T12:34:44.957762+00:00,20.97
37600121,JDQ4MTYyMiM4MSMkMSMkMCMkOTkkNTgxMzUxIzExIyQxIyQzIyQ4MiQzNjEwMDIjNDEjJDEjJDgjJDgz,6.534,10.65,ok,2026-08-10T12:34:45.076767+00:00,3.768
37600121,JDQ4MTYyMiM4MSMkMSMkMCMkOTkkNTgxMzUxIzIxIyQxIyQxIyQ4MiQ0NjE0ODEjODEjJDEjJDYjJDgz,8.013,12.52,ok,2026-08-10T12:34:45.221834+00:00,5.683
37600121,JDQ4MTYyMiM4MSMkMSMkMCMkOTkkMzgxOTYxIzExIyQxIyQzIyQ3OSQyNjEwMDIjNzEjJDEjJDgjJDgz,8.899,14.22,ok,2026-08-10T12:34:45.359225+00:00,5.819
37600121,JDQ4MTYyMiM4MSMkMSMkMCMkOTkkNTgxMzUxIzIxIyQxIyQ1IyQwMyQ0NjE0ODEjNDEjJDEjJDQjJDgz,24.641,25.3,ok,2026-08-10T12:34:45.521153+00:00,15.848
37600121,JDQ4MTYyMiM4MSMkMSMkMCMkOTkkMzgxMzUxIzIxIyQyIyQ1IyQwMCQyNjE0ODEjNjEjJDEjJDAjJDgz,25.723,26.2,ok,2026-08-10T12:34:45.675887+00:00,17.459
37600310,JDQ4MTYyMiM4MSMkMSMkMCMkOTkkMzgxOTYxIzExIyQxIyQzIyQ3OSQyNjEwMDIjNzEjJDEjJDgjJDgz,10.757,28.28,ok,2026-08-10T12:34:45.808998+00:00,7.921
37600310,JDQ4MTYyMiM4MSMkMSMkMCMkOTkkNTgxMzUxIzIxIyQxIyQxIyQ4MiQ0NjE0ODEjODEjJDEjJDYjJDgz,10.826,26.82,ok,2026-08-10T12:34:45.904434+00:00,8.478
37600310,JDQ4MTYyMiM4MSMkMSMkMCMkOTkkNTgxMzUxIzExIyQxIyQzIyQ4MiQzNjEwMDIjNDEjJDEjJDgjJDgz,15.137,31.05,ok,2026-08-10T12:34:46.057107+00:00,9.54
37600310,JDQ4MTYyMiM4MSMkMSMkMCMkOTkkNTgxMzUxIzExIyQxIyQ3IyQ3MiQzNjEyMjIjODEjJDEjJDYjJDgz,36.268,51.08,ok,2026-08-10T12:34:46.254603+00:00,20.498
37600310,JDQ4MTYyMiM4MSMkMSMkMCMkOTkkNTgxMzUxIzIxIyQxIyQ1IyQwMyQ0NjEwMDIjODEjJDEjJDIjJDgz,28.867,43.28,ok,2026-08-10T12:34:46.449453+00:00,20.809
37600340,JDQ4MTYyMiM4MSMkMSMkMCMkOTkkNTgxMzUxIzIxIyQxIyQxIyQ4MiQ0NjE0ODEjODEjJDEjJDYjJDgz,14.194,19.58,ok,2026-08-10T12:34:46.592368+00:00,9.448
37600340,JDQ4MTYyMiM4MSMkMSMkMCMkOTkkMzgxOTYxIzExIyQxIyQzIyQ3OSQyNjEwMDIjNzEjJDEjJDgjJDgz,14.383,24.17,ok,2026-08-10T12:34:46.739344+00:00,9.822
37600340,JDQ4MTYyMiM4MSMkMSMkMCMkOTkkNTgxMzUxIzExIyQxIyQ3IyQ3MiQzNjEyMjIjODEjJDEjJDYjJDgz,20.319,24.73,ok,2026-08-10T12:34:46.866886+00:00,11.658
37600340,JDQ4MTYyMiM4MSMkMSMkMCMkOTkkNTgxMzUxIzExIyQxIyQzIyQ4MiQzNjEwMDIjNDEjJDEjJDgjJDgz,18.188,20.95,ok,2026-08-10T12:34:47.001488+00:00,11.703
37600340,JDQ4MTYyMiM4MSMkMSMkMCMkOTkkMzgxMzUxIzIxIyQxIyQ1IyQwMyQzNjEwMDIjNDEjJDEjJDgjJDgz,16.123,23.28,ok,2026-08-10T12:34:47.126182+00:00,12.193
37600350,JDQ4MTYyMiM4MSMkMSMkMCMkOTkkNTgxMzUxIzIxIyQxIyQxIyQ4MiQ0NjE0ODEjODEjJDEjJDYjJDgz,9.103,11.35,ok,2026-08-10T12:34:47.238704+00:00,7.872
37600350,JDQ4MTYyMiM4MSMkMSMkMCMkOTkkMzgxOTYxIzExIyQxIyQzIyQ3OSQyNjEwMDIjNzEjJDEjJDgjJDgz,9.931,13.68,ok,2026-08-10T12:34:47.364179+00:00,8.596
37600350,JDQ4MTYyMiM4MSMkMSMkMCMkOTkkNTgxMzUxIzExIyQxIyQzIyQ4MiQzNjEwMDIjNDEjJDEjJDgjJDgz,11.937,13.8,ok,2026-08-10T12:34:47.493597+00:00,9.364
37600350,JDQ4MTYyMiM4MSMkMSMkMCMkOTkkMzgxMzUxIzExIyQxIyQ3IyQ3MiQ0NjE0ODEjNDEjJDEjJDgjJDgz,33.892,29.97,ok,2026-08-10T12:34:47.642976+00:00,13.091
37600350,JDQ4MTYyMiM4MSMkMSMkMCMkOTkkNTgxMzUxIzIxIyQxIyQ1IyQwMyQ0NjE0ODEjNDEjJDEjJDQjJDgz,20.173,18.03,ok,2026-08-10T12:34:47.772171+00:00,13.256
37600370,JDQ4MTYyMiM4MSMkMSMkMCMkOTkkMzgxOTYxIzExIyQxIyQzIyQ3OSQyNjEwMDIjNzEjJDEjJDgjJDgz,9.329,17.78,ok,2026-08-10T12:34:47.898144+00:00,8.307
37600370,JDQ4MTYyMiM4MSMkMSMkMCMkOTkkNTgxMzUxIzExIyQxIyQzIyQ4MiQzNjEwMDIjNDEjJDEjJDgjJDgz,11.759,15.77,ok,2026-08-10T12:34:48.046372+00:00,8.478
37600370,JDQ4MTYyMiM4MSMkMSMkMCMkOTkkNTgxMzUxIzIxIyQxIyQxIyQ4MiQ0NjE0ODEjODEjJDEjJDYjJDgz,11.856,18.82,ok,2026-08-10T12:34:48.170008+00:00,9.055
37600370,JDQ4MTYyMiM4MSMkMSMkMCMkOTkkNTgxMzUxIzIxIyQxIyQ1IyQwMyQ0NjEwMDIjODEjJDEjJDIjJDgz,19.51,25.6,ok,2026-08-10T12:34:48.332332+00:00,15.39
37600370,JDQ4MTYyMiM4MSMkMSMkMCMkOTkkMzgxMzUxIzIxIyQxIyQxIyQ5OSQyNjEyMjIjNzEjJDEjJDgjJDgz,19.334,27.2,ok,2026-08-10T12:34:48.500469+00:00,16.188
37600380,JDQ4MTYyMiM4MSMkMSMkMCMkOTkkNTgxMzUxIzIxIyQxIyQ1IyQwMyQ0NjEwMDIjODEjJDEjJDIjJDgz,14.825,24.7,ok,2026-08-10T12:34:48.636580+00:00,8.347
37600380,JDQ4MTYyMiM4MSMkMSMkMCMkOTkkMzgxMzUxIzIxIyQxIyQxIyQ5OSQyNjEyMjIjNzEjJDEjJDgjJDgz,14.94,24.5,ok,2026-08-10T12:34:48.807852+00:00,9.488
37600380,JDQ4MTYyMiM4MSMkMSMkMCMkOTkkNTgxOTYxIzExIyQxIyQzIyQ2MiQyNjE0ODEjNDEjJDEjJDgjJDgz,22.696,32.85,ok,2026-08-10T12:34:48.981726+00:00,10.269
37600380,JDQ4MTYyMiM4MSMkMSMkMCMkODkkMzgxMzUxIzExIyQxIyQzIyQ4OSQyNjE0ODEjNjEjJDEjJDgjJDgz,18.806,29.98,ok,2026-08-10T12:34:49.138698+00:00,10.57
37600380,JDQ4MTYyMiM4MSMkMSMkMCMkOTkkNTgxMzUxIzExIyQxIyQzIyQ4MiQzNjEwMDIjNDEjJDEjJDgjJDgz,17.808,23.0,ok,2026-08-10T12:34:49.276000+00:00,14.254
37600390,JDQ4MTYyMiM4MSMkMSMkMCMkOTkkNTgxMzUxIzExIyQxIyQzIyQ4MiQzNjEwMDIjNDEjJDEjJDgjJDgz,13.125,13.05,ok,2026-08-10T12:34:49.394264+00:00,8.671
37600390,JDQ4MTYyMiM4MSMkMSMkMCMkOTkkMzgxOTYxIzExIyQxIyQzIyQ3OSQyNjEwMDIjNzEjJDEjJDgjJDgz,13.935,15.25,ok,2026-08-10T12:34:49.548048+00:00,9.651
37600390,JDQ4MTYyMiM4MSMkMSMkMCMkOTkkNTgxMzUxIzIxIyQxIyQxIyQ4MiQ0NjE0ODEjODEjJDEjJDYjJDgz,14.354,15.15,ok,2026-08-10T12:34:49.696795+00:00,10.287
37600390,JDQ4MTYyMiM4MSMkMSMkMCMkOTkkNTgxMzUxIzIxIyQxIyQ1IyQwMyQ0NjEwMDIjODEjJDEjJDIjJDgz,17.841,18.68,ok,2026-08-10T12:34:49.855689+00:00,14.041
37600390,JDQ4MTYyMiM4MSMkMSMkMCMkOTkkMzgxMzUxIzIxIyQxIyQxIyQ5OSQyNjEyMjIjNzEjJDEjJDgjJDgz,17.665,20.22,ok,2026-08-10T12:34:50.005023+00:00,15.219
37600400,JDQ4MTYyMiM4MSMkMSMkMCMkOTkkNTgxMzUxIzExIyQxIyQzIyQ4MiQzNjEwMDIjNDEjJDEjJDgjJDgz,18.082,22.93,ok,2026-08-10T12:34:50.152706+00:00,11.281
37600400,JDQ4MTYyMiM4MSMkMSMkMCMkOTkkMzgxOTYxIzExIyQxIyQzIyQ3OSQyNjEwMDIjNzEjJDEjJDgjJDgz,18.892,25.12,ok,2026-08-10T12:34:50.316121+00:00,13.123
37600400,JDQ4MTYyMiM4MSMkMSMkMCMkOTkkNTgxMzUxIzIxIyQxIyQxIyQ4MiQ0NjE0ODEjODEjJDEjJDYjJDgz,19.311,25.08,ok,2026-08-10T12:34:50.471927+00:00,13.496
37600400,JDQ4MTYyMiM4MSMkMSMkMCMkOTkkNTgxMzUxIzIxIyQxIyQ1IyQwMyQ0NjEwMDIjODEjJDEjJDIjJDgz,27.831,36.47,ok,2026-08-10T12:34:50.645787+00:00,16.191
37600400,JDQ4MTYyMiM4MSMkMSMkMCMkOTkkMzgxMzUxIzIxIyQxIyQxIyQ5OSQyNjEyMjIjNzEjJDEjJDgjJDgz,36.434,40.22,ok,2026-08-10T12:34:50.825598+00:00,17.684
37600410,JDQ4MTYyMiM4MSMkMSMkMCMkOTkkNTgxMzUxIzExIyQxIyQ3IyQ5MiQyNjEyMjIjNDEjJDEjJDgjJDgz,12.552,20.42,ok,2026-08-10T12:34:51.034937+00:00,10.051
37600410,JDQ4MTYyMiM4MSMkMSMkMCMkOTkkNTgxMzUxIzIxIyQxIyQ1IyQwMyQ0NjEwMDIjODEjJDEjJDIjJDgz,16.149,22.27,ok,2026-08-10T12:34:51.194469+00:00,11.546
37600410,JDQ4MTYyMiM4MSMkMSMkMCMkOTkkNTgxOTYxIzExIyQxIyQzIyQ2MiQyNjE0ODEjNDEjJDEjJDgjJDgz,19.454,27.95,ok,2026-08-10T12:34:51.373877+00:00,12.413
37600410,JDQ4MTYyMiM4MSMkMSMkMCMkODkkMzgxMzUxIzExIyQxIyQzIyQ4OSQyNjE0ODEjNjEjJDEjJDgjJDgz,18.742,29.13,ok,2026-08-10T12:34:51.526187+00:00,12.916
37600410,JDQ4MTYyMiM4MSMkMSMkMCMkOTkkMzgxMzUxIzIxIyQxIyQxIyQ5OSQyNjEyMjIjNzEjJDEjJDgjJDgz,17.721,27.1,ok,2026-08-10T12:34:51.691916+00:00,13.102
37600420,JDQ4MTYyMiM4MSMkMSMkMCMkOTkkNTgxMzUxIzExIyQxIyQ3IyQ5OSQyNjEwMDIjNjEjJDEjJDgjJDgz,30.327,50.37,ok,2026-08-10T12:34:51.856258+00:00,13.038
37600420,JDQ4MTYyMiM4MSMkMSMkMCMkOTkkNTgxMzUxIzExIyQxIyQ3IyQ3MiQzNjEyMjIjODEjJDEjJDYjJDgz,45.69,54.72,ok,2026-08-10T12:34:51.996685+00:00,13.331
37600420,JDQ4MTYyMiM4MSMkMSMkMCMkOTkkMzgxOTYxIzExIyQxIyQzIyQ3OSQyNjEwMDIjNzEjJDEjJDgjJDgz,20.732,32.63,ok,2026-08-10T12:34:52.119450+00:00,15.517
37600420,JDQ4MTYyMiM4MSMkMSMkMCMkOTkkNTgxMzUxIzIxIyQxIyQxIyQ4MiQ0NjE0ODEjODEjJDEjJDYjJDgz,20.801,31.17,ok,2026-08-10T12:34:52.250245+00:00,15.687
37600420,JDQ4MTYyMiM4MSMkMSMkMCMkOTkkNTgxOTYxIzExIyQxIyQzIyQ3OSQzNjE0ODEjNjEjJDEjJDQjJDgz,43.518,55.18,ok,2026-08-10T12:34:52.447450+00:00,15.818
37600430,JDQ4MTYyMiM4MSMkMSMkMCMkOTkkMzgxOTYxIzExIyQxIyQzIyQ3OSQyNjEwMDIjNzEjJDEjJDgjJDgz,12.422,16.18,ok,2026-08-10T12:34:52.587792+00:00,9.865
37600430,JDQ4MTYyMiM4MSMkMSMkMCMkOTkkNTgxMzUxIzIxIyQxIyQxIyQ4MiQ0NjE0ODEjODEjJDEjJDYjJDgz,12.491,15.0,ok,2026-08-10T12:34:52.720946+00:00,10.0
37600430,JDQ4MTYyMiM4MSMkMSMkMCMkOTkkNTgxMzUxIzExIyQxIyQzIyQ4MiQzNjEwMDIjNDEjJDEjJDgjJDgz,16.802,19.3,ok,2026-08-10T12:34:52.862140+00:00,11.998
37600430,JDQ4MTYyMiM4MSMkMSMkMCMkOTkkNTgxMzUxIzExIyQxIyQ3IyQ3MiQzNjEyMjIjODEjJDEjJDYjJDgz,26.347,37.88,ok,2026-08-10T12:34:53.028376+00:00,14.447
37600430,JDQ4MTYyMiM4MSMkMSMkMCMkOTkkNTgxMzUxIzExIyQxIyQ3IyQ5OSQyNjEwMDIjNjEjJDEjJDgjJDgz,21.387,33.32,ok,2026-08-10T12:34:53.160646+00:00,15.971
37610110,JDQ4MTYyMiM4MSMkMSMkMCMkOTkkMzgxMzUxIzExIyQxIyQzIyQ3MiQzNjEwMDIjNDEjJDEjJDgjJDgz,2.437,4.02,ok,2026-08-10T12:34:53.298350+00:00,2.332
37610110,JDQ4MTYyMiM4MSMkMSMkMCMkOTkkNTgxMzUxIzExIyQxIyQzIyQ5OSQzNjEwMDIjNTEjJDEjJDIjJDgz,2.466,4.15,ok,2026-08-10T12:34:53.416585+00:00,2.358
37610110,JDQ4MTYyMiM4MSMkMSMkMCMkOTkkMzgxMzUxIzExIyQxIyQzIyQ2MiQyNjEwMDIjNDEjJDEjJDgjJDgz,12.618,19.17,ok,2026-08-10T12:34:53.551767+00:00,10.525
37610110,JDQ4MTYyMiM4MSMkMSMkMCMkOTkkMzgxMzUxIzExIyQxIyQ3IyQxMyQzNjE4MzIjNTEjJDEjJDIjJDgz,12.451,18.65,ok,2026-08-10T12:34:53.683132+00:00,10.582
37610110,JDQ4MTYyMiM4MSMkMSMkMCMkOTkkNTgxMzUxIzIxIyQyIyQxIyQwMCQ0NjEwMDIjNjEjJDEjJDQjJDgz,14.092,22.63,ok,2026-08-10T12:34:53.824828+00:00,10.663
37610310,JDQ4MTYyMiM4MSMkMSMkMCMkOTkkNTgxMzUxIzExIyQxIyQzIyQ5OSQzNjEwMDIjNTEjJDEjJDIjJDgz,10.832,13.9,ok,2026-08-10T12:34:53.962867+00:00,9.064
37610310,JDQ4MTYyMiM4MSMkMSMkMCMkOTkkMzgxMzUxIzExIyQxIyQzIyQ3MiQzNjEwMDIjNDEjJDEjJDgjJDgz,10.803,13.77,ok,2026-08-10T12:34:54.091743+00:00,9.077
37610310,JDQ4MTYyMiM4MSMkMSMkMCMkOTkkNTgxMzUxIzIxIyQyIyQxIyQwMCQ0NjEwMDIjNjEjJDEjJDQjJDgz,28.631,31.15,ok,2026-08-10T12:34:54.218920+00:00,18.925
37610310,JDQ4MTYyMiM4MSMkMSMkMCMkOTkkMzgxMzUxIzExIyQxIyQzIyQ2MiQyNjEwMDIjNDEjJDEjJDgjJDgz,25.305,31.03,ok,2026-08-10T12:34:54.375809+00:00,19.256
37610310,JDQ4MTYyMiM4MSMkMSMkMCMkOTkkMzgxMzUxIzExIyQxIyQ3IyQxMyQzNjE4MzIjNTEjJDEjJDIjJDgz,25.138,30.6,ok,2026-08-10T12:34:54.523776+00:00,19.44
37610320,JDQ4MTYyMiM4MSMkMSMkMCMkOTkkNTgxMzUxIzExIyQxIyQzIyQ5OSQzNjEwMDIjNTEjJDEjJDIjJDgz,8.301,13.03,ok,2026-08-10T12:34:54.668506+00:00,7.309
37610320,JDQ4MTYyMiM4MSMkMSMkMCMkOTkkMzgxMzUxIzExIyQxIyQzIyQ3MiQzNjEwMDIjNDEjJDEjJDgjJDgz,8.272,12.9,ok,2026-08-10T12:34:54.781106+00:00,7.338
37610320,JDQ4MTYyMiM4MSMkMSMkMCMkOTkkMzgxMzUxIzExIyQxIyQ3IyQxMyQzNjE4MzIjNTEjJDEjJDIjJDgz,21.372,23.98,ok,2026-08-10T12:34:54.922183+00:00,19.594
37610320,JDQ4MTYyMiM4MSMkMSMkMCMkOTkkMzgxMzUxIzExIyQxIyQzIyQ2MiQyNjEwMDIjNDEjJDEjJDgjJDgz,21.539,24.47,ok,2026-08-10T12:34:55.059685+00:00,19.646
37610320,JDQ4MTYyMiM4MSMkMSMkMCMkOTkkNTgxMzUxIzIxIyQyIyQxIyQwMCQ0NjEwMDIjNjEjJDEjJDQjJDgz,24.865,24.57,ok,2026-08-10T12:34:55.203060+00:00,20.039
37610330,JDQ4MTYyMiM4MSMkMSMkMCMkOTkkNTgxMzUxIzExIyQxIyQzIyQ5OSQzNjEwMDIjNTEjJDEjJDIjJDgz,20.205,28.07,ok,2026-08-10T12:34:55.339574+00:00,16.527
37610330,JDQ4MTYyMiM4MSMkMSMkMCMkOTkkMzgxMzUxIzExIyQxIyQzIyQ3MiQzNjEwMDIjNDEjJDEjJDgjJDgz,20.176,27.93,ok,2026-08-10T12:34:55.476829+00:00,16.554
37610330,JDQ4MTYyMiM4MSMkMSMkMCMkOTkkMzgxMzUxIzExIyQxIyQ3IyQxMyQzNjE4MzIjNTEjJDEjJDIjJDgz,32.345,36.83,ok,2026-08-10T12:34:55.627360+00:00,27.903
37610330,JDQ4MTYyMiM4MSMkMSMkMCMkOTkkMzgxMzUxIzExIyQxIyQzIyQ2MiQyNjEwMDIjNDEjJDEjJDgjJDgz,32.512,37.23,ok,2026-08-10T12:34:55.747265+00:00,28.059
37610330,JDQ4MTYyMiM4MSMkMSMkMCMkOTkkNTgxOTYxIzExIyQxIyQzIyQ4OSQ0NjE0ODEjNjEjJDEjJDQjJDgz,33.389,38.88,ok,2026-08-10T12:34:55.895092+00:00,28.641
37610340,JDQ4MTYyMiM4MSMkMSMkMCMkOTkkNTgxMzUxIzExIyQxIyQzIyQ5OSQzNjEwMDIjNTEjJDEjJDIjJDgz,27.056,39.48,ok,2026-08-10T12:34:56.033780+00:00,16.363
37610340,JDQ4MTYyMiM4MSMkMSMkMCMkOTkkMzgxMzUxIzExIyQxIyQzIyQ3MiQzNjEwMDIjNDEjJDEjJDgjJDgz,27.027,39.35,ok,2026-08-10T12:34:56.175905+00:00,16.39
37610340,JDQ4MTYyMiM4MSMkMSMkMCMkOTkkMzgxMzUxIzExIyQxIyQzIyQ2MiQyNjEwMDIjNDEjJDEjJDgjJDgz,46.257,47.33,ok,2026-08-10T12:34:56.323839+00:00,28.638
37610340,JDQ4MTYyMiM4MSMkMSMkMCMkOTkkNTgxMzUxIzIxIyQyIyQxIyQwMCQ0NjEwMDIjNjEjJDEjJDQjJDgz,49.377,46.97,ok,2026-08-10T12:34:56.469505+00:00,28.687
37610340,JDQ4MTYyMiM4MSMkMSMkMCMkOTkkMzgxMzUxIzExIyQxIyQ3IyQxMyQzNjE4MzIjNTEjJDEjJDIjJDgz,45.884,46.45,ok,2026-08-10T12:34:56.613481+00:00,28.693
37610350,JDQ4MTYyMiM4MSMkMSMkMCMkOTkkNTgxMzUxIzExIyQxIyQzIyQ5OSQzNjEwMDIjNTEjJDEjJDIjJDgz,32.598,38.63,ok,2026-08-10T12:34:56.757560+00:00,26.767
37610350,JDQ4MTYyMiM4MSMkMSMkMCMkOTkkMzgxMzUxIzExIyQxIyQzIyQ3MiQzNjEwMDIjNDEjJDEjJDgjJDgz,32.569,38.5,ok,2026-08-10T12:34:56.886078+00:00,26.794
37610350,JDQ4MTYyMiM4MSMkMSMkMCMkOTkkMzgxMzUxIzExIyQxIyQzIyQ5MiQ0NjE0ODEjNDEjJDEjJDQjJDgz,55.369,77.33,ok,2026-08-10T12:34:57.029554+00:00,32.658
37610350,JDQ4MTYyMiM4MSMkMSMkMCMkOTkkMzgxMzUxIzExIyQxIyQ3IyQ4MiQyNjE0ODEjNTEjJDEjJDYjJDgz,46.245,45.18,ok,2026-08-10T12:34:57.161247+00:00,34.385
37610350,JDQ4MTYyMiM4MSMkMSMkMCMkOTkkNTgxMzUxIzIxIyQxIyQxIyQ3OSQyNjEyMjIjNjEjJDEjJDgjJDgz,46.245,45.18,ok,2026-08-10T12:34:57.285762+00:00,34.385
37610360,JDQ4MTYyMiM4MSMkMSMkMCMkOTkkMzgxMzUxIzExIyQxIyQ3IyQ4MiQyNjE0ODEjNTEjJDEjJDYjJDgz,68.957,64.37,ok,2026-08-10T12:34:57.446731+00:00,31.97
37610360,JDQ4MTYyMiM4MSMkMSMkMCMkOTkkNTgxMzUxIzIxIyQxIyQxIyQ3OSQyNjEyMjIjNjEjJDEjJDgjJDgz,68.957,64.37,ok,2026-08-10T12:34:57.605704+00:00,31.97
37610360,JDQ4MTYyMiM4MSMkMSMkMCMkOTkkNTgxMzUxIzExIyQxIyQzIyQ5OSQzNjEwMDIjNTEjJDEjJDIjJDgz,51.405,51.42,ok,2026-08-10T12:34:57.735770+00:00,33.707
37610360,JDQ4MTYyMiM4MSMkMSMkMCMkOTkkMzgxMzUxIzExIyQxIyQzIyQ3MiQzNjEwMDIjNDEjJDEjJDgjJDgz,51.376,51.28,ok,2026-08-10T12:34:57.869595+00:00,33.735
37610360,JDQ4MTYyMiM4MSMkMSMkMCMkOTkkMzgxMzUxIzExIyQxIyQzIyQ5MiQ0NjE0ODEjNDEjJDEjJDQjJDgz,74.141,88.52,ok,2026-08-10T12:34:58.045038+00:00,43.474
37610370,JDQ4MTYyMiM4MSMkMSMkMCMkOTkkMzgxMzUxIzExIyQxIyQzIyQ5MiQ0NjE0ODEjNDEjJDEjJDQjJDgz,39.525,58.65,ok,2026-08-10T12:34:58.173300+00:00,20.518
37610370,JDQ4MTYyMiM4MSMkMSMkMCMkOTkkNTgxMzUxIzExIyQxIyQzIyQ5OSQzNjEwMDIjNTEjJDEjJDIjJDgz,38.637,59.53,ok,2026-08-10T12:34:58.316486+00:00,24.982
37610370,JDQ4MTYyMiM4MSMkMSMkMCMkOTkkMzgxMzUxIzExIyQxIyQzIyQ3MiQzNjEwMDIjNDEjJDEjJDgjJDgz,38.608,59.4,ok,2026-08-10T12:34:58.459379+00:00,25.001
37610370,JDQ4MTYyMiM4MSMkMSMkMCMkOTkkNTgxOTYxIzExIyQxIyQzIyQ5OSQ0NjEwMDIjNDEjJDEjJDgjJDgz,65.932,83.03,ok,2026-08-10T12:34:58.648507+00:00,31.89
37610370,JDQ4MTYyMiM4MSMkMSMkMCMkOTkkMzgxMzUxIzExIyQxIyQ3IyQ3MiQ0NjE0ODEjNDEjJDEjJDgjJDgz,50.003,74.82,ok,2026-08-10T12:34:58.831434+00:00,32.947
37610380,JDQ4MTYyMiM4MSMkMSMkMCMkOTkkNTgxMzUxIzExIyQxIyQzIyQ5OSQzNjEwMDIjNTEjJDEjJDIjJDgz,22.161,30.28,ok,2026-08-10T12:34:58.951800+00:00,14.926
37610380,JDQ4MTYyMiM4MSMkMSMkMCMkOTkkMzgxMzUxIzExIyQxIyQzIyQ3MiQzNjEwMDIjNDEjJDEjJDgjJDgz,22.132,30.15,ok,2026-08-10T12:34:59.105439+00:00,14.944
37610380,JDQ4MTYyMiM4MSMkMSMkMCMkOTkkMzgxMzUxIzExIyQxIyQ3IyQxMyQzNjE4MzIjNTEjJDEjJDIjJDgz,34.311,40.0,ok,2026-08-10T12:34:59.261083+00:00,23.536
37610380,JDQ4MTYyMiM4MSMkMSMkMCMkOTkkMzgxMzUxIzExIyQxIyQzIyQ2MiQyNjEwMDIjNDEjJDEjJDgjJDgz,34.478,40.4,ok,2026-08-10T12:34:59.378768+00:00,23.818
37610380,JDQ4MTYyMiM4MSMkMSMkMCMkOTkkNTgxOTYxIzExIyQxIyQzIyQ4OSQ0NjE0ODEjNjEjJDEjJDQjJDgz,35.355,42.03,ok,2026-08-10T12:34:59.500171+00:00,24.06
37610390,JDQ4MTYyMiM4MSMkMSMkMCMkOTkkNTgxMzUxIzExIyQxIyQzIyQ5OSQzNjEwMDIjNTEjJDEjJDIjJDgz,11.132,16.2,ok,2026-08-10T12:34:59.632591+00:00,7.319
37610390,JDQ4MTYyMiM4MSMkMSMkMCMkOTkkMzgxMzUxIzExIyQxIyQzIyQ3MiQzNjEwMDIjNDEjJDEjJDgjJDgz,11.198,16.22,ok,2026-08-10T12:34:59.736310+00:00,7.32
37610390,JDQ4MTYyMiM4MSMkMSMkMCMkOTkkMzgxMzUxIzExIyQxIyQ3IyQxMyQzNjE4MzIjNTEjJDEjJDIjJDgz,21.328,24.83,ok,2026-08-10T12:34:59.873382+00:00,13.463
37610390,JDQ4MTYyMiM4MSMkMSMkMCMkOTkkMzgxMzUxIzExIyQxIyQzIyQ2MiQyNjEwMDIjNDEjJDEjJDgjJDgz,21.701,25.73,ok,2026-08-10T12:34:59.995682+00:00,13.737
37610390,JDQ4MTYyMiM4MSMkMSMkMCMkOTkkNTgxOTYxIzExIyQxIyQzIyQ4OSQ0NjE0ODEjNjEjJDEjJDQjJDgz,22.372,26.87,ok,2026-08-10T12:35:00.137396+00:00,14.02
37620110,JDQ4MTYyMiM4MSMkMSMkMCMkOTkkMzgxMzUxIzExIyQxIyQ3IyQ4MiQyNjE0ODEjNTEjJDEjJDYjJDgz,10.964,15.75,ok,2026-08-10T12:35:00.234651+00:00,5.708
37620110,JDQ4MTYyMiM4MSMkMSMkMCMkOTkkNTgxMzUxIzIxIyQxIyQxIyQ3OSQyNjEyMjIjNjEjJDEjJDgjJDgz,10.964,15.75,ok,2026-08-10T12:35:00.377085+00:00,5.708
37620110,JDQ4MTYyMiM4MSMkMSMkMCMkOTkkNTgxMzUxIzExIyQxIyQ3IyQ4MiQzNjEyMjIjNjEjJDEjJDgjJDgz,49.392,44.83,ok,2026-08-10T12:35:00.505403+00:00,36.657
37620110,JDQ4MTYyMiM4MSMkMSMkMCMkOTkkMzgxMzUxIzExIyQxIyQzIyQ5MiQ0NjE0ODEjNDEjJDEjJDQjJDgz,78.002,99.8,ok,2026-08-10T12:35:00.720199+00:00,42.792
37620110,JDQ4MTYyMiM4MSMkMSMkMCMkOTkkMzgxMzUxIzExIyQxIyQ3IyQ5OSQ0NjE0ODEjNDEjJDEjJDQjJDgz,68.228,60.82,ok,2026-08-10T12:35:00.871723+00:00,53.318
37620120,JDQ4MTYyMiM4MSMkMSMkMCMkOTkkNTgxMzUxIzExIyQxIyQ3IyQ4MiQzNjEyMjIjNjEjJDEjJDgjJDgz,6.303,8.8,ok,2026-08-10T12:35:01.006426+00:00,5.62
37620120,JDQ4MTYyMiM4MSMkMSMkMCMkOTkkMzgxMzUxIzExIyQxIyQ3IyQ5OSQ0NjE0ODEjNDEjJDEjJDQjJDgz,25.139,24.68,ok,2026-08-10T12:35:01.165917+00:00,23.129
37620120,JDQ4MTYyMiM4MSMkMSMkMCMkOTkkNTgxMzUxIzIxIyQxIyQxIyQ3OSQyNjEyMjIjNjEjJDEjJDgjJDgz,35.226,29.83,ok,2026-08-10T12:35:01.297207+00:00,29.334
37620120,JDQ4MTYyMiM4MSMkMSMkMCMkOTkkMzgxMzUxIzExIyQxIyQ3IyQ4MiQyNjE0ODEjNTEjJDEjJDYjJDgz,35.226,29.83,ok,2026-08-10T12:35:01.457205+00:00,29.334
37620120,JDQ4MTYyMiM4MSMkMSMkMCMkOTkkMzgxMzUxIzExIyQxIyQzIyQ5MiQ0NjE0ODEjNDEjJDEjJDQjJDgz,51.521,81.93,ok,2026-08-10T12:35:01.638616+00:00,29.487
37620310,JDQ4MTYyMiM4MSMkMSMkMCMkOTkkMzgxMzUxIzExIyQxIyQ3IyQ4MiQyNjE0ODEjNTEjJDEjJDYjJDgz,17.556,19.55,estimated_no_road_origin,2026-08-10T12:35:01.754071+00:00,12.765
37620310,JDQ4MTYyMiM4MSMkMSMkMCMkOTkkNTgxMzUxIzIxIyQxIyQxIyQ3OSQyNjEyMjIjNjEjJDEjJDgjJDgz,17.556,19.55,estimated_no_road_origin,2026-08-10T12:35:01.838958+00:00,12.765
37620310,JDQ4MTYyMiM4MSMkMSMkMCMkOTkkNTgxMzUxIzExIyQxIyQ3IyQ4MiQzNjEyMjIjNjEjJDEjJDgjJDgz,62.398,69.49,estimated_no_road_origin,2026-08-10T12:35:01.948467+00:00,45.37
37620310,JDQ4MTYyMiM4MSMkMSMkMCMkOTkkMzgxMzUxIzExIyQxIyQzIyQ5MiQ0NjE0ODEjNDEjJDEjJDQjJDgz,67.182,74.81,estimated_no_road_origin,2026-08-10T12:35:02.033661+00:00,48.848
37620310,JDQ4MTYyMiM4MSMkMSMkMCMkOTkkNTgxMzUxIzExIyQxIyQzIyQ5OSQzNjEwMDIjNTEjJDEjJDIjJDgz,75.574,84.16,estimated_no_road_origin,2026-08-10T12:35:02.155651+00:00,54.95
37620330,JDQ4MTYyMiM4MSMkMSMkMCMkOTkkMzgxMzUxIzExIyQxIyQ3IyQ4MiQyNjE0ODEjNTEjJDEjJDYjJDgz,9.209,11.68,ok,2026-08-10T12:35:02.282773+00:00,6.787
37620330,JDQ4MTYyMiM4MSMkMSMkMCMkOTkkNTgxMzUxIzIxIyQxIyQxIyQ3OSQyNjEyMjIjNjEjJDEjJDgjJDgz,9.209,11.68,ok,2026-08-10T12:35:02.410752+00:00,6.787
37620330,JDQ4MTYyMiM4MSMkMSMkMCMkOTkkNTgxMzUxIzExIyQxIyQ3IyQ4MiQzNjEyMjIjNjEjJDEjJDgjJDgz,34.871,31.02,ok,2026-08-10T12:35:02.532237+00:00,30.404
37620330,JDQ4MTYyMiM4MSMkMSMkMCMkOTkkMzgxMzUxIzExIyQxIyQzIyQ5MiQ0NjE0ODEjNDEjJDEjJDQjJDgz,81.282,102.17,ok,2026-08-10T12:35:02.735793+00:00,38.228
37620330,JDQ4MTYyMiM4MSMkMSMkMCMkOTkkMzgxMzUxIzExIyQxIyQ3IyQ5OSQ0NjE0ODEjNDEjJDEjJDQjJDgz,53.707,46.88,ok,2026-08-10T12:35:02.870297+00:00,47.106
37620350,JDQ4MTYyMiM4MSMkMSMkMCMkOTkkNTgxMzUxIzExIyQxIyQ3IyQ4MiQzNjEyMjIjNjEjJDEjJDgjJDgz,19.476,21.69,estimated_no_road_origin,2026-08-10T12:35:02.965938+00:00,14.161
37620350,JDQ4MTYyMiM4MSMkMSMkMCMkOTkkMzgxMzUxIzExIyQxIyQ3IyQ4MiQyNjE0ODEjNTEjJDEjJDYjJDgz,28.754,32.02,estimated_no_road_origin,2026-08-10T12:35:03.086578+00:00,20.907
37620350,JDQ4MTYyMiM4MSMkMSMkMCMkOTkkNTgxMzUxIzIxIyQxIyQxIyQ3OSQyNjEyMjIjNjEjJDEjJDgjJDgz,28.754,32.02,estimated_no_road_origin,2026-08-10T12:35:03.187389+00:00,20.907
37620350,JDQ4MTYyMiM4MSMkMSMkMCMkOTkkMzgxMzUxIzExIyQxIyQzIyQ5MiQ0NjE0ODEjNDEjJDEjJDQjJDgz,41.742,46.48,estimated_no_road_origin,2026-08-10T12:35:03.300370+00:00,30.351
37620350,JDQ4MTYyMiM4MSMkMSMkMCMkOTkkMzgxMzUxIzExIyQxIyQ3IyQ5OSQ0NjE0ODEjNDEjJDEjJDQjJDgz,42.979,47.86,estimated_no_road_origin,2026-08-10T12:35:03.397294+00:00,31.25
37620360,JDQ4MTYyMiM4MSMkMSMkMCMkOTkkNTgxMzUxIzExIyQxIyQ3IyQ4MiQzNjEyMjIjNjEjJDEjJDgjJDgz,16.744,21.23,ok,2026-08-10T12:35:03.521099+00:00,9.32
37620360,JDQ4MTYyMiM4MSMkMSMkMCMkOTkkMzgxMzUxIzExIyQxIyQzIyQ5MiQ0NjE0ODEjNDEjJDEjJDQjJDgz,41.116,67.13,ok,2026-08-10T12:35:03.683070+00:00,21.013
37620360,JDQ4MTYyMiM4MSMkMSMkMCMkOTkkMzgxMzUxIzExIyQxIyQ3IyQ5OSQ0NjE0ODEjNDEjJDEjJDQjJDgz,35.58,37.08,ok,2026-08-10T12:35:03.827409+00:00,22.199
37620360,JDQ4MTYyMiM4MSMkMSMkMCMkOTkkMzgxMzUxIzExIyQxIyQ3IyQ4MiQyNjE0ODEjNTEjJDEjJDYjJDgz,46.874,44.57,ok,2026-08-10T12:35:03.978116+00:00,31.174
37620360,JDQ4MTYyMiM4MSMkMSMkMCMkOTkkNTgxMzUxIzIxIyQxIyQxIyQ3OSQyNjEyMjIjNjEjJDEjJDgjJDgz,46.874,44.57,ok,2026-08-10T12:35:04.133029+00:00,31.174
37620370,JDQ4MTYyMiM4MSMkMSMkMCMkOTkkMzgxMzUxIzExIyQxIyQ3IyQ4MiQyNjE0ODEjNTEjJDEjJDYjJDgz,9.343,11.33,ok,2026-08-10T12:35:04.259338+00:00,6.927
37620370,JDQ4MTYyMiM4MSMkMSMkMCMkOTkkNTgxMzUxIzIxIyQxIyQxIyQ3OSQyNjEyMjIjNjEjJDEjJDgjJDgz,9.343,11.33,ok,2026-08-10T12:35:04.376443+00:00,6.927
37620370,JDQ4MTYyMiM4MSMkMSMkMCMkOTkkNTgxMzUxIzExIyQxIyQ3IyQ4MiQzNjEyMjIjNjEjJDEjJDgjJDgz,48.743,41.23,ok,2026-08-10T12:35:04.526280+00:00,41.811
37620370,JDQ4MTYyMiM4MSMkMSMkMCMkOTkkMzgxMzUxIzExIyQxIyQzIyQ5MiQ0NjE0ODEjNDEjJDEjJDQjJDgz,85.64,105.05,ok,2026-08-10T12:35:04.741705+00:00,50.024
37620370,JDQ4MTYyMiM4MSMkMSMkMCMkOTkkMzgxMzUxIzExIyQxIyQ3IyQ5OSQ0NjE0ODEjNDEjJDEjJDQjJDgz,67.579,57.18,ok,2026-08-10T12:35:04.899577+00:00,58.958
37620380,JDQ4MTYyMiM4MSMkMSMkMCMkOTkkNTgxMzUxIzExIyQxIyQ3IyQ4MiQzNjEyMjIjNjEjJDEjJDgjJDgz,2.139,7.38,ok,2026-08-10T12:35:05.016290+00:00,0.728
37620380,JDQ4MTYyMiM4MSMkMSMkMCMkOTkkMzgxMzUxIzExIyQxIyQ3IyQ5OSQ0NjE0ODEjNDEjJDEjJDQjJDgz,20.316,22.3,ok,2026-08-10T12:35:05.151478+00:00,17.458
37620380,JDQ4MTYyMiM4MSMkMSMkMCMkOTkkMzgxMzUxIzExIyQxIyQzIyQ5MiQ0NjE0ODEjNDEjJDEjJDQjJDgz,53.186,78.25,ok,2026-08-10T12:35:05.297675+00:00,27.747
37620380,JDQ4MTYyMiM4MSMkMSMkMCMkOTkkNTgxMzUxIzIxIyQxIyQ1IyQ4MiQzNjE4MzIjNzEjJDEjJDgjJDgz,34.299,34.53,ok,2026-08-10T12:35:05.423784+00:00,30.508
37620380,JDQ4MTYyMiM4MSMkMSMkMCMkOTkkNTgxMzUxIzIxIyQxIyQ1IyQ2MiQzNjE0ODEjODEjJDEjJDIjJDgz,35.923,34.08,ok,2026-08-10T12:35:05.573772+00:00,31.33
37620390,JDQ4MTYyMiM4MSMkMSMkMCMkOTkkMzgxMzUxIzExIyQxIyQ3IyQ4MiQyNjE0ODEjNTEjJDEjJDYjJDgz,26.015,28.97,ok,2026-08-10T12:35:05.694187+00:00,18.665
37620390,JDQ4MTYyMiM4MSMkMSMkMCMkOTkkNTgxMzUxIzIxIyQxIyQxIyQ3OSQyNjEyMjIjNjEjJDEjJDgjJDgz,26.015,28.97,ok,2026-08-10T12:35:05.806180+00:00,18.665
37620390,JDQ4MTYyMiM4MSMkMSMkMCMkOTkkMzgxMzUxIzExIyQxIyQzIyQ5MiQ0NjE0ODEjNDEjJDEjJDQjJDgz,63.28,90.68,ok,2026-08-10T12:35:05.967891+00:00,32.571
37620390,JDQ4MTYyMiM4MSMkMSMkMCMkOTkkNTgxMzUxIzExIyQxIyQ3IyQ4MiQzNjEyMjIjNjEjJDEjJDgjJDgz,64.443,57.87,ok,2026-08-10T12:35:06.118342+00:00,35.991
37620390,JDQ4MTYyMiM4MSMkMSMkMCMkOTkkNTgxMzUxIzExIyQxIyQzIyQ5OSQzNjEwMDIjNTEjJDEjJDIjJDgz,54.426,56.92,ok,2026-08-10T12:35:06.272547+00:00,42.561
37620400,JDQ4MTYyMiM4MSMkMSMkMCMkOTkkMzgxMzUxIzExIyQxIyQ3IyQ4MiQyNjE0ODEjNTEjJDEjJDYjJDgz,18.64,26.45,ok,2026-08-10T12:35:06.410512+00:00,15.272
37620400,JDQ4MTYyMiM4MSMkMSMkMCMkOTkkNTgxMzUxIzIxIyQxIyQxIyQ3OSQyNjEyMjIjNjEjJDEjJDgjJDgz,18.64,26.45,ok,2026-08-10T12:35:06.535240+00:00,15.272
37620400,JDQ4MTYyMiM4MSMkMSMkMCMkOTkkNTgxMzUxIzExIyQxIyQ3IyQ4MiQzNjEyMjIjNjEjJDEjJDgjJDgz,37.58,40.28,ok,2026-08-10T12:35:06.679143+00:00,21.75
37620400,JDQ4MTYyMiM4MSMkMSMkMCMkOTkkMzgxMzUxIzExIyQxIyQzIyQ5MiQ0NjE0ODEjNDEjJDEjJDQjJDgz,51.67,83.92,ok,2026-08-10T12:35:06.844645+00:00,30.599
37620400,JDQ4MTYyMiM4MSMkMSMkMCMkOTkkMzgxMzUxIzExIyQxIyQ3IyQ5OSQ0NjE0ODEjNDEjJDEjJDQjJDgz,56.416,56.22,ok,2026-08-10T12:35:06.991728+00:00,38.01
37630110,JDQ4MTYyMiM4MSMkMSMkMCMkOTIkNDgxNzAyIzExIyQxIyQzIyQ3OSQyNjE4MzIjODEjJDEjJDYjJDgz,0.978,1.95,ok,2026-08-10T12:35:07.109696+00:00,0.638
37630110,JDQ4MTYyMiM4MSMkMSMkMCMkOTkkMzgxMzUxIzExIyQxIyQ3IyQ4MiQyNjE0ODEjNTEjJDEjJDYjJDgz,224.009,211.1,ok,2026-08-10T12:35:07.272730+00:00,143.098
37630110,JDQ4MTYyMiM4MSMkMSMkMCMkOTkkNTgxMzUxIzIxIyQxIyQxIyQ3OSQyNjEyMjIjNjEjJDEjJDgjJDgz,224.009,211.1,ok,2026-08-10T12:35:07.415451+00:00,143.098
37630110,JDQ4MTYyMiM4MSMkMSMkMCMkOTkkNTgxMzUxIzExIyQxIyQ3IyQ4MiQzNjEyMjIjNjEjJDEjJDgjJDgz,184.683,182.87,ok,2026-08-10T12:35:07.541080+00:00,158.185
37630110,JDQ4MTYyMiM4MSMkMSMkMCMkOTkkMzgxMzUxIzExIyQxIyQ3IyQ5OSQ0NjE0ODEjNDEjJDEjJDQjJDgz,202.516,196.92,ok,2026-08-10T12:35:07.696968+00:00,171.058
37630310,JDQ4MTYyMiM4MSMkMSMkMCMkOTIkNDgxNzAyIzExIyQxIyQzIyQ3OSQyNjE4MzIjODEjJDEjJDYjJDgz,17.225,33.33,ok,2026-08-10T12:35:07.829069+00:00,5.848
37630310,JDQ4MTYyMiM4MSMkMSMkMCMkOTkkMzgxMzUxIzExIyQxIyQ3IyQ4MiQyNjE0ODEjNTEjJDEjJDYjJDgz,232.829,230.42,ok,2026-08-10T12:35:07.967896+00:00,137.65
37630310,JDQ4MTYyMiM4MSMkMSMkMCMkOTkkNTgxMzUxIzIxIyQxIyQxIyQ3OSQyNjEyMjIjNjEjJDEjJDgjJDgz,232.829,230.42,ok,2026-08-10T12:35:08.125941+00:00,137.65
37630310,JDQ4MTYyMiM4MSMkMSMkMCMkOTkkNTgxMzUxIzExIyQxIyQ3IyQ4MiQzNjEyMjIjNjEjJDEjJDgjJDgz,193.469,201.9,ok,2026-08-10T12:35:08.253564+00:00,153.307
37630310,JDQ4MTYyMiM4MSMkMSMkMCMkOTkkMzgxMzUxIzExIyQxIyQ3IyQ5OSQ0NjE0ODEjNDEjJDEjJDQjJDgz,211.302,215.75,ok,2026-08-10T12:35:08.397690+00:00,166.428
37630320,JDQ4MTYyMiM4MSMkMSMkMCMkOTIkNDgxNzAyIzExIyQxIyQzIyQ3OSQyNjE4MzIjODEjJDEjJDYjJDgz,17.003,32.62,ok,2026-08-10T12:35:08.518138+00:00,5.144
37630320,JDQ4MTYyMiM4MSMkMSMkMCMkOTkkMzgxMzUxIzExIyQxIyQ3IyQ4MiQyNjE0ODEjNTEjJDEjJDYjJDgz,259.75,254.9,ok,2026-08-10T12:35:08.707003+00:00,141.858
37630320,JDQ4MTYyMiM4MSMkMSMkMCMkOTkkNTgxMzUxIzIxIyQxIyQxIyQ3OSQyNjEyMjIjNjEjJDEjJDgjJDgz,259.75,254.9,ok,2026-08-10T12:35:08.881954+00:00,141.858
37630320,JDQ4MTYyMiM4MSMkMSMkMCMkOTkkNTgxMzUxIzExIyQxIyQ3IyQ4MiQzNjEyMjIjNjEjJDEjJDgjJDgz,200.708,213.53,ok,2026-08-10T12:35:09.005818+00:00,157.898
37630320,JDQ4MTYyMiM4MSMkMSMkMCMkOTkkMzgxMzUxIzExIyQxIyQ3IyQ5OSQ0NjE0ODEjNDEjJDEjJDQjJDgz,218.541,227.6,ok,2026-08-10T12:35:09.144206+00:00,171.103
